actual,predicted,error,abs_error,rel_error_pct
144.941826,97.2492464364835,47.69257956351649,47.69257956351649,32.90463552148404
82.147738,61.449463226829074,20.69827477317093,20.69827477317093,25.196402575498468
123.178768,103.81895192873228,19.35981607126773,19.35981607126773,15.71684502580186
81.012116,65.557972322549,15.454143677451,15.454143677451,19.07633628213331
20.86028,8.372466357136533,12.487813642863467,12.487813642863467,59.86407489642327
91.799762,83.79079622554437,8.008965774455632,8.008965774455632,8.724386207501178
101.275697,93.73824639612337,7.537450603876621,7.537450603876621,7.442506768301165
12.271835,4.890674621824257,7.381160378175743,7.381160378175743,60.14716118751268
7.036999,1.98999782645922,5.04700117354078,5.04700117354078,71.72093066190658
101.721462,97.91129833109187,3.8101636689081317,3.8101636689081317,3.745683156721033
51.170883,54.54020555642058,-3.3693225564205775,3.3693225564205775,6.584452639627096
33.700195,30.368049950392425,3.3321450496075755,3.3321450496075755,9.887613557125373
33.044026,29.826339874743997,3.217686125256005,3.217686125256005,9.737572913319543
11.214239,8.224888939504059,2.9893500604959407,2.9893500604959407,26.65673578447262
57.84404,55.03420615144601,2.8098338485539927,2.8098338485539927,4.8576030452733505
2.764307,0.3500751432994811,2.414231856700519,2.414231856700519,87.33588044356806
3.296286,0.887119618536115,2.409166381463885,2.409166381463885,73.08729829240538
2.804013,0.44617990480795555,2.3578330951920443,2.3578330951920443,84.08780897620505
62.356644,64.69471240615809,-2.3380684061580865,2.3380684061580865,3.7495096852138756
2.45473,0.1235726311467289,2.331157368853271,2.331157368853271,94.96593795481805
2.61555,0.2985456360553833,2.3170043639446165,2.3170043639446165,88.58574157848372
17.283589,19.59701839932036,-2.313429399320359,2.313429399320359,13.38512156998743
2.935635,0.6488326039983576,2.2868023960016424,2.2868023960016424,77.89804917585954
4.479735,2.228093431650823,2.251641568349177,2.251641568349177,50.26282957136782
2.51269,0.2621860234993001,2.2505039765007,2.2505039765007,89.56552445431527
24.149248,21.964648302215192,2.184599697784808,2.184599697784808,9.04624316987329
4.277799,2.2114567966625422,2.0663422033374577,2.0663422033374577,48.30386381616233
25.27543,23.224363040708045,2.051066959291955,2.051066959291955,8.114864749220251
29.335667,27.302155548941396,2.0335114510586045,2.0335114510586045,6.931873923479132
104.392986,102.3919410780141,2.001044921985894,2.001044921985894,1.916838476086868
8.594745,6.644381202051676,1.9503637979483237,1.9503637979483237,22.692514995216627
6.64557,4.724010816983752,1.9215591830162486,1.9215591830162486,28.914888910768134
15.893929,13.975118412684289,1.9188105873157113,1.9188105873157113,12.072600722600678
21.549639,19.663698572470906,1.8859404275290927,1.8859404275290927,8.751610305492084
23.977222,22.110902857075843,1.8663191429241586,1.8663191429241586,7.783717158377959
16.63962,18.49171103407679,-1.852091034076789,1.852091034076789,11.130608956608738
6.739329,4.916967408086531,1.8223615919134684,1.8223615919134684,27.040697848204587
21.342328,19.5306685603296,1.8116594396703967,1.8116594396703967,8.488574628137608
37.366017,39.15334946297509,-1.787332462975094,1.787332462975094,4.783310094223611
11.244848,9.47772324330262,1.7671247566973793,1.7671247566973793,15.714972373852138
6.583027,4.82847383939551,1.7545531606044902,1.7545531606044902,26.652680606928048
13.361897,15.099281552325893,-1.7373845523258922,1.7373845523258922,13.00252914921354
6.654043,5.000968258728417,1.653074741271583,1.653074741271583,24.843162889791063
69.928236,71.57765841495188,-1.6494224149518857,1.6494224149518857,2.358735911698855
5.722714,4.138783075659372,1.5839309243406277,1.5839309243406277,27.67796755722809
33.762202,32.19225153686507,1.56995046313493,1.56995046313493,4.65002390285527
21.263639,22.80467847065981,-1.5410394706598076,1.5410394706598076,7.247298877922825
17.244894,18.756487399443458,-1.5115933994434592,1.5115933994434592,8.765454861216856
39.906249,38.403771269333376,1.5024777306666266,1.5024777306666266,3.765018683321656
6.734293,5.244696128041534,1.489596871958466,1.489596871958466,22.119573234136773
41.434499,42.92243818859135,-1.4879391885913478,1.4879391885913478,3.5910635448681463
6.62879,5.142437666426382,1.4863523335736186,1.4863523335736186,22.422679456600612
3.779288,2.304892947729968,1.4743950522700322,1.4743950522700322,39.01250849977614
34.640005,33.211859256613714,1.4281457433862883,1.4281457433862883,4.122821989725941
6.630018,5.236214926996805,1.3938030730031947,1.3938030730031947,21.022613709075483
7.011441,5.678374736062988,1.3330662639370114,1.3330662639370114,19.01272882304791
6.952267,5.619837249563689,1.3324297504363107,1.3324297504363107,19.16539957998082
55.515236,56.833164113271614,-1.3179281132716127,1.3179281132716127,2.373993534440237
4.120612,2.8203002575805236,1.3003117424194768,1.3003117424194768,31.556277135239142
29.418573,30.714316267586206,-1.2957432675862073,1.2957432675862073,4.404507545562468
29.935883,31.211731769777085,-1.2758487697770846,1.2758487697770846,4.261937988509718
6.930465,5.671403417940656,1.2590615820593438,1.2590615820593438,18.16705779541743
17.20457,18.46138913134446,-1.2568191313444608,1.2568191313444608,7.305147012317981
21.482839,20.255208692732925,1.2276303072670736,1.2276303072670736,5.714469615777316
20.589312,19.36393706223109,1.2253749377689083,1.2253749377689083,5.9515098793148455
11.14181,9.91955484152533,1.2222551584746704,1.2222551584746704,10.96998744785363
33.385467,34.60384304763153,-1.21837604763153,1.21837604763153,3.6494204128637184
6.266895,7.48376118516064,-1.2168661851606402,1.2168661851606402,19.417369927870546
7.477993,6.262458231752543,1.2155347682474567,1.2155347682474567,16.254826237884977
6.390684,7.603058144133325,-1.2123741441333244,1.2123741441333244,18.970960606319345
5.784181,4.574173233754378,1.2100077662456226,1.2100077662456226,20.919258339680297
85.87097,84.67145917181986,1.1995108281801379,1.1995108281801379,1.396875833798944
6.697496,5.505342313125844,1.192153686874156,1.192153686874156,17.799991024352323
11.889484,10.713238628575137,1.1762453714248622,1.1762453714248622,9.893157444132724
3.247542,2.0842358155006764,1.1633061844993238,1.1633061844993238,35.8211282398658
7.053139,5.905432311656895,1.1477066883431046,1.1477066883431046,16.27228228915994
7.059511,5.9206713315024775,1.1388396684975222,1.1388396684975222,16.131990848677624
20.643456,21.77950909140401,-1.1360530914040083,1.1360530914040083,5.5032117267501395
21.318909,20.18808520871302,1.130823791286982,1.130823791286982,5.3043229898944535
22.956084,21.82906021424325,1.1270237857567516,1.1270237857567516,4.909477530017062
15.867671,16.993638502209933,-1.1259675022099334,1.1259675022099334,7.095984673509033
4.106782,2.9910244820560727,1.1157575179439272,1.1157575179439272,27.168657063286012
17.236936,18.317573968338856,-1.0806379683388556,1.0806379683388556,6.269315894266744
8.242273,9.320848396376654,-1.0785753963766531,1.0785753963766531,13.085897498949222
4.306978,5.371414421938411,-1.064436421938411,1.064436421938411,24.71422937181701
10.952837,9.906712359151763,1.0461246408482374,1.0461246408482374,9.551175105031566
11.468734,10.434118964049377,1.0346150359506225,1.0346150359506225,9.02117911132651
2.976098,3.999875658992311,-1.0237776589923109,1.0237776589923109,34.39999821773043
6.707085,5.684098829789232,1.0229861702107685,1.0229861702107685,15.252321540512998
7.097527,6.081684225379426,1.015842774620574,1.015842774620574,14.312629942883786
11.052613,10.057922624161472,0.9946903758385268,0.9946903758385268,8.99959471872875
7.013227,6.019880901520921,0.993346098479079,0.993346098479079,14.163894858456958
14.728751,13.745345301382205,0.9834056986177959,0.9834056986177959,6.676775909994806
3.406435,2.438208133266393,0.9682268667336071,0.9682268667336071,28.42346519763869
19.810223,20.764909621260593,-0.954686621260592,0.954686621260592,4.819161405986056
2.139422,3.093439532212555,-0.9540175322125548,0.9540175322125548,44.59230260172899
4.297931,5.248374159839333,-0.9504431598393328,0.9504431598393328,22.11396971745751
63.993261,63.0495952905645,0.9436657094354999,0.9436657094354999,1.4746329452315694
7.121422,6.1793339083611265,0.9420880916388734,0.9420880916388734,13.228932250127073
1.888241,2.8093545260573514,-0.9211135260573513,0.9211135260573513,48.78156580693723
6.742221,5.852785675266009,0.8894353247339906,0.8894353247339906,13.192022698763486
13.88242,12.99443181871661,0.8879881812833901,0.8879881812833901,6.396494136303279
19.444623,20.331521347436883,-0.8868983474368832,0.8868983474368832,4.561149616695177
12.229525,11.360783667879426,0.8687413321205746,0.8687413321205746,7.103639201959773
10.453806,11.320952173775659,-0.8671461737756587,0.8671461737756587,8.295028373085971
22.713679,21.853452584890462,0.8602264151095369,0.8602264151095369,3.7872614784498353
6.623306,5.767483531084938,0.8558224689150622,0.8558224689150622,12.92137897452029
10.360495,11.208700223075564,-0.8482052230755635,0.8482052230755635,8.186917932660327
6.708269,5.8650097228608065,0.8432592771391931,0.8432592771391931,12.570445179324544
10.935502,10.09336731865869,0.8421346813413102,0.8421346813413102,7.700923847241849
11.032646,10.20861567500647,0.8240303249935295,0.8240303249935295,7.4690180849277725
10.281815,11.090333137292049,-0.8085181372920491,0.8085181372920491,7.8635740604570845
3.770795,2.9634731461248993,0.8073218538751008,0.8073218538751008,21.40985797036675
36.767755,35.97256613541615,0.7951888645838494,0.7951888645838494,2.162734343126706
7.170811,6.380030130926677,0.7907808690733225,0.7907808690733225,11.027774530137451
27.200494,27.981133655049447,-0.7806396550494483,0.7806396550494483,2.8699466084938696
3.421848,2.644443135883101,0.7774048641168987,0.7774048641168987,22.718860220973575
16.842027,17.616131270821914,-0.7741042708219119,0.7741042708219119,4.5962654662489
7.579537,6.814207499541331,0.7653295004586695,0.7653295004586695,10.09731201851211
29.286483,30.041007314519184,-0.754524314519184,0.754524314519184,2.576356862367556
15.863981,16.61755218443565,-0.7535711844356481,0.7535711844356481,4.7502022627920315
2.886315,3.62997941058023,-0.7436644105802297,0.7436644105802297,25.765185385325733
12.722199,13.46362656347604,-0.7414275634760408,0.7414275634760408,5.827825547063153
4.0657,4.799989943419975,-0.7342899434199754,0.7342899434199754,18.060603177851657
34.15828,33.42651365987475,0.7317663401252474,0.7317663401252474,2.1422809934314757
3.884258,4.614008087312163,-0.729750087312163,0.729750087312163,18.787374249943632
21.736425,21.007998971601268,0.7284260283987329,0.7284260283987329,3.351176784569596
4.014037,4.735331610125536,-0.7212946101255362,0.7212946101255362,17.96930646398045
4.221875,3.501525542975747,0.7203494570242528,0.7203494570242528,17.06231134287942
9.22,8.501554278181803,0.7184457218181972,0.7184457218181972,7.7922529480521145
16.247001,15.535414380987707,0.7115866190122944,0.7115866190122944,4.379802887978616
28.812868,29.51060723080189,-0.6977392308018899,0.6977392308018899,2.42162366759001
7.638405,6.9460156812620415,0.6923893187379582,0.6923893187379582,9.064579826925826
4.235407,4.927477537415237,-0.6920705374152369,0.6920705374152369,16.340118845695272
15.54383,14.857197464679022,0.6866325353209781,0.6866325353209781,4.4173960685143925
10.969553,10.284891846097443,0.6846611539025567,0.6846611539025567,6.2414681245107735
17.986531,18.67058514267888,-0.6840541426788818,0.6840541426788818,3.8031466027277783
9.831596,9.1489107797867,0.6826852202132994,0.6826852202132994,6.943788375827848
2.57901,3.255742813065538,-0.6767328130655383,0.6767328130655383,26.240022839744643
7.017029,6.341933737859904,0.6750952621400961,0.6750952621400961,9.620813340382023
8.178488,8.851759067398092,-0.6732710673980922,0.6732710673980922,8.232219297623962
7.05533,6.382490616714318,0.672839383285682,0.672839383285682,9.536611090851107
3.865426,4.528636056213925,-0.6632100562139249,0.6632100562139249,17.157489399532352
7.659101,6.998785625802611,0.6603153741973884,0.6603153741973884,8.621316969038103
6.234662,6.890835208232154,-0.6561732082321541,0.6561732082321541,10.524599540787126
7.655148,6.999378606925939,0.6557693930740607,0.6557693930740607,8.566384256261204
0.683568,1.333605825093084,-0.650037825093084,0.650037825093084,95.09482962894536
8.62341,9.27310024558172,-0.64969024558172,0.64969024558172,7.534029410339831
15.332985,14.68347843737279,0.6495065626272112,0.6495065626272112,4.236008595997291
26.919278,26.27186260257797,0.64741539742203,0.64741539742203,2.405025117759938
7.242087,6.594722989349348,0.6473640106506515,0.6473640106506515,8.938915130979684
52.505805,53.14328549623339,-0.6374804962333869,0.6374804962333869,1.2141143178971785
2.657202,3.2733303557472695,-0.6161283557472697,0.6161283557472697,23.187110190496718
7.11572,6.503012171890822,0.612707828109178,0.612707828109178,8.61062307258531
13.591857,14.19907927656281,-0.6072222765628101,0.6072222765628101,4.467544622919021
6.018568,5.419776730203409,0.5987912697965907,0.5987912697965907,9.949065455215287
17.188724,16.5901246971897,0.5985993028102996,0.5985993028102996,3.482511574488119
14.992054,15.581000924412322,-0.5889469244123227,0.5889469244123227,3.9283938305477974
7.844059,8.4295069041083,-0.5854479041082996,0.5854479041082996,7.463583638277531
2.71231,2.129416089667064,0.582893910332936,0.582893910332936,21.490681755088666
45.987997,45.406753466437365,0.5812435335626347,0.5812435335626347,1.2639026952214745
12.533332,13.111265467363953,-0.5779334673639536,0.5779334673639536,4.611171772672602
6.913888,6.339777854283103,0.5741101457168973,0.5741101457168973,8.30372354467694
37.098192,37.6656091944282,-0.5674171944282023,0.5674171944282023,1.529500937476071
4.146137,4.711238193774319,-0.5651011937743187,0.5651011937743187,13.629583242442036
32.702337,33.26520650927934,-0.5628695092793379,0.5628695092793379,1.721190474178089
20.151037,20.70966231221505,-0.5586253122150495,0.5586253122150495,2.7721913875314574
12.158622,12.71713896200069,-0.5585169620006898,0.5585169620006898,4.593587677913634
25.687496,26.245957760724256,-0.5584617607242564,0.5584617607242564,2.174060720912939
13.547412,14.103449959484355,-0.556037959484355,0.556037959484355,4.104385099384669
2.017439,2.5706966242359783,-0.5532576242359784,0.5532576242359784,27.42375973739749
30.686195,31.23816137174598,-0.55196637174598,0.55196637174598,1.7987449136140248
13.109929,12.559052355302292,0.5508766446977074,0.5508766446977074,4.201980382147801
4.169082,4.719828516415916,-0.5507465164159155,0.5507465164159155,13.210258670918568
4.09574,4.6452185585270644,-0.5494785585270643,0.5494785585270643,13.415855462349866
3.303698,2.7587251713580034,0.5449728286419964,0.5449728286419964,16.495842798751596
2.498914,3.041793349135446,-0.542879349135446,0.542879349135446,21.72461113562617
17.627759,17.085156508977576,0.542602491022425,0.542602491022425,3.0781138488411766
2.260096,1.7188471831250602,0.5412488168749396,0.5412488168749396,23.948045430414975
3.726167,3.188714599674226,0.5374524003257739,0.5374524003257739,14.423733566191482
28.784588,29.315662705990658,-0.5310747059906582,0.5310747059906582,1.844996725292067
24.473719,25.00432251863139,-0.5306035186313913,0.5306035186313913,2.168054306046512
20.772192,21.29033506186965,-0.518143061869651,0.518143061869651,2.4944072434298534
8.086399,8.603091433191153,-0.5166924331911531,0.5166924331911531,6.389648014954041
5.358421,4.841791992697779,0.516629007302221,0.516629007302221,9.641441150155607
5.408816,4.893203163625216,0.5156128363747836,0.5156128363747836,9.532822642982323
1.713978,2.2270628572178595,-0.5130848572178595,0.5130848572178595,29.93532339317798
26.108968,26.61860440664691,-0.5096364066469086,0.5096364066469086,1.9519592143395197
8.79287,9.301555375733061,-0.5086853757330605,0.5086853757330605,5.785202962482957
1.654729,2.1624887370761456,-0.5077597370761457,0.5077597370761457,30.685371262935522
2.623447,2.116062122677654,0.5073848773223459,0.5073848773223459,19.340389849804684
3.919896,4.426495687125687,-0.506599687125687,0.506599687125687,12.923804282377983
5.764443,6.270788222278952,-0.5063452222789522,0.5063452222789522,8.783940135589306
6.964388,6.458200859448574,0.5061871405514253,0.5061871405514253,7.2682214222435215
25.347212,24.841970190249782,0.5052418097502169,0.5052418097502169,1.9932835601336498
24.405449,23.90088658220379,0.5045624177962118,0.5045624177962118,2.067417066549951
4.292296,3.7974122187307167,0.4948837812692837,0.4948837812692837,11.529581866156342
6.367966,6.854474791039333,-0.4865087910393333,0.4865087910393333,7.639940147791199
4.173854,4.659398913707001,-0.4855449137070007,0.4855449137070007,11.633011449259309
4.951032,4.46610270564965,0.4849292943503496,0.4849292943503496,9.794509394012302
12.176411,12.656290523610052,-0.4798795236100517,0.4798795236100517,3.941058852285051
2.041917,1.5631322674144634,0.4787847325855368,0.4787847325855368,23.447805790445397
17.806674,18.284923017472813,-0.47824901747281245,0.47824901747281245,2.6857852144096457
3.757536,4.234675393655706,-0.47713939365570646,0.47713939365570646,12.69819886337771
4.070836,4.5465736645269335,-0.47573766452693356,0.47573766452693356,11.686485638705344
2.917101,3.391013574814,-0.47391257481399984,0.47391257481399984,16.246011872669264
2.933159,2.4598633654101185,0.47329563458988133,0.47329563458988133,16.136037445421312
2.758778,2.28738023372906,0.4713977662709401,0.4713977662709401,17.087194629428424
6.972483,6.501290958397911,0.47119204160208916,0.47119204160208916,6.757880106632476
33.795516,33.33394103885181,0.4615749611481874,0.4615749611481874,1.3657875830238
3.728451,4.187827071321491,-0.45937607132149116,0.45937607132149116,12.320828979894607
5.959379,6.418088818844534,-0.4587098188445342,0.4587098188445342,7.697275485194631
3.887666,4.345952734278605,-0.4582867342786048,0.4582867342786048,11.788222914901038
6.250411,5.797560260083198,0.45285073991680136,0.45285073991680136,7.245135398449099
13.551266,13.998658048379298,-0.4473920483792977,0.4473920483792977,3.3014778720748024
32.220018,31.78102579515425,0.4389922048457535,0.4389922048457535,1.3624828044614716
4.073032,4.511380160524826,-0.43834816052482584,0.43834816052482584,10.762207626015794
7.706025,8.142935794457765,-0.4369107944577646,0.4369107944577646,5.6697297822430475
57.342688,57.77863505213315,-0.43594705213314455,0.43594705213314455,0.7602487210442319
7.641053,7.205336727775677,0.4357162722243233,0.4357162722243233,5.702306635206181
32.9091,33.344206871280655,-0.4351068712806523,0.4351068712806523,1.3221475861671395
3.970966,4.4050471969976375,-0.43408119699763725,0.43408119699763725,10.931375312372502
20.913668,21.346910309616142,-0.43324230961614063,0.43324230961614063,2.071574960518973
5.520748,5.089941690107885,0.4308063098921151,0.4308063098921151,7.803404717699697
3.808475,3.3781374590076485,0.43033754099235155,0.43033754099235155,11.299471336454934
18.463516,18.893814942657254,-0.4302989426572559,0.4302989426572559,2.3305363001008335
4.018866,4.441343129355207,-0.4224771293552072,0.4224771293552072,10.512346750170193
16.060574,16.481091244611516,-0.42051724461151707,0.42051724461151707,2.6183201460227936
11.669593,11.25033182275579,0.41926117724421097,0.41926117724421097,3.592766065111424
3.810971,4.229559884879125,-0.4185888848791248,0.4185888848791248,10.983785624927114
3.119145,3.5377031181022307,-0.41855811810223065,0.41855811810223065,13.419001620277724
15.887248,15.468911133855828,0.41833686614417154,0.41833686614417154,2.633161301073278
11.886408,12.302878130482107,-0.41647013048210724,0.41647013048210724,3.5037509269293423
12.531286,12.946298493447966,-0.415012493447966,0.415012493447966,3.3118108823360517
7.54184,7.955166325528383,-0.41332632552838344,0.41332632552838344,5.480444102803865
31.920357,32.32835889424279,-0.40800189424279054,0.40800189424279054,1.2781871275484555
50.136634,50.5409960456639,-0.4043620456639019,0.4043620456639019,0.806520129897622
16.438989,16.0367340140415,0.40225498595849984,0.40225498595849984,2.4469569628403116
11.160181,11.562307298106292,-0.4021262981062925,0.4021262981062925,3.603223801681078
11.685249,12.087200865081355,-0.4019518650813545,0.4019518650813545,3.439822849114423
22.096112,22.494723983637577,-0.39861198363757566,0.39861198363757566,1.8039915059978502
16.640452,17.038676959434007,-0.3982249594340068,0.3982249594340068,2.3931138374823817
5.119254,4.725041469320608,0.39421253067939155,0.39421253067939155,7.70058548905155
24.396619,24.002662382885113,0.3939566171148883,0.3939566171148883,1.6148000553407567
20.020193,20.411750197131,-0.3915571971310001,0.3915571971310001,1.9558113007654039
19.874865,19.485634490437636,0.3892305095623634,0.3892305095623634,1.9584058033118967
1.713967,2.1017108888935105,-0.3877438888935105,0.3877438888935105,22.62259943574689
4.994402,4.607180239950626,0.3872217600493739,0.3872217600493739,7.753115589045912
25.432326,25.819398608352607,-0.38707260835260726,0.38707260835260726,1.5219709292460522
3.636633,4.020362650794963,-0.38372965079496346,0.38372965079496346,10.551783773188323
21.442009,21.824918522321322,-0.3829095223213237,0.3829095223213237,1.7857912582703326
16.758064,17.13950284389899,-0.3814388438989873,0.3814388438989873,2.276151015395998
30.455391,30.080396484264455,0.3749945157355441,0.3749945157355441,1.2312910897591591
2.240546,2.6151770015496627,-0.37463100154966256,0.37463100154966256,16.720522655323393
37.730313,37.35628250861946,0.37403049138054456,0.37403049138054456,0.9913262351668093
31.757299,31.38407621194797,0.37322278805202913,0.37322278805202913,1.1752346698340244
7.696068,7.323754656909184,0.3723133430908163,0.3723133430908163,4.837708594648314
12.271945,12.643293225988069,-0.3713482259880685,0.3713482259880685,3.02599323892865
11.885245,12.256545474751446,-0.3713004747514468,0.3713004747514468,3.124045610741072
2.374888,2.745334700877459,-0.370446700877459,0.370446700877459,15.598491417778881
8.03661,7.666201688720594,0.3704083112794052,0.3704083112794052,4.609011900226541
6.639694,7.008447210718444,-0.36875321071844347,0.36875321071844347,5.553768151256514
11.512766,11.148224365932226,0.3645416340677734,0.3645416340677734,3.1664122597871525
4.033053,4.397267155135243,-0.3642141551352429,0.3642141551352429,9.03073069275837
4.010955,3.6527820978338106,0.35817290216618947,0.35817290216618947,8.92986588374239
41.109284,41.46725869176235,-0.35797469176235097,0.35797469176235097,0.8707879508713412
3.565421,3.9216569206508183,-0.3562359206508181,0.3562359206508181,9.991412532792808
57.055058,57.41128263206177,-0.35622463206176747,0.35622463206176747,0.6243524142261727
3.745855,4.101736916384567,-0.355881916384567,0.355881916384567,9.500685861440614
8.16094,8.516022285254826,-0.35508228525482544,0.35508228525482544,4.3509973759208425
3.643311,3.9973457920091597,-0.35403479200915955,0.35403479200915955,9.717391460664274
7.219737,6.867054626840016,0.3526823731599844,0.3526823731599844,4.884975355128579
22.510415,22.863048237042882,-0.35263323704288396,0.35263323704288396,1.5665337002508284
2.939666,2.58993885320497,0.34972714679503003,0.34972714679503003,11.896832728042343
44.820807,45.169595581474795,-0.34878858147479264,0.34878858147479264,0.7781845192435166
3.661839,4.008426563502178,-0.34658756350217823,0.34658756350217823,9.464849860758854
26.75928,27.105685745206156,-0.3464057452061553,0.3464057452061553,1.2945256569117733
3.185482,2.8401772437980117,0.3453047562019882,0.3453047562019882,10.839953143390805
2.248017,2.592569588554092,-0.3445525885540919,0.3445525885540919,15.326956537195446
13.972513,13.629636970229164,0.3428760297708351,0.3428760297708351,2.453932444137867
7.330571,6.988241063687001,0.342329936312999,0.342329936312999,4.669894559486964
3.247076,3.5881697422213144,-0.3410937422213145,0.3410937422213145,10.504643014540155
30.862564,31.202692138222762,-0.340128138222763,0.340128138222763,1.1020734966208932
3.09912,2.7598755111288558,0.33924448887114433,0.33924448887114433,10.946477995695483
14.286949,14.625184140056636,-0.3382351400566357,0.3382351400566357,2.3674413624229236
3.767805,4.105304797867255,-0.33749979786725515,0.33749979786725515,8.957464567786753
24.483831,24.820403094725098,-0.3365720947250992,0.3365720947250992,1.3746708786044333
17.229156,17.564827474483756,-0.3356714744837568,0.3356714744837568,1.9482757860095326
1.939614,2.2750146124419217,-0.33540061244192176,0.33540061244192176,17.292131961546453
13.868171,13.534930490101772,0.3332405098982285,0.3332405098982285,2.402916072320031
26.00024,25.669284700523036,0.33095529947696534,0.33095529947696534,1.272893248199603
0.42985,0.7593871897177387,-0.32953718971773865,0.32953718971773865,76.6632987416716
0.238537,0.5676590795361847,-0.32912207953618466,0.32912207953618466,137.97527402382414
4.32232,4.651285978293009,-0.32896597829300855,0.32896597829300855,7.610865884187142
2.971986,3.3008664096504816,-0.3288804096504818,0.3288804096504818,11.066014767210069
2.906154,3.2340084288235253,-0.32785442882352545,0.32785442882352545,11.281385253921302
9.675185,10.001931374979574,-0.3267463749795727,0.3267463749795727,3.3771589378001092
4.936659,5.262508608732896,-0.3258496087328959,0.3258496087328959,6.600610022411823
3.493938,3.8194067567446552,-0.32546875674465525,0.32546875674465525,9.315241333284678
3.098412,3.4227621506874097,-0.3243501506874096,0.3243501506874096,10.468270542359805
34.837966,35.16134102543332,-0.32337502543332164,0.32337502543332164,0.9282259057041199
17.005498,16.682407791618374,0.3230902083816254,0.3230902083816254,1.899916182282492
3.378772,3.7017966265783517,-0.3230246265783516,0.3230246265783516,9.560415043358688
6.518918,6.197068851525742,0.32184914847425805,0.32184914847425805,4.937155958539758
11.346879,11.667100130732265,-0.320221130732266,0.320221130732266,2.822107565696646
7.978926,8.298927144165464,-0.320001144165464,0.320001144165464,4.010579170197259
26.06229,25.744410579805496,0.31787942019450455,0.31787942019450455,1.2196910562858632
7.839122,8.155652333273775,-0.316530333273775,0.316530333273775,4.037828895503058
53.624272,53.940722917383724,-0.316450917383726,0.316450917383726,0.590126272265544
3.898244,4.211356535435819,-0.31311253543581863,0.31311253543581863,8.03214307333729
7.813859,7.500786924900284,0.3130720750997158,0.3130720750997158,4.0066256006885865
7.700989,8.013605002056641,-0.3126160020566413,0.3126160020566413,4.059426679515863
1.344409,1.6569241294148043,-0.3125151294148043,0.3125151294148043,23.245539816496226
5.871735,6.184159591154868,-0.3124245911548682,0.3124245911548682,5.320822400015453
10.409995,10.718064420786584,-0.30806942078658395,0.30806942078658395,2.9593618516015097
5.751458,5.446118058846107,0.3053399411538935,0.3053399411538935,5.308913690208371
5.554253,5.858736287946458,-0.30448328794645807,0.30448328794645807,5.481984489020865
3.316904,3.6209059939405623,-0.30400199394056227,0.30400199394056227,9.165233420424498
16.525528,16.22340465137718,0.3021233486228212,0.3021233486228212,1.8282220611710136
4.340869,4.039075782888677,0.3017932171113227,0.3017932171113227,6.952368687107819
13.241468,13.541858578629062,-0.30039057862906304,0.30039057862906304,2.268559487715369
13.891756,14.191736902174359,-0.299980902174358,0.299980902174358,2.1594167229268826
4.180583,3.8823040731877345,0.29827892681226587,0.29827892681226587,7.134864367126091
3.082286,2.7849832461619677,0.2973027538380322,0.2973027538380322,9.645527826697025
8.615021,8.31796381944682,0.2970571805531801,0.2970571805531801,3.448130660966839
8.1385,8.434805703413987,-0.2963057034139869,0.2963057034139869,3.6407901137844325
20.821197,20.526262523938822,0.2949344760611794,0.2949344760611794,1.4165106648756212
4.733068,4.43941296165937,0.29365503834063045,0.29365503834063045,6.204327474999855
0.087831,0.38072621844086996,-0.29289521844086996,0.29289521844086996,333.4759004308206
7.953678,7.663793708736469,0.2898842912635313,0.2898842912635313,3.644657116618081
15.639873,15.927658340729051,-0.2877853407290516,0.2877853407290516,1.8400746651025333
0.230657,0.5161078932697016,-0.28545089326970163,0.28545089326970163,123.75557349048417
4.962274,4.678113607700475,0.2841603922995253,0.2841603922995253,5.726414790755183
7.589185,7.873119901292888,-0.2839349012928887,0.2839349012928887,3.7413095251881114
0.620015,0.9032920436640417,-0.2832770436640417,0.2832770436640417,45.68874037214471
8.283717,8.566869297188358,-0.28315229718835866,0.28315229718835866,3.4181792688589017
4.31931,4.600622650509944,-0.28131265050994436,0.28131265050994436,6.512907165807304
11.460124,11.74114743656829,-0.2810234365682902,0.2810234365682902,2.4521849551177457
2.807114,2.527718704055559,0.279395295944441,0.279395295944441,9.953115403738071
6.011681,5.732431327516991,0.2792496724830089,0.2792496724830089,4.645117937534673
7.41529,7.693553141710456,-0.27826314171045663,0.27826314171045663,3.7525591272452465
12.271136,11.993674173137588,0.27746182686241205,0.27746182686241205,2.261093242387265
4.059147,3.782901424136668,0.2762455758633324,0.2762455758633324,6.805508050251122
2.27935,2.551691880465281,-0.27234188046528107,0.27234188046528107,11.948225610517598
6.558389,6.83056905013283,-0.27218005013283,0.27218005013283,4.150105309835691
14.092165,14.36287926279249,-0.2707142627924899,0.2707142627924899,1.9210267747402112
4.880977,5.15125719896578,-0.27028019896578037,0.27028019896578037,5.537420048491172
3.288567,3.5579663395449277,-0.2693993395449277,0.2693993395449277,8.191997898681574
16.580825,16.848067233940455,-0.2672422339404541,0.2672422339404541,1.6117547464546689
5.978384,5.712769764114011,0.2656142358859892,0.2656142358859892,4.442910256041537
0.268689,0.5340226866376483,-0.2653336866376483,0.2653336866376483,98.75122782804546
5.452141,5.187121339349538,0.265019660650462,0.265019660650462,4.860836516252994
1.94132,1.676985070245955,0.26433492975404493,0.26433492975404493,13.61624717926095
4.140898,4.404120972254381,-0.26322297225438085,0.26322297225438085,6.356663995298223
1.952107,1.689510732350744,0.26259626764925614,0.26259626764925614,13.451940269452658
4.369219,4.107394278127337,0.2618247218726628,0.2618247218726628,5.992483367546244
5.979467,5.718316309119517,0.2611506908804824,0.2611506908804824,4.367457682701734
2.094266,1.834105114770857,0.26016088522914327,0.26016088522914327,12.422533012364271
0.075357,0.33254257675966414,-0.25718557675966414,0.25718557675966414,341.2895635685797
2.898963,2.6421152151010183,0.25684778489898186,0.25684778489898186,8.859988378262223
1.319652,1.5762929357295832,-0.25664093572958313,0.25664093572958313,19.4476222299618
2.834989,3.0907700967220375,-0.2557810967220373,0.2557810967220373,9.022295914129295
1.294566,1.5495973606579376,-0.2550313606579375,0.2550313606579375,19.700143572304338
4.543165,4.797567946780351,-0.2544029467803508,0.2544029467803508,5.5996853905757575
0.183318,0.4364881104380487,-0.2531701104380487,0.2531701104380487,138.10433798096443
1.67507,1.423907801515714,0.251162198484286,0.251162198484286,14.994131497148889
20.892806,21.14186249589104,-0.24905649589103973,0.24905649589103973,1.1920681974927048
12.044811,12.293285938017416,-0.2484749380174165,0.2484749380174165,2.0629210206399553
0.12324,0.3716798209483976,-0.24843982094839756,0.24843982094839756,201.5902472791361
23.359796,23.60794279187185,-0.24814679187185007,0.24814679187185007,1.0622815022476557
8.43141,8.184227994336961,0.2471820056630385,0.2471820056630385,2.931680533387735
7.810619,7.564020909265329,0.24659809073467098,0.24659809073467098,3.1572157178773383
1.459035,1.7044231756265589,-0.2453881756265588,0.2453881756265588,16.818525642615857
0.181431,-0.06366401356485696,0.24509501356485697,0.24509501356485697,135.0899313952781
3.734476,3.9794774320478954,-0.24500143204789548,0.24500143204789548,6.560530367348323
3.612337,3.368249268130894,0.24408773186910615,0.24408773186910615,6.757058709150035
3.350145,3.1065059974532687,0.2436390025467312,0.2436390025467312,7.272491266481264
6.193226,5.9501735243660825,0.24305247563391763,0.24305247563391763,3.924489040606513
2.250941,2.4921658030892573,-0.2412248030892572,0.2412248030892572,10.716620430235203
1.19707,1.4381080084395776,-0.24103800843957757,0.24103800843957757,20.135665284356126
0.234577,0.4750682946159337,-0.2404912946159337,0.2404912946159337,102.52125933634262
2.297933,2.537872577490102,-0.23993957749010209,0.23993957749010209,10.441539308572553
0.67712,0.9164612693425873,-0.23934126934258726,0.23934126934258726,35.34695021668837
3.840031,4.077935265946406,-0.23790426594640612,0.23790426594640612,6.195373577458378
2.262001,2.49932460809676,-0.23732360809676,0.23732360809676,10.491755224081167
2.004819,2.2405829390054954,-0.23576393900549553,0.23576393900549553,11.759861563250132
6.264715,6.029656555084298,0.23505844491570205,0.23505844491570205,3.752101171592801
6.033943,6.26889676795351,-0.23495376795351053,0.23495376795351053,3.893867872958307
8.540231,8.774479542726592,-0.23424854272659168,0.23424854272659168,2.742882982015929
0.350877,0.5849633969171357,-0.23408639691713573,0.23408639691713573,66.7146597954329
2.613984,2.3820157443253827,0.2319682556746172,0.2319682556746172,8.87412683726232
0.909818,1.1413243888800437,-0.2315063888800437,0.2315063888800437,25.445351581810687
28.694701,28.463416375040097,0.2312846249599012,0.2312846249599012,0.806018591931295
18.996777,18.765577325067987,0.23119967493201443,0.23119967493201443,1.21704684395041
2.983009,2.751926756288867,0.23108224371113284,0.23108224371113284,7.746615705932708
31.080436,30.849357621991125,0.2310783780088741,0.2310783780088741,0.7434849948956013
3.00881,3.2398488439141406,-0.23103884391414065,0.23103884391414065,7.678744882743074
0.146931,0.37676121002184715,-0.22983021002184714,0.22983021002184714,156.42050341005412
5.715063,5.9435679788926645,-0.22850497889266475,0.22850497889266475,3.9982932627106025
15.597993,15.369663715021511,0.22832928497848926,0.22832928497848926,1.4638375910094676
19.401877,19.629811980700634,-0.22793498070063478,0.22793498070063478,1.1748089151346544
8.283107,8.055534141798235,0.2275728582017642,0.2275728582017642,2.7474335198014077
0.168172,0.3947156099631961,-0.2265436099631961,0.2265436099631961,134.70946996437377
9.729571,9.955882100543699,-0.22631110054369863,0.22631110054369863,2.326013146328575
6.175086,6.400805229408814,-0.2257192294088135,0.2257192294088135,3.655321227998414
2.7529,2.9786008460992086,-0.2257008460992087,0.2257008460992087,8.198657637073998
1.15851,1.3831586145262094,-0.22464861452620943,0.22464861452620943,19.39116749158991
37.802277,37.57805375719859,0.2242232428014077,0.2242232428014077,0.5931474519400367
3.566769,3.7908783349608512,-0.2241093349608514,0.2241093349608514,6.2832590211075665
2.60822,2.8322438838647983,-0.2240238838647981,0.2240238838647981,8.589148302528503
2.980326,2.7570078200632118,0.22331817993678804,0.22331817993678804,7.493078942682612
10.097075,9.87443760982666,0.2226373901733396,0.2226373901733396,2.2049691635561253
0.477967,0.699243698436355,-0.22127669843635506,0.22127669843635506,46.29539244133166
2.795908,2.5747571367275093,0.22115086327249056,0.22115086327249056,7.909804731220797
4.340287,4.56140551429678,-0.22111851429677998,0.22111851429677998,5.094559744359888
0.107725,0.3288398301259292,-0.2211148301259292,0.2211148301259292,205.25860285047168
10.114299,9.893217683127132,0.22108131687286914,0.22108131687286914,2.1858293577309045
2.712365,2.492364496764168,0.2200005032358323,0.2200005032358323,8.111021312681785
7.642567,7.862372074690322,-0.2198050746903224,0.2198050746903224,2.8760634311409548
0.017599,0.23705528920672592,-0.2194562892067259,0.2194562892067259,1246.98157827004
27.278244,27.49629627448106,-0.21805227448106024,0.21805227448106024,0.7993633112170303
31.730894,31.948892335746315,-0.21799833574631577,0.21799833574631577,0.6870223566522543
2.644988,2.42701901798657,0.21796898201343007,0.21796898201343007,8.240830658029044
2.730538,2.5128716708439782,0.2176663291560219,0.2176663291560219,7.971554658754075
2.299033,2.514824626400639,-0.21579162640063876,0.21579162640063876,9.386190906840074
7.900333,8.116024324333234,-0.21569132433323368,0.21569132433323368,2.7301548470235812
0.524561,0.7399299388208078,-0.21536893882080776,0.21536893882080776,41.056986466731374
3.402777,3.6181012718322982,-0.2153242718322983,0.2153242718322983,6.327898414323665
1.133611,0.9193157650469708,0.21429523495302916,0.21429523495302916,18.90377165836653
3.149441,2.935249488865363,0.21419151113463686,0.21419151113463686,6.800937408506333
30.238388,30.452359227054167,-0.2139712270541665,0.2139712270541665,0.707614529760842
8.274613,8.060665087778863,0.21394791222113696,0.21394791222113696,2.585594180882554
2.234494,2.4481251821629932,-0.21363118216299304,0.21363118216299304,9.560606658752828
7.694297,7.907888986366157,-0.21359198636615684,0.21359198636615684,2.775977927072231
0.913224,1.1262422753173844,-0.21301827531738438,0.21301827531738438,23.32596113265293
0.54966,0.7626440009675477,-0.21298400096754766,0.21298400096754766,38.74831731048272
2.883667,2.67181892731827,0.21184807268172978,0.21184807268172978,7.346481846703634
16.874474,17.08631626343769,-0.21184226343769197,0.21184226343769197,1.255400692409355
3.788065,3.9997680185875826,-0.21170301858758256,0.21170301858758256,5.588684950812457
15.368272,15.15733798802157,0.21093401197842887,0.21093401197842887,1.3725291430100686
2.232459,2.4431881321032236,-0.21072913210322364,0.21072913210322364,9.439328206868943
0.440829,0.6511545869153004,-0.21032558691530034,0.21032558691530034,47.71137717064643
1.643868,1.8539825537924628,-0.2101145537924627,0.2101145537924627,12.781716888441222
11.631014,11.421067298841685,0.20994670115831582,0.20994670115831582,1.8050593108778885
25.000007,25.209949381315596,-0.20994238131559584,0.20994238131559584,0.8397692901236231
2.31581,2.5254885295103158,-0.20967852951031585,0.20967852951031585,9.054219884241869
7.555493,7.346286367688405,0.2092066323115951,0.2092066323115951,2.76893423511644
2.704444,2.4959056502823067,0.20853834971769336,0.20853834971769336,7.710950927805582
2.579738,2.3712279547710935,0.20851004522890637,0.20851004522890637,8.082605490201864
1.357803,1.5660995334249925,-0.20829653342499244,0.20829653342499244,15.340703578475795
2.234578,2.442349608243063,-0.20777160824306318,0.20777160824306318,9.298024424914466
2.638367,2.431111737956101,0.207255262043899,0.207255262043899,7.855437171403507
2.994189,2.786958116634697,0.20723088336530315,0.20723088336530315,6.921102287076135
2.593778,2.386707631763322,0.2070703682366779,0.2070703682366779,7.983349701813129
0.378512,0.5844958768477113,-0.2059838768477113,0.2059838768477113,54.41937819495601
2.264873,2.470697130883103,-0.2058241308831028,0.2058241308831028,9.087667647325706
2.719112,2.5138856649056507,0.2052263350943493,0.2052263350943493,7.547549901835664
1.57947,1.3743951595620025,0.2050748404379974,0.2050748404379974,12.983775597194857
2.670431,2.465369614849397,0.20506138515060313,0.20506138515060313,7.678962127945795
16.475844,16.680870186013674,-0.20502618601367573,0.20502618601367573,1.2444047540898746
0.01895,0.22387920909627468,-0.20492920909627468,0.20492920909627468,1081.4206227696782
6.139716,6.344094620049654,-0.20437862004965446,0.20437862004965446,3.3287959906667615
2.571954,2.3680756593348207,0.20387834066517918,0.20387834066517918,7.926982389935909
2.527279,2.3246266561056963,0.20265234389430375,0.20265234389430375,8.018598021282381
30.711787,30.509373062050027,0.20241393794997364,0.20241393794997364,0.6590757416665939
24.235797,24.437973871536485,-0.20217687153648356,0.20217687153648356,0.8342076455568982
2.5431,2.34143274800239,0.20166725199760993,0.20166725199760993,7.929977271427783
3.629299,3.830197527314132,-0.20089852731413194,0.20089852731413194,5.535463661401181
2.53338,2.332599773454522,0.20078022654547834,0.20078022654547834,7.92538926404854
5.258035,5.458632940236415,-0.20059794023641508,0.20059794023641508,3.8150742669571436
2.512096,2.311574994235393,0.20052100576460719,0.20052100576460719,7.982219061557558
2.626529,2.426142090928302,0.20038690907169832,0.20038690907169832,7.6293431012590744
2.725922,2.5257517896967805,0.2001702103032197,0.2001702103032197,7.343211225261635
0.156631,-0.043504170889100635,0.20013517088910063,0.20013517088910063,127.77494286656261
2.702036,2.5026261754995325,0.19940982450046763,0.19940982450046763,7.379984000697534
0.101886,0.3010595050846412,-0.19917350508464118,0.19917350508464118,195.48662710201063
14.744232,14.545104274775474,0.1991277252245265,0.1991277252245265,1.3505466084851074
2.655066,2.4560377083294114,0.19902829167058878,0.19902829167058878,7.496171155937087
2.817065,2.6180846863913647,0.19898031360863522,0.19898031360863522,7.063390926427749
2.572028,2.3737566337681884,0.19827136623181163,0.19827136623181163,7.708756134229599
0.018796,0.2159877180475931,-0.19719171804759308,0.19719171804759308,1049.1153277212054
2.234208,2.431048970221056,-0.19684097022105584,0.19684097022105584,8.810324294436574
2.651926,2.4552442287957312,0.19668177120426877,0.19668177120426877,7.4165633278172995
2.380504,2.1838766572087778,0.1966273427912224,0.1966273427912224,8.259903901987247
0.017193,0.21381597734145785,-0.19662297734145784,0.19662297734145784,1143.622266025915
24.549293,24.745101663374165,-0.1958086633741658,0.1958086633741658,0.7976142668278399
24.73363,24.92934750284973,-0.19571750284972822,0.19571750284972822,0.7913011670706521
2.790121,2.5944231712339914,0.19569782876600872,0.19569782876600872,7.013954905862317
0.571274,0.7669607830712266,-0.19568678307122667,0.19568678307122667,34.25445286096903
0.019192,0.21487159496602715,-0.19567959496602716,0.19567959496602716,1019.5893807129938
2.489069,2.293404568005574,0.1956644319944263,0.1956644319944263,7.860948490643101
3.543323,3.7386807131595674,-0.1953577131595674,0.1953577131595674,5.513404032148748
4.72125,4.525927373132154,0.19532262686784652,0.19532262686784652,4.13709561797637
2.585525,2.3902691384750767,0.19525586152492336,0.19525586152492336,7.5518844922161446
4.790271,4.985230949284068,-0.19495994928406812,0.19495994928406812,4.069914818597908
14.952833,15.14756736096054,-0.1947343609605401,0.1947343609605401,1.302324188060134
10.219058,10.413446248740277,-0.19438824874027638,0.19438824874027638,1.902212990065955
0.143132,-0.05116415257992557,0.19429615257992558,0.19429615257992558,135.7461311545842
38.522471,38.32850355057113,0.19396744942887523,0.19396744942887523,0.5035176726549335
2.928371,2.734479178310739,0.1938918216892609,0.1938918216892609,6.621149495150708
33.496838,33.303150807148604,0.19368719285139235,0.19368719285139235,0.578225302492176
1.807645,1.6142324130809946,0.1934125869190053,0.1934125869190053,10.69969971472859
0.221639,0.4140916725787207,-0.1924526725787207,0.1924526725787207,86.83159213490816
2.228707,2.420876077542051,-0.19216907754205081,0.19216907754205081,8.622446895595894
0.787195,0.9791141953867459,-0.19191919538674596,0.19191919538674596,24.3801339391594
5.42013,5.228216641386668,0.19191335861333236,0.19191335861333236,3.5407519489346493
5.354783,5.546658585217363,-0.19187558521736303,0.19187558521736303,3.583256038830701
0.050169,0.24184403438100688,-0.1916750343810069,0.1916750343810069,382.05870955958494
7.274935,7.083382927267376,0.1915520727326241,0.1915520727326241,2.6330417073141
2.535363,2.3440821233222238,0.19128087667777605,0.19128087667777605,7.544516373798606
3.693771,3.502959602102223,0.190811397897777,0.190811397897777,5.165761437095349
10.072503,9.881758620811638,0.19074437918836118,0.19074437918836118,1.8937137987098884
3.399326,3.209079466329378,0.19024653367062205,0.19024653367062205,5.596595727065468
0.062081,0.25199148892045997,-0.18991048892045997,0.18991048892045997,305.9075862414465
3.128868,2.9391776878504015,0.18969031214959875,0.18969031214959875,6.0625859621925935
0.374392,0.18520988490265822,0.18918211509734179,0.18918211509734179,50.530490781536805
2.220195,2.409176998253905,-0.18898199825390494,0.18898199825390494,8.5119549519476
0.137303,-0.051243770040347414,0.18854677004034742,0.18854677004034742,137.32166806480976
2.642184,2.453662794447041,0.18852120555295881,0.18852120555295881,7.135052121495845
2.242267,2.4300316492226344,-0.18776464922263436,0.18776464922263436,8.373875600642586
2.265101,2.4527895180368837,-0.1876885180368837,0.1876885180368837,8.28609929661404
2.469651,2.2819745008291505,0.18767649917084928,0.18767649917084928,7.599312581544922
9.125211,8.937760215284516,0.18745078471548382,0.18745078471548382,2.054207674906691
3.244448,3.057310589240455,0.18713741075954538,0.18713741075954538,5.767927572079362
3.487023,3.6735975664413836,-0.18657456644138337,0.18657456644138337,5.350540172405884
3.413778,3.600340598690863,-0.186562598690863,0.186562598690863,5.464989190433531
2.45879,2.2725540949754297,0.18623590502457033,0.18623590502457033,7.57429081039845
0.014868,0.20093493530966455,-0.18606693530966456,0.18606693530966456,1251.4590668429212
2.620887,2.434848359572417,0.18603864042758333,0.18603864042758333,7.098308336852563
2.909554,2.7237020039206037,0.1858519960793963,0.1858519960793963,6.387645531686596
2.740308,2.5551033245344605,0.18520467546553965,0.18520467546553965,6.758535006239484
2.580329,2.395324310050153,0.18500468994984676,0.18500468994984676,7.169810126641872
0.049227,0.23413690804554932,-0.18490990804554933,0.18490990804554933,375.6270088973984
3.200419,3.015586772027259,0.18483222797274124,0.18483222797274124,5.775250927049426
0.440082,0.6248704907420972,-0.18478849074209724,0.18478849074209724,41.989558923134254
10.456746,10.64067004585608,-0.18392404585607913,0.18392404585607913,1.7589032558916533
0.116201,0.2992037983234077,-0.1830027983234077,0.1830027983234077,157.4881439625473
0.077332,0.2603241240353995,-0.1829921240353995,0.1829921240353995,236.6318261505815
3.088008,2.905105141520483,0.1829028584795167,0.1829028584795167,5.923004683718233
0.607294,0.7900890032511398,-0.18279500325113984,0.18279500325113984,30.099919185936287
2.612388,2.4298772570270764,0.1825107429729238,0.1825107429729238,6.986356657814132
14.638104,14.82026292771657,-0.1821589277165696,0.1821589277165696,1.2444161328224284
6.059279,6.240254518145171,-0.18097551814517132,0.18097551814517132,2.986750043069226
3.813686,3.9945639291855386,-0.18087792918553847,0.18087792918553847,4.742863706681557
0.331223,0.5118688275766452,-0.1806458275766452,0.1806458275766452,54.53903488649827
4.207833,4.027638752934555,0.18019424706544473,0.18019424706544473,4.282352628090572
2.689053,2.509467753511043,0.17958524648895713,0.17958524648895713,6.6783825563229415
0.024985,0.20415630690328257,-0.17917130690328256,0.17917130690328256,717.1154940410929
12.250172,12.429218031048201,-0.17904603104820183,0.17904603104820183,1.4615797316702186
2.860745,3.0397767044346136,-0.17903170443461347,0.17903170443461347,6.258219604625902
0.021174,0.19948899952559174,-0.17831499952559174,0.17831499952559174,842.141299156751
0.078611,0.2563861859373695,-0.17777518593736952,0.17777518593736952,226.14543220570164
0.192243,0.3697544558956096,-0.17751145589560963,0.17751145589560963,92.33701919095759
2.917376,2.739950639706773,0.17742536029322675,0.17742536029322675,6.081676146206217
0.121866,0.29870895929767016,-0.17684295929767016,0.17684295929767016,145.11263121178797
2.479357,2.3027761209987716,0.1765808790012282,0.1765808790012282,7.122043295665213
2.500863,2.3244495036754174,0.17641349632458247,0.17641349632458247,7.054104775732552
2.134354,2.3106777372338456,-0.17632373723384553,0.17632373723384553,8.261222703711956
0.088963,0.26528439608906496,-0.17632139608906494,0.17632139608906494,198.19632419193218
0.14181,0.31794807269960756,-0.17613807269960757,0.17613807269960757,124.20708876341618
3.238336,3.0622490947274024,0.17608690527259752,0.17608690527259752,5.437573657185664
2.695189,2.5194326672625706,0.1757563327374294,0.1757563327374294,6.521113462948547
6.889806,6.714082459019435,0.17572354098056486,0.17572354098056486,2.5504860511023733
14.233448,14.057804553113868,0.17564344688613076,0.17564344688613076,1.2340189593196023
2.442415,2.2669864308240726,0.17542856917592742,0.17542856917592742,7.182586463346517
2.628473,2.4530825222319343,0.1753904777680657,0.1753904777680657,6.672713691995049
0.100688,0.275786990213728,-0.175098990213728,0.175098990213728,173.90254056076736
5.457028,5.631744158057952,-0.1747161580579517,0.1747161580579517,3.201672376516119
2.244411,2.419121863635933,-0.17471086363593313,0.17471086363593313,7.7842633826045615
0.158677,-0.01600229037246237,0.17467929037246238,0.17467929037246238,110.08482027160682
0.056284,0.2309529662952272,-0.1746689662952272,0.1746689662952272,310.33502591303426
1.765482,1.9400339651380278,-0.17455196513802784,0.17455196513802784,9.886929752222958
2.557278,2.3827400304092734,0.17453796959072676,0.17453796959072676,6.825146487159456
4.954673,5.128537253561328,-0.1738642535613284,0.1738642535613284,3.5090964339688875
25.783299,25.957050019469534,-0.17375101946953464,0.17375101946953464,0.6738897899328583
0.384448,0.5576055179194164,-0.17315751791941636,0.17315751791941636,45.04055629743835
0.98927,1.1624166778292135,-0.17314667782921356,0.17314667782921356,17.50246927650804
3.524817,3.6977212754217224,-0.17290427542172226,0.17290427542172226,4.905340487657002
8.216461,8.389148304852487,-0.17268730485248618,0.17268730485248618,2.101723659984322
0.095981,0.2685407445101333,-0.17255974451013334,0.17255974451013334,179.7853161879414
1.571944,1.7443973503773478,-0.17245335037734777,0.17245335037734777,10.970705722746933
0.429705,0.6020061910620811,-0.17230119106208108,0.17230119106208108,40.09755321022179
0.022714,0.19474342979272663,-0.17202942979272662,0.17202942979272662,757.3717928826046
2.836064,2.664433881085248,0.17163011891475177,0.17163011891475177,6.051701192522456
2.750035,2.57849818182482,0.17153681817518018,0.17153681817518018,6.2376230909403905
2.633202,2.461857028090556,0.17134497190944398,0.17134497190944398,6.507095616019466
0.070241,0.2413699141275103,-0.1711289141275103,0.1711289141275103,243.63108993875264
2.978768,3.1496678170757004,-0.17089981707570034,0.17089981707570034,5.737265106579736
2.612292,2.441458930223135,0.1708330697768652,0.1708330697768652,6.539585535243594
2.972956,2.8021516368625328,0.17080436313746716,0.17080436313746716,5.745270469247506
2.164006,1.9935005903417,0.17050540965830008,0.17050540965830008,7.879156049032254
2.530673,2.360189173008205,0.17048382699179498,0.17048382699179498,6.736699169946424
2.778194,2.6077422200087135,0.17045177999128658,0.17045177999128658,6.135344759406695
2.234717,2.4047644565005477,-0.17004745650054787,0.17004745650054787,7.609350825761764
1.830314,2.0002759493651894,-0.16996194936518938,0.16996194936518938,9.285944890106475
2.938981,2.769473365707917,0.16950763429208315,0.16950763429208315,5.767564822171888
6.934088,6.764589328010263,0.16949867198973667,0.16949867198973667,2.4444263180290218
0.156639,0.3256910612915007,-0.16905206129150072,0.16905206129150072,107.92462999864408
4.560666,4.7296777503655285,-0.16901175036552818,0.16901175036552818,3.7058567841149146
0.264368,0.433151259830737,-0.168783259830737,0.168783259830737,63.84405819421902
12.564807,12.39637399699449,0.16843300300551078,0.16843300300551078,1.3405140485179778
0.478278,0.6465487377940526,-0.16827073779405266,0.16827073779405266,35.18262135387161
0.071307,0.23926007947116545,-0.16795307947116545,0.16795307947116545,235.5351918263709
2.603956,2.436025969619241,0.16793003038075938,0.16793003038075938,6.449034867498157
8.274536,8.441914904764475,-0.16737890476447603,0.16737890476447603,2.022819222279693
1.333226,1.5004528302119127,-0.16722683021191265,0.16722683021191265,12.543021978221969
3.058129,2.8909632830306844,0.1671657169693157,0.1671657169693157,5.466274214195981
0.12184,0.288857868890787,-0.167017868890787,0.167017868890787,137.07966903620104
0.027296,0.19429259324239823,-0.16699659324239824,0.16699659324239824,611.7987713606369
6.941219,7.1080286103821155,-0.16680961038211528,0.16680961038211528,2.403174577544839
0.086678,0.2533068615283476,-0.16662886152834758,0.16662886152834758,192.23893183519309
6.492608,6.659208902226592,-0.16660090222659196,0.16660090222659196,2.5660089477760857
2.39027,2.223681206600908,0.16658879339909216,0.16658879339909216,6.969455057048898
0.060789,0.22721826089885155,-0.16642926089885154,0.16642926089885154,273.78186945840474
8.411719,8.245402358077937,0.1663166419220623,0.1663166419220623,1.9772015912572105
3.962985,3.796843345915084,0.1661416540849161,0.1661416540849161,4.192336182971265
3.355748,3.189810196591777,0.16593780340822306,0.16593780340822306,4.944882732650907
0.089106,0.2548221596595148,-0.1657161596595148,0.1657161596595148,185.9764319726375
2.222246,2.387935191373842,-0.16568919137384164,0.16568919137384164,7.455933832995343
6.456997,6.6223587782982865,-0.16536177829828613,0.16536177829828613,2.560970344197545
0.130637,-0.03468529563528833,0.16532229563528833,0.16532229563528833,126.55089714915178
2.528673,2.364421133046317,0.16425186695368277,0.16425186695368277,6.495575621964058
0.810904,0.975095469538541,-0.16419146953854102,0.16419146953854102,20.247954075734377
1.95743,2.1215198702246916,-0.16408987022469157,0.16408987022469157,8.38292404920271
2.222081,2.38598758772784,-0.16390658772783961,0.16390658772783961,7.376265209074886
0.115704,0.27920330020153017,-0.16349930020153017,0.16349930020153017,141.3082521435922
16.133195,15.969727527865524,0.1634674721344762,0.1634674721344762,1.013236820936355
0.170673,0.33383172751172907,-0.16315872751172908,0.16315872751172908,95.59726929047466
3.462039,3.625142715035654,-0.16310371503565424,0.16310371503565424,4.711203860815636
3.374375,3.5373333965748586,-0.16295839657485844,0.16295839657485844,4.829291248602456
3.368299,3.53121283331088,-0.16291383331087994,0.16291383331087994,4.8366796803384515
0.022125,0.18484795220026484,-0.16272295220026484,0.16272295220026484,735.4709670725147
11.583961,11.422014176186844,0.16194682381315673,0.16194682381315673,1.3980263211500688
2.247892,2.4097414372398163,-0.16184943723981648,0.16184943723981648,7.200053972015401
18.985333,18.824163677992004,0.16116932200799639,0.16116932200799639,0.8489149071398826
2.237571,2.3985473950758127,-0.16097639507581274,0.16097639507581274,7.194247470521314
0.056605,0.21755571510615468,-0.16095071510615466,0.16095071510615466,284.3401021496591
11.156958,11.31789193776311,-0.16093393776310982,0.16093393776310982,1.4424535591302519
0.112355,0.27322836379877913,-0.16087336379877915,0.16087336379877915,143.18309256872953
5.48111,5.641974247916069,-0.16086424791606913,0.16086424791606913,2.9348845017365868
1.307155,1.4680037479401626,-0.16084874794016257,0.16084874794016257,12.30525438282815
3.824429,3.9851872032957747,-0.16075820329577484,0.16075820329577484,4.203456340582382
2.917638,2.757479414907138,0.16015858509286218,0.16015858509286218,5.489323387184183
3.019609,3.1795395365753905,-0.15993053657539047,0.15993053657539047,5.296398857272385
0.0607,0.22050697656145601,-0.159806976561456,0.159806976561456,263.2734370645512
1.034405,1.194114414422998,-0.15970941442299802,0.15970941442299802,15.439737279649487
0.815238,0.9748072830321242,-0.15956928303212414,0.15956928303212414,19.57333723557425
2.878136,2.718813204328093,0.159322795671907,0.159322795671907,5.53562429525121
8.986041,8.826939246634252,0.15910175336574817,0.15910175336574817,1.7705433723702975
0.725524,0.8845627484135861,-0.15903874841358612,0.15903874841358612,21.920535832262694
0.237639,0.39591869474155317,-0.15827969474155318,0.15827969474155318,66.60510045697384
0.231315,0.07315953466761371,0.15815546533238628,0.15815546533238628,68.37233437693791
2.486535,2.3287765016980657,0.15775849830193422,0.15775849830193422,6.344511470604264
2.221326,2.3789787787177055,-0.15765277871770556,0.15765277871770556,7.097237357803776
2.233969,2.3913969184696313,-0.15742791846963122,0.15742791846963122,7.0470055073541396
0.561728,0.7190960858211639,-0.1573680858211639,0.1573680858211639,28.01499761328417
0.209205,0.3661962267633392,-0.15699122676333918,0.15699122676333918,75.04181386118752
2.518599,2.3617191410703064,0.15687985892969358,0.15687985892969358,6.22885417342994
0.133164,0.2899948438471718,-0.15683084384717177,0.15683084384717177,117.77270413129604
16.54463,16.70138321906855,-0.15675321906854833,0.15675321906854833,0.9474567824581202
0.238456,0.39515520819834293,-0.15669920819834293,0.15669920819834293,65.71409741530044
5.186087,5.3425684034595555,-0.15648140345955586,0.15648140345955586,3.0173308595968122
11.916002,12.072411441243787,-0.15640944124378642,0.15640944124378642,1.3125999915279791
0.568066,0.7243158619118972,-0.15624986191189727,0.15624986191189727,27.50558242957538
0.059665,0.21584577356427204,-0.15618077356427204,0.15618077356427204,261.76279779185325
9.086134,8.929958260141902,0.15617573985809763,0.15617573985809763,1.7188359742039774
1.2054,1.3613357587188517,-0.15593575871885168,0.15593575871885168,12.936432612071947
0.056136,0.21201941789127332,-0.15588341789127333,0.15588341789127333,277.6888585107319
0.181269,0.3370972325768875,-0.1558282325768875,0.1558282325768875,85.96518571345474
0.086557,0.24204299964233655,-0.15548599964233656,0.15548599964233656,179.63422884654315
10.907618,10.752544221470625,0.1550737785293741,0.1550737785293741,1.4217015899158956
2.405616,2.25059006069214,0.15502593930786013,0.15502593930786013,6.444334395074517
0.262947,0.4179539585142322,-0.15500695851423224,0.15500695851423224,58.94988665217035
8.658409,8.813347172066672,-0.1549381720666716,0.1549381720666716,1.7894531439307397
3.230445,3.3852156451002564,-0.1547706451002564,0.1547706451002564,4.791000778390141
2.245254,2.400003734344807,-0.154749734344807,0.154749734344807,6.8923041374345475
5.521737,5.676279430298701,-0.15454243029870085,0.15454243029870085,2.7988009985970366
2.963304,2.809084736922566,0.15421926307743394,0.15421926307743394,5.204301113629572
0.118591,0.27265338956175,-0.15406238956175,0.15406238956175,129.9106925751864
0.736828,0.8908458186928563,-0.15401781869285625,0.15401781869285625,20.90281838800282
0.025905,0.17988616417903813,-0.15398116417903812,0.15398116417903812,594.4071167134954
2.249693,2.40336687331628,-0.15367387331627969,0.15367387331627969,6.8308819607585916
0.132761,0.28627038895534795,-0.15350938895534796,0.15350938895534796,115.62837643563968
1.224277,1.0709632353132221,0.15331376468677793,0.15331376468677793,12.52280036905497
2.256015,2.40932489675496,-0.15330989675495976,0.15330989675495976,6.795606268050706
9.113052,8.95992375263511,0.15312824736489006,0.15312824736489006,1.6803179369898225
14.289055,14.442074768434907,-0.15301976843490728,0.15301976843490728,1.0708879518893055
0.0982,0.25099738853655396,-0.15279738853655395,0.15279738853655395,155.5981551740894
3.013554,2.8608618928713287,0.15269210712867132,0.15269210712867132,5.066844898867068
0.534321,0.38171357640024084,0.1526074235997592,0.1526074235997592,28.56100051676767
2.222862,2.37503047306695,-0.1521684730669497,0.1521684730669497,6.845610436460027
3.96002,4.112012562955451,-0.15199256295545105,0.15199256295545105,3.8381766494010856
0.184326,0.335942553266225,-0.15161655326622503,0.15161655326622503,82.2545670084364
2.373034,2.2215323085274896,0.15150169147251047,0.15150169147251047,6.384303447237846
1.496509,1.6478828438036288,-0.15137384380362873,0.15137384380362873,10.115130867473137
28.747842,28.8991076192573,-0.15126561925730186,0.15126561925730186,0.5261807799582859
2.290313,2.441518752481631,-0.15120575248163126,0.15120575248163126,6.601968921934658
2.54905,2.3978620338068595,0.15118796619314034,0.15118796619314034,5.931149494408082
3.69937,3.850374894823103,-0.1510048948231031,0.1510048948231031,4.081908401133738
2.709784,2.558869940302273,0.15091405969772698,0.15091405969772698,5.569228384703642
2.571415,2.420836110789601,0.15057888921039897,0.15057888921039897,5.855876597303161
2.651361,2.8018911853921082,-0.15053018539210816,0.15053018539210816,5.677468492085034
0.031075,0.18139118996898063,-0.15031618996898063,0.15031618996898063,483.72064194773935
7.762839,7.913071647774133,-0.1502326477741338,0.1502326477741338,1.93527970594519
2.250269,2.4004535386478025,-0.15018453864780268,0.15018453864780268,6.674070461848277
7.965476,8.115597662659669,-0.15012166265966886,0.15012166265966886,1.8846540075920664
2.507204,2.357293075005721,0.14991092499427916,0.14991092499427916,5.979207315730988
0.018857,0.16836293278527137,-0.14950593278527136,0.14950593278527136,792.8404942060289
0.252592,0.40191929992802145,-0.14932729992802146,0.14932729992802146,59.117984682374534
0.025257,0.17447221337094732,-0.1492152133709473,0.1492152133709473,590.7875550546769
2.805008,2.655806311664346,0.14920168833565395,0.14920168833565395,5.319118103418416
7.550294,7.401145380331112,0.14914861966888804,0.14914861966888804,1.975401483265587
2.498658,2.3498336371089863,0.14882436289101353,0.14882436289101353,5.956171788418318
2.367017,2.218596172838005,0.14842082716199512,0.14842082716199512,6.270374363839581
9.551011,9.69895745422047,-0.14794645422046848,0.14794645422046848,1.5490135465127142
4.822767,4.675072367326951,0.1476946326730486,0.1476946326730486,3.0624459500113974
3.820805,3.6731157780608363,0.14768922193916367,0.14768922193916367,3.865395431991381
0.095212,0.24285087224293989,-0.14763887224293987,0.14763887224293987,155.06330303730263
3.004779,2.85718924197859,0.14758975802141006,0.14758975802141006,4.911834048910027
0.237137,0.3845297850100131,-0.14739278501001313,0.14739278501001313,62.155119170714826
0.149653,0.2970198671032733,-0.14736686710327332,0.14736686710327332,98.47237743633667
21.420093,21.27276507417399,0.14732792582601206,0.14732792582601206,0.6878024564380942
2.467848,2.32090463839177,0.14694336160822985,0.14694336160822985,5.954311675689731
0.972122,0.8257408251454734,0.14638117485452662,0.14638117485452662,15.057901666608586
2.506039,2.3597998440736774,0.14623915592632253,0.14623915592632253,5.835470075305574
0.508674,0.6545976343229114,-0.14592363432291144,0.14592363432291144,28.68706367815622
0.555459,0.7013758981544065,-0.14591689815440645,0.14591689815440645,26.26960732081699
7.858162,8.003502335973218,-0.14534033597321816,0.14534033597321816,1.8495461912259967
1.997223,2.14254539547796,-0.1453223954779599,0.1453223954779599,7.276222808904347
0.598334,0.4530415842677087,0.14529241573229135,0.14529241573229135,24.28282793690623
0.887615,1.0328969033724462,-0.14528190337244618,0.14528190337244618,16.367671046126812
1.387199,1.2419208135322322,0.1452781864677679,0.1452781864677679,10.472771855897758
6.089249,5.9441860953444525,0.14506290465554716,0.14506290465554716,2.382279073382693
2.368184,2.223350226418791,0.14483377358120864,0.14483377358120864,6.1158158983885045
15.308801,15.164308283173877,0.1444927168261234,0.1444927168261234,0.9438539100820473
0.051503,0.19597604075134356,-0.14447304075134357,0.14447304075134357,280.513835059763
0.962732,1.1070450984155578,-0.14431309841555773,0.14431309841555773,14.989955501693904
0.022943,0.1671035558992635,-0.14416055589926352,0.14416055589926352,628.3422188507226
0.422174,0.5663041900806611,-0.14413019008066114,0.14413019008066114,34.13999678959887
0.200651,0.3446696206649875,-0.14401862066498752,0.14401862066498752,71.7756804567193
0.729085,0.8724476853384786,-0.14336268533847862,0.14336268533847862,19.66337056979848
2.266174,2.409536362323415,-0.14336236232341504,0.14336236232341504,6.326185117166151
2.624721,2.481462558528765,0.143258441471235,0.143258441471235,5.458044548954992
1.244413,1.3875351514805168,-0.14312215148051677,0.14312215148051677,11.501177781734489
0.058249,0.20072324175949063,-0.14247424175949064,0.14247424175949064,244.59517161650064
5.147412,5.0049677856639025,0.14244421433609755,0.14244421433609755,2.7672977086996386
5.486574,5.344150429809751,0.14242357019024876,0.14242357019024876,2.5958561788768892
2.323228,2.4656273787407024,-0.14239937874070252,0.14239937874070252,6.129375968892125
0.794278,0.6520709125749455,0.1422070874250545,0.1422070874250545,17.903943884527905
2.360705,2.218515917452237,0.14218908254776297,0.14218908254776297,6.023161832661845
0.028999,0.17118259634639443,-0.14218359634639444,0.14218359634639444,490.3051686475025
0.244463,0.3866065782108983,-0.14214357821089826,0.14214357821089826,58.14523185625351
0.033867,0.17584568907617637,-0.14197868907617636,0.14197868907617636,419.22428516535876
2.165939,2.024634871324121,0.14130412867587872,0.14130412867587872,6.5239200489651274
1.749638,1.6084612643080334,0.14117673569196665,0.14117673569196665,8.068911150986532
0.565017,0.7061466478684615,-0.1411296478684615,0.1411296478684615,24.97794718450658
7.886681,7.745592679051079,0.14108832094892154,0.14108832094892154,1.7889441825671988
7.258285,7.399353106635406,-0.14106810663540603,0.14106810663540603,1.943545984119699
0.777837,0.9187961588742901,-0.1409591588742901,0.1409591588742901,18.121940568032656
3.006856,2.865934930277758,0.14092106972224183,0.14092106972224183,4.686658413889963
10.165246,10.30609982306584,-0.14085382306583938,0.14085382306583938,1.3856410662806757
1.26231,1.12146762400031,0.14084237599968996,0.14084237599968996,11.157510911624914
0.222847,0.3636310200386461,-0.14078402003864612,0.14078402003864612,63.175191936831524
0.696585,0.8371388005257607,-0.14055380052576072,0.14055380052576072,20.1775519865606
2.880172,2.739681836662818,0.14049016333718178,0.14049016333718178,4.8778393558545785
12.806932,12.947238224379884,-0.14030622437988427,0.14030622437988427,1.0955490696662458
2.227459,2.3677140265159657,-0.14025502651596566,0.14025502651596566,6.296637851007314
0.475151,0.6153762141696397,-0.14022521416963973,0.14022521416963973,29.511716094489543
0.224123,0.3642519582314456,-0.14012895823144564,0.14012895823144564,62.5232386541865
1.130495,1.2705831591243282,-0.14008815912432815,0.14008815912432815,12.391753976084493
2.743361,2.6032888293838354,0.14007217061616473,0.14007217061616473,5.105859951025725
1.572076,1.7120615543271,-0.13998555432710003,0.13998555432710003,8.904502983201546
0.027247,0.16683049235954783,-0.13958349235954784,0.13958349235954784,512.2893964372535
2.623772,2.4842096212307645,0.13956237876923572,0.13956237876923572,5.319150397363663
0.488771,0.6280086947766605,-0.13923769477666054,0.13923769477666054,28.48730688771904
0.444098,0.582833588828116,-0.13873558882811599,0.13873558882811599,31.239858949348143
0.022639,0.16136764914697466,-0.13872864914697466,0.13872864914697466,612.786114820392
2.380265,2.241737141219062,0.1385278587809382,0.1385278587809382,5.819850259324838
2.365252,2.226859055223695,0.13839294477630482,0.13839294477630482,5.851086682114791
0.238497,0.10067259511296811,0.13782440488703188,0.13782440488703188,57.78873731294026
0.025821,0.16334984849655854,-0.13752884849655853,0.13752884849655853,532.6240190694958
2.579395,2.441905205369679,0.13748979463032107,0.13748979463032107,5.330311744614174
10.198493,10.061088061213482,0.13740493878651705,0.13740493878651705,1.3473063008933746
0.824099,0.9614890658642175,-0.13739006586421743,0.13739006586421743,16.67154866679196
2.38289,2.2461078943233126,0.13678210567668758,0.13678210567668758,5.740177082070401
1.463837,1.600242749591196,-0.1364057495911959,0.1364057495911959,9.318370117839454
0.140448,0.2766943152055994,-0.1362463152055994,0.1362463152055994,97.00836972302278
3.033592,2.8975695550131615,0.13602244498683858,0.13602244498683858,4.483874066860497
1.122993,1.2589445307738814,-0.13595153077388145,0.13595153077388145,12.10617793359133
3.185526,3.049592664823791,0.13593333517620865,0.13593333517620865,4.267217884014805
2.254745,2.390531958325365,-0.1357869583253648,0.1357869583253648,6.022275615173446
2.228806,2.3645105660631067,-0.13570456606310666,0.13570456606310666,6.088666580088979
0.022838,0.15854123446163015,-0.13570323446163016,0.13570323446163016,594.1992900754482
0.473705,0.33806331943365464,0.13564168056634535,0.13564168056634535,28.634209167669994
3.500649,3.6358906028537543,-0.1352416028537542,0.1352416028537542,3.8633294240551073
1.941847,1.8068320596348428,0.13501494036515727,0.13501494036515727,6.952913404516646
0.641019,0.5063572584692402,0.13466174153075983,0.13466174153075983,21.00744931269625
0.021789,0.15622101652864373,-0.13443201652864373,0.13443201652864373,616.9719395643297
4.003584,3.8691740237322207,0.13440997626777929,0.13440997626777929,3.357241318389274
0.293966,0.4280050389091876,-0.1340390389091876,0.1340390389091876,45.5967829148918
0.18731,0.32133889454282993,-0.13402889454282993,0.13402889454282993,71.55458569818768
1.186513,1.3203589797174402,-0.13384597971744028,0.13384597971744028,11.280616369661324
0.593343,0.45951569767749945,0.1338273023225005,0.1338273023225005,22.55479584320464
7.401735,7.535474223958744,-0.13373922395874338,0.13373922395874338,1.806863174065763
1.93676,2.070301917619485,-0.13354191761948497,0.13354191761948497,6.895119561153155
2.31172,2.178330650677715,0.13338934932228508,0.13338934932228508,5.770134329266301
0.304424,0.4375395084830558,-0.1331155084830558,0.1331155084830558,43.72700852735947
0.121071,0.2540670797861253,-0.13299607978612532,0.13299607978612532,109.84965819748385
2.625514,2.492829404586555,0.13268459541344502,0.13268459541344502,5.053661698562315
0.268189,0.4007145218640389,-0.13252552186403888,0.13252552186403888,49.414972953634894
2.444871,2.312552624936373,0.13231837506362698,0.13231837506362698,5.412080026235122
2.223193,2.3552662943593567,-0.13207329435935655,0.13207329435935655,5.940703049776418
0.025562,0.15728086279267472,-0.13171886279267472,0.13171886279267472,515.291691876156
1.235463,1.3671056963354324,-0.13164269633543246,0.13164269633543246,10.65533296624643
2.291111,2.4225971232877512,-0.13148612328775133,0.13148612328775133,5.738967831851551
2.223075,2.3540942746604223,-0.13101927466042218,0.13101927466042218,5.893605688270911
3.393776,3.2629009251566448,0.13087507484335514,0.13087507484335514,3.8563262525133895
3.679886,3.8107487235194775,-0.13086272351947725,0.13086272351947725,3.556162433181927
2.866517,2.7359157330279285,0.13060126697207153,0.13060126697207153,4.556096020624173
0.04279,0.17332347773184864,-0.13053347773184865,0.13053347773184865,305.05603511753355
2.488671,2.3583430028869614,0.13032799711303866,0.13032799711303866,5.236851199206396
2.923508,3.0535650014807167,-0.13005700148071675,0.13005700148071675,4.448662410920992
4.146536,4.276274143054868,-0.12973814305486808,0.12973814305486808,3.1288319467560206
0.11187,0.2413640957066221,-0.1294940957066221,0.1294940957066221,115.75408562694915
2.306737,2.4359677474982533,-0.12923074749825325,0.12923074749825325,5.602318231018574
0.619007,0.7474606253284968,-0.1284536253284968,0.1284536253284968,20.75156263301469
2.462835,2.3344120196904576,0.12842298030954247,0.12842298030954247,5.214437033107294
3.662401,3.534460394667427,0.12794060533257312,0.12794060533257312,3.493353276418387
2.476343,2.348669666667533,0.1276733333324671,0.1276733333324671,5.155720888718218
0.021045,0.1484023390135718,-0.1273573390135718,0.1273573390135718,605.1667303796866
2.911099,2.784248343599911,0.12685065640008908,0.12685065640008908,4.357483424498156
0.027982,0.15460745098165063,-0.12662545098165062,0.12662545098165062,452.52466060012136
2.778673,2.6521673785119653,0.12650562148803468,0.12650562148803468,4.552735117931543
2.804946,2.6784416905519333,0.1265043094480669,0.1265043094480669,4.510044380303822
0.318604,0.4450935645475873,-0.1264895645475873,0.1264895645475873,39.701185329715294
0.572425,0.698805384096076,-0.126380384096076,0.126380384096076,22.07806858086176
2.236675,2.3629468108361387,-0.1262718108361387,0.1262718108361387,5.645514472620886
2.323523,2.4496602360788557,-0.12613723607885596,0.12613723607885596,5.428706153260685
2.268554,2.394691173001938,-0.12613717300193805,0.12613717300193805,5.560245557142471
2.269201,2.3952701247705726,-0.12606912477057275,0.12606912477057275,5.555661431711739
1.162361,1.0362970557716125,0.12606394422838751,0.12606394422838751,10.84550705138438
3.976851,4.102633803299156,-0.12578280329915614,0.12578280329915614,3.162874427429976
1.890085,2.0156110821007722,-0.1255260821007722,0.1255260821007722,6.64129296270437
0.196027,0.07056240827343174,0.12546459172656826,0.12546459172656826,64.00372992626757
0.211093,0.33654908784510695,-0.12545608784510695,0.12545608784510695,59.43166650986782
3.468774,3.3433536705158406,0.12542032948415915,0.12542032948415915,3.6156961935411034
0.027442,0.15256939643929002,-0.12512739643929002,0.12512739643929002,455.97039568296634
3.321035,3.4460423833485354,-0.12500738334853523,0.12500738334853523,3.764109181167049
7.377241,7.252494033755973,0.12474696624402704,0.12474696624402704,1.6909704622952684
4.979392,4.854661953028238,0.12473004697176204,0.12473004697176204,2.50492523925124
0.705962,0.8306104073574083,-0.12464840735740834,0.12464840735740834,17.656532127756424
2.635248,2.5108164635620156,0.12443153643798421,0.12443153643798421,4.721815041061123
1.794214,1.9185492606348156,-0.12433526063481559,0.12433526063481559,6.929789903985021
1.524916,1.6491551981658006,-0.12423919816580065,0.12423919816580065,8.147281434364475
0.188487,0.31271929320499936,-0.12423229320499937,0.12423229320499937,65.91027133918472
0.035315,0.15947838832944683,-0.12416338832944683,0.12416338832944683,351.58824289355397
2.410442,2.2862980312988377,0.12414396870116251,0.12414396870116251,5.150257450542774
2.413695,2.289557123390839,0.12413787660916098,0.12413787660916098,5.1430639166927845
1.350237,1.4741915243725892,-0.12395452437258925,0.12395452437258925,9.180204983525785
0.498776,0.6226731440571172,-0.12389714405711716,0.12389714405711716,24.84023770836546
2.436305,2.3125295113379636,0.12377548866203636,0.12377548866203636,5.080459493247188
0.93184,1.0555384796334693,-0.12369847963346925,0.12369847963346925,13.274647967483109
2.941125,2.817479063543713,0.12364593645628696,0.12364593645628696,4.204035409990495
0.328708,0.45235268100381987,-0.12364468100381987,0.12364468100381987,37.615354955219985
3.216206,3.0929002844288718,0.12330571557112835,0.12330571557112835,3.8338873681379377
0.032198,0.15531594845994334,-0.12311794845994334,0.12311794845994334,382.37762618040165
0.03739,0.16042822205465868,-0.12303822205465867,0.12303822205465867,329.0671883540826
1.697995,1.5749608175584129,0.12303418244158704,0.12303418244158704,7.245850690628723
0.451321,0.5743071955208094,-0.12298619552080942,0.12298619552080942,27.250270980867086
1.1829,1.3056426742710592,-0.12274267427105912,0.12274267427105912,10.376420175896753
0.341109,0.4638274655868422,-0.12271846558684218,0.12271846558684218,35.976320047511464
0.965509,1.0881355555275718,-0.12262655552757185,0.12262655552757185,12.700715945151329
17.079364,16.956797695288007,0.12256630471199514,0.12256630471199514,0.7176280376205901
5.325581,5.447925496310729,-0.12234449631072941,0.12234449631072941,2.297298572839886
1.411831,1.5340475205486115,-0.12221652054861143,0.12221652054861143,8.656597038877516
2.512319,2.3902133466147255,0.12210565338527468,0.12210565338527468,4.860276636064703
0.79442,0.6723160694704724,0.12210393052952762,0.12210393052952762,15.3701984484476
0.537818,0.41622756892559565,0.12159043107440437,0.12159043107440437,22.608099961659196
5.76741,5.888987059595578,-0.12157705959557852,0.12157705959557852,2.108000984730937
1.177856,1.2992862320074643,-0.12143023200746428,0.12143023200746428,10.309429335772355
2.237491,2.3588327336945696,-0.12134173369456969,0.12134173369456969,5.423116056741527
1.687751,1.8090058776612565,-0.12125487766125653,0.12125487766125653,7.184405617539087
7.520355,7.641608918973862,-0.12125391897386173,0.12125391897386173,1.6123430206718883
0.710679,0.8315156357648483,-0.12083663576484838,0.12083663576484838,17.002983871458902
3.020371,2.899676806291403,0.12069419370859702,0.12069419370859702,3.9960055802615315
8.088519,7.967884741000235,0.12063425899976465,0.12063425899976465,1.4914257974577698
0.830738,0.9506058382097855,-0.11986783820978553,0.11986783820978553,14.42907850554043
0.045647,0.1653420147396396,-0.11969501473963962,0.11969501473963962,262.21879746187227
0.607054,0.7267404249140341,-0.11968642491403414,0.11968642491403414,19.71594370423689
0.040921,0.16058736848584232,-0.11966636848584232,0.11966636848584232,292.43265852107635
1.006553,1.1260147339427498,-0.11946173394274973,0.11946173394274973,11.86839976939926
7.842243,7.961685862958726,-0.11944286295872608,0.11944286295872608,1.5230701593562328
1.941261,2.0606694259294116,-0.1194084259294117,0.1194084259294117,6.151075302252537
0.319662,0.4389875300417003,-0.11932553004170032,0.11932553004170032,37.3286565198152
0.15408,0.27328846900828907,-0.11920846900828908,0.11920846900828908,77.36790558860407
0.421162,0.5401720629104965,-0.11901006291049648,0.11901006291049648,28.25755003590992
2.593564,2.474711533445646,0.11885246655435422,0.11885246655435422,4.582592392158883
21.878985,21.997728736735247,-0.1187437367352473,0.1187437367352473,0.5427296409532004
1.527518,1.4090516379802942,0.11846636201970573,0.11846636201970573,7.755480590863757
3.815186,3.933616230858693,-0.11843023085869264,0.11843023085869264,3.104179740007131
0.316276,0.4345693582999246,-0.1182933582999246,0.1182933582999246,37.40193952829891
0.066472,0.18475780853549395,-0.11828580853549395,0.11828580853549395,177.94832163549407
2.535079,2.4170063474248167,0.1180726525751834,0.1180726525751834,4.657553179625797
2.258697,2.376617443476853,-0.11792044347685282,0.11792044347685282,5.220728741908812
0.081544,0.19923901167191005,-0.11769501167191004,0.11769501167191004,144.3331349057894
0.176979,0.2946438393611679,-0.1176648393611679,0.1176648393611679,66.48519841036659
1.417471,1.2999390576811294,0.11753194231887054,0.11753194231887054,8.291664683833313
2.234948,2.3524377540647805,-0.11748975406478035,0.11748975406478035,5.256934571163329
0.182506,0.2999696550971507,-0.11746365509715068,0.11746365509715068,64.36153059778262
9.558897,9.676268825764629,-0.11737182576462857,0.11737182576462857,1.2278804318469034
2.478758,2.3615199149404056,0.11723808505959443,0.11723808505959443,4.72971080899647
1.114713,1.231906610368533,-0.11719361036853293,0.11719361036853293,10.513343825542501
2.926288,2.8091251637925936,0.11716283620740642,0.11716283620740642,4.0038040071039696
0.41871,0.30175989535177195,0.11695010464822808,0.11695010464822808,27.931051233621606
0.430687,0.5476307114892087,-0.11694371148920873,0.11694371148920873,27.152830585101455
5.643978,5.760531373965085,-0.11655337396508525,0.11655337396508525,2.0650926343621494
2.958463,2.8421571770668006,0.11630582293319947,0.11630582293319947,3.93129212463594
8.560483,8.676708699844777,-0.11622569984477771,0.11622569984477771,1.357700258775352
0.102811,0.21882402791312572,-0.11601302791312572,0.11601302791312572,112.8410654504719
2.365101,2.2491219080059714,0.11597909199402867,0.11597909199402867,4.903769098618828
2.423512,2.307617180985133,0.11589481901486698,0.11589481901486698,4.782102131538234
11.142417,11.026532603290194,0.11588439670980577,0.11588439670980577,1.040029256747129
0.110372,0.22623506884512068,-0.11586306884512068,0.11586306884512068,104.9750559382322
9.496708,9.612383924915804,-0.11567592491580392,0.11567592491580392,1.218063405914827
2.526581,2.410917520791436,0.11566347920856401,0.11566347920856401,4.577865471322159
2.188155,2.3038113561225693,-0.11565635612256919,0.11565635612256919,5.285565059023864
0.326131,0.4416916690323518,-0.11556066903235179,0.11556066903235179,35.43381923120402
3.417835,3.5331836703880217,-0.11534867038802155,0.11534867038802155,3.374904592663093
2.395212,2.28007161191886,0.11514038808113991,0.11514038808113991,4.807106347009484
1.080901,1.1959339527617097,-0.11503295276170977,0.11503295276170977,10.64232087407334
2.241633,2.3565874777452684,-0.11495447774526824,0.11495447774526824,5.128157809067767
3.871708,3.757041423997295,0.1146665760027048,0.1146665760027048,2.9616535131198725
0.324167,0.4387731358575735,-0.11460613585757351,0.11460613585757351,35.35404153483219
2.611784,2.4973849625841424,0.11439903741585766,0.11439903741585766,4.380110966736819
2.388298,2.2744082084017663,0.11388979159823354,0.11388979159823354,4.768659170399376
0.030759,0.14451886861385077,-0.11375986861385076,0.11375986861385076,369.84254443905263
4.723533,4.837227899100116,-0.11369489910011588,0.11369489910011588,2.4069885633848416
0.290717,0.4042970158714141,-0.11358001587141409,0.11358001587141409,39.06892814398372
1.397435,1.5108982389450887,-0.1134632389450887,0.1134632389450887,8.119392954732728
0.233371,0.34673598037931086,-0.11336498037931086,0.11336498037931086,48.577149830413255
2.237741,2.3508761372176608,-0.11313513721766055,0.11313513721766055,5.055774426647443
0.186895,0.07381379457176607,0.11308120542823394,0.11308120542823394,60.50520632854208
2.258113,2.37112548288502,-0.1130124828850203,0.1130124828850203,5.004731068817883
4.978137,5.0908298021801315,-0.11269280218013122,0.11269280218013122,2.26375453664428
0.696288,0.5837270770908916,0.11256092290910846,0.11256092290910846,16.165857072496237
2.67864,2.791031336837168,-0.11239133683716807,0.11239133683716807,4.19583582836709
0.049054,0.1611977176312358,-0.1121437176312358,0.1121437176312358,228.6127887687508
0.045268,0.15714946476606073,-0.11188146476606073,0.11188146476606073,247.15354007004328
4.056525,4.168316449326268,-0.11179144932626794,0.11179144932626794,2.755842730502391
2.996009,2.8846030949093624,0.11140590509063752,0.11140590509063752,3.718476983444277
4.433164,4.544501996754059,-0.11133799675405953,0.11133799675405953,2.511479312553022
2.277493,2.3886615146091152,-0.11116851460911503,0.11116851460911503,4.881179200297601
0.984278,1.0954460879619,-0.11116808796189992,0.11116808796189992,11.294379022045147
11.209522,11.320527852763629,-0.11100585276362906,0.11100585276362906,0.9902817690409883
0.317387,0.42785887067728723,-0.11047187067728725,0.11047187067728725,34.806677854631914
2.328425,2.218049540647577,0.1103754593524231,0.1103754593524231,4.740348490833192
2.790759,2.680449706952883,0.11030929304711679,0.11030929304711679,3.9526628076148507
9.637345,9.747270019161729,-0.1099250191617287,0.1099250191617287,1.1406151710931598
2.015562,2.1254556840920387,-0.10989368409203859,0.10989368409203859,5.4522601679624
2.68875,2.5788843902641894,0.10986560973581083,0.10986560973581083,4.086122165754522
2.240799,2.3505767904176835,-0.10977779041768354,0.10977779041768354,4.8990467423800395
2.602051,2.7117613118960993,-0.10971031189609937,0.10971031189609937,4.216301367339959
10.575894,10.68556959511455,-0.10967559511455072,0.10967559511455072,1.0370337969869372
13.680591,13.790200723540593,-0.1096097235405935,0.1096097235405935,0.8012060556433
3.92766,4.037258176797863,-0.1095981767978631,0.1095981767978631,2.790419150208335
2.647671,2.5381262916114267,0.10954470838857322,0.10954470838857322,4.137398807647771
2.448509,2.338999601319717,0.10950939868028309,0.10950939868028309,4.472493206102595
0.873215,0.9827147302535337,-0.10949973025353377,0.10949973025353377,12.539836150431901
0.278529,0.3880030927770406,-0.10947409277704057,0.10947409277704057,39.304378624034186
0.817888,0.9272003523075796,-0.10931235230757963,0.10931235230757963,13.365198204914908
0.449289,0.5585959636630591,-0.10930696366305909,0.10930696366305909,24.32887598822366
2.961937,2.852688858633922,0.10924814136607797,0.10924814136607797,3.688401926252637
1.335009,1.44424503527868,-0.10923603527868009,0.10923603527868009,8.182419389719296
0.189387,0.2984306841409925,-0.1090436841409925,0.1090436841409925,57.577174823728825
0.043719,0.1523526158850359,-0.1086336158850359,0.1086336158850359,248.48147404230292
0.166537,0.2747158494098514,-0.1081788494098514,0.1081788494098514,64.95784681175567
5.197932,5.089964931641973,0.10796706835802716,0.10796706835802716,2.0771158290633673
0.973222,1.080936661933741,-0.10771466193374102,0.10771466193374102,11.067840834123475
0.047406,0.15506577655191123,-0.10765977655191122,0.10765977655191122,227.10158276338365
2.868093,2.760530445891149,0.10756255410885096,0.10756255410885096,3.7503161196342187
2.701838,2.5944218965542305,0.10741610344576946,0.10741610344576946,3.975667802503103
0.456251,0.5635112121368344,-0.1072602121368344,0.1072602121368344,23.509036059827892
0.154664,0.26176439002615837,-0.10710039002615837,0.10710039002615837,69.24713569861845
1.465697,1.57272078395075,-0.10702378395074996,0.10702378395074996,7.301903732043394
2.273397,2.3801197814614454,-0.10672278146144532,0.10672278146144532,4.694419032696484
3.850806,3.9574612820639956,-0.10665528206399566,0.10665528206399566,2.7696872307051037
0.473805,0.5803641753159354,-0.10655917531593545,0.10655917531593545,22.490090922097774
0.479442,0.5856745637656893,-0.10623256376568929,0.10623256376568929,22.15754225610851
1.144512,1.038336254092897,0.10617574590710288,0.10617574590710288,9.27694475006168
2.734673,2.6285597622108945,0.10611323778910542,0.10611323778910542,3.880289811075223
2.660302,2.5542769118705415,0.10602508812945866,0.10602508812945866,3.985453084855524
2.194646,2.0887907171440183,0.10585528285598178,0.10585528285598178,4.823342026511721
2.330118,2.22428008477884,0.10583791522115993,0.10583791522115993,4.542169762072898
0.082611,0.1882884955101929,-0.10567749551019288,0.10567749551019288,127.92182080143209
0.377177,0.4828095492387732,-0.10563254923877319,0.10563254923877319,28.006095072278292
3.069619,3.175118648751372,-0.10549964875137219,0.10549964875137219,3.436897176748492
0.165298,0.270733021494042,-0.10543502149404199,0.10543502149404199,63.78481374865829
1.797215,1.902429955088838,-0.10521495508883794,0.10521495508883794,5.854333236868355
0.645477,0.7503299743960916,-0.10485297439609165,0.10485297439609165,16.244261899315916
0.17024,0.2746830440637211,-0.10444304406372112,0.10444304406372112,61.35047227582863
0.625564,0.5212580172252395,0.10430598277476055,0.10430598277476055,16.673910704274324
1.097754,1.2017842279655113,-0.10403022796551142,0.10403022796551142,9.47664303259517
0.230353,0.33434981007221865,-0.10399681007221864,0.10399681007221864,45.1467139681584
2.330353,2.226380273966395,0.10397272603360497,0.10397272603360497,4.46167280361144
2.835929,2.7320464528615247,0.10388254713847545,0.10388254713847545,3.6630870213891944
0.036081,0.1393126803625364,-0.10323168036253641,0.10323168036253641,286.11091731500096
0.076377,0.17941444625458658,-0.10303744625458658,0.10303744625458658,134.90638034968669
2.395137,2.292233736393616,0.10290326360638424,0.10290326360638424,4.296341445273815
0.151875,0.25462836508965125,-0.10275336508965124,0.10275336508965124,67.65653663999652
8.75025,8.852853260287555,-0.10260326028755529,0.10260326028755529,1.1725751868390357
3.28916,3.186733004082857,0.10242699591714288,0.10242699591714288,3.114077634229676
2.990798,2.888378238244318,0.1024197617556819,0.1024197617556819,3.4244961295365792
3.054035,2.9518654798128825,0.10216952018711734,0.10216952018711734,3.3453945414434325
0.283945,0.3859075551383171,-0.10196255513831709,0.10196255513831709,35.90926239321271
1.418362,1.3172118253382195,0.10115017466178045,0.10115017466178045,7.131478046834938
0.147013,0.24813163239551272,-0.10111863239551272,0.10111863239551272,68.78210248531124
2.306526,2.4076417842667865,-0.10111578426678669,0.10111578426678669,4.383899607565785
2.402514,2.301465227617946,0.1010487723820539,0.1010487723820539,4.20595977288157
2.236901,2.3379366203407628,-0.10103562034076274,0.10103562034076274,4.5167676323738055
3.366419,3.4673649587073214,-0.10094595870732137,0.10094595870732137,2.9986154042120945
0.310048,0.20917037711076603,0.10087762288923396,0.10087762288923396,32.53613081093825
2.265259,2.3659405897950982,-0.10068158979509834,0.10068158979509834,4.444595067965904
0.233784,0.3342528260057698,-0.10046882600576978,0.10046882600576978,42.975065001366524
0.791781,0.8922037539406915,-0.10042275394069156,0.10042275394069156,12.683147729992058
0.067438,0.16782538897705024,-0.10038738897705024,0.10038738897705024,148.85878707581998
0.056598,0.15683613200112845,-0.10023813200112844,0.10023813200112844,177.10543097640024
1.850676,1.750655358978758,0.10002064102124208,0.10002064102124208,5.404546285564709
0.278874,0.37889063543380885,-0.10001663543380884,0.10001663543380884,35.864453264895396
0.289021,0.3887917972526189,-0.09977079725261895,0.09977079725261895,34.5202588109856
0.443166,0.5428277163425896,-0.09966171634258963,0.09966171634258963,22.488574556735188
2.997206,3.0967487046662683,-0.09954270466626847,0.09954270466626847,3.3211832841301963
0.028108,0.12750535031542398,-0.09939735031542399,0.09939735031542399,353.6265474661926
0.202647,0.301715629285205,-0.09906862928520502,0.09906862928520502,48.88729131757081
0.57413,0.6727690571073168,-0.0986390571073168,0.0986390571073168,17.180613639791716
2.253483,2.3518841700717346,-0.09840117007173443,0.09840117007173443,4.366625799589693
5.510905,5.609279178147952,-0.09837417814795213,0.09837417814795213,1.7850820898957076
0.200729,0.29909844544911124,-0.09836944544911125,0.09836944544911125,49.00609548202061
6.478039,6.379791655704894,0.09824734429510595,0.09824734429510595,1.5166216858773054
2.252347,2.3501729766309154,-0.09782597663091552,0.09782597663091552,4.343290648668799
0.249562,0.15177006371087387,0.09779193628912614,0.09779193628912614,39.18542736872629
11.423791,11.326097146277524,0.09769385372247541,0.09769385372247541,0.8551789307211611
0.055739,0.15330366364144155,-0.09756466364144155,0.09756466364144155,175.03841738531932
0.621964,0.7194821083251135,-0.09751810832511354,0.09751810832511354,15.679059931030492
2.880077,2.782568592710552,0.09750840728944787,0.09750840728944787,3.3856180680607584
3.249516,3.1520255638142984,0.09749043618570141,0.09749043618570141,3.000152520643113
1.156258,1.0592279031960494,0.09703009680395058,0.09703009680395058,8.391734093563793
0.156144,0.25312087656460847,-0.09697687656460846,0.09697687656460846,62.107334577378005
1.502254,1.4054821851896975,0.0967718148103025,0.0967718148103025,6.441774480471393
1.906661,2.003240320988837,-0.09657932098883726,0.09657932098883726,5.065364057049045
1.177134,1.2734431995683195,-0.09630919956831963,0.09630919956831963,8.181668319846166
0.029032,0.12529680780935948,-0.09626480780935948,0.09626480780935948,331.58172870548964
4.983742,5.079980287535577,-0.09623828753557628,0.09623828753557628,1.9310447357356226
4.085081,4.181289111817167,-0.09620811181716693,0.09620811181716693,2.3551090373682144
3.827215,3.923419345894084,-0.09620434589408422,0.09620434589408422,2.513690657346675
2.470932,2.3748121511015334,0.09611984889846648,0.09611984889846648,3.8900240433397784
0.843244,0.9391805285171699,-0.09593652851716994,0.09593652851716994,11.377078106193801
3.043061,3.1389519765723293,-0.09589097657232948,0.09589097657232948,3.151135536526489
0.11259,0.20847439525929445,-0.09588439525929446,0.09588439525929446,85.16244353329073
0.673302,0.7690616068593279,-0.09575960685932794,0.09575960685932794,14.222385622663463
2.444509,2.348788953946343,0.09572004605365692,0.09572004605365692,3.9157166551541103
8.449039,8.35369566560586,0.09534333439414056,0.09534333439414056,1.1284518202959188
0.301342,0.20600744549935968,0.09533455450064032,0.09533455450064032,31.636663481693112
0.099378,0.19462998683086852,-0.09525198683086852,0.09525198683086852,95.8481623045547
0.50244,0.4072503822992779,0.0951896177007221,0.0951896177007221,18.945469644490213
0.438703,0.5338458925182863,-0.09514289251828628,0.09514289251828628,21.687312942149692
1.190958,1.2860161092896831,-0.09505810928968317,0.09505810928968317,7.9816508459325615
0.150863,0.24572926982527932,-0.09486626982527932,0.09486626982527932,62.88239645399927
5.649224,5.743846512442772,-0.09462251244277198,0.09462251244277198,1.674964781731031
0.44044,0.34610708121092415,0.09433291878907585,0.09433291878907585,21.41788183808418
2.261968,2.3558676427308676,-0.0938996427308676,0.0938996427308676,4.151236565977784
1.12724,1.2211313543691986,-0.0938913543691986,0.0938913543691986,8.329313576600306
8.810921,8.90480973250733,-0.09388873250732921,0.09388873250732921,1.0655949872466637
8.46445,8.558282933525824,-0.09383293352582456,0.09383293352582456,1.1085532258412067
0.10581,0.19933868061708893,-0.09352868061708892,0.09352868061708892,88.39304463538029
1.372848,1.466227288664669,-0.09337928866466894,0.09337928866466894,6.801866532774718
0.71706,0.8101427987418468,-0.09308279874184677,0.09308279874184677,12.981172946317685
10.172845,10.265815060327212,-0.092970060327211,0.092970060327211,0.9139042256743035
0.203038,0.2960019018054467,-0.09296390180544672,0.09296390180544672,45.78645463394058
0.662659,0.7554618434368479,-0.09280284343684786,0.09280284343684786,14.004615258050258
1.091663,1.184378474230929,-0.09271547423092885,0.09271547423092885,8.493049065731439
2.855028,2.947699848068339,-0.09267184806833928,0.09267184806833928,3.2459173102713303
0.40533,0.4978299679349867,-0.09249996793498666,0.09249996793498666,22.820903439707337
0.794071,0.7015729331550773,0.09249806684492268,0.09249806684492268,11.648588959082259
2.281148,2.3736132150491542,-0.09246521504915428,0.09246521504915428,4.053450939838223
19.671406,19.763793754561576,-0.09238775456157455,0.09238775456157455,0.4696550646207236
1.64143,1.5491148120997664,0.09231518790023352,0.09231518790023352,5.624070956093739
10.022391,9.930300310598321,0.09209068940167953,0.09209068940167953,0.918849498096419
2.329046,2.2369725424181937,0.0920734575818063,0.0920734575818063,3.9532691744968984
0.185146,0.09331570341885964,0.09183029658114036,0.09183029658114036,49.59885524480221
1.076472,1.1682680087761383,-0.09179600877613825,0.09179600877613825,8.52748689864769
0.375992,0.46776830096713695,-0.09177630096713696,0.09177630096713696,24.409110019023768
2.611702,2.5200450093969913,0.09165699060300891,0.09165699060300891,3.509473538692371
0.046902,0.13846258216539198,-0.09156058216539198,0.09156058216539198,195.2167966614967
1.737407,1.8288863782478586,-0.09147937824785868,0.09147937824785868,5.265282011790755
1.653422,1.744897192092285,-0.09147519209228516,0.09147519209228516,5.532477013536332
1.878875,1.9702208818726064,-0.09134588187260628,0.09134588187260628,4.861732785190316
1.959713,1.868391141257895,0.09132185874210497,0.09132185874210497,4.659960858423912
0.36966,0.46093632951996,-0.09127632951996001,0.09127632951996001,24.691968158650663
0.3061,0.39725654376234587,-0.09115654376234589,0.09115654376234589,29.779988151769327
0.212087,0.30305338549378646,-0.09096638549378647,0.09096638549378647,42.89107085813623
2.249814,2.340690391836091,-0.09087639183609086,0.09087639183609086,4.039284662289931
2.275348,2.3661953885546794,-0.09084738855467922,0.09084738855467922,3.9926810558510843
0.761551,0.670721977435452,0.09082902256454795,0.09082902256454795,11.926846994176502
18.941797,18.851190711773633,0.09060628822636829,0.09060628822636829,0.4783405092235439
0.034135,0.12471492143794194,-0.09057992143794194,0.09057992143794194,265.3579058813067
2.067735,2.1583044276538956,-0.09056942765389575,0.09056942765389575,4.38012741717462
0.173572,0.2641408358670816,-0.09056883586708159,0.09056883586708159,52.17940440560815
0.584987,0.6753173251405222,-0.0903303251405222,0.0903303251405222,15.441424360726094
2.579595,2.489388930016002,0.09020606998399794,0.09020606998399794,3.49690823483923
0.1684,0.2585204397106011,-0.09012043971060113,0.09012043971060113,53.5157005089581
0.116197,0.2061277149975318,-0.0899307149975318,0.0899307149975318,77.3950402507266
0.363625,0.4533227799261752,-0.08969777992617523,0.08969777992617523,24.66766033730012
2.499696,2.410004525146295,0.08969147485370499,0.08969147485370499,3.5880953063939334
0.14237,0.2318514625059791,-0.0894814625059791,0.0894814625059791,62.851346802786935
0.177347,0.2666347510087732,-0.0892877510087732,0.0892877510087732,50.346355426608206
0.244476,0.3337414926772375,-0.08926549267723752,0.08926549267723752,36.51298804002214
0.135597,0.22471173404474953,-0.08911473404474954,0.08911473404474954,65.72028435660762
0.585814,0.6749233963027805,-0.08910939630278059,0.08910939630278059,15.211209750461647
1.392815,1.3037687791635726,0.08904622083642733,0.08904622083642733,6.393255445269765
2.34324,2.2542964347856724,0.08894356521432778,0.08894356521432778,3.7957514044883163
8.758455,8.847076099479406,-0.08862109947940588,0.08862109947940588,1.0118348439124716
2.692947,2.6044113984578914,0.08853560154210882,0.08853560154210882,3.2876845158416086
3.244568,3.333079334553611,-0.08851133455361104,0.08851133455361104,2.7279851909678903
0.030476,0.11896845827573799,-0.08849245827573798,0.08849245827573798,290.3676925625748
0.152614,0.2407791603910212,-0.08816516039102121,0.08816516039102121,57.77003442230148
2.262162,2.3502481151994488,-0.08808611519944876,0.08808611519944876,3.8938906760680654
2.473042,2.384968763128491,0.08807323687150914,0.08807323687150914,3.561332030266684
6.374744,6.462792171843445,-0.08804817184344493,0.08804817184344493,1.3812032583906702
0.364666,0.4526197203661866,-0.0879537203661866,0.0879537203661866,24.118980201627686
2.337002,2.424430030557751,-0.08742803055775106,0.08742803055775106,3.741033621452186
2.422667,2.3352465800641973,0.08742041993580285,0.08742041993580285,3.6084373102945806
0.144889,0.2322838083839116,-0.08739480838391162,0.08739480838391162,60.318456420841585
1.313934,1.4012286226310735,-0.08729462263107357,0.08729462263107357,6.64376008417697
2.307741,2.2205873152724642,0.08715368472753582,0.08715368472753582,3.776579985525206
4.11411,4.201166473721933,-0.08705647372193326,0.08705647372193326,2.1160463312798443
2.316742,2.4035728824263174,-0.08683088242631731,0.08683088242631731,3.7479737675826374
2.256928,2.3436837233790158,-0.08675572337901594,0.08675572337901594,3.8439739050236414
0.033869,0.12052649309350016,-0.08665749309350015,0.08665749309350015,255.8607955287707
0.053947,0.14043898703650726,-0.08649198703650726,0.08649198703650726,160.32770474017008
0.205067,0.2914860613124226,-0.08641906131242261,0.08641906131242261,42.14186644866348
2.144931,2.2312876084998656,-0.08635660849986548,0.08635660849986548,4.026078624246626
2.274473,2.360750949114454,-0.08627794911445408,0.08627794911445408,3.793316038953233
0.90177,0.8155068989197005,0.08626310108029944,0.08626310108029944,9.565975921879579
0.180953,0.26721271044084816,-0.08625971044084815,0.08625971044084815,47.669676873651426
2.651487,2.565294767096532,0.08619223290346811,0.08619223290346811,3.2507130112354843
2.312031,2.2259335125796973,0.08609748742030288,0.08609748742030288,3.723889836104229
0.080109,0.16592733621505573,-0.08581833621505573,0.08581833621505573,107.12695965238458
1.557623,1.6433229971732715,-0.08569999717327148,0.08569999717327148,5.501973017075987
2.234817,2.320338814819511,-0.08552181481951093,0.08552181481951093,3.8267927448056884
2.242429,2.3278934091371326,-0.0854644091371326,0.0854644091371326,3.8112425915523462
32.393913,32.308487046007116,0.08542595399288189,0.08542595399288189,0.26370989510473214
8.391807,8.476878485430554,-0.08507148543055365,0.08507148543055365,1.0137445419030717
0.228314,0.3132776605158547,-0.08496366051585472,0.08496366051585472,37.213513178622954
0.053024,0.13794137816344332,-0.08491737816344332,0.08491737816344332,160.1489476525618
1.151698,1.2366003157873706,-0.08490231578737051,0.08490231578737051,7.371925259920446
6.651959,6.5672104032493195,0.08474859675068025,0.08474859675068025,1.274039673867596
0.090536,0.17521127825523664,-0.08467527825523663,0.08467527825523663,93.52663930559115
2.239431,2.3239656822149826,-0.08453468221498239,0.08453468221498239,3.7748286154477437
2.234025,2.31853698466859,-0.08451198466859022,0.08451198466859022,3.7829471319616963
0.264822,0.34904884871110653,-0.08422684871110653,0.08422684871110653,31.80507989491109
3.420346,3.5045014735333133,-0.08415547353331343,0.08415547353331343,2.4604374391027397
2.253622,2.3376422873678777,-0.0840202873678777,0.0840202873678777,3.728233366738054
2.388084,2.30430803723139,0.08377596276860988,0.08377596276860988,3.5080827460466963
2.241398,2.325097975302537,-0.08369997530253714,0.08369997530253714,3.7342754521420503
2.252962,2.3366502945898198,-0.08368829458981963,0.08368829458981963,3.714589708397436
0.405361,0.32169206245439597,0.08366893754560406,0.08366893754560406,20.640598756408103
2.244693,2.3282495538042802,-0.0835565538042804,0.0835565538042804,3.7224045248307003
0.592329,0.675750130797006,-0.08342113079700597,0.08342113079700597,14.083580372212467
1.832621,1.7493438474781406,0.08327715252185941,0.08327715252185941,4.54415574836888
0.031233,0.11449035399430585,-0.08325735399430585,0.08325735399430585,266.5685452173576
1.052527,1.13577627485596,-0.08324927485596012,0.08324927485596012,7.909466916102927
0.069121,0.15233338634835292,-0.08321238634835292,0.08321238634835292,120.38654855682987
0.735739,0.8186513803818087,-0.0829123803818087,0.0829123803818087,11.269265374071436
0.520766,0.43789351296686974,0.08287248703313022,0.08287248703313022,15.913574814257583
0.075453,0.15815408490130523,-0.08270108490130522,0.08270108490130522,109.60609225835836
0.242099,0.32457451217918987,-0.08247551217918986,0.08247551217918986,34.0668537024618
0.736048,0.8184861959246206,-0.08243819592462054,0.08243819592462054,11.200111394015122
0.039932,0.12231466063206398,-0.08238266063206398,0.08238266063206398,206.30737359951067
9.067438,9.149742296381339,-0.08230429638133963,0.08230429638133963,0.9076907543280907
8.037658,7.9554197021651945,0.08223829783480596,0.08223829783480596,1.0231624415194425
2.232024,2.3141495765966944,-0.0821255765966944,0.0821255765966944,3.6794217532165856
0.095871,0.1778937062794661,-0.0820227062794661,0.0820227062794661,85.55528386468362
2.948905,2.8668950052065405,0.08200999479345938,0.08200999479345938,2.781032104821225
2.512101,2.4301116817392554,0.08198931826074451,0.08198931826074451,3.2637747549752474
1.804531,1.722544604018271,0.08198639598172908,0.08198639598172908,4.543363121896255
2.438326,2.356414475724314,0.08191152427568582,0.08191152427568582,3.359334406979481
2.272475,2.3543541157186887,-0.08187911571868867,0.08187911571868867,3.6030810334584795
2.232457,2.314257723776617,-0.08180072377661673,0.08180072377661673,3.664156746264433
2.456969,2.37517702016315,0.08179197983684983,0.08179197983684983,3.328978909930115
0.160583,0.2422849124255535,-0.0817019124255535,0.0817019124255535,50.878307401577494
0.134108,0.052500313386865116,0.08160768661313489,0.08160768661313489,60.85221355346636
0.67448,0.7559293451356446,-0.08144934513564461,0.08144934513564461,12.075872542339097
0.486392,0.5677477857011652,-0.08135578570116525,0.08135578570116525,16.726382359175084
0.437779,0.5191002601946977,-0.08132126019469771,0.08132126019469771,18.575870513688834
0.910794,0.9920454077765335,-0.0812514077765335,0.0812514077765335,8.92094236101825
12.950422,13.031626654599194,-0.08120465459919401,0.08120465459919401,0.62704253651786
8.273879,8.355042733112256,-0.08116373311225544,0.08116373311225544,0.980963501052825
1.127326,1.2084803378248914,-0.08115433782489134,0.08115433782489134,7.198834925983479
11.900318,11.819288400771237,0.08102959922876352,0.08102959922876352,0.6809028063626754
2.232842,2.313846406398369,-0.08100440639836881,0.08100440639836881,3.6278611023413636
4.898788,4.979526621093143,-0.08073862109314334,0.08073862109314334,1.64813462210439
0.607524,0.6881464195358831,-0.08062241953588312,0.08062241953588312,13.270655895505767
6.220221,6.139624483292327,0.08059651670767298,0.08059651670767298,1.2957178966209926
2.234798,2.315309610035939,-0.0805116100359391,0.0805116100359391,3.602634780966175
2.327797,2.4081103928122936,-0.08031339281229366,0.08031339281229366,3.4501888613501723
0.061989,0.14209184734674452,-0.08010284734674451,0.08010284734674451,129.22106699176214
4.606786,4.686874577158319,-0.0800885771583193,0.0800885771583193,1.7384913724358113
0.030667,0.11072049186533306,-0.08005349186533306,0.08005349186533306,261.04115695794144
0.445845,0.525879225103072,-0.08003422510307195,0.08003422510307195,17.951132138999164
0.031124,0.11102039068035197,-0.07989639068035197,0.07989639068035197,256.7034777780764
2.36548,2.445331813057585,-0.07985181305758537,0.07985181305758537,3.375712880861798
6.325368,6.245608523871461,0.0797594761285394,0.0797594761285394,1.26094602127937
0.125637,0.20535334402000416,-0.07971634402000416,0.07971634402000416,63.449735314082965
0.784912,0.8646271292722894,-0.0797151292722893,0.0797151292722893,10.15593203596497
0.238486,0.3178094388372905,-0.07932343883729051,0.07932343883729051,33.26125592446905
1.653061,1.73234594518933,-0.07928494518933005,0.07928494518933005,4.796250421765065
1.158972,1.2382497195259887,-0.07927771952598883,0.07927771952598883,6.840348129130685
6.310528,6.3898051904395885,-0.07927719043958881,0.07927719043958881,1.2562687375498935
2.404933,2.32577547357619,0.07915752642381024,0.07915752642381024,3.2914649356351617
0.996065,0.9169147170503607,0.07915028294963933,0.07915028294963933,7.946296972757103
0.544983,0.6240331821593834,-0.07905018215938342,0.07905018215938342,14.505073028861148
0.044253,0.12316073353786194,-0.07890773353786194,0.07890773353786194,178.31047241893538
22.9444,22.865585489582372,0.07881451041762944,0.07881451041762944,0.34350216356621194
2.370873,2.2922502005307983,0.0786227994692017,0.0786227994692017,3.316196163433702
0.286322,0.20793079191415842,0.0783912080858416,0.0783912080858416,27.37868835034084
2.943125,2.864965369069381,0.07815963093061917,0.07815963093061917,2.6556680714534213
4.169784,4.247890769221998,-0.0781067692219981,0.0781067692219981,1.873161037121466
0.354195,0.4322239795789109,-0.07802897957891092,0.07802897957891092,22.029949478925726
0.065144,0.14312942771511672,-0.07798542771511673,0.07798542771511673,119.71237196887567
8.351814,8.273857289630206,0.07795671036979357,0.07795671036979357,0.9334105185874609
1.595359,1.6732882460426275,-0.07792924604262752,0.07792924604262752,4.884746695743264
0.198009,0.12021292994634791,0.07779607005365208,0.07779607005365208,39.28915858085386
1.315645,1.238015546183263,0.07762945381673703,0.07762945381673703,5.900486363026237
16.962149,17.039743034442264,-0.07759403444226365,0.07759403444226365,0.4574540315723332
3.173758,3.0962895247999143,0.0774684752000856,0.0774684752000856,2.4409068113461925
0.150847,0.22824439100908833,-0.07739739100908832,0.07739739100908832,51.30853842488069
0.461038,0.5383107474468289,-0.07727274744682894,0.07727274744682894,16.760602690031696
8.735129,8.812351453414804,-0.07722245341480338,0.07722245341480338,0.8840447967502179
0.261253,0.33832630432858934,-0.07707330432858933,0.07707330432858933,29.501404500269057
0.947704,0.8707193984419597,0.07698460155804032,0.07698460155804032,8.12327494132314
2.850349,2.7734622762929018,0.07688672370709826,0.07688672370709826,2.6974494598521375
0.971222,1.0480832994773017,-0.07686129947730169,0.07686129947730169,7.913875454776336
18.948861,19.0256920247072,-0.07683102470720016,0.07683102470720016,0.40546513432545994
0.084933,0.1615246217246309,-0.0765916217246309,0.0765916217246309,90.17887232813162
0.602894,0.6794503127725804,-0.07655631277258035,0.07655631277258035,12.698138107176751
0.714069,0.7905075370820072,-0.07643853708200721,0.07643853708200721,10.704642978662084
2.257346,2.333780580716148,-0.07643458071614795,0.07643458071614795,3.3860374401071835
2.071574,1.9951641156112814,0.07640988438871865,0.07640988438871865,3.6884940815549023
1.537052,1.4606622880083613,0.0763897119916388,0.0763897119916388,4.969884687484153
0.038794,0.11502448768121454,-0.07623048768121454,0.07623048768121454,196.5007152773981
0.162641,0.23886158571225735,-0.07622058571225734,0.07622058571225734,46.86431199106808
2.487667,2.4114813484027877,0.07618565159721236,0.07618565159721236,3.0625341572706404
1.487653,1.411486617724048,0.07616638227595196,0.07616638227595196,5.119902441687145
3.240357,3.3163196008375735,-0.07596260083757356,0.07596260083757356,2.344266413707789
2.633486,2.557617555721748,0.07586844427825179,0.07586844427825179,2.880913142328111
0.099904,0.175712483292493,-0.075808483292493,0.075808483292493,75.88132929273269
2.28892,2.364616720055203,-0.07569672005520278,0.07569672005520278,3.3070933039117
1.650692,1.726347733119482,-0.07565573311948204,0.07565573311948204,4.583273749124535
0.045277,0.1209073615369185,-0.0756303615369185,0.0756303615369185,167.0392503255058
1.031306,1.1068214012562336,-0.07551540125623357,0.07551540125623357,7.322307952141388
6.478519,6.553923259177976,-0.07540425917797577,0.07540425917797577,1.1639119863168088
0.269158,0.3445537998800319,-0.07539579988003187,0.07539579988003187,28.011725399958436
2.313689,2.389059205074396,-0.07537020507439607,0.07537020507439607,3.257577188253844
2.762157,2.686887471324642,0.07526952867535819,0.07526952867535819,2.7250271679934617
2.259295,2.334491151275383,-0.07519615127538337,0.07519615127538337,3.3283015839921335
1.343254,1.4183939016722213,-0.0751399016722214,0.0751399016722214,5.593871424661868
5.282962,5.3579609113677975,-0.07499891136779713,0.07499891136779713,1.4196375322475816
2.379685,2.3048909741576615,0.0747940258423383,0.0747940258423383,3.1430221159185048
2.312451,2.237657035305979,0.07479396469402078,0.07479396469402078,3.234402142609136
4.509922,4.584679585667969,-0.07475758566796831,0.07475758566796831,1.6576248029635694
0.36464,0.2899507272784625,0.07468927272153753,0.07468927272153753,20.48301686623917
1.959063,1.8844229619866297,0.07464003801337027,0.07464003801337027,3.809986611434154
2.25233,2.326898458879139,-0.07456845887913888,0.07456845887913888,3.3107252878498334
0.369971,0.44453278284384723,-0.07456178284384724,0.07456178284384724,20.15341278740599
0.032271,0.10663746125289109,-0.07436646125289109,0.07436646125289109,230.4436212774549
2.346747,2.272413567260333,0.07433343273966697,0.07433343273966697,3.1675094390873606
2.32655,2.252277164242301,0.07427283575769916,0.07427283575769916,3.1924023018850556
0.739569,0.6653535516143663,0.07421544838563376,0.07421544838563376,10.034959331123776
0.449926,0.3757458853973432,0.07418011460265678,0.07418011460265678,16.48718113337962
0.521157,0.595100396315587,-0.073943396315587,0.073943396315587,14.188314903454943
0.062436,0.136087599751459,-0.07365159975145902,0.07365159975145902,117.96335388797434
0.070951,0.14459736556454672,-0.07364636556454672,0.07364636556454672,103.79891116509678
8.13914,8.065610408102613,0.07352959189738684,0.07352959189738684,0.9034073857493965
2.438067,2.3645594321208634,0.07350756787913681,0.07350756787913681,3.0149937584209874
4.578081,4.651471299222219,-0.07339029922221929,0.07339029922221929,1.6030799634304462
4.130802,4.2039203167256805,-0.07311831672568037,0.07311831672568037,1.7700755621767947
0.24637,0.31946273832592453,-0.07309273832592453,0.07309273832592453,29.667872832023644
0.469994,0.543074592916561,-0.073080592916561,0.073080592916561,15.549260820566163
0.550529,0.6235647394733554,-0.0730357394733554,0.0730357394733554,13.266465428721997
0.190576,0.26352154897652724,-0.07294554897652725,0.07294554897652725,38.27635638183764
0.040514,0.11343128703564176,-0.07291728703564176,0.07291728703564176,179.98046812376288
2.247989,2.320842320024699,-0.07285332002469902,0.07285332002469902,3.240821908890933
0.3056,0.23284751244078805,0.07275248755921193,0.07275248755921193,23.806442256349964
0.033674,0.10630696945203866,-0.07263296945203865,0.07263296945203865,215.69450981868542
0.963035,1.0356407853897984,-0.07260578538979845,0.07260578538979845,7.539267563718783
36.665807,36.738212133773956,-0.0724051337739553,0.0724051337739553,0.19747317650408683
1.321364,1.3937238824154967,-0.07235988241549673,0.07235988241549673,5.476150584549041
0.464127,0.5364224616118598,-0.07229546161185979,0.07229546161185979,15.576655009573487
0.048825,0.1211113172139946,-0.07228631721399459,0.07228631721399459,148.05185266962158
2.371691,2.2997395212560257,0.07195147874397456,0.07195147874397456,3.0337627768938193
0.199464,0.27138804306954967,-0.07192404306954966,0.07192404306954966,36.05865872212078
0.035078,0.10689678178526307,-0.07181878178526307,0.07181878178526307,204.74024055112272
0.623046,0.6948425253710013,-0.07179652537100134,0.07179652537100134,11.523471037367687
2.262557,2.334323018379745,-0.07176601837974506,0.07176601837974506,3.1718988019560674
6.446392,6.518039255064487,-0.07164725506448644,0.07164725506448644,1.1114318686076647
0.516481,0.5879043761521565,-0.07142337615215655,0.07142337615215655,13.828848716279534
0.440733,0.5121009320702115,-0.07136793207021147,0.07136793207021147,16.1930084776993
0.574079,0.5027899278817856,0.07128907211821445,0.07128907211821445,12.417989876967535
0.403934,0.47520987494241496,-0.07127587494241494,0.07127587494241494,17.645425966808816
2.276578,2.3478067156322524,-0.07122871563225219,0.07122871563225219,3.1287623630344945
2.28084,2.351935955356062,-0.07109595535606195,0.07109595535606195,3.117095252316903
45.298009,45.36901597902633,-0.07100697902632902,0.07100697902632902,0.15675518768644392
0.489136,0.5600637608304417,-0.07092776083044172,0.07092776083044172,14.500621670852503
2.585154,2.5143446571563643,0.07080934284363583,0.07080934284363583,2.7390763892942838
2.406639,2.335830102487975,0.07080889751202513,0.07080889751202513,2.9422317808812575
1.582548,1.6532437007308474,-0.0706957007308473,0.0706957007308473,4.467207359674404
0.061842,0.13240047961846102,-0.07055847961846101,0.07055847961846101,114.09475680664639
8.19987,8.270425650014674,-0.07055565001467379,0.07055565001467379,0.8604483975210989
0.117538,0.18790316966484966,-0.07036516966484965,0.07036516966484965,59.8658898441217
14.924233,14.854032031533677,0.07020096846632207,0.07020096846632207,0.4703824207639461
2.450589,2.520622813563893,-0.07003381356389315,0.07003381356389315,2.857835955398287
0.937223,0.8672398582059415,0.06998314179405851,0.06998314179405851,7.467074728916323
0.096984,0.16666061827109502,-0.06967661827109502,0.06967661827109502,71.84341561417513
1.623141,1.5535324176582712,0.06960858234172873,0.06960858234172873,4.288511123644848
2.382198,2.312632714297621,0.06956528570237897,0.06956528570237897,2.9202142600849617
0.065917,0.1352267147171915,-0.0693097147171915,0.0693097147171915,105.14694936366121
8.803776,8.872908159095124,-0.06913215909512438,0.06913215909512438,0.7852557708685357
56.461871,56.530826774892454,-0.06895577489245142,0.06895577489245142,0.12212803733041239
1.717298,1.6483809424378073,0.06891705756219269,0.06891705756219269,4.013109987793591
0.4547,0.38578346918974304,0.06891653081025695,0.06891653081025695,15.156483570508131
0.067184,0.13592174251069622,-0.06873774251069623,0.06873774251069623,102.31266731421704
2.449818,2.3811002661659906,0.06871773383400948,0.06871773383400948,2.805013834954452
0.906706,0.975356443285218,-0.06865044328521797,0.06865044328521797,7.571411601737118
0.041402,0.11001193592489145,-0.06860993592489145,0.06860993592489145,165.71647688318188
0.04392,0.11239252999864036,-0.06847252999864036,0.06847252999864036,155.90284572572293
0.042913,0.1113706879769083,-0.0684576879769083,0.0684576879769083,159.52668845660196
4.217746,4.149402545340513,0.06834345465948743,0.06834345465948743,1.6203786254048267
0.639424,0.5711672937014605,0.06825670629853953,0.06825670629853953,10.674717603321866
10.686044,10.754293475022253,-0.06824947502225243,0.06824947502225243,0.6386785888361843
0.137627,0.20565201067133287,-0.06802501067133288,0.06802501067133288,49.42708234714539
0.256014,0.32386012837323364,-0.06784612837323362,0.06784612837323362,26.500944615033813
0.493122,0.5608690418295019,-0.06774704182950192,0.06774704182950192,13.738393706986004
0.045956,0.11359126536646258,-0.06763526536646258,0.06763526536646258,147.17396035183356
0.358129,0.4257436221831945,-0.06761462218319453,0.06761462218319453,18.87996285257954
0.311654,0.24406852142486457,0.06758547857513542,0.06758547857513542,21.68606164318422
0.158268,0.22563554286563914,-0.06736754286563915,0.06736754286563915,42.565485646544886
0.939104,1.0064704993421998,-0.06736649934219974,0.06736649934219974,7.173486571777593
2.23351,2.3007710134488626,-0.0672610134488627,0.0672610134488627,3.0114489501211663
0.263241,0.33046822233188067,-0.06722722233188066,0.06722722233188066,25.53827948774787
0.150677,0.21768543992898515,-0.06700843992898514,0.06700843992898514,44.47157820006608
2.898119,2.8312012619944724,0.06691773800552747,0.06691773800552747,2.3090058759912364
7.090946,7.024084750697703,0.06686124930229642,0.06686124930229642,0.94291014628166
5.861641,5.794957237954472,0.0666837620455274,0.0666837620455274,1.137629582644003
4.830876,4.764239268299841,0.06663673170015905,0.06663673170015905,1.379392302737219
0.532114,0.5987255761347718,-0.06661157613477187,0.06661157613477187,12.518290464497003
1.748897,1.6824081738869836,0.06648882611301632,0.06648882611301632,3.801757685513473
0.050838,0.11676653335746323,-0.06592853335746324,0.06592853335746324,129.6835698252875
1.158605,1.2243852822278782,-0.06578028222787813,0.06578028222787813,5.677541718031649
1.825273,1.7595971553524308,0.06567584464756915,0.06567584464756915,3.5981381768081273
3.29746,3.3631013735088757,-0.06564137350887567,0.06564137350887567,1.9906647391290568
0.282948,0.34819580078474743,-0.06524780078474746,0.06524780078474746,23.059997159084872
1.270512,1.335701367585365,-0.06518936758536498,0.06518936758536498,5.130952527818235
2.279078,2.3442364903807587,-0.0651584903807585,0.0651584903807585,2.8589846586163135
8.935874,8.871057019360848,0.06481698063915253,0.06481698063915253,0.7253569224278137
2.315698,2.380355620420385,-0.06465762042038525,0.06465762042038525,2.7921438986255165
2.336466,2.271812939112177,0.06465306088782308,0.06465306088782308,2.7671303962932026
0.742848,0.807291848105276,-0.06444384810527604,0.06444384810527604,8.675240169806044
0.483067,0.5472944386434371,-0.06422743864343705,0.06422743864343705,13.295762001987569
1.06416,1.1283719660809481,-0.06421196608094815,0.06421196608094815,6.03405184135037
0.56958,0.6337617470717163,-0.06418174707171631,0.06418174707171631,11.26825855199411
0.460981,0.5251427266267115,-0.06416172662671149,0.06416172662671149,13.918518683588472
3.322976,3.259167423525568,0.06380857647443205,0.06380857647443205,1.9202238136090006
1.737562,1.8012473190629983,-0.06368531906299824,0.06368531906299824,3.6652113167376488
4.313276,4.249672191328122,0.06360380867187843,0.06360380867187843,1.4746055821701143
0.19627,0.2597587649229425,-0.06348876492294248,0.06348876492294248,32.347666424107
0.113315,0.176707847252338,-0.06339284725233801,0.06339284725233801,55.943914924232544
2.384649,2.3213978173033247,0.06325118269667529,0.06325118269667529,2.652431560956051
1.929748,1.8665214864402593,0.06322651355974074,0.06322651355974074,3.2764129594363784
0.554735,0.6177706106603047,-0.06303561066030472,0.06303561066030472,11.363193353392436
0.587495,0.6505172166165067,-0.06302221661650675,0.06302221661650675,10.72727710121439
2.273976,2.336879078932487,-0.0629030789324867,0.0629030789324867,2.7662156034065655
6.658183,6.721040557330483,-0.06285755733048237,0.06285755733048237,0.9440647295146184
0.160294,0.22287218115365803,-0.06257818115365804,0.06257818115365804,39.039627880406265
0.171537,0.10921015449259741,0.062326845507402584,0.062326845507402584,36.3343450515447
0.390443,0.4527400263901278,-0.062297026390127797,0.062297026390127797,15.955472725640446
2.067202,2.129256529390041,-0.06205452939004097,0.06205452939004097,3.0018609399100384
0.18564,0.1235867942188591,0.0620532057811409,0.0620532057811409,33.42663528749961
0.580111,0.518488761394714,0.06162223860528604,0.06162223860528604,10.62249097063554
2.249922,2.3113969769989886,-0.061474976998988407,0.061474976998988407,2.7323159201188347
0.049411,0.11085273732840406,-0.061441737328404064,0.061441737328404064,124.3482973509052
3.572438,3.6338421988615472,-0.06140419886154724,0.06140419886154724,1.7188317574672651
2.437949,2.376641974105212,0.061307025894788314,0.061307025894788314,2.514696816556606
11.442026,11.503265190386426,-0.061239190386425335,0.061239190386425335,0.5352128232001057
0.165711,0.2269321031967415,-0.06122110319674151,0.06122110319674151,36.94450166844507
0.133662,0.1947414888595418,-0.061079488859541786,0.061079488859541786,45.69697357053224
1.46178,1.522782860644444,-0.061002860644443935,0.061002860644443935,4.173190263943325
4.455104,4.394234608059595,0.06086939194040575,0.06086939194040575,1.366284422070494
0.060748,0.12160857095634725,-0.06086057095634725,0.06086057095634725,100.185307921515
2.462939,2.4021624334477067,0.06077656655229324,0.06077656655229324,2.4676440037623992
2.24671,2.3074114378249533,-0.060701437824953075,0.060701437824953075,2.7017923017323677
0.202583,0.14188572561655022,0.060697274383449795,0.060697274383449795,29.961682053029183
9.120879,9.060200750218293,0.06067824978170755,0.06067824978170755,0.6652675666571422
0.250036,0.18937191655000873,0.060664083449991246,0.060664083449991246,24.262139622186048
2.136216,2.1966240870696723,-0.060408087069672156,0.060408087069672156,2.827808005690639
0.202086,0.2622655068898432,-0.06017950688984319,0.06017950688984319,29.779156824354008
0.412792,0.3527893258716901,0.060002674128309896,0.060002674128309896,14.535813221616234
0.050541,0.11028128816719018,-0.05974028816719018,0.05974028816719018,118.2016344136217
2.362864,2.3031828178600193,0.05968118213998075,0.05968118213998075,2.5257984436452943
5.968269,5.908671589254361,0.0595974107456394,0.0595974107456394,0.9985711224584687
0.048975,0.10838336209886279,-0.05940836209886279,0.05940836209886279,121.30344456877866
0.166476,0.10707687590825543,0.05939912409174458,0.05939912409174458,35.68029268847418
0.127616,0.06833287599582505,0.05928312400417496,0.05928312400417496,46.454303502476684
0.145442,0.20463137311219626,-0.05918937311219627,0.05918937311219627,40.69620403425425
0.26272,0.3218384904961731,-0.05911849049617307,0.05911849049617307,22.50247049089167
1.645642,1.704681141734877,-0.05903914173487701,0.05903914173487701,3.5876054288411092
4.113596,4.172591019217425,-0.05899501921742445,0.05899501921742445,1.4341471358876832
0.701979,0.7606883016256809,-0.05870930162568089,0.05870930162568089,8.363398565671835
6.453301,6.511961385530146,-0.058660385530146186,0.058660385530146186,0.9089981317970012
1.355285,1.2966267022140876,0.05865829778591247,0.05865829778591247,4.3281153249378805
0.065613,0.1241731253155045,-0.0585601253155045,0.0585601253155045,89.25079668092253
0.565041,0.6235447069335933,-0.0585037069335933,0.0585037069335933,10.353887049477722
2.677093,2.735502080738682,-0.058409080738681673,0.058409080738681673,2.1818099235439283
0.611212,0.5528987521934638,0.05831324780653613,0.05831324780653613,9.540592756195156
2.268366,2.3266283136637824,-0.05826231366378254,0.05826231366378254,2.568470593423375
2.275614,2.3337762297812503,-0.058162229781250296,0.058162229781250296,2.5558917188369557
0.07568,0.13364005866649364,-0.05796005866649365,0.05796005866649365,76.58570109660143
1.245052,1.1873067040566703,0.05774529594332978,0.05774529594332978,4.637982665679168
2.122125,2.1798676175014684,-0.05774261750146836,0.05774261750146836,2.7209809742002653
8.565327,8.622881659958944,-0.05755465995894404,0.05755465995894404,0.6719493599984226
0.290037,0.34735482257273276,-0.05731782257273277,0.05731782257273277,19.76224500769575
0.090522,0.033370774386565216,0.05715122561343479,0.05715122561343479,63.135177691941855
0.033159,0.0903067138885838,-0.0571477138885838,0.0571477138885838,172.34450289887903
2.954186,2.8971075959798416,0.0570784040201584,0.0570784040201584,1.932119508325687
0.152436,0.2094743864739712,-0.05703838647397122,0.05703838647397122,37.41792387398862
2.238932,2.2958675652731237,-0.0569355652731236,0.0569355652731236,2.5429787626681213
0.104614,0.1615108925196651,-0.05689689251966511,0.05689689251966511,54.387455278717624
2.559413,2.5025386864354218,0.056874313564578394,0.056874313564578394,2.2221624084255343
7.710007,7.653152281983601,0.05685471801639874,0.05685471801639874,0.7374146095543276
1.001861,0.9450163772931326,0.0568446227068673,0.0568446227068673,5.673903136382532
2.418874,2.3621666050170127,0.05670739498298749,0.05670739498298749,2.344371595239897
3.60192,3.6586045854039906,-0.056684585403990795,0.056684585403990795,1.5737324927376808
3.961142,3.9045477767957486,0.05659422320425156,0.05659422320425156,1.4287350264853627
3.279198,3.335767485132031,-0.05656948513203108,0.05656948513203108,1.7251012329937376
1.130071,1.1866159621291317,-0.056544962129131626,0.056544962129131626,5.003664559494754
6.058494,6.11484742238509,-0.05635342238509011,0.05635342238509011,0.9301556192703989
2.891316,2.9476024448977007,-0.056286444897700516,0.056286444897700516,1.9467413764442825
2.275598,2.219369412646799,0.05622858735320113,0.05622858735320113,2.4709367537996694
0.219078,0.2752614593488012,-0.0561834593488012,0.0561834593488012,25.645413653199217
0.550685,0.6065665795564712,-0.05588157955647122,0.05588157955647122,10.147648754973092
2.242886,2.2986728338251083,-0.055786833825108406,0.055786833825108406,2.487279060220677
0.046533,0.10227136133223524,-0.055738361332235246,0.055738361332235246,119.78243657716634
0.513467,0.5691204022984913,-0.05565340229849125,0.05565340229849125,10.8387495764387
1.951117,2.006758781433149,-0.05564178143314891,0.05564178143314891,2.851791124278919
1.156494,1.2118400667128384,-0.05534606671283848,0.05534606671283848,4.785676943248544
0.291802,0.346961820800221,-0.05515982080022097,0.05515982080022097,18.903167483882154
0.230842,0.2859449880543252,-0.05510298805432523,0.05510298805432523,23.870434336236386
2.292359,2.3471045813151648,-0.05474558131516494,0.05474558131516494,2.3881766037857406
0.221062,0.2754934084831113,-0.054431408483111315,0.054431408483111315,24.622688864883436
2.284865,2.230625641687272,0.05423935831272786,0.05423935831272786,2.373853961190443
1.170462,1.2246695640225873,-0.05420756402258742,0.05420756402258742,4.631296361433018
0.477209,0.5313709404655178,-0.05416194046551781,0.05416194046551781,11.349731554553262
1.029149,1.0832621446127,-0.05411314461269989,0.05411314461269989,5.258047630366628
9.089766,9.143788393430944,-0.054022393430944504,0.054022393430944504,0.5943210576636427
1.878714,1.9326881697470313,-0.053974169747031286,0.053974169747031286,2.8729316832768776
5.598619,5.652434703004337,-0.05381570300433669,0.05381570300433669,0.9612317431026376
0.246726,0.30044635450791546,-0.05372035450791546,0.05372035450791546,21.773284731297945
0.232414,0.17886571174768662,0.05354828825231339,0.05354828825231339,23.04004415795664
0.10495,0.15839053504016576,-0.05344053504016576,0.05344053504016576,50.91999522557957
0.145467,0.19882629033716626,-0.05335929033716624,0.05335929033716624,36.68137123917099
0.245501,0.2987760648515554,-0.05327506485155539,0.05327506485155539,21.70054901196119
3.367749,3.4209713398415094,-0.05322233984150948,0.05322233984150948,1.5803535192180036
0.127698,0.1809165377537525,-0.05321853775375249,0.05321853775375249,41.675310272735025
15.640239,15.587209035502443,0.05302996449755604,0.05302996449755604,0.33906108785944367
0.466894,0.4142257719663469,0.052668228033653064,0.052668228033653064,11.280553620815969
0.146616,0.19909278223009608,-0.05247678223009608,0.05247678223009608,35.7919887285863
1.430921,1.4833072803251035,-0.052386280325103396,0.052386280325103396,3.6610183456279115
0.550047,0.497767252319548,0.05227974768045196,0.05227974768045196,9.50459645647506
0.092155,0.1443464315693035,-0.05219143156930349,0.05219143156930349,56.63440020907069
3.349166,3.401332945326333,-0.052166945326332925,0.052166945326332925,1.557610023652913
0.045192,0.09734722911968419,-0.052155229119684184,0.052155229119684184,115.40810100078794
0.64036,0.6925117922841544,-0.05215179228415434,0.05215179228415434,8.144136466364264
6.91719,6.969332247060851,-0.05214224706085169,0.05214224706085169,0.7538067778982199
2.300221,2.3522402379785206,-0.05201923797852048,0.05201923797852048,2.2614886994014487
0.170537,0.11853731767182296,0.05199968232817703,0.05199968232817703,30.491730414916002
2.385803,2.333867921460765,0.05193507853923496,0.05193507853923496,2.1768385125284073
0.740976,0.792909002768198,-0.05193300276819801,0.05193300276819801,7.008729400303017
0.490628,0.4387900242841454,0.051837975715854634,0.051837975715854634,10.565637449409532
3.371262,3.423014917334706,-0.051752917334705995,0.051752917334705995,1.5351200035230388
2.399494,2.347775591894923,0.051718408105076996,0.051718408105076996,2.1553880986125247
0.506371,0.45480366296346375,0.051567337036536265,0.051567337036536265,10.183706615574856
3.410985,3.3594235293509485,0.0515614706490517,0.0515614706490517,1.5116299440642533
3.638095,3.586616782494646,0.05147821750535364,0.05147821750535364,1.4149772753031096
3.361056,3.3096218478731707,0.051434152126829336,0.051434152126829336,1.5302973864552996
9.447581,9.396203547685579,0.051377452314421035,0.051377452314421035,0.5438159494359162
3.979602,4.030946669174519,-0.05134466917451874,0.05134466917451874,1.2901960842624098
2.322512,2.3738382975367927,-0.05132629753679252,0.05132629753679252,2.209947571189409
8.552617,8.603899593988043,-0.051282593988043246,0.051282593988043246,0.599612890270237
0.061187,0.11220195849260861,-0.05101495849260861,0.05101495849260861,83.37548565746503
1.346454,1.2955606869636753,0.05089331303632472,0.05089331303632472,3.779803322842437
0.058053,0.10879981632628244,-0.05074681632628244,0.05074681632628244,87.41463186892634
2.629214,2.5784772316232534,0.05073676837674679,0.05073676837674679,1.9297314092659272
1.086956,1.0362826099327123,0.05067339006728777,0.05067339006728777,4.661954123499554
5.838361,5.787813031056485,0.050547968943514654,0.050547968943514654,0.8657903980697471
0.186884,0.2371681254901965,-0.05028412549019651,0.05028412549019651,26.90659738837456
1.01145,0.9614719605502167,0.049978039449783296,0.049978039449783296,4.941226896519064
0.57618,0.6260754936481376,-0.04989549364813761,0.04989549364813761,8.65970593208336
2.157642,2.1078102960831053,0.04983170391689473,0.04983170391689473,2.309544582214528
1.165819,1.1161518702623425,0.04966712973765741,0.04966712973765741,4.260277944809369
0.211955,0.16237150191262018,0.04958349808737983,0.04958349808737983,23.393408064913032
1.465049,1.514424371434039,-0.04937537143403903,0.04937537143403903,3.3702197967896503
0.374519,0.3251741793924836,0.04934482060751638,0.04934482060751638,13.175518623712247
2.548966,2.598271299023615,-0.049305299023615135,0.049305299023615135,1.9343254881265897
0.201247,0.250298776459946,-0.04905177645994602,0.04905177645994602,24.37391684624968
0.682306,0.7313101267578155,-0.049004126757815514,0.049004126757815514,7.18213334642131
0.056274,0.10506401131898002,-0.048790011318980024,0.048790011318980024,86.70080540263571
5.536659,5.5853948760176415,-0.04873587601764129,0.04873587601764129,0.8802397983470003
0.367229,0.4159324818740089,-0.04870348187400886,0.04870348187400886,13.262428038293933
10.320883,10.272238039106469,0.04864496089353132,0.04864496089353132,0.4713255725606035
1.514356,1.4657513480808255,0.04860465191917451,0.04860465191917451,3.20959219073751
12.554045,12.602616137699915,-0.0485711376999145,0.0485711376999145,0.38689631668141705
0.163532,0.2119834208196174,-0.0484514208196174,0.0484514208196174,29.628097736216336
2.414487,2.366170501305021,0.04831649869497889,0.04831649869497889,2.001108255831478
0.113132,0.16121884504643447,-0.04808684504643447,0.04808684504643447,42.50507814228459
0.136745,0.18471408288663937,-0.04796908288663937,0.04796908288663937,35.07922253212925
0.320979,0.36891722294353,-0.04793822294353001,0.04793822294353001,14.93500289071715
0.348541,0.3963913319104613,-0.047850331910461286,0.047850331910461286,13.728752685260137
0.144772,0.19255450451944967,-0.04778250451944965,0.04778250451944965,33.00534943666199
0.523877,0.5715443203093464,-0.047667320309346395,0.047667320309346395,9.098952674052772
2.911214,2.9588763708312804,-0.04766237083128022,0.04766237083128022,1.6371991488651476
7.320033,7.3676411229109515,-0.047608122910951955,0.047608122910951955,0.6503812607170155
2.441164,2.4886537474335384,-0.04748974743353829,0.04748974743353829,1.9453730856096891
2.950698,2.9032531957192305,0.04744480428076958,0.04744480428076958,1.6079180003904725
0.31373,0.36113586272598397,-0.04740586272598396,0.04740586272598396,15.110401527068994
0.049269,0.09660428910666496,-0.047335289106664964,0.047335289106664964,96.07519740727388
2.350386,2.3975469811248544,-0.04716098112485456,0.04716098112485456,2.0065206788522416
0.98641,1.0335656634066623,-0.04715566340666233,0.04715566340666233,4.78053379445482
0.265825,0.31297637952038215,-0.047151379520382175,0.047151379520382175,17.737752093536884
1.032238,0.9851175005114001,0.047120499488599865,0.047120499488599865,4.564887117509235
0.453893,0.4068223148369938,0.047070685163006165,0.047070685163006165,10.370436458071776
1.868164,1.9151671367594183,-0.04700313675941836,0.04700313675941836,2.516006986372843
0.518251,0.5652536148268439,-0.04700261482684387,0.04700261482684387,9.069469198858158
0.860822,0.8138266926223068,0.046995307377693196,0.046995307377693196,5.459352499382432
0.966457,1.0131863717904537,-0.046729371790453667,0.046729371790453667,4.835121664556058
1.588473,1.541841001358403,0.04663199864159706,0.04663199864159706,2.9356494343096426
0.10821,0.06159516467520376,0.04661483532479624,0.04661483532479624,43.07812150606979
0.176861,0.13031281715146292,0.04654818284853707,0.04654818284853707,26.319077027845587
0.659907,0.613611832652861,0.04629516734713901,0.04629516734713901,7.0154078286976205
0.06267,0.10889957141036533,-0.04622957141036532,0.04622957141036532,73.76666879942341
0.271646,0.22543671779973806,0.046209282200261936,0.046209282200261936,17.01084580050915
0.074692,0.12084856008605627,-0.04615656008605627,0.04615656008605627,61.79585501025602
0.965685,1.0116785496939613,-0.0459935496939613,0.0459935496939613,4.762790111599384
0.940348,0.9862367463806194,-0.04588874638061946,0.04588874638061946,4.879974900328334
0.698878,0.744761062036094,-0.04588306203609405,0.04588306203609405,6.5652462990005125
2.971213,2.9254246783466105,0.04578832165338964,0.04578832165338964,1.5410649338114963
0.083047,0.12874403722346628,-0.04569703722346628,0.04569703722346628,55.02551226226207
0.048918,0.09447392557794743,-0.04555592557794742,0.04555592557794742,93.12712188728136
0.672119,0.7174820317034722,-0.04536303170347222,0.04536303170347222,6.749255964601948
0.930058,0.9754081704366016,-0.0453501704366015,0.0453501704366015,4.87605831375306
0.20457,0.15935131632807398,0.045218683671926024,0.045218683671926024,22.104259495440076
21.767988,21.722777819548718,0.045210180451281445,0.045210180451281445,0.20769113089861022
5.381635,5.426623869730157,-0.044988869730157255,0.044988869730157255,0.8359702902430448
2.543917,2.5887576812753643,-0.044840681275364336,0.044840681275364336,1.7626629042379005
9.634371,9.679101287225315,-0.044730287225315024,0.044730287225315024,0.46427823077241626
0.169168,0.21370486611476736,-0.04453686611476734,0.04453686611476734,26.327003977371806
2.857204,2.8127123429715866,0.04449165702841329,0.04449165702841329,1.5571746724019746
0.086709,0.04228246563460303,0.044426534365396966,0.044426534365396966,51.236358756485046
2.339981,2.3844061757752684,-0.0444251757752685,0.0444251757752685,1.8985272005785505
0.273243,0.3175860847479157,-0.044343084747915706,0.044343084747915706,16.22844308241648
1.301364,1.257036779149992,0.044327220850008064,0.044327220850008064,3.4062123162006825
2.857516,2.8132407637847194,0.04427523621528051,0.04427523621528051,1.5494309118035061
4.111783,4.067586147333298,0.044196852666702036,0.044196852666702036,1.0748829076249198
0.057152,0.10128039942730638,-0.044128399427306376,0.044128399427306376,77.21234488748256
0.348935,0.3930248307410267,-0.04408983074102668,0.04408983074102668,12.635542645017306
0.157131,0.11304164308347708,0.04408935691652291,0.04408935691652291,28.05898065210807
7.30772,7.351762051255976,-0.04404205125597649,0.04404205125597649,0.6026784175553225
1.006786,1.0507040812680621,-0.04391808126806218,0.04391808126806218,4.362206195129847
0.39111,0.347351540847022,0.04375845915297799,0.04375845915297799,11.188274179077425
7.032767,7.076317399561274,-0.04355039956127449,0.04355039956127449,0.6192498565735967
0.394407,0.35088383112414334,0.043523168875856666,0.043523168875856666,11.035090367265687
0.752492,0.7958381469303504,-0.04334614693035033,0.04334614693035033,5.760346545157953
1.281513,1.238309454463426,0.043203545536573795,0.043203545536573795,3.3712920222582605
0.171961,0.1290949900584799,0.042866009941520095,0.042866009941520095,24.92775101132951
2.311184,2.2684284890675706,0.04275551093242935,0.04275551093242935,1.8499397248587486
3.078797,3.1214924624877654,-0.04269546248776557,0.04269546248776557,1.3867579605403932
2.519864,2.4772597785333232,0.04260422146667686,0.04260422146667686,1.690734954941462
2.574853,2.5324397327156944,0.04241326728430561,0.04241326728430561,1.6472112109956725
0.791378,0.7491617713581462,0.042216228641853815,0.042216228641853815,5.334521383778585
0.190173,0.23232457292142783,-0.04215157292142782,0.04215157292142782,22.164856682737803
0.041171,0.08327104962507548,-0.04210004962507548,0.04210004962507548,102.25656292734915
2.077487,2.11946701526492,-0.04198001526492012,0.04198001526492012,2.0207113335919504
2.308569,2.3504868832424606,-0.04191788324246071,0.04191788324246071,1.8157518029846609
6.57222,6.530459061544676,0.04176093845532414,0.04176093845532414,0.6354160155120906
1.77341,1.7316601036418326,0.04174989635816728,0.04174989635816728,2.3542156836723076
0.840864,0.882609535728097,-0.04174553572809703,0.04174553572809703,4.9646001877987915
2.547939,2.589601858652827,-0.04166285865282715,0.04166285865282715,1.6351591875312554
0.149116,0.19071788219910246,-0.04160188219910246,0.04160188219910246,27.899006257680902
0.334043,0.3754153024926623,-0.04137230249266233,0.04137230249266233,12.385322392709025
0.48188,0.4405149158239823,0.0413650841760177,0.0413650841760177,8.584104791116792
0.103618,0.14495241046279617,-0.041334410462796164,0.041334410462796164,39.891148664233064
4.838335,4.879577001486425,-0.04124200148642476,0.04124200148642476,0.8524007015961557
3.799068,3.8399626077485074,-0.04089460774850728,0.04089460774850728,1.0764378986485854
0.32263,0.3633862625818658,-0.04075626258186582,0.04075626258186582,12.632508622643062
1.401326,1.4419236867810916,-0.040597686781091546,0.040597686781091546,2.897090811002897
0.594295,0.6348677982058177,-0.04057279820581772,0.04057279820581772,6.82704687049204
2.128065,2.087709170316952,0.04035582968304796,0.04035582968304796,1.89636264311248
0.078136,0.11849111672311352,-0.040355116723113524,0.040355116723113524,51.64727740281848
0.082265,0.12252429127290299,-0.04025929127290298,0.04025929127290298,48.93854157170661
0.807291,0.8470589219094045,-0.03976792190940448,0.03976792190940448,4.926095039394516
0.062124,0.10167168590700726,-0.03954768590700726,0.03954768590700726,63.65927152686238
0.387219,0.3476781128288984,0.0395408871711016,0.0395408871711016,10.21150490055759
11.623008,11.583740195487877,0.039267804512123305,0.039267804512123305,0.3378454571465963
0.055778,0.09502067019450777,-0.03924267019450777,0.03924267019450777,70.3551043855152
1.119878,1.0808521098014232,0.03902589019857672,0.03902589019857672,3.4848340797026007
1.165798,1.2048196492044454,-0.03902164920444551,0.03902164920444551,3.34720502189044
3.279484,3.2404889434952935,0.03899505650470658,0.03899505650470658,1.1890607334421366
0.195658,0.23462739480443418,-0.038969394804434176,0.038969394804434176,19.917097580736325
8.648595,8.60983427221147,0.03876072778852979,0.03876072778852979,0.4481736951271463
1.89149,1.852796550543026,0.03869344945697395,0.03869344945697395,2.045659742051414
0.373046,0.3345644678646664,0.03848153213533356,0.03848153213533356,10.31549249288776
1.154958,1.1933482675043265,-0.038390267504326614,0.038390267504326614,3.3239535551078623
2.276265,2.3143194824479565,-0.038054482447956506,0.038054482447956506,1.6717949116770108
6.935983,6.898016677428158,0.03796632257184207,0.03796632257184207,0.5473820015316457
0.358872,0.3965620252811881,-0.03769002528118809,0.03769002528118809,10.502358855158867
1.676148,1.6385362702431436,0.03761172975685634,0.03761172975685634,2.243938468119307
0.99312,1.030624344758646,-0.03750434475864606,0.03750434475864606,3.7764162190741946
0.420637,0.4578987434310591,-0.03726174343105909,0.03726174343105909,8.858408419183448
3.777699,3.7404398558823377,0.0372591441176624,0.0372591441176624,0.9862920290016782
0.424218,0.3869764840100842,0.03724151598991576,0.03724151598991576,8.778862750080595
0.295491,0.33271095068545975,-0.037219950685459746,0.037219950685459746,12.595967617580156
3.300704,3.2635679088561123,0.03713609114388783,0.03713609114388783,1.1250960747392897
2.338414,2.3013471738151665,0.0370668261848337,0.0370668261848337,1.585126764689596
0.684087,0.7210206054798256,-0.036933605479825604,0.036933605479825604,5.3989632129285665
2.298746,2.3355155374737464,-0.03676953747374645,0.03676953747374645,1.5995476434606914
6.802409,6.8390822882733,-0.03667328827329985,0.03667328827329985,0.5391220709128299
0.591013,0.6275789679128998,-0.03656596791289979,0.03656596791289979,6.1869989165572985
2.349111,2.312775985519714,0.03633501448028609,0.03633501448028609,1.5467559633724983
0.538466,0.5747368291007291,-0.036270829100729096,0.036270829100729096,6.735955305254768
0.044504,0.0806905520247021,-0.0361865520247021,0.0361865520247021,81.31078542016742
1.189595,1.2257075299064049,-0.0361125299064049,0.0361125299064049,3.0356995366800636
3.856867,3.820810998707149,0.036056001292851025,0.036056001292851025,0.9348520779149546
1.903632,1.8676655078032418,0.03596649219675818,0.03596649219675818,1.8893616095373904
0.237068,0.20140940978352972,0.035658590216470276,0.035658590216470276,15.041502944905586
0.233077,0.2686730851586141,-0.035596085158614094,0.035596085158614094,15.272242710924653
0.670718,0.6351792508425191,0.0355387491574809,0.0355387491574809,5.298612703428606
0.898992,0.8635266418850165,0.035465358114983525,0.035465358114983525,3.945013761083359
3.121232,3.0857827454966884,0.0354492545033116,0.0354492545033116,1.135745580660965
25.086331,25.1215937898332,-0.03526278983319742,0.03526278983319742,0.14056575205460237
0.690644,0.6555492589163165,0.03509474108368349,0.03509474108368349,5.081451670991428
0.374544,0.33948207591505053,0.03506192408494946,0.03506192408494946,9.3612296754422
2.352447,2.317521238279234,0.034925761720766335,0.034925761720766335,1.4846566880903875
4.956599,4.921675314082815,0.03492368591718442,0.03492368591718442,0.7045896978246542
0.275768,0.3106480549059185,-0.0348800549059185,0.0348800549059185,12.648332980356736
1.927005,1.8923863091752011,0.03461869082479896,0.03461869082479896,1.7965023870204
3.503892,3.538397384627146,-0.03450538462714592,0.03450538462714592,0.9847730645282773
8.201986,8.167563850587209,0.03442214941279076,0.03442214941279076,0.4196806652970522
0.131457,0.1657269760158755,-0.0342699760158755,0.0342699760158755,26.069342819177493
0.320074,0.3543087984009574,-0.03423479840095739,0.03423479840095739,10.695901069834314
34.372955,34.33873185783037,0.03422314216962974,0.03422314216962974,0.0995641549279955
0.805596,0.8397882959825154,-0.034192295982515386,0.034192295982515386,4.244347784531085
3.094486,3.0605956139893706,0.033890386010629214,0.033890386010629214,1.0951862768011886
0.290099,0.32393336296779296,-0.033834362967792964,0.033834362967792964,11.66304018839428
1.763887,1.7300948084297794,0.03379219157022062,0.03379219157022062,1.915779841242939
0.066571,0.10015861114657199,-0.03358761114657198,0.03358761114657198,50.45381787282474
0.200377,0.2339192292563439,-0.0335422292563439,0.0335422292563439,16.739560548168868
0.566325,0.5328178270748332,0.033507172925166806,0.033507172925166806,5.916597875645647
1.393356,1.3599046763463676,0.03345132365363246,0.03345132365363246,2.400773646593669
13.625208,13.65853620094078,-0.033328200940779595,0.033328200940779595,0.24460691492221615
0.449127,0.4820002183877179,-0.032873218387717895,0.032873218387717895,7.319359196930608
1.403017,1.4358816706661486,-0.03286467066614862,0.03286467066614862,2.3424285424771183
2.453343,2.4205370247493434,0.03280597525065643,0.03280597525065643,1.3371948092590085
35.563406,35.53061503544839,0.03279096455160868,0.03279096455160868,0.09220422968350239
9.345786,9.378575382474878,-0.032789382474877726,0.032789382474877726,0.35084670753778097
1.848598,1.8158532011767186,0.03274479882328141,0.03274479882328141,1.7713315075267893
5.705425,5.738167745493779,-0.032742745493779424,0.032742745493779424,0.5738879311042654
0.328566,0.361275760587386,-0.03270976058738595,0.03270976058738595,9.95530900258415
4.606492,4.6389108656254265,-0.032418865625426285,0.032418865625426285,0.7037647221513142
0.368994,0.33667672631252543,0.03231727368747456,0.03231727368747456,8.758211157557128
0.201533,0.16922468766830434,0.03230831233169565,0.03230831233169565,16.031276424041906
0.885058,0.8527510499860469,0.03230695001395312,0.03230695001395312,3.650263599707912
1.20118,1.1690069770414304,0.0321730229585695,0.0321730229585695,2.678451435745771
0.576689,0.5446338085730922,0.032055191426907825,0.032055191426907825,5.558488443745127
0.165864,0.1338926355964034,0.0319713644035966,0.0319713644035966,19.27565016177166
3.386873,3.418798242120051,-0.03192524212005088,0.03192524212005088,0.9426170428920204
0.638128,0.6063594334502831,0.03176856654971694,0.03176856654971694,4.978400343620486
2.261564,2.2297968998809665,0.03176710011903339,0.03176710011903339,1.4046518302214193
0.142292,0.11056687058570702,0.03172512941429298,0.03172512941429298,22.295792730439647
0.066582,0.09829859258302776,-0.03171659258302775,0.03171659258302775,47.63538574298214
5.300536,5.269008101427113,0.03152789857288685,0.03152789857288685,0.5948058568471574
0.860253,0.8913569165987134,-0.031103916598713366,0.031103916598713366,3.6156708079015933
0.899504,0.8684671942937712,0.0310368057062288,0.0310368057062288,3.4504355403398272
3.28893,3.3197624078618926,-0.030832407861892452,0.030832407861892452,0.9374601423853651
0.204054,0.23483622918977431,-0.0307822291897743,0.0307822291897743,15.085334849936274
0.648535,0.6790104037466413,-0.030475403746641372,0.030475403746641372,4.699114734276833
0.056366,0.08682960011405427,-0.030463600114054273,0.030463600114054273,54.04605623959162
2.540591,2.571029416671742,-0.03043841667174174,0.03043841667174174,1.1980840942341233
2.345533,2.375899016330358,-0.030366016330357848,0.030366016330357848,1.2946318098727758
2.271528,2.3018858341795543,-0.03035783417955429,0.03035783417955429,1.3364499217362868
0.116687,0.14699321147525168,-0.030306211475251685,0.030306211475251685,25.97222608283653
0.056416,0.08662992108775569,-0.03021392108775569,0.03021392108775569,53.55558890066665
0.225516,0.25567872686217896,-0.030162726862178968,0.030162726862178968,13.374983082709868
0.095391,0.12542128089635085,-0.030030280896350847,0.030030280896350847,31.481251758414942
26.586686,26.556704927550534,0.02998107244946624,0.02998107244946624,0.11276724165378668
0.183587,0.21346600132973492,-0.029879001329734922,0.029879001329734922,16.27511823465703
12.709604,12.67975093209984,0.02985306790016118,0.02985306790016118,0.23488590124386483
0.192089,0.22180677873683408,-0.029717778736834066,0.029717778736834066,15.47083837250609
5.905861,5.9354943496733235,-0.02963334967332365,0.02963334967332365,0.5017617189571831
2.628663,2.6582135735100056,-0.029550573510005673,0.029550573510005673,1.12416743830919
0.565328,0.5359100462002893,0.029417953799710794,0.029417953799710794,5.203696578713083
9.789593,9.81900410861686,-0.02941110861685914,0.02941110861685914,0.3004323940388401
0.401605,0.43098543266699707,-0.02938043266699708,0.02938043266699708,7.315753703186297
24.009862,23.980561115772304,0.029300884227694723,0.029300884227694723,0.12203687063079617
0.523008,0.4938550412998133,0.02915295870018675,0.02915295870018675,5.574094219326025
4.501863,4.530985188949126,-0.02912218894912577,0.02912218894912577,0.6468919411470069
0.356675,0.38576103051872224,-0.029086030518722217,0.029086030518722217,8.154771293353177
0.168153,0.19713655512568096,-0.02898355512568096,0.02898355512568096,17.236418683249504
2.986659,2.9577005234329796,0.02895847656702033,0.02895847656702033,0.9695943382237723
2.662831,2.6914202888859453,-0.02858928888594514,0.02858928888594514,1.073642633906226
0.244559,0.2160003456420263,0.028558654357973695,0.028558654357973695,11.677613314699553
6.854442,6.8829710545061875,-0.028529054506187812,0.028529054506187812,0.4162126472989574
0.060609,0.08913001105243978,-0.02852101105243978,0.02852101105243978,47.05738587566598
0.174114,0.14560737669256696,0.028506623307433032,0.028506623307433032,16.3723900956044
0.849136,0.8206764843437035,0.028459515656296452,0.028459515656296452,3.3515850997890637
3.205362,3.176961651828087,0.02840034817191306,0.02840034817191306,0.8860262326385298
0.870769,0.8990902805101513,-0.02832128051015126,0.02832128051015126,3.252444736422497
0.55012,0.578360232408901,-0.028240232408900945,0.028240232408900945,5.133467680463803
1.327892,1.2996683225078485,0.0282236774921516,0.0282236774921516,2.1254497722726056
2.54512,2.5731172850943267,-0.027997285094326863,0.027997285094326863,1.1000379193604555
3.383834,3.3558577884156584,0.02797621158434138,0.02797621158434138,0.8267607566894424
3.369452,3.3974174648504256,-0.027965464850425725,0.027965464850425725,0.8299707148104722
5.352469,5.380386806975219,-0.027917806975218618,0.027917806975218618,0.5215874575769991
0.053935,0.08184217528238946,-0.027907175282389465,0.027907175282389465,51.74223645248397
0.067893,0.09558281884826769,-0.027689818848267697,0.027689818848267697,40.78449738188503
3.403003,3.4305529009544333,-0.027549900954433326,0.027549900954433326,0.8095761582820746
0.092715,0.12018603240748504,-0.027471032407485038,0.027471032407485038,29.62954470997734
0.353344,0.3807917187735619,-0.02744771877356189,0.02744771877356189,7.767987786914141
2.26202,2.2891587383817296,-0.02713873838172942,0.02713873838172942,1.1997567828988984
0.379402,0.40651596353681185,-0.027113963536811836,0.027113963536811836,7.146499894482722
1.179667,1.15260381914673,0.027063180853269975,0.027063180853269975,2.2941373159523692
2.309499,2.3365297553878506,-0.02703075538785038,0.02703075538785038,1.1704164144119553
2.069828,2.096739605353104,-0.026911605353104218,0.026911605353104218,1.3001855879717559
0.090958,0.11777099439745697,-0.026812994397456977,0.026812994397456977,29.478434407065397
0.106825,0.13360407793524942,-0.026779077935249418,0.026779077935249418,25.068174968575935
1.4711,1.4443223437593673,0.026777656240632774,0.026777656240632774,1.8202471782212306
12.215556,12.2422241244279,-0.026668124427899897,0.026668124427899897,0.21831281709716352
0.550758,0.5242202463623364,0.02653775363766353,0.02653775363766353,4.818405476242765
13.521691,13.49522417354143,0.026466826458570125,0.026466826458570125,0.19573606924144613
2.245336,2.271641719674342,-0.026305719674342143,0.026305719674342143,1.1715716344088623
0.223136,0.2494013532762338,-0.026265353276233805,0.026265353276233805,11.771006589910545
1.201261,1.175316940698746,0.025944059301253874,0.025944059301253874,2.15973541962106
7.469451,7.443793324439131,0.025657675560869286,0.025657675560869286,0.34350149108047945
0.152297,0.17794675860328368,-0.025649758603283696,0.025649758603283696,16.841932924773147
2.253154,2.2275512877694403,0.025602712230559543,0.025602712230559543,1.1363054735461153
3.249734,3.224147509128132,0.02558649087186815,0.02558649087186815,0.7873410830265126
0.07275,0.09830475141908224,-0.02555475141908224,0.02555475141908224,35.12680602605558
1.002985,0.9775042041706428,0.02548079582935725,0.02548079582935725,2.540496201520138
0.104313,0.1297852263406334,-0.025472226340633383,0.025472226340633383,24.41903340543782
1.387392,1.412801975676473,-0.025409975676472962,0.025409975676472962,1.8314921575619199
0.54827,0.5735995294488916,-0.025329529448891552,0.025329529448891552,4.619900677453016
2.306334,2.281043184680641,0.025290815319359172,0.025290815319359172,1.0965807779039198
1.327965,1.3026757463290508,0.025289253670949252,0.025289253670949252,1.90436146050874
4.880709,4.855525222904275,0.025183777095725723,0.025183777095725723,0.5159860400447913
0.086976,0.11212253565206254,-0.02514653565206254,0.02514653565206254,28.912039669737055
3.387573,3.362502640900903,0.02507035909909705,0.02507035909909705,0.7400684530888922
5.652562,5.62750077423901,0.02506122576098946,0.02506122576098946,0.4433604754896293
0.331584,0.3566359159314203,-0.02505191593142031,0.02505191593142031,7.555224595838486
6.95286,6.927930821496705,0.024929178503295013,0.024929178503295013,0.35854567045699853
0.661557,0.6864432716042614,-0.02488627160426149,0.02488627160426149,3.7617728480689823
0.634153,0.6093492138868619,0.02480378611313805,0.02480378611313805,3.911325202155745
2.128874,2.1536513860715445,-0.02477738607154434,0.02477738607154434,1.163872829973989
0.54986,0.5741972056894902,-0.02433720568949016,0.02433720568949016,4.426073124988922
5.46336,5.439109033619847,0.024250966380153116,0.024250966380153116,0.443883734180234
1.563798,1.5879139229612456,-0.02411592296124554,0.02411592296124554,1.5421379845544885
0.662731,0.6867745990761058,-0.02404359907610587,0.02404359907610587,3.6279575080202844
0.900073,0.876063880374133,0.024009119625867048,0.024009119625867048,2.66746359719707
2.334424,2.3105220497344874,0.02390195026551245,0.02390195026551245,1.0238907012817107
5.160806,5.184516500369167,-0.023710500369166887,0.023710500369166887,0.45943405678701066
0.179905,0.15619806546291315,0.02370693453708686,0.02370693453708686,13.177473957871868
0.596867,0.6204716286107619,-0.023604628610761846,0.023604628610761846,3.954755181105186
31.005211,30.98167644839677,0.02353455160323037,0.02353455160323037,0.07590514898658314
5.292227,5.315739738877641,-0.02351273887764105,0.02351273887764105,0.4442881773060143
3.335694,3.3122619763155505,0.023432023684449632,0.023432023684449632,0.7024632260557223
0.238537,0.26196646058363626,-0.023429460583636263,0.023429460583636263,9.822149424958859
0.77218,0.7955663781492675,-0.023386378149267473,0.023386378149267473,3.028617439747061
2.464174,2.441078823999703,0.023095176000296647,0.023095176000296647,0.9372380359243873
0.428405,0.4053934827487069,0.02301151725129308,0.02301151725129308,5.371439933222451
1.075824,1.0529445920873428,0.02287940791265708,0.02287940791265708,2.1266868847070146
0.39319,0.37044324927789773,0.02274675072210225,0.02274675072210225,5.785180374963013
2.241545,2.264250067877253,-0.022705067877252905,0.022705067877252905,1.0129204578199404
0.253619,0.2763184412939701,-0.022699441293970113,0.022699441293970113,8.950213227329144
0.755626,0.7329326037970603,0.022693396202939753,0.022693396202939753,3.0032577227274464
0.076596,0.09927663323529501,-0.02268063323529501,0.02268063323529501,29.610727982772318
1.963714,1.9410976087469223,0.022616391253077683,0.022616391253077683,1.151715130203582
4.835267,4.857797439679683,-0.0225304396796826,0.0225304396796826,0.4659606114660605
34.466684,34.444338799601795,0.02234520039820609,0.02234520039820609,0.06483130317422255
1.255424,1.2332231982448931,0.02220080175510697,0.02220080175510697,1.7683907391716724
85.448693,85.42673975833884,0.021953241661165634,0.021953241661165634,0.02569172317374116
3.289061,3.3109686309982465,-0.021907630998246663,0.021907630998246663,0.6660755455000862
0.067681,0.08956578320390918,-0.021884783203909172,0.021884783203909172,32.33519476895137
0.086992,0.10869486061218225,-0.021702860612182254,0.021702860612182254,24.94811084609406
0.381136,0.4028138219484454,-0.02167782194844542,0.02167782194844542,5.687686794938744
1.005367,0.983710460069755,0.021656539930244856,0.021656539930244856,2.1540929758079157
0.240294,0.26189293404384983,-0.021598934043849827,0.021598934043849827,8.9885448803804
2.488618,2.4670763869480794,0.021541613051920816,0.021541613051920816,0.865605450537415
1.000784,1.0223219088389115,-0.0215379088389116,0.0215379088389116,2.1521036344265596
5.495515,5.516928514254305,-0.021413514254304822,0.021413514254304822,0.3896543682241822
0.247989,0.26930990177270075,-0.021320901772700768,0.021320901772700768,8.597519149681336
0.356416,0.3351733588808372,0.021242641119162797,0.021242641119162797,5.960069445031292
1.625128,1.6039835883004159,0.02114441169958403,0.02114441169958403,1.3010920800258774
32.915335,32.936352753207316,-0.02101775320731747,0.02101775320731747,0.06385398540605348
0.161317,0.18219581165939047,-0.020878811659390484,0.020878811659390484,12.942722494497023
2.261192,2.282023290942856,-0.020831290942856295,0.020831290942856295,0.9212526376324983
20.017531,19.997009635237607,0.020521364762394967,0.020521364762394967,0.10251696256792332
1.267037,1.2875021880216728,-0.020465188021672853,0.020465188021672853,1.6152005048043312
2.956923,2.936518293700038,0.02040470629996216,0.02040470629996216,0.6900655275525299
0.706845,0.7270983886322071,-0.02025338863220716,0.02025338863220716,2.8653224723018256
0.106329,0.12654151188930385,-0.02021251188930384,0.02021251188930384,19.009406530950574
7.968212,7.948199899710485,0.020012100289515722,0.020012100289515722,0.25114919494190885
3.493427,3.473431904082908,0.019995095917092254,0.019995095917092254,0.5723633531348984
1.230205,1.210221598555819,0.019983401444181093,0.019983401444181093,1.6243960512724869
3.257653,3.2769974337022596,-0.01934443370225969,0.01934443370225969,0.5938150472645759
0.081966,0.10127693519267922,-0.01931093519267922,0.01931093519267922,23.559689589731757
0.793513,0.7744048871950326,0.01910811280496738,0.01910811280496738,2.408040297078856
0.831146,0.8121972782725173,0.018948721727482742,0.018948721727482742,2.2798307066631986
0.35907,0.3401682172841838,0.018901782715816218,0.018901782715816218,5.2640941071524
3.229025,3.2102450966815983,0.018779903318401736,0.018779903318401736,0.5815967147303022
1.286588,1.3053034891223305,-0.018715489122330453,0.018715489122330453,1.4546606311325607
3.039201,3.057874511221925,-0.0186735112219254,0.0186735112219254,0.6144217253584405
0.088737,0.10737970561048371,-0.018642705610483715,0.018642705610483715,21.008942819201433
3.212009,3.1933921887807344,0.018616811219265728,0.018616811219265728,0.5796002196346937
0.812351,0.8309418309200609,-0.018590830920060863,0.018590830920060863,2.2885219465197113
2.381199,2.39967718355485,-0.01847818355484998,0.01847818355484998,0.7760033308460981
0.485031,0.5032331862345423,-0.018202186234542284,0.018202186234542284,3.75278821988481
2.380608,2.3624742056249985,0.01813379437500151,0.01813379437500151,0.7617295402787767
0.26118,0.27918135719766823,-0.01800135719766821,0.01800135719766821,6.892318397570982
3.212151,3.2298820422442684,-0.01773104224426847,0.01773104224426847,0.5519990263134102
0.754944,0.7372487470636848,0.01769525293631513,0.01769525293631513,2.343915963829266
0.167609,0.18497947596834763,-0.01737047596834762,0.01737047596834762,10.363689275625969
0.954169,0.9715102789136303,-0.017341278913630243,0.017341278913630243,1.8174221664938623
3.160329,3.1776440408576807,-0.017315040857680764,0.017315040857680764,0.5478872882264118
0.120009,0.1028052414157763,0.01720375858422371,0.01720375858422371,14.335390320632888
1.808166,1.8249900845187668,-0.016824084518766824,0.016824084518766824,0.9304502196057428
2.348362,2.3315446394603114,0.01681736053968841,0.01681736053968841,0.7161315222683844
0.246959,0.2637140268767233,-0.016755026876723284,0.016755026876723284,6.784537866584634
1.067217,1.0505171572554914,0.01669984274450864,0.01669984274450864,1.5648029166461777
0.113976,0.13065902519704764,-0.016683025197047646,0.016683025197047646,14.637314155971726
0.17765,0.1611353169794043,0.016514683020595694,0.016514683020595694,9.296190831015764
2.405877,2.4223277636536515,-0.016450763653651723,0.016450763653651723,0.683774093728314
2.315075,2.33136255270178,-0.016287552701779617,0.016287552701779617,0.7035431984309827
3.392511,3.408588364778648,-0.016077364778648295,0.016077364778648295,0.47390752095348815
14.791946,14.77592916870961,0.016016831290389888,0.016016831290389888,0.10828075826048586
2.449484,2.433877797311961,0.015606202688038806,0.015606202688038806,0.6371220504972347
0.29849,0.3139491955270515,-0.015459195527051495,0.015459195527051495,5.179133479135771
0.473831,0.48914425614619716,-0.015313256146197163,0.015313256146197163,3.231797021082489
0.210443,0.19533948101172172,0.015103518988278275,0.015103518988278275,7.177011818450252
0.181432,0.19652836331197676,-0.015096363311976752,0.015096363311976752,8.320672926306317
0.228049,0.2130944779971955,0.014954522002804504,0.014954522002804504,6.557591568586976
0.487702,0.5025687151629548,-0.014866715162954736,0.014866715162954736,3.04831949836302
2.9924,3.0071467131643157,-0.01474671316431575,0.01474671316431575,0.4928055461777485
0.233774,0.2190640045865102,0.014709995413489801,0.014709995413489801,6.292400098897824
0.133078,0.14767128205646074,-0.014593282056460738,0.014593282056460738,10.965961350106536
22.498741,22.513312021528513,-0.014571021528514194,0.014571021528514194,0.06476371957190596
2.265516,2.2509861493090817,0.014529850690918167,0.014529850690918167,0.6413484032016026
2.332618,2.318106518341292,0.014511481658708192,0.014511481658708192,0.6221113640590135
1.130123,1.1156873790896036,0.014435620910396407,0.014435620910396407,1.2773495370963213
0.937772,0.952102082052491,-0.014330082052490978,0.014330082052490978,1.528098733056956
0.287419,0.27336371443303875,0.014055285566961229,0.014055285566961229,4.890172731124615
2.245228,2.2591462471874877,-0.013918247187487687,0.013918247187487687,0.6199035103280283
0.269209,0.283010400897183,-0.013801400897183014,0.013801400897183014,5.126649143251662
2.280734,2.294521911263203,-0.013787911263203334,0.013787911263203334,0.60453833119508
0.259368,0.2456640455046326,0.013703954495367376,0.013703954495367376,5.283594926931534
0.196061,0.18282442442411906,0.013236575575880954,0.013236575575880954,6.751253726712451
0.598657,0.5855486319271677,0.013108368072832333,0.013108368072832333,2.189629131646787
0.083272,0.09637607158089168,-0.013104071580891677,0.013104071580891677,15.736467918574323
0.242454,0.2555312360507145,-0.01307723605071448,0.01307723605071448,5.393697792290819
0.890819,0.9037542162876875,-0.012935216287687457,0.012935216287687457,1.4520588678772453
1.600055,1.6129898636319098,-0.012934863631909765,0.012934863631909765,0.8084011881529926
0.05804,0.07085544718721337,-0.01281544718721337,0.01281544718721337,22.08037071869917
3.809719,3.8224839482561173,-0.012764948256117403,0.012764948256117403,0.33506272393796865
2.309273,2.321828205860996,-0.012555205860995677,0.012555205860995677,0.5436865134807357
2.15833,2.145797603483061,0.012532396516939048,0.012532396516939048,0.5806524728080691
0.566213,0.5787323487186171,-0.012519348718617151,0.012519348718617151,2.2110669865238144
0.179772,0.19219431824131306,-0.012422318241313068,0.012422318241313068,6.9100406261281115
0.264868,0.2525163049398458,0.01235169506015421,0.01235169506015421,4.663339873254176
1.487621,1.4752868266640853,0.0123341733359148,0.0123341733359148,0.829120678928684
0.587473,0.5751755813210195,0.012297418678980487,0.012297418678980487,2.093273848651293
11.849686,11.861787167404595,-0.012101167404594548,0.012101167404594548,0.1021222621805542
1.436433,1.4484964770791606,-0.012063477079160556,0.012063477079160556,0.8398217722873768
0.317307,0.3293296716095959,-0.012022671609595914,0.012022671609595914,3.788971439585935
1.981032,1.9930089756565934,-0.011976975656593503,0.011976975656593503,0.6045826446008403
0.594372,0.5824257061471343,0.01194629385286572,0.01194629385286572,2.0099018545382044
0.437972,0.4497407807638041,-0.01176878076380411,0.01176878076380411,2.687108025425599
7.691002,7.702745720109958,-0.0117437201099575,0.0117437201099575,0.152694279754508
0.058571,0.07021602718963749,-0.011645027189637489,0.011645027189637489,19.881899181771846
11.426976,11.415486457260391,0.011489542739608893,0.011489542739608893,0.1005475354066408
3.443415,3.4548354700091775,-0.011420470009177563,0.011420470009177563,0.3316611564056584
4.649982,4.638807555288773,0.011174444711226528,0.011174444711226528,0.2403115691842725
1.981469,1.9925326211652106,-0.011063621165210646,0.011063621165210646,0.5583544917761667
2.544754,2.5337307746088733,0.011023225391126878,0.011023225391126878,0.4331744990161604
3.11695,3.1059724971309706,0.010977502869029543,0.010977502869029543,0.3521873263503539
0.0967,0.10767330598152824,-0.01097330598152825,0.01097330598152825,11.34778280266853
0.223598,0.21269501130472435,0.010902988695275645,0.010902988695275645,4.876156625014307
0.10952,0.12014823230132521,-0.010628232301325202,0.010628232301325202,9.704375722809374
0.093108,0.10363601660647603,-0.010528016606476037,0.010528016606476037,11.30731687413404
2.323613,2.313184121363655,0.010428878636345118,0.010428878636345118,0.44882166849196903
2.340832,2.3304262687245014,0.010405731275498376,0.010405731275498376,0.44453131515007677
8.543583,8.533275607994398,0.010307392005602267,0.010307392005602267,0.12064483958874891
0.19426,0.18397554143319894,0.010284458566801047,0.010284458566801047,5.294172017660288
0.117265,0.10724133750723297,0.010023662492767024,0.010023662492767024,8.54787232696811
0.37932,0.3892260139486048,-0.009906013948604797,0.009906013948604797,2.6115190198231777
1.049216,1.0394977106872112,0.00971828931278873,0.00971828931278873,0.9262429577763289
0.421028,0.4304640782375806,-0.00943607823758058,0.00943607823758058,2.241199691075031
0.40596,0.3965291146686454,0.00943088533135461,0.00943088533135461,2.323107037400607
2.325057,2.334479923398032,-0.009422923398031635,0.009422923398031635,0.4052770920294151
9.32671,9.317417675018762,0.009292324981238664,0.009292324981238664,0.09963132745779629
0.205116,0.19608987099187658,0.009026129008123412,0.009026129008123412,4.400499719048203
0.439834,0.4308112702759672,0.009022729724032785,0.009022729724032785,2.0513943264916743
2.913354,2.9043316785391493,0.00902232146085069,0.00902232146085069,0.30968847110721875
0.076797,0.08581098153546662,-0.00901398153546662,0.00901398153546662,11.737413601741222
2.610043,2.6189022668725634,-0.008859266872563332,0.008859266872563332,0.3394299202052955
1.165368,1.1741904266850796,-0.008822426685079598,0.008822426685079598,0.7570507071004651
0.135231,0.12660312920509398,0.008627870794906012,0.008627870794906012,6.380098341745542
2.25606,2.264622014054371,-0.008562014054370959,0.008562014054370959,0.37951180615725855
0.06748,0.0760026803610181,-0.008522680361018095,0.008522680361018095,12.629935311778542
2.41279,2.4043304290067233,0.008459570993276877,0.008459570993276877,0.3506136461493235
0.463431,0.4718004692589304,-0.008369469258930395,0.008369469258930395,1.8059795864161905
0.073769,0.08207497050582546,-0.00830597050582546,0.00830597050582546,11.259432138928316
0.749897,0.7417231909430306,0.008173809056969406,0.008173809056969406,1.0899908995341245
0.305843,0.29772331989383716,0.008119680106162819,0.008119680106162819,2.6548523600370015
0.147941,0.1560495021294166,-0.008108502129416606,0.008108502129416606,5.4809026057250545
0.19574,0.20378388698795646,-0.008043886987956467,0.008043886987956467,4.109475316157654
0.739082,0.7310908268839427,0.007991173116057348,0.007991173116057348,1.0812295678931592
2.327132,2.3193410497432865,0.0077909502567137245,0.0077909502567137245,0.3347876380187689
0.126471,0.11872338178981323,0.0077476182101867686,0.0077476182101867686,6.126003751105601
0.119481,0.12718835616598412,-0.007707356165984114,0.007707356165984114,6.450696060070989
0.381055,0.3887030490542358,-0.007648049054235828,0.007648049054235828,2.0070722211304814
2.308218,2.3154821305348214,-0.007264130534821334,0.007264130534821334,0.31470729950579307
0.115409,0.12264140073797947,-0.007232400737979469,0.007232400737979469,6.266756259661477
4.721289,4.714166283768435,0.007122716231564574,0.007122716231564574,0.1508638050204872
0.289606,0.2825902571353325,0.007015742864667496,0.007015742864667496,2.422512952854907
2.358011,2.351011746643021,0.0069992533569789295,0.0069992533569789295,0.29682869828351527
0.234074,0.22712257205608566,0.006951427943914346,0.006951427943914346,2.9697565474783993
2.37948,2.3725653095921153,0.006914690407884727,0.006914690407884727,0.2905967021195442
1.491788,1.4986890407728808,-0.006901040772880895,0.006901040772880895,0.46260197644828177
3.703011,3.6962062451642232,0.006804754835776805,0.006804754835776805,0.18376274970809003
3.744218,3.7374281499177098,0.006789850082290272,0.006789850082290272,0.18134227446449244
8.008428,8.014939420922627,-0.006511420922626243,0.006511420922626243,0.08130710449722386
2.480464,2.473997204282629,0.006466795717371188,0.006466795717371188,0.2607091139847415
2.725838,2.7194506840566923,0.006387315943307659,0.006387315943307659,0.23432485507478193
0.14002,0.1337391143899893,0.006280885610010695,0.006280885610010695,4.485706045939857
0.482637,0.48884215429313116,-0.0062051542931311765,0.0062051542931311765,1.28567728786759
0.133956,0.14008447846043737,-0.006128478460437375,0.006128478460437375,4.574993621683524
0.390236,0.39625489136764,-0.00601889136764,0.00601889136764,1.5423721455984654
0.537952,0.5433992032837658,-0.0054472032837658,0.0054472032837658,1.0125816583548752
15.579679,15.585100197979024,-0.005421197979023518,0.005421197979023518,0.03479659612363464
2.772451,2.777771290110543,-0.0053202901105429135,0.0053202901105429135,0.19189843608961943
0.29028,0.2850085230774191,0.005271476922580898,0.005271476922580898,1.8159972856431377
0.435344,0.43025933670970673,0.005084663290293279,0.005084663290293279,1.1679644807612632
2.279289,2.2840733057906064,-0.004784305790606513,0.004784305790606513,0.20990342999051942
3.79982,3.804566032784649,-0.004746032784649135,0.004746032784649135,0.12490151598034205
0.154456,0.1498663179933608,0.004589682006639201,0.004589682006639201,2.971514220015853
0.804858,0.809418778943332,-0.004560778943332067,0.004560778943332067,0.5666563471774413
0.132554,0.13709970117957937,-0.0045457011795793645,0.0045457011795793645,3.429320259026543
5.296589,5.301108177960572,-0.004519177960571774,0.004519177960571774,0.0853224209106361
2.243053,2.2475273809184344,-0.004474380918434218,0.004474380918434218,0.19947727130097864
3.398822,3.4031194715666313,-0.004297471566631295,0.004297471566631295,0.12644003029593356
2.251567,2.2474161485778836,0.004150851422116464,0.004150851422116464,0.1843538931744918
5.168959,5.172866224107192,-0.003907224107192242,0.003907224107192242,0.0755901547510176
1.856099,1.85996457637345,-0.003865576373450086,0.003865576373450086,0.20826348019377322
1.066083,1.0622341865278706,0.0038488134721292866,0.0038488134721292866,0.3610238106946892
1.2566,1.2530607116232737,0.003539288376726235,0.003539288376726235,0.28165592682194646
2.272987,2.2763084046271587,-0.003321404627158575,0.003321404627158575,0.14612510441161564
0.515023,0.518327473283918,-0.00330447328391803,0.00330447328391803,0.6416166429997133
0.586906,0.5901888371665365,-0.003282837166536434,0.003282837166536434,0.5593463290504932
2.395023,2.391756980717158,0.003266019282841981,0.003266019282841981,0.13636692769570954
0.16193,0.1586946070074049,0.003235392992595093,0.003235392992595093,1.9980195087982915
1.217207,1.2204161235676132,-0.00320912356761327,0.00320912356761327,0.2636464929424185
1.174108,1.1770604354655525,-0.002952435465552572,0.002952435465552572,0.25146200054007894
1.197984,1.1950924899556412,0.002891510044358725,0.002891510044358725,0.24136466297691458
0.417459,0.41483877702776084,0.0026202229722391834,0.0026202229722391834,0.6276599550163066
0.071572,0.07419168004292942,-0.002619680042929423,0.002619680042929423,3.6602023686207192
0.079099,0.08158961211659133,-0.002490612116591323,0.002490612116591323,3.1487276873823884
0.236762,0.23472682209297702,0.0020351779070229836,0.0020351779070229836,0.8595880699450907
8.141405,8.143310979611192,-0.0019059796111910998,0.0019059796111910998,0.02341094210603316
0.739111,0.7375348610662016,0.0015761389337983767,0.0015761389337983767,0.21324793347482704
2.388492,2.3900189135544956,-0.0015269135544957457,0.0015269135544957457,0.06392793253784472
0.090822,0.092323165379959,-0.0015011653799589936,0.0015011653799589936,1.6528653611527253
0.766334,0.7648637607412638,0.001470239258736128,0.001470239258736128,0.19185358584432824
2.330282,2.328903894739689,0.0013781052603110133,0.0013781052603110133,0.05913899091405565
0.252684,0.25397744498710395,-0.001293444987103931,0.001293444987103931,0.5118824249228477
3.239689,3.2384287482861396,0.0012602517138602387,0.0012602517138602387,0.03890039179135215
2.311565,2.3126599281515325,-0.0010949281515326703,0.0010949281515326703,0.047367396179008724
0.85313,0.8541716602595564,-0.0010416602595563207,0.0010416602595563207,0.12209865547269723
2.252635,2.2535844378125987,-0.0009494378125984859,0.0009494378125984859,0.04214787626740852
0.051476,0.052401817939149,-0.0009258179391489971,0.0009258179391489971,1.7985428886285921
0.574053,0.5731402934554986,0.0009127065445014848,0.0009127065445014848,0.1589934281926044
0.061254,0.060505529078163534,0.0007484709218364693,0.0007484709218364693,1.2219135413435134
2.374775,2.374053952486598,0.0007210475134020733,0.0007210475134020733,0.030362771772976832
0.663524,0.6640452080843495,-0.0005212080843495226,0.0005212080843495226,0.07855150443254066
3.021661,3.0219852780895575,-0.00032427808955759474,0.00032427808955759474,0.010731782603901065
3.55102,3.550851534143275,0.00016846585672469772,0.00016846585672469772,0.0047441539816715644
2.117079,2.1169367869306477,0.0001422130693522483,0.0001422130693522483,0.0067174191112155425
4.233435,4.233315213279813,0.00011978672018742031,0.00011978672018742031,0.0028295396099052134
