actual,predicted,error,abs_error,rel_error_pct
104.392986,123.482346,-19.089359581054694,19.089359581054694,18.28605571358636
144.941826,130.63931,14.302513255859367,14.302513255859367,9.86776119120336
81.012116,67.84271,13.169403597656256,13.169403597656256,16.256091369888424
20.86028,8.417689,12.442590676574707,12.442590676574707,59.64728506288056
82.147738,70.119095,12.028643151367191,12.028643151367191,14.642695519324644
57.84404,50.087494,7.756546103515625,7.756546103515625,13.409412799490173
12.271835,4.9798946,7.291940361938476,7.291940361938476,59.42013041960763
57.342688,62.462147,-5.119458759033201,5.119458759033201,8.927831843223451
7.036999,2.1006114,4.936387551712036,4.936387551712036,70.14904438158777
31.757299,36.687878,-4.930578655029297,4.930578655029297,15.525812365257421
28.747842,33.3632,-4.615359141357423,4.615359141357423,16.05462817466914
91.799762,87.53434,4.265422095214845,4.265422095214845,4.646441343944006
33.700195,29.551702,4.148492500610352,4.148492500610352,12.309995537408735
34.372955,38.26866,-3.89570649902344,3.89570649902344,11.333638609226663
21.549639,18.068176,3.481462730468749,3.481462730468749,16.15555012523687
50.136634,53.589954,-3.4533203762207023,3.4533203762207023,6.887818548436686
22.498741,25.809105,-3.3103639194335948,3.3103639194335948,14.713551835717748
85.448693,82.18504,3.2636496650390683,3.2636496650390683,3.819426079501589
123.178768,126.42924,-3.250469365722651,3.250469365722651,2.6388227602016703
28.784588,32.0013,-3.2167128117675787,3.2167128117675787,11.175121949830944
101.275697,98.167076,3.10862088916015,3.10862088916015,3.069463831147053
11.214239,8.323169,2.8910702454223625,2.8910702454223625,25.7803516172304
53.624272,56.38954,-2.765269625976565,2.765269625976565,5.156749961978799
33.044026,30.376804,2.6672216481933617,2.6672216481933617,8.07172118852978
17.986531,20.479677,-2.4931462003173834,2.4931462003173834,13.86118424004897
22.096112,24.538708,-2.4425957331542953,2.4425957331542953,11.054414157310756
24.149248,21.713007,2.4362410267333985,2.4362410267333985,10.088268697738787
2.764307,0.38352904,2.3807779627628327,2.3807779627628327,86.12567137719171
2.804013,0.4362657,2.3677472929840087,2.3677472929840087,84.44138072468164
2.61555,0.2538081,2.3617418890476225,2.3617418890476225,90.2961858483809
2.935635,0.5866602,2.3489747936820984,2.3489747936820984,80.01590094143455
2.51269,0.16906735,2.3436226469898225,2.3436226469898225,93.2714599451803
2.45473,0.12557586,2.329154144625664,2.329154144625664,94.88433125153395
3.296286,1.0531151,2.2431708705291746,2.2431708705291746,68.05146369159483
4.479735,2.3303106,2.1494244168853758,2.1494244168853758,47.98106175560373
30.238388,32.36024,-2.1218529362792964,2.1218529362792964,7.017083504161264
19.671406,21.782394,-2.1109884091796864,2.1109884091796864,10.731253318491598
24.009862,26.112432,-2.1025704798584,2.1025704798584,8.757111889479594
4.277799,2.1942444,2.083554615234375,2.083554615234375,48.70622989031669
34.640005,36.718315,-2.0783101245117166,2.0783101245117166,5.999739678171862
15.893929,13.865836,2.0280928565063476,2.0280928565063476,12.760173123294985
29.335667,27.321024,2.0146430589599618,2.0146430589599618,6.867554976517473
26.00024,28.013273,-2.0130332391357406,2.0130332391357406,7.742364067131681
31.730894,33.73914,-2.0082455568847664,2.0082455568847664,6.328991414103988
6.64557,4.6911526,1.9544174273681643,1.9544174273681643,29.409327226088276
8.594745,6.6895247,1.9052203494262692,1.9052203494262692,22.167270226214995
25.27543,23.371515,1.9039147259521485,1.9039147259521485,7.53266997216117
6.739329,4.859248,1.8800808386840817,1.8800808386840817,27.89715175882027
17.283589,19.162703,-1.8791135604248055,1.8791135604248055,10.872241641559132
6.583027,4.7103157,1.8727112956542973,1.8727112956542973,28.44757124079621
23.977222,22.105202,1.872020278808595,1.872020278808595,7.807494457868335
25.347212,27.215721,-1.8685091303710948,1.8685091303710948,7.371655432414907
21.318909,19.50911,1.809799502929689,1.809799502929689,8.489175046064505
33.762202,31.953697,1.8085047954101583,1.8085047954101583,5.356596099403711
6.654043,4.869137,1.7849061896972653,1.7849061896972653,26.824386161472674
37.730313,35.958366,1.7719466059570337,1.7719466059570337,4.696347485779769
39.906249,38.135612,1.7706365122070338,1.7706365122070338,4.436990588122168
5.722714,3.9642296,1.7584844162597655,1.7584844162597655,30.728154792097552
34.15828,35.883015,-1.7247346789550804,1.7247346789550804,5.049243342902603
51.170883,52.87604,-1.7051584123535122,1.7051584123535122,3.332282564579118
11.244848,9.563189,1.681659447143554,1.681659447143554,14.954932668975154
101.721462,100.053734,1.6677281743164087,1.6677281743164087,1.6395047235113167
27.200494,28.85015,-1.6496551546630869,1.6496551546630869,6.064798509383771
30.862564,32.51131,-1.6487465773925791,1.6487465773925791,5.342221655294865
11.889484,10.245355,1.6441293475952143,1.6441293475952143,13.828433156404316
13.88242,12.239823,1.6425966586303709,1.6425966586303709,11.832206910744226
22.9444,24.577745,-1.6333454376220686,1.6333454376220686,7.118710611804841
4.120612,2.56629,1.554322098266602,1.554322098266602,37.72066135391736
19.874865,18.323017,1.5518478796386717,1.5518478796386717,7.808092682042689
24.405449,25.941849,-1.5363997548828117,1.5363997548828117,6.295314439314419
21.482839,19.95644,1.5263990280761703,1.5263990280761703,7.105201635915372
4.221875,2.7305121,1.4913628578186033,1.4913628578186033,35.324656883097646
16.63962,18.129936,-1.490316218261718,1.490316218261718,8.956431807053056
15.867671,17.345299,-1.4776277670898441,1.4776277670898441,9.31219059861105
9.831596,8.366326,1.4652696679077142,1.4652696679077142,14.903680622076115
3.779288,2.334325,1.444962924850464,1.444962924850464,38.233734100503334
62.356644,63.79083,-1.4341847048339815,1.4341847048339815,2.2999709619261766
20.589312,19.159414,1.4298977086181637,1.4298977086181637,6.944854245791307
33.795516,35.217224,-1.4217081210937508,1.4217081210937508,4.206795129535953
57.055058,58.45936,-1.4043002153320288,1.4043002153320288,2.461307138325173
37.366017,38.74234,-1.3763230878906256,1.3763230878906256,3.683355086754209
24.396619,23.02836,1.368258633178712,1.368258633178712,5.6083944794690765
11.14181,9.796279,1.3455310464477535,1.3455310464477535,12.076413495075549
11.885245,13.229523,-1.3442777050781256,1.3442777050781256,11.310475342046505
10.360495,11.686081,-1.3255859326171873,1.3255859326171873,12.794619683754421
25.086331,23.760988,1.3253427645263685,1.3253427645263685,5.2831271520777
25.000007,26.317062,-1.3170553779296874,1.3170553779296874,5.268220036596067
33.385467,34.6674,-1.2819333601074234,1.2819333601074234,3.839794603153473
33.496838,32.2191,1.2777370478515593,1.2777370478515593,3.814500484636027
4.951032,3.6778545,1.2731774620361325,1.2731774620361325,25.715395537948798
4.306978,5.5758142,-1.2688362471313477,1.2688362471313477,29.46001226618496
29.935883,31.196314,-1.260430858032226,1.260430858032226,4.2104348751898035
18.948861,17.68915,1.259711143432618,1.259711143432618,6.647951786790615
4.297931,5.544722,-1.2467910802307127,1.2467910802307127,29.00909949931033
5.784181,4.538453,1.2457278978881838,1.2457278978881838,21.536806989038674
22.956084,21.728455,1.2276294101562506,1.2276294101562506,5.347730083889321
13.361897,14.588066,-1.226169101074218,1.226169101074218,9.176609437006148
11.052613,9.83426,1.2183530131225577,1.2183530131225577,11.023212457647206
28.694701,27.486267,1.2084339101562485,1.2084339101562485,4.211348674279747
3.247542,2.0605967,1.186945295516968,1.186945295516968,36.54903602418133
12.229525,11.058062,1.1714634002685553,1.1714634002685553,9.578977108750964
31.080436,32.24269,-1.1622550400390637,1.1622550400390637,3.739506871896277
20.643456,21.802542,-1.1590857327880855,1.1590857327880855,5.614785299430826
24.235797,25.39289,-1.1570939301757797,1.1570939301757797,4.774317635070988
6.62879,5.4729667,1.1558233290100102,1.1558233290100102,17.436414926292336
3.406435,2.254169,1.1522660127258302,1.1522660127258302,33.82615586946482
29.418573,30.553692,-1.1351188640136733,1.1351188640136733,3.858510961798912
17.244894,18.373526,-1.1286316195068373,1.1286316195068373,6.544729236957286
24.473719,25.602287,-1.1285682924804696,1.1285682924804696,4.611347758286587
10.952837,9.833853,1.1189842320556647,1.1189842320556647,10.216387151981246
32.915335,31.796627,1.1187079553222645,1.1187079553222645,3.398743945090839
2.886315,3.999142,-1.1128269315338133,1.1128269315338133,38.55528351878634
17.20457,18.31056,-1.1059902264404293,1.1059902264404293,6.428467706161799
21.342328,20.237738,1.10459034436035,1.10459034436035,5.175585083104217
3.770795,2.6991215,1.0716735247802736,1.0716735247802736,28.420360288794623
16.640452,17.701015,-1.0605634724121096,1.0605634724121096,6.373405436377187
44.820807,43.786724,1.0340829094238302,1.0340829094238302,2.3071492430324225
4.106782,3.0849516,1.021830360824585,1.021830360824585,24.881534028339058
6.734293,5.7165666,1.0177264373474122,1.0177264373474122,15.11259515040851
14.992054,15.979302,-0.9872484063110356,0.9872484063110356,6.5851444125298
17.005498,16.020008,0.9854899128417962,0.9854899128417962,5.795125275578529
3.421848,2.4484715,0.9733764538269041,0.9733764538269041,28.445929035961214
85.87097,86.83274,-0.9617707836914065,0.9617707836914065,1.1200185390828663
38.522471,37.561546,0.9609246743164093,0.9609246743164093,2.4944523270947876
18.463516,19.419106,-0.9555895297851578,0.9555895297851578,5.1755555647146645
26.06229,27.017115,-0.9548246392822257,0.9548246392822257,3.663625258097282
36.665807,37.61803,-0.9522235480957022,0.9522235480957022,2.597034201628523
6.630018,5.6804433,0.9495747131042478,0.9495747131042478,14.322354978371484
8.03661,7.090284,0.9463261293029781,0.9463261293029781,11.775190401067153
4.292296,3.3550794,0.9372165875396732,0.9372165875396732,21.83485452815552
13.625208,12.692327,0.9328814542846686,0.9328814542846686,6.846731839086948
13.891756,14.823336,-0.9315796475830069,0.9315796475830069,6.70598913180091
6.742221,5.816511,0.9257098458251951,0.9257098458251951,13.730043049782337
11.685249,12.599085,-0.9138358541259759,0.9138358541259759,7.82042260390134
22.713679,23.619211,-0.905532196899415,0.905532196899415,3.986726222975276
25.783299,26.673851,-0.8905520131835942,0.8905520131835942,3.4539878437594056
69.928236,70.80977,-0.8815326767578142,0.8815326767578142,1.2606247878990593
25.432326,26.310396,-0.878070194458008,0.878070194458008,3.452575255816379
6.952267,6.082089,0.8701780527038574,0.8701780527038574,12.51646481200076
3.840031,4.6967473,-0.856716303009033,0.856716303009033,22.31014028237592
7.700989,8.554725,-0.85373569329834,0.85373569329834,11.086052626321813
12.250172,13.099703,-0.8495308350830086,0.8495308350830086,6.934848221527615
6.234662,7.0820103,-0.8473482691650389,0.8473482691650389,13.590925524935402
8.273879,9.106772,-0.8328934227905265,0.8328934227905265,10.066541011543194
16.133195,15.304301,0.8288937380981451,0.8288937380981451,5.137815157462657
15.863981,16.691057,-0.8270762052001945,0.8270762052001945,5.213547628397821
21.263639,22.090698,-0.8270592421874987,0.8270592421874987,3.8895470440577418
3.726167,2.9038916,0.8222754365844724,0.8222754365844724,22.067594838406464
8.008428,7.200463,0.8079651818542484,0.8079651818542484,10.08893607889288
2.933159,2.1274364,0.805722600540161,0.805722600540161,27.469448485836995
13.868171,13.062463,0.8057081932983401,0.8057081932983401,5.809765348960077
19.444623,20.2491,-0.8044767314453125,0.8044767314453125,4.137270912586864
6.930465,6.12692,0.8035447767639159,0.8035447767639159,11.594384745501515
2.71231,1.9138104,0.7984996276473999,0.7984996276473999,29.439836435288
3.403003,4.192958,-0.789954878112793,0.789954878112793,23.213464051885335
15.332985,14.554635,0.7783499520874031,0.7783499520874031,5.076310660202998
26.586686,27.358196,-0.7715102585449216,0.7715102585449216,2.9018669665787598
13.547412,14.317104,-0.7696923395996098,0.7696923395996098,5.681471410140389
10.281815,11.049584,-0.7677693887329102,0.7677693887329102,7.467255428399003
6.697496,5.935092,0.7624040276489259,0.7624040276489259,11.383418932053747
11.442026,12.203594,-0.7615682077636716,0.7615682077636716,6.655886009671851
24.483831,23.723366,0.7604652163085923,0.7604652163085923,3.1059894846745446
6.707085,5.9508586,0.7562264070129396,0.7562264070129396,11.275038366170469
16.842027,17.594746,-0.7527186359863265,0.7527186359863265,4.469287669363416
13.972513,13.225771,0.7467420496826165,0.7467420496826165,5.344364679977554
2.623447,1.8771058,0.7463411679000855,0.7463411679000855,28.4488753869103
10.453806,11.200061,-0.7462548444213866,0.7462548444213866,7.138594732045419
7.053139,6.3088923,0.7442467499389647,0.7442467499389647,10.551993232068908
26.108968,26.851582,-0.7426135734863273,0.7426135734863273,2.8442854328194165
10.072503,9.333266,0.7392367417602532,0.7392367417602532,7.33915633237254
29.286483,30.022446,-0.735962678710937,0.735962678710937,2.5129773305603957
9.496708,10.227162,-0.7304543611450196,0.7304543611450196,7.691658637259648
4.733068,4.0068865,0.7261815177612307,0.7261815177612307,15.342723107842271
7.844059,8.55902,-0.7149610424194339,0.7149610424194339,9.114682110503239
21.736425,21.0232,0.7132259185791021,0.7132259185791021,3.281247576709698
36.767755,36.05874,0.7090162915039073,0.7090162915039073,1.9283643820569925
10.097075,9.390111,0.7069640304565432,0.7069640304565432,7.001671577655326
7.059511,6.35273,0.7067812026367184,0.7067812026367184,10.011758642017934
16.758064,17.460915,-0.7028506118164053,0.7028506118164053,4.19410387627241
17.806674,18.508118,-0.701443675781249,0.701443675781249,3.939217822358683
4.033053,3.3369677,0.6960852933197019,0.6960852933197019,17.259512664535837
4.0657,4.756204,-0.6905041282653812,0.6905041282653812,16.983646807398422
8.1385,8.826206,-0.6877062072753901,0.6877062072753901,8.450036336756652
17.188724,16.50649,0.6822332926025396,0.6822332926025396,3.9690746829059016
10.409995,11.091075,-0.6810799435424801,0.6810799435424801,6.542557835387409
16.247001,15.5683775,0.6786235051879892,0.6786235051879892,4.1769155131080025
16.525528,15.856826,0.6687021714477552,0.6687021714477552,4.0464799154599405
24.549293,25.217667,-0.6683736259765638,0.6683736259765638,2.7225779006093633
7.886681,7.2197933,0.6668876802978518,0.6668876802978518,8.45587237888024
7.011441,6.3448043,0.6666367130432125,0.6666367130432125,9.50784172659664
20.017531,19.354305,0.6632257326660174,0.6632257326660174,3.313224456416249
8.242273,8.903463,-0.6611903636474601,0.6611903636474601,8.021942049716602
7.706025,8.366633,-0.6606084152221676,0.6606084152221676,8.572622269115335
13.680591,13.031387,0.6492036708984372,0.6492036708984372,4.745435857951544
2.260096,1.6114316,0.6486644013366698,0.6486644013366698,28.700745512932595
26.919278,26.281456,0.6378220063476547,0.6378220063476547,2.3693874937703954
6.964388,6.3285503,0.6358376612548824,0.6358376612548824,9.129842582661285
14.092165,14.727457,-0.6352920465087895,0.6352920465087895,4.508122396411633
35.563406,34.9349,0.6285076235351568,0.6285076235351568,1.767287485156482
28.812868,28.189888,0.6229799995117205,0.6229799995117205,2.1621589336735183
3.185482,2.566371,0.619111035949707,0.619111035949707,19.435395834296713
3.149441,2.5362957,0.6131453476104736,0.6131453476104736,19.468386535610772
16.060574,16.673082,-0.6125083516845713,0.6125083516845713,3.8137388594004027
1.888241,2.4999366,-0.6116955806579589,0.6116955806579589,32.394995163518
3.128868,2.517561,0.6113070411376955,0.6113070411376955,19.53764240351967
9.634371,10.240765,-0.6063936179199221,0.6063936179199221,6.29406546533892
13.109929,12.503702,0.6062268363037102,0.6062268363037102,4.624180926525888
9.22,8.617804,0.6021964263916022,0.6021964263916022,6.531414602874953
32.702337,32.10102,0.6013161870117187,0.6013161870117187,1.838756010036469
31.920357,32.518875,-0.5985181220703133,0.5985181220703133,1.8750358026022023
19.810223,20.400345,-0.5901218486328119,0.5901218486328119,2.9788753444614584
3.865426,4.455237,-0.5898109117736818,0.5898109117736818,15.258626390944316
12.950422,12.363442,0.586979579040527,0.586979579040527,4.53251314154855
7.320033,7.903965,-0.5839319963378911,0.5839319963378911,7.9771771019326545
8.19987,8.781081,-0.5812111996459954,0.5812111996459954,7.088053830596184
17.079364,17.660511,-0.5811470168457014,0.5811470168457014,3.402626800636714
45.987997,46.565372,-0.5773754670410156,0.5773754670410156,1.255491660225515
7.589185,8.165645,-0.5764596456909183,0.5764596456909183,7.595804367442914
9.32671,9.902952,-0.5762421942138669,0.5762421942138669,6.1784079724542575
14.728751,14.156515,0.5722358785400399,0.5722358785400399,3.8851622825055205
3.303698,2.7322776,0.5714203682403562,0.5714203682403562,17.29638629871919
8.43141,7.860579,0.5708309861755367,0.5708309861755367,6.770290926058233
8.283107,7.7140183,0.5690886551208489,0.5690886551208489,6.870473303242111
7.013227,6.446805,0.5664219996948239,0.5664219996948239,8.076481763484162
3.09912,2.5364265,0.562693455810547,0.562693455810547,18.156555918854075
20.772192,21.330389,-0.558197022827148,0.558197022827148,2.6872321554916345
16.580825,17.135393,-0.5545681427001945,0.5545681427001945,3.344635400812987
11.142417,10.59588,0.5465374452514649,0.5465374452514649,4.9050169747421934
2.662831,3.2088072,-0.5459762299957274,0.5459762299957274,20.503600490426308
5.358421,4.8127236,0.5456973633728026,0.5456973633728026,10.183921034995546
5.871735,6.414448,-0.542712784423828,0.542712784423828,9.242801053088826
21.767988,21.229307,0.5386808253173818,0.5386808253173818,2.4746468314614436
4.790271,5.326542,-0.5362709006347659,0.5362709006347659,11.195001297913436
8.16094,8.695632,-0.534691980895996,0.534691980895996,6.551843058390873
5.643978,5.110239,0.5337389710693357,0.5337389710693357,9.456786880811352
4.369219,3.8360589,0.5331601449432375,0.5331601449432375,12.20264182067859
12.564807,13.097385,-0.5325784064941406,0.5325784064941406,4.238651707820916
2.939666,2.4092765,0.5303895145568847,0.5303895145568847,18.042509405450897
6.623306,6.0934057,0.529900276428223,0.529900276428223,8.000540461519103
4.146137,4.6749897,-0.5288527003173824,0.5288527003173824,12.75531175898498
16.438989,15.910256,0.5287326141967768,0.5287326141967768,3.2163329155677425
6.492608,7.0188856,-0.5262776124877933,0.5262776124877933,8.105796815080895
2.758778,2.234237,0.5245410443572998,0.5245410443572998,19.013528610793845
4.235407,4.755975,-0.5205677695922848,0.5205677695922848,12.290855862966508
8.540231,9.0598545,-0.5196235074462887,0.5196235074462887,6.08441981768648
1.319652,1.838296,-0.5186440557937622,0.5186440557937622,39.301577670057
3.612337,3.0938623,0.5184747048492433,0.5184747048492433,14.352888582512938
2.628663,3.1470735,-0.51841050730896,0.51841050730896,19.721451828904602
11.512766,10.996301,0.516465302673339,0.516465302673339,4.48602275655436
20.821197,20.306751,0.5144457487792984,0.5144457487792984,2.470778931570685
4.085081,4.595623,-0.5105420163574221,0.5105420163574221,12.497720763552165
1.952107,1.4476476,0.5044594284362793,0.5044594284362793,25.841791890016147
6.913888,6.410882,0.5030060038452149,0.5030060038452149,7.275298700788031
4.180583,3.6777594,0.5028235910491947,0.5028235910491947,12.027594979866853
7.54184,8.0441,-0.5022598077392582,0.5022598077392582,6.659645494104867
7.965476,8.464553,-0.4990768793334963,0.4990768793334963,6.2654997557864816
4.169082,4.66519,-0.49610821987915,0.49610821987915,11.899699259147463
2.60822,3.1037374,-0.49551735427856425,0.49551735427856425,18.998295935909006
5.48111,5.9761252,-0.4950152403259276,0.4950152403259276,9.03129549155
13.591857,14.084686,-0.4928292792968758,0.4928292792968758,3.625915717721647
7.017029,6.524387,0.49264211721801754,0.49264211721801754,7.020665258915089
20.892806,21.38434,-0.4915342862548826,0.4915342862548826,2.352648496580737
3.316904,3.8070161,-0.4901121342620849,0.4901121342620849,14.776192927118442
4.073032,4.5627055,-0.4896735168151851,0.4896735168151851,12.022334143290864
11.426976,11.916564,-0.4895879877319338,0.4895879877319338,4.284493007840826
55.515236,56.002808,-0.4875716171874984,0.4875716171874984,0.8782663144701756
12.271136,11.783853,0.4872834227905276,0.4872834227905276,3.970972392340502
13.551266,14.033238,-0.481972410949707,0.481972410949707,3.5566596578220095
3.402777,3.8838449,-0.4810678524475098,0.4810678524475098,14.137507466206934
1.15851,1.6383336,-0.47982355903625495,0.47982355903625495,41.417299720748005
2.701838,2.222814,0.4790239169006347,0.4790239169006347,17.729557319236207
4.014037,4.492771,-0.47873414868164055,0.47873414868164055,11.926500644356643
7.839122,8.31732,-0.4781978699951175,0.4781978699951175,6.100145781492077
2.041917,1.5640345,0.47788253802490255,0.47788253802490255,23.403622086573495
14.638104,15.1158285,-0.47772451409912087,0.47772451409912087,3.263568246924993
4.32232,4.7996297,-0.47730968826293907,0.47730968826293907,11.042904927258883
6.708269,6.2332935,0.4749754666748043,0.4749754666748043,7.080447529276538
4.543165,5.0176115,-0.4744465036010741,0.4744465036010741,10.44308326003196
0.683568,1.157912,-0.47434401591491704,0.47434401591491704,69.39236708645295
11.468734,10.997347,0.4713871219482417,0.4713871219482417,4.110193173406337
8.79287,9.262058,-0.46918825805664,0.46918825805664,5.336008129897337
3.212009,3.6748426,-0.46283359605407703,0.46283359605407703,14.409473822759136
5.408816,4.947193,0.4616228542480467,0.4616228542480467,8.534637788372022
12.806932,13.268219,-0.46128699414062524,0.46128699414062524,3.601854012631779
3.693771,3.2379882,0.45578276643371574,0.45578276643371574,12.339226400915933
7.330571,6.8785725,0.45199853601074214,0.45199853601074214,6.165938997174656
11.849686,12.301376,-0.45169034277343734,0.45169034277343734,3.8118338559319254
4.898788,5.3492537,-0.45046565447998077,0.45046565447998077,9.19545108853017
5.520748,5.0760627,0.4446853207092287,0.4446853207092287,8.054802006923227
7.41529,7.8572483,-0.44195830627441435,0.44195830627441435,5.960094699849288
4.880977,5.3227153,-0.44173828244018587,0.44173828244018587,9.050202089277121
3.79982,4.2406797,-0.44085974090576174,0.44085974090576174,11.602121702979606
7.642567,8.081387,-0.4388195661621097,0.4388195661621097,5.741782390083959
37.802277,37.363533,0.4387439799804653,0.4387439799804653,1.160628445686763
6.972483,6.535804,0.4366792051391606,0.4366792051391606,6.262893794547762
21.442009,21.87707,-0.4350604732666028,0.4350604732666028,2.0290098435485864
1.713978,2.148655,-0.4346769377441406,0.4346769377441406,25.36070694715918
8.178488,8.612976,-0.43448807421875024,0.43448807421875024,5.3125721308564335
1.941261,2.3739681,-0.43270712438964853,0.43270712438964853,22.290002445181692
8.46445,8.894958,-0.43050754241943423,0.43050754241943423,5.086066341160361
1.654729,2.0830393,-0.4283102837524415,0.4283102837524415,25.884013861276227
14.286949,14.712892,-0.4259425786743165,0.4259425786743165,2.9813403734508688
6.941219,7.363625,-0.4224060495910642,0.4224060495910642,6.085473597432651
6.018568,5.596961,0.4216069785766603,0.4216069785766603,7.005104512728861
2.602051,3.0219662,-0.41991521894836437,0.41991521894836437,16.13785505865283
0.571274,0.99101794,-0.41974393766021734,0.41974393766021734,73.47506408251422
2.772451,3.191693,-0.41924206755065896,0.41924206755065896,15.12171243190726
2.917101,3.3352559,-0.41815486128234847,0.41815486128234847,14.33460347338038
11.631014,11.215083,0.41593087774658244,0.41593087774658244,3.5760500137219884
8.283717,8.698745,-0.41502777386474676,0.41502777386474676,5.010163599984604
2.7529,3.1667771,-0.4138771339416505,0.4138771339416505,15.034223325461015
6.639694,7.053232,-0.41353819299316363,0.41353819299316363,6.2282718599220885
8.62341,9.035521,-0.4121105535888674,0.4121105535888674,4.778974368423726
34.837966,34.429817,0.4081488002929703,0.4081488002929703,1.171563231595664
11.209522,11.616253,-0.4067308991699221,0.4067308991699221,3.628441062574244
6.264715,5.858313,0.40640191635131817,0.40640191635131817,6.487157298374005
27.278244,27.684595,-0.40635110803222574,0.40635110803222574,1.4896527358239633
4.880709,4.477258,0.40345079458618205,0.40345079458618205,8.266233339826567
2.297933,2.7009182,-0.40298519763183593,0.40298519763183593,17.536855844548082
1.091663,1.4925059,-0.4008429080123901,0.4008429080123901,36.71855764788873
7.762839,7.363352,0.39948717810058554,0.39948717810058554,5.1461479246888855
6.250411,5.85507,0.39534088586425753,0.39534088586425753,6.325038239212309
1.313934,1.7073209,-0.39338692857360846,0.39338692857360846,29.939626232647065
13.521691,13.913254,-0.39156278417968693,0.39156278417968693,2.895812248459095
7.978926,8.369412,-0.3904864221801754,0.3904864221801754,4.8939722235208265
10.935502,10.545669,0.3898333980102535,0.3898333980102535,3.564842272505539
2.57901,2.9686437,-0.3896336653137209,0.3896336653137209,15.107877259049522
3.230445,3.6174152,-0.386970189743042,0.386970189743042,11.978850893021336
5.521737,5.9070034,-0.38526640270996104,0.38526640270996104,6.9772682527795835
5.764443,6.145083,-0.38063995059204103,0.38063995059204103,6.603239039495018
3.00881,3.387749,-0.37893895668029787,0.37893895668029787,12.594313255662657
4.72125,4.346725,0.3745250129699711,0.3745250129699711,7.93275113501802
37.098192,36.72637,0.37182023486327864,0.37182023486327864,1.0022597189164268
7.477993,7.1070023,0.3709907416992184,0.3709907416992184,4.96110041416537
5.715063,6.0859504,-0.3708873746032717,0.3708873746032717,6.489646301305552
32.9091,33.279774,-0.3706737121582009,0.3706737121582009,1.1263562727545708
7.05533,6.685295,0.3700348950195309,0.3700348950195309,5.244756730220786
1.57947,1.2102284,0.369241556854248,0.369241556854248,23.377560626721017
7.694297,8.063351,-0.36905367749023466,0.36905367749023466,4.796457395463656
4.173854,4.5403147,-0.366460674377441,0.366460674377441,8.779911189242869
3.679886,4.046118,-0.3662317825927732,0.3662317825927732,9.952258917336595
30.686195,31.052143,-0.3659480969238267,0.3659480969238267,1.1925496038939796
3.744218,3.3787014,0.3655165515594483,0.3655165515594483,9.762159990408842
18.996777,18.632689,0.3640884776611344,0.3640884776611344,1.9165802581101934
7.121422,6.7576704,0.36375159747314445,0.36375159747314445,5.107850615621945
0.965509,1.3282958,-0.3627868269119263,0.3627868269119263,37.57467065292521
1.459035,1.8214443,-0.36240927299499504,0.36240927299499504,24.83897048187028
6.446392,6.807254,-0.3608618375854489,0.3608618375854489,5.597888517791827
5.751458,5.3912177,0.3602402914123539,0.3602402914123539,6.263460350507478
2.898119,3.2577834,-0.3596644129333497,0.3596644129333497,12.41027069354086
16.475844,16.834343,-0.35849895654297015,0.35849895654297015,2.1759064758126763
1.397435,1.7558271,-0.35839206928253176,0.35839206928253176,25.646421426176197
4.560666,4.9185567,-0.3578906902160641,0.3578906902160641,7.847333924655231
0.963035,1.3208232,-0.3577881925964356,0.3577881925964356,37.152148422360916
3.734476,4.092246,-0.35777005560302744,0.35777005560302744,9.580194265365401
1.294566,1.650602,-0.35603598307037343,0.35603598307037343,27.50234310516969
14.744232,15.099435,-0.35520285260009743,0.35520285260009743,2.409097012293949
3.884258,4.235577,-0.3513191064758301,0.3513191064758301,9.04469029778108
52.505805,52.85703,-0.35122396118163834,0.35122396118163834,0.6689240574084511
3.374375,3.7249618,-0.350586757659912,0.350586757659912,10.389679796985288
4.111783,4.462243,-0.3504600801391602,0.3504600801391602,8.523311666268304
4.983742,5.3329897,-0.34924769268798794,0.34924769268798794,7.007740221724563
4.954673,5.303702,-0.3490288775939945,0.3490288775939945,7.044438201813723
0.71706,1.0649987,-0.3479387459182739,0.3479387459182739,48.52296124030777
7.520355,7.172997,0.3473580021667484,0.3473580021667484,4.618904322497136
21.420093,21.072895,0.34719794995117326,0.34719794995117326,1.6208984244351898
6.325368,5.9794297,0.3459382781677247,0.3459382781677247,5.469061691940384
0.965685,1.3112676,-0.345582614364624,0.345582614364624,35.78626719156223
8.141405,8.485048,-0.34364329406738214,0.34364329406738214,4.220933537431945
4.010955,3.6687782,0.34217681892395024,0.34217681892395024,8.53105604314731
17.236936,17.577875,-0.3409391373291015,0.3409391373291015,1.9779567396846145
2.004819,2.3449562,-0.3401371595916749,0.3401371595916749,16.965978453651374
7.097527,6.7576704,0.3398565974731449,0.3398565974731449,4.788380480530141
1.1829,1.5216551,-0.33875508270263666,0.33875508270263666,28.637677121819173
0.984278,1.3208232,-0.33654519259643556,0.33654519259643556,34.1920872520003
2.328425,1.9942704,0.3341545560836794,0.3341545560836794,14.35109810577228
1.963714,2.296628,-0.3329139983520508,0.3329139983520508,16.953283336325836
15.368272,15.037466,0.33080595080566333,0.33080595080566333,2.152525350953645
7.579537,7.2522774,0.32725962573242207,0.32725962573242207,4.317673041613285
5.186087,4.858879,0.3272079106445309,0.3272079106445309,6.3093409470034265
19.401877,19.07483,0.32704789843749893,0.32704789843749893,1.685650818401814
7.170811,6.8442707,0.3265402938232418,0.3265402938232418,4.553742858634652
8.75025,9.076433,-0.3261831817626959,0.3261831817626959,3.7277012857800433
0.10821,0.4340069,-0.3257968995952606,0.3257968995952606,301.07836548764647
1.524916,1.8479517,-0.3230356506195069,0.3230356506195069,21.18383246016981
56.461871,56.783394,-0.3215228598632791,0.3215228598632791,0.5694513025661329
8.758455,9.079397,-0.3209422015380863,0.3209422015380863,3.664370046251558
1.95743,2.278338,-0.3209079554748535,0.3209079554748535,16.394351545570423
3.378772,3.6992772,-0.3205051625518798,0.3205051625518798,9.485847596179733
9.551011,9.230541,0.32046977075195393,0.32046977075195393,3.3553491954788717
1.156494,1.4753648,-0.3188708042678834,0.3188708042678834,27.572197023098365
0.791781,1.109917,-0.31813604463958745,0.31813604463958745,40.17980282419099
2.139422,2.4554565,-0.316034495285034,0.316034495285034,14.771956877617509
12.722199,13.036587,-0.31438776147460956,0.31438776147460956,2.471174688213401
1.939614,2.253963,-0.3143489936218262,0.3143489936218262,16.206781019605934
6.033943,6.348216,-0.31427305682373063,0.31427305682373063,5.208419383784737
3.757536,4.07173,-0.3141941368713379,0.3141941368713379,8.361706630700976
8.037658,7.7250075,0.3126504659729008,0.3126504659729008,3.889820467218324
3.503892,3.191725,0.3121669843597412,0.3121669843597412,8.909149721248031
0.083047,0.39513385,-0.3120868529586792,0.3120868529586792,375.79545628726356
0.127616,0.43806496,-0.31044896262550353,0.31044896262550353,243.26805602920905
0.196027,0.5060919,-0.3100648927192688,0.3100648927192688,158.17458439964608
0.046902,0.35489258,-0.3079905817012787,0.3079905817012787,656.6683319359736
3.355748,3.0489216,0.30682641491699236,0.30682641491699236,9.143309178992256
1.794214,2.0994287,-0.30521465371704104,0.30521465371704104,17.011050727506863
20.913668,21.217121,-0.30345312426757687,0.30345312426757687,1.4509799250237974
1.807645,1.5046687,0.30297628738403315,0.30297628738403315,16.760828999459093
21.878985,22.181679,-0.3026937719726561,0.3026937719726561,1.383490925064726
12.044811,12.3471,-0.3022892578735359,0.3022892578735359,2.5097052819759993
0.130637,0.43269357,-0.30205657085227966,0.30205657085227966,231.21823879992758
8.216461,8.516435,-0.2999736694946282,0.2999736694946282,3.650886549464268
0.271646,0.57149684,-0.299850844291687,0.299850844291687,110.38294110029379
2.657202,2.9570403,-0.299838309906006,0.299838309906006,11.28398630946093
8.560483,8.859099,-0.298616388122559,0.298616388122559,3.488312378157525
8.086399,8.383612,-0.2972126790771483,0.2972126790771483,3.675463937328258
5.325581,5.6222687,-0.2966876767578128,0.2966876767578128,5.570991723762005
1.170462,1.467113,-0.2966510180358888,0.2966510180358888,25.344779925409284
1.122993,1.4186486,-0.2956556005783082,0.2956556005783082,26.327466026233537
0.137303,0.43269357,-0.29539057085227965,0.29539057085227965,215.13773962487483
0.186895,0.4815268,-0.2946317920494079,0.2946317920494079,157.64562556074924
7.401735,7.6960306,-0.2942956167602535,0.2942956167602535,3.976035574852078
3.976851,4.270991,-0.29413984854125985,0.29413984854125985,7.396300453144048
8.935874,9.228049,-0.29217527825927725,0.29217527825927725,3.2696888771709127
1.572076,1.8629608,-0.29088481542968747,0.29088481542968747,18.50322855963606
6.089249,5.798441,0.2908080667724606,0.2908080667724606,4.775762442424097
1.281513,1.5715115,-0.28999850703430186,0.28999850703430186,22.629384720379154
0.065144,0.35489258,-0.2897485817012787,0.2897485817012787,444.7816855834721
0.143132,0.43269357,-0.2895615708522796,0.2895615708522796,202.30386681523052
1.411831,1.7012869,-0.28945591196441645,0.28945591196441645,20.502164348559727
7.258285,7.5471983,-0.28891329559326184,0.28891329559326184,3.9804622660763718
1.808166,2.096778,-0.2886119159545899,0.2886119159545899,15.961582948613588
4.313276,4.6015477,-0.2882717180480956,0.2882717180480956,6.683358960600069
9.113052,8.824787,0.2882648601074216,0.2882648601074216,3.1632087702808938
1.179667,1.467113,-0.28744601803588865,0.28744601803588865,24.366708402584962
2.256015,2.5431304,-0.28711539779663076,0.28711539779663076,12.72666173690796
3.289061,3.0032017,0.2858592769012449,0.2858592769012449,8.691212382274264
2.651487,2.3658524,0.2856346440429687,0.2856346440429687,10.772620949384102
1.076472,1.3613331,-0.28486113179016104,0.28486113179016104,26.462474803218157
1.496509,1.7799999,-0.28349085218048087,0.28349085218048087,18.9434779317423
3.119145,3.402271,-0.28312603233337397,0.28312603233337397,9.077039776102005
0.035315,0.31725585,-0.28194085460662843,0.28194085460662843,798.3600560902404
3.078797,3.3602746,-0.2814775532989504,0.2814775532989504,9.142452499785078
5.861641,5.5807886,0.280852387634277,0.280852387634277,4.791361115931283
3.788065,4.0688887,-0.28082366424560545,0.28082366424560545,7.413380294113011
0.156631,0.43675163,-0.2801206338825226,0.2801206338825226,178.84111938484816
0.264868,0.5449437,-0.2800756902999878,0.2800756902999878,105.74161098896289
9.558897,9.27902,0.2798766905517578,0.2798766905517578,2.9279182582345
0.843244,1.1228365,-0.2795924706039429,0.2795924706039429,33.156769638537135
7.858162,8.13773,-0.27956764477539053,0.27956764477539053,3.557672198305823
0.860253,1.139785,-0.27953205134582515,0.27953205134582515,32.49416756620796
0.463431,0.74295914,-0.2795281417312622,0.2795281417312622,60.31710042507841
3.92766,4.206029,-0.2783689382934571,0.2783689382934571,7.087399069328041
0.158677,0.43675163,-0.27807463388252257,0.27807463388252257,175.2457090235364
6.935983,7.2140174,-0.27803439120483375,0.27803439120483375,4.008579478940839
0.690644,0.96789783,-0.2772538323936462,0.2772538323936462,40.144246870095444
17.229156,17.505024,-0.27586795629882843,0.27586795629882843,1.6011692987005708
18.985333,18.710197,0.27513555126953193,0.27513555126953193,1.4492005553343876
5.554253,5.8280687,-0.2738157332153319,0.2738157332153319,4.929839047850396
4.130802,4.404476,-0.2736741657714843,0.2736741657714843,6.625206576467694
0.043719,0.31725585,-0.2735368546066284,0.2735368546066284,625.6704270018939
2.971986,3.2436728,-0.27168684774780294,0.27168684774780294,9.141592448237017
7.691002,7.9624104,-0.27140844998168934,0.27140844998168934,3.5289088467037253
3.856867,4.128179,-0.2713120733337404,0.2713120733337404,7.03451981431317
4.070836,4.342115,-0.2712789253845216,0.2712789253845216,6.663961048243104
0.460981,0.731341,-0.2703600043716431,0.2703600043716431,58.648838957135816
2.194646,2.4649823,-0.2703362711944579,0.2703362711944579,12.317989834448923
1.158972,1.4274646,-0.2684926043777467,0.2684926043777467,23.16644443132192
0.913224,1.1814995,-0.26827548120117184,0.26827548120117184,29.37674449771306
1.67507,1.4072938,0.2677762034606934,0.2677762034606934,15.98597094119693
4.140898,4.4086576,-0.2677595508117676,0.2677595508117676,6.466219424030763
2.017439,2.282055,-0.2646159011230469,0.2646159011230469,13.11642637571349
0.249562,0.51350033,-0.2639383328323364,0.2639383328323364,105.76062570686875
10.219058,10.482552,-0.26349357470703083,0.26349357470703083,2.5784526783628428
5.495515,5.758729,-0.26321398101806626,0.26321398101806626,4.7896144585771605
7.810619,7.5474715,0.26314747671508787,0.26314747671508787,3.3690988731074802
3.96002,4.2228546,-0.2628346142578124,0.2628346142578124,6.637204212382139
4.31931,4.581635,-0.26232499832153344,0.26232499832153344,6.073307966213588
0.585814,0.8480145,-0.26220047391510015,0.26220047391510015,44.75831473306235
0.787195,1.0492336,-0.26203855579376223,0.26203855579376223,33.287629591203526
9.120879,8.858889,0.2619903739013676,0.2619903739013676,2.8724246193650322
24.73363,24.472599,0.26103097045898593,0.26103097045898593,1.0553686234407589
2.164006,1.9033337,0.2606723360595704,0.2606723360595704,12.045823165348182
0.93184,1.1917515,-0.25991148010253906,0.25991148010253906,27.89228623740629
0.422174,0.6816518,-0.259477771068573,0.259477771068573,61.462281193799406
3.565421,3.8237655,-0.25834451628112776,0.25834451628112776,7.245834819334992
11.900318,12.157756,-0.2574378517456051,0.2574378517456051,2.1632854831563475
8.088519,8.345744,-0.2572251329956057,0.2572251329956057,3.18012646063421
14.233448,14.490371,-0.2569227504272469,0.2569227504272469,1.8050633298793226
5.598619,5.85525,-0.25663088174438453,0.25663088174438453,4.583824720699885
10.686044,10.942675,-0.25663063684081955,0.25663063684081955,2.401549505489758
5.354783,5.610658,-0.2558751687927243,0.2558751687927243,4.778441419343153
3.566769,3.822162,-0.25539291291809096,0.25539291291809096,7.160343518487758
0.461038,0.716406,-0.255367987739563,0.255367987739563,55.38979166233005
0.181431,0.43675163,-0.2553206338825226,0.2553206338825226,140.7260246274322
0.014868,0.26990205,-0.2550340504951477,0.2550340504951477,1715.3218239159667
3.799068,3.5441434,0.2549245616607667,0.2549245616607667,6.710186857778185
0.815238,1.070133,-0.2548949708099365,0.2548949708099365,31.266326002795523
12.554045,12.808286,-0.25424071319580044,0.25424071319580044,2.025169681913481
0.374392,0.120272145,0.2541198553247452,0.2541198553247452,67.87534329175566
3.815186,4.0687914,-0.25360538946533184,0.25360538946533184,6.64726148236769
0.586906,0.8403831,-0.25347711243057247,0.25347711243057247,43.18870694581138
0.40533,0.65745425,-0.25212425224304197,0.25212425224304197,62.20221848391181
3.487023,3.738855,-0.25183188510131815,0.25183188510131815,7.221973732151929
8.803776,9.055205,-0.25142934515380944,0.25142934515380944,2.855926197474283
4.962274,4.7120175,0.2502564638366698,0.2502564638366698,5.0431810865668965
6.658183,6.9081273,-0.24994430789184552,0.24994430789184552,3.7539416968276713
0.021045,0.26990205,-0.2488570504951477,0.2488570504951477,1182.4996403547066
0.67712,0.9259654,-0.2488454283523559,0.2488454283523559,36.7505653821487
3.636633,3.8854609,-0.24882785357666037,0.24882785357666037,6.842259132824735
4.838335,4.5899153,0.24841972442626936,0.24841972442626936,5.13440521214705
63.993261,64.24151,-0.2482474838867219,0.2482474838867219,0.3879275411302043
0.022125,0.26990205,-0.2477770504951477,0.2477770504951477,1119.8962683627183
0.022639,0.26990205,-0.2472630504951477,0.2472630504951477,1092.1995203098556
5.119254,4.8726406,0.2466133902587888,0.2466133902587888,4.8173696842151505
0.219078,0.4654934,-0.24641541082572938,0.24641541082572938,112.47839158347756
0.163532,0.40987858,-0.24634658176231383,0.24634658176231383,150.64120882253783
0.225516,0.47184086,-0.24632485845947266,0.24632485845947266,109.22722039688777
0.440733,0.6869929,-0.246259883682251,0.246259883682251,55.87507257826755
3.039201,3.2850018,-0.24580075476074237,0.24580075476074237,8.087676818764363
0.045647,0.29043838,-0.24479138381767274,0.24479138381767274,536.2704740320333
1.307155,1.5516841,-0.24452914115905755,0.24452914115905755,18.706973629014964
6.139716,6.384158,-0.24444213446044927,0.24444213446044927,3.981326407548296
0.065917,0.30937496,-0.24345795827674865,0.24345795827674865,369.34016703947157
0.028108,0.26990205,-0.2417940504951477,0.2417940504951477,860.2321390170612
25.687496,25.928055,-0.24055880957031306,0.24055880957031306,0.9364821295519681
6.310528,6.551009,-0.2404811781616214,0.2404811781616214,3.8107932990363182
0.030667,0.26990205,-0.2392350504951477,0.2392350504951477,780.1058131380373
3.919896,4.1578627,-0.23796666326904292,0.23796666326904292,6.070739204891461
0.032271,0.26990205,-0.2376310504951477,0.2376310504951477,736.3609735018646
0.41871,0.6561421,-0.23743211559295652,0.23743211559295652,56.70562335178306
5.76741,6.004674,-0.2372639578247071,0.2372639578247071,4.1138736074007785
5.486574,5.2500176,0.23655635702514655,0.23655635702514655,4.311549557535085
0.909818,1.1456021,-0.23578410704803465,0.23578410704803465,25.915524535909285
0.034135,0.26990205,-0.2357670504951477,0.2357670504951477,690.6900536237225
41.434499,41.67025,-0.23575093896484134,0.23575093896484134,0.5689725823987213
7.555493,7.790373,-0.23487984851074195,0.23487984851074195,3.108729615759464
0.840864,1.0749285,-0.2340645221099854,0.2340645221099854,27.836192545066652
3.703011,3.9368677,-0.2338567139282226,0.2338567139282226,6.315312428775051
45.298009,45.064503,0.2335062839355473,0.2335062839355473,0.5154890669367649
1.676148,1.443264,0.2328839924316406,0.2328839924316406,13.893999361497112
0.076596,0.30937496,-0.23277895827674866,0.23277895827674866,303.90484878171685
0.146931,0.3792045,-0.23227351164245605,0.23227351164245605,158.08339389534723
2.128065,1.8968116,0.23125339550018298,0.23125339550018298,10.866838911843207
14.952833,15.182585,-0.22975176257324215,0.22975176257324215,1.536509921375472
3.871708,4.1013985,-0.2296904680175782,0.2296904680175782,5.932535925014119
0.040514,0.26990205,-0.2293880504951477,0.2293880504951477,566.1945251738983
3.979602,4.208918,-0.2293160946350099,0.2293160946350099,5.76228714904776
1.190958,1.4199934,-0.2290354005737305,0.2290354005737305,19.23119039919958
10.022391,10.250568,-0.2281773898925774,0.2281773898925774,2.2766761932387265
8.565327,8.793482,-0.22815482678222665,0.22815482678222665,2.663702469030814
0.607054,0.8344046,-0.22735058774566652,0.22735058774566652,37.451460283305124
3.543323,3.7704358,-0.22711281008911133,0.22711281008911133,6.409599409444235
0.947704,1.1747591,-0.2270551495513916,0.2270551495513916,23.95844583619286
4.822767,4.595712,0.22705481509399394,0.22705481509399394,4.7079781189778815
0.930058,1.1570174,-0.22695935019683833,0.22695935019683833,24.402709311939212
0.057152,0.28342503,-0.22627303309249877,0.22627303309249877,395.9144609052777
3.392511,3.6179316,-0.22542060438537614,0.22542060438537614,6.6446536025596235
3.493938,3.7188282,-0.22489020129394532,0.22489020129394532,6.436582483361432
0.045277,0.26990205,-0.2246250504951477,0.2246250504951477,496.1129270910943
0.489136,0.7135652,-0.22442917076492308,0.22442917076492308,45.88277508076287
0.238497,0.46161634,-0.22311933729934694,0.22311933729934694,93.55226154031064
3.249734,3.4728026,-0.22306863900756824,0.22306863900756824,6.864212240161933
5.452141,5.2291546,0.22298641320800794,0.22298641320800794,4.089887132484615
4.830876,5.0535536,-0.22267758123779302,0.22267758123779302,4.609465886377203
1.270512,1.4928712,-0.22235916527557364,0.22235916527557364,17.501539950671233
3.019609,3.2410958,-0.22148678132629396,0.22148678132629396,7.334949038731803
0.659907,0.8811691,-0.2212620807342529,0.2212620807342529,33.52928226261028
16.874474,16.65394,0.22053379919433524,0.22053379919433524,1.3069076949778011
6.478039,6.2576075,0.22043153997802722,0.22043153997802722,3.402751048189498
8.391807,8.611996,-0.22018869702148436,0.22018869702148436,2.623853206095666
10.165246,10.385199,-0.21995259313964866,0.21995259313964866,2.163770489543341
22.510415,22.290476,0.21993915466308422,0.21993915466308422,0.9770550861106169
1.804531,2.0243206,-0.21978960241699208,0.21978960241699208,12.17987401739356
12.271945,12.491695,-0.21975040405273383,0.21975040405273383,1.7906729866450928
6.059279,5.840262,0.21901706381225594,0.21901706381225594,3.6145730178234303
1.114713,1.3337182,-0.21900518065643304,0.21900518065643304,19.646777299339494
0.524561,0.7431254,-0.21856437908554072,0.21856437908554072,41.66615113282812
0.051476,0.26990205,-0.2184260504951477,0.2184260504951477,424.32599671851295
2.67864,2.89651,-0.21786988578796374,0.21786988578796374,8.133600848931925
0.20457,0.42103523,-0.21646523015975952,0.21646523015975952,105.81474803438664
0.440829,0.65699434,-0.21616534280395505,0.21616534280395505,49.036098522311136
5.296589,5.5124836,-0.21589459680175782,0.21589459680175782,4.076106278921807
9.089766,9.305378,-0.215611960205079,0.215611960205079,2.372029821259502
2.330353,2.5458574,-0.2155044295043944,0.2155044295043944,9.247716096880888
5.649224,5.864579,-0.21535520074462866,0.21535520074462866,3.8121200494230094
4.169784,4.3846116,-0.21482760659790046,0.21482760659790046,5.152008031896819
10.172845,10.387544,-0.21469867828369082,0.21469867828369082,2.11050771226319
0.231315,0.4457117,-0.21439670210838319,0.21439670210838319,92.6860350672015
3.813686,4.0280757,-0.21438969503784167,0.21438969503784167,5.62158748864537
0.40596,0.6203246,-0.21436461166381837,0.21436461166381837,52.80436782220268
0.055778,0.26990205,-0.2141240504951477,0.2141240504951477,383.88620981616674
9.637345,9.850785,-0.21344025543212908,0.21344025543212908,2.214720500614167
8.735129,8.948498,-0.2133687722167963,0.2133687722167963,2.4426516450341333
1.401326,1.6137264,-0.21240037748718255,0.21240037748718255,15.157099595099602
0.115409,0.32774436,-0.21233536473846437,0.21233536473846437,183.98510042932466
0.058571,0.26990205,-0.21133105049514772,0.21133105049514772,360.8117500714278
3.572438,3.7836235,-0.21118545695495605,0.21118545695495605,5.911521962005906
2.077487,2.2879338,-0.21044682644653312,0.21044682644653312,10.12987452804293
0.710679,0.9209405,-0.21026151837921148,0.21026151837921148,29.58600413824321
3.335694,3.545438,-0.20974405122375472,0.20974405122375472,6.287868468074914
11.916002,12.125306,-0.20930412945556576,0.20930412945556576,1.7564962598513263
0.167609,0.37644508,-0.20883608481025695,0.20883608481025695,124.5971783649206
0.368994,0.5777567,-0.20876270289993287,0.20876270289993287,56.57617816098818
4.606492,4.8152394,-0.2087474294738767,0.2087474294738767,4.531592141467848
1.097754,1.3064581,-0.20870411557769786,0.20870411557769786,19.011920298963698
1.186513,1.3949945,-0.2084814972991944,0.2084814972991944,17.570940839385955
3.808475,3.600029,0.2084460083007813,0.2084460083007813,5.473214562135976
0.937772,1.1460572,-0.2082852481155395,0.2082852481155395,22.210649080301913
0.54966,0.75769436,-0.20803436359405514,0.20803436359405514,37.847826575739056
0.962732,1.1706035,-0.20787151371765134,0.20787151371765134,21.591835910311435
4.509922,4.7174144,-0.20749237911987262,0.20749237911987262,4.600797510805548
0.555459,0.76181054,-0.20635154115295407,0.20635154115295407,37.149734024618255
3.55102,3.7572927,-0.20627274749755875,0.20627274749755875,5.808830913139039
6.374744,6.1685467,0.20619732336425756,0.20619732336425756,3.234597708724036
0.48188,0.6880209,-0.20614088499069216,0.20614088499069216,42.77846869509291
3.420346,3.625862,-0.20551588316345226,0.20551588316345226,6.008628459151315
0.478278,0.6837927,-0.20551471030426027,0.20551471030426027,42.96971850289801
5.959379,6.1647034,-0.2053243691406248,0.2053243691406248,3.445398742674017
2.165939,1.9607902,0.2051488426818846,0.2051488426818846,9.471589120118942
0.065613,0.26990205,-0.2042890504951477,0.2042890504951477,311.3545336805102
1.355285,1.5589992,-0.20371418079376213,0.20371418079376213,15.031095362136455
4.059147,3.8557081,0.20343887774658231,0.20343887774658231,5.0118627815541155
0.289021,0.49221513,-0.20319412675285342,0.20319412675285342,70.30427778000531
15.308801,15.105893,0.2029078649292,0.2029078649292,1.3254327685615257
0.607294,0.8101454,-0.20285137811279297,0.20285137811279297,33.40249995544011
0.067438,0.26990205,-0.2024640504951477,0.2024640504951477,300.2225009563232
3.827215,4.029504,-0.20228882232666034,0.20228882232666034,5.285535887619975
0.36464,0.56648254,-0.20184254394531248,0.20184254394531248,55.35392274296801
0.870769,1.0726099,-0.20184090142822264,0.20184090142822264,23.179614961607843
14.791946,14.590131,0.2018151940307611,0.2018151940307611,1.364358645099142
12.158622,12.360188,-0.20156553051757875,0.20156553051757875,1.6577991364146443
0.11187,0.31343302,-0.20156302130699158,0.20156302130699158,180.17611614089165
3.413778,3.6150448,-0.20126683222961406,0.20126683222961406,5.895721169440963
8.274613,8.073355,0.2012582789306645,0.2012582789306645,2.4322379660321545
1.903632,2.103935,-0.20030300328063966,0.20030300328063966,10.522149410711604
4.979392,4.7790914,0.20030064181518537,0.20030064181518537,4.022592352864823
3.728451,3.928295,-0.1998438970794676,0.1998438970794676,5.359971126725485
23.359796,23.160078,0.19971795129394465,0.19971795129394465,0.8549644495743444
5.258035,5.4573426,-0.19930762466430707,0.19930762466430707,3.7905343851936424
0.070951,0.26990205,-0.19895105049514772,0.19895105049514772,280.40626659911976
1.832621,2.031549,-0.1989279768981933,0.1989279768981933,10.854834517739263
0.899504,1.0981967,-0.19869274491882327,0.19869274491882327,22.08914522856309
32.220018,32.41852,-0.19850388110351247,0.19850388110351247,0.6160886722747838
12.215556,12.017739,0.19781670404052676,0.19781670404052676,1.6193835470027511
1.230205,1.4277103,-0.19750529472351075,0.19750529472351075,16.054665255583913
1.856099,1.6590526,0.19704638960266108,0.19704638960266108,10.616157305835785
2.572028,2.3754005,0.19662745678710936,0.19662745678710936,7.644841221769923
10.969553,10.773351,0.1962022843627924,0.1962022843627924,1.7886078344395966
2.441164,2.636845,-0.19568111184692372,0.19568111184692372,8.015893722785844
1.830314,2.0257864,-0.1954723998413086,0.1954723998413086,10.679719426864946
0.831146,1.0261918,-0.19504583063507075,0.19504583063507075,23.467096107254758
1.235463,1.4304813,-0.19501831465911867,0.19501831465911867,15.785038859385805
1.197984,1.3927673,-0.19478331014251715,0.19478331014251715,16.25925806406913
1.393356,1.1985875,0.19476846318817143,0.19476846318817143,13.97837043614073
1.563798,1.7583692,-0.19457120738220213,0.19457120738220213,12.442221269611542
6.558389,6.752909,-0.19452018350219724,0.19452018350219724,2.965975081673735
2.860745,3.0551608,-0.1944157608795165,0.1944157608795165,6.795983594228794
1.19707,1.3914223,-0.19435227172851555,0.19435227172851555,16.235664724057898
3.160329,3.3542025,-0.19387350892639166,0.19387350892639166,6.1345989268920125
2.134354,2.3281786,-0.19382464418029777,0.19382464418029777,9.081185415878368
0.076797,0.26990205,-0.1931050504951477,0.1931050504951477,251.44868971925857
1.344409,1.5374758,-0.19306682435607914,0.19306682435607914,14.360720907232727
0.087831,0.2798075,-0.19197650799179078,0.19197650799179078,218.57488560214034
10.456746,10.64863,-0.1918841422119133,0.1918841422119133,1.8350272848750298
3.638095,3.446744,0.19135103485107408,0.19135103485107408,5.259649207780842
0.202583,0.39386967,-0.19128666824531554,0.19128666824531554,94.42385005202395
0.464127,0.6550795,-0.19095248398590087,0.19095248398590087,41.14229164533814
0.113132,0.30405343,-0.19092142578887938,0.19092142578887938,168.75987838995115
1.737407,1.9270712,-0.18966421372222908,0.18966421372222908,10.916510277172394
7.032767,7.222344,-0.18957692166137718,0.18957692166137718,2.695623524264085
15.597993,15.409586,0.1884070472412116,0.1884070472412116,1.2078928823727753
1.333226,1.5209489,-0.18772288687133787,0.18772288687133787,14.080349982467903
0.082611,0.26990205,-0.18729105049514772,0.18729105049514772,226.71442092267773
6.367966,6.555134,-0.1871678195800781,0.1871678195800781,2.9392088396379457
2.956923,2.7699516,0.18697141804504414,0.18697141804504414,6.3231750721517255
0.488771,0.6757065,-0.18693550577545165,0.18693550577545165,38.24603050041954
6.011681,6.1981883,-0.18650730490112277,0.18650730490112277,3.102415196315645
6.57222,6.3871284,0.18509164688110324,0.18509164688110324,2.8162728405057496
0.729085,0.91407174,-0.1849867387199402,0.1849867387199402,25.37245159269053
1.224277,1.0401512,0.18412576155853277,0.18412576155853277,15.039550815991252
4.606786,4.7904167,-0.18363071752929727,0.18363071752929727,3.9860917682156543
0.246726,0.43021145,-0.18348545462989807,0.18348545462989807,74.36810654553227
0.086709,0.26990205,-0.18319305049514772,0.18319305049514772,211.27339755258893
7.219737,7.036609,0.18312782717895537,0.18312782717895537,2.5364888939364256
0.761551,0.9439952,-0.1824441777458191,0.1824441777458191,23.956921824258938
11.623008,11.804882,-0.18187404956054642,0.18187404956054642,1.5647760851492287
1.244413,1.4257313,-0.18131830130767823,0.18131830130767823,14.57058880718119
2.961937,3.1431344,-0.18119735554504413,0.18119735554504413,6.117529020331176
0.324167,0.505349,-0.18118198042678835,0.18118198042678835,55.89155600998769
0.14181,0.3226698,-0.18085980409622193,0.18085980409622193,127.53670683921108
0.714069,0.89476866,-0.18069965530014043,0.18069965530014043,25.305629466456995
4.956599,4.7759075,0.18069148352050757,0.18069148352050757,3.6454731059918726
0.587473,0.7679702,-0.1804972043533325,0.1804972043533325,30.724340407577564
3.399326,3.579757,-0.18043097517395035,0.18043097517395035,5.307845589644609
1.737562,1.9179407,-0.18037873581695552,0.18037873581695552,10.38113953957179
15.54383,15.723274,-0.17944423095703144,0.17944423095703144,1.1544402567184342
0.090522,0.26990205,-0.1793800504951477,0.1793800504951477,198.1618283919775
1.350237,1.5291891,-0.17895210980224618,0.17895210980224618,13.253385130832054
0.483067,0.6618341,-0.17876712075042722,0.17876712075042722,37.00669280108567
0.149116,0.32616034,-0.17704434150123596,0.17704434150123596,118.72927209857205
0.096984,0.2739601,-0.1769761135253906,0.1769761135253906,182.47970112896036
1.653422,1.8302495,-0.17682754795837408,0.17682754795837408,10.694641050359765
7.710007,7.8860054,-0.17599840161132807,0.17599840161132807,2.282726871830925
18.941797,18.76595,0.17584775073242298,0.17584775073242298,0.9283583322717196
6.95286,6.777675,0.1751848481750491,0.1751848481750491,2.5196084513787054
1.850676,2.0257864,-0.1751103998413086,0.1751103998413086,9.461969563113513
0.185146,0.36013195,-0.17498594918632507,0.17498594918632507,94.51241133581749
3.810971,3.9857829,-0.17481186170959484,0.17481186170959484,4.587068799657825
2.855028,3.0297346,-0.17470661151123057,0.17470661151123057,6.1192608795819625
1.687751,1.8612558,-0.17350476496124267,0.17350476496124267,10.28023475921285
30.711787,30.88472,-0.17293284863281144,0.17293284863281144,0.5630829903588754
0.186884,0.35959372,-0.1727097192440033,0.1727097192440033,92.41546582456917
0.940348,1.1123354,-0.17198744349670414,0.17198744349670414,18.28976543560622
2.559413,2.7313693,-0.17195625697326644,0.17195625697326644,6.718581837575563
1.93676,2.1079156,-0.1711556398773193,0.1711556398773193,8.837214722964234
2.323228,2.4943554,-0.17112744013977066,0.17112744013977066,7.365933956219741
1.006553,1.1776162,-0.17106323859405514,0.17106323859405514,16.99495591161719
2.997206,3.1682315,-0.1710254872741701,0.1710254872741701,5.706163916276157
1.177856,1.348673,-0.1708169860305786,0.1708169860305786,14.502365825370521
2.144931,2.3156664,-0.1707354371490477,0.1707354371490477,7.959950093550224
2.247989,2.418707,-0.17071789392089842,0.17071789392089842,7.594249523165113
0.142292,0.31223196,-0.16993995791244507,0.16993995791244507,119.4304372649303
6.802409,6.9722347,-0.1698257259521485,0.1698257259521485,2.496552705808368
1.177134,1.3468534,-0.16971937543487559,0.16971937543487559,14.418016591183127
0.440082,0.6097909,-0.1697089212112427,0.1697089212112427,38.563022612303996
1.335009,1.5045124,-0.16950342923736583,0.16950342923736583,12.69680048783709
0.55012,0.71937066,-0.1692506631660461,0.1692506631660461,30.766135231454943
1.130495,1.299588,-0.16909296501159665,0.16909296501159665,14.957427055992218
1.537052,1.7054296,-0.16837755398559562,0.16837755398559562,10.95457759234177
1.029149,1.1974722,-0.1683232146987914,0.1683232146987914,16.35557287452408
0.182506,0.3504073,-0.16790130237960815,0.16790130237960815,91.99768900069611
0.179772,0.34765476,-0.16788275988388063,0.16788275988388063,93.38648943689459
1.049216,1.2159113,-0.16669526918792732,0.16669526918792732,15.887602664469444
1.46178,1.6284628,-0.16668279144287101,0.16668279144287101,11.402727594540101
2.913354,3.0799956,-0.16664163217163086,0.16664163217163086,5.719923914701438
0.242454,0.4087775,-0.16632350515937805,0.16632350515937805,68.60002519685303
6.854442,7.0198174,-0.16537535229492217,0.16537535229492217,2.4126741796416034
1.713967,1.87908,-0.16511305714416502,0.16511305714416502,9.633386006529394
0.812351,0.97678536,-0.16443436176681514,0.16443436176681514,20.241787324269108
0.696585,0.86100537,-0.16442036584854125,0.16442036584854125,23.603776398420504
2.909554,3.0738149,-0.16426086892700198,0.16426086892700198,5.645568665209733
4.578081,4.742025,-0.16394389852905267,0.16394389852905267,3.5810615523288383
1.12724,1.290571,-0.16333097434997557,0.16333097434997557,14.489458707594311
0.696288,0.8594252,-0.16313718711090086,0.16313718711090086,23.429556029612932
0.223136,0.38608184,-0.16294584456825256,0.16294584456825256,73.02534978453822
0.17024,0.3329413,-0.16270129371643066,0.16270129371643066,95.57171852729026
0.725524,0.8881079,-0.1625838958511353,0.1625838958511353,22.409168522161384
3.349166,3.1867397,0.16242631684875475,0.16242631684875475,4.849754143088309
0.29849,0.46073252,-0.16224251962661745,0.16224251962661745,54.354423790499865
6.651959,6.813921,-0.16196197473144558,0.16196197473144558,2.4348011575087996
0.3056,0.46741936,-0.1618193561077118,0.1618193561077118,52.95135996556297
0.954169,1.11549,-0.16132095971679683,0.16132095971679683,16.906958798691832
0.793513,0.95461786,-0.1611048579330444,0.1611048579330444,20.302737058213495
0.113315,0.2739601,-0.16064511352539063,0.16064511352539063,141.76862143901693
15.887248,16.047184,-0.15993599047851603,0.15993599047851603,1.0066941139051229
0.166537,0.32632655,-0.15978954905319215,0.15978954905319215,95.94837721181706
1.465697,1.6252624,-0.15956537964630124,0.15956537964630124,10.886655266089415
1.430921,1.5903357,-0.15941472673797596,0.15941472673797596,11.140707748843944
0.698878,0.8582475,-0.1593695185394287,0.1593695185394287,22.803625027061244
1.2054,1.3647296,-0.15932964286804197,0.15932964286804197,13.21798928611448
0.199464,0.35866812,-0.15920411871528625,0.15920411871528625,79.81596610690164
0.350877,0.5099288,-0.15905182251739503,0.15905182251739503,45.32979433592548
2.677093,2.5182645,0.15882846791076677,0.15882846791076677,5.932870763355397
0.937223,1.0957758,-0.15855284266662595,0.15855284266662595,16.917301714715563
0.508674,0.6670919,-0.15841790607070927,0.15841790607070927,31.143307116063724
1.26231,1.42056,-0.1582500023269653,0.1582500023269653,12.5365403359261
0.739082,0.89719516,-0.15811316038894652,0.15811316038894652,21.39318240297468
2.948905,3.1064808,-0.15757583686828625,0.15757583686828625,5.343537240533103
10.114299,10.271496,-0.15719681909179606,0.15719681909179606,1.5542037969239573
0.473805,0.6308266,-0.15702159244537356,0.15702159244537356,33.14055200182206
4.11411,4.270991,-0.1568808485412596,0.1568808485412596,3.8132390368134628
0.190173,0.3466089,-0.15643590698432921,0.15643590698432921,82.25978814136046
3.098412,3.2545795,-0.15616754406738265,0.15616754406738265,5.040244617640985
0.230353,0.38608184,-0.15572884456825256,0.15572884456825256,67.60443514981273
3.350145,3.1947494,0.15539564468383782,0.15539564468383782,4.638475190751425
4.233435,4.388782,-0.15534702438354486,0.15534702438354486,3.669526622704148
0.623046,0.7783258,-0.15527979612731935,0.15527979612731935,24.922685660833498
0.887615,1.0426083,-0.1549932611083984,0.1549932611083984,17.461766767228653
0.477967,0.6326156,-0.1546486258583069,0.1546486258583069,32.355502749342826
1.165819,1.3203617,-0.15454273343658453,0.15454273343658453,13.256151548681947
0.119481,0.2739601,-0.15447911352539062,0.15447911352539062,129.2917814515269
3.493427,3.3390656,0.15436144824218756,0.15436144824218756,4.418625270766182
0.682306,0.8364473,-0.15414129852676395,0.15414129852676395,22.591227177274234
4.340869,4.494957,-0.1540879702148441,0.1540879702148441,3.549703301603767
1.301364,1.4554337,-0.15406972631073002,0.15406972631073002,11.839095464365922
0.238486,0.3924059,-0.1539198973789215,0.1539198973789215,64.54043311321463
8.615021,8.461413,0.15360761651611377,0.15360761651611377,1.7830208018567888
0.705962,0.85946566,-0.1535036586647034,0.1535036586647034,21.743898204571845
0.890819,1.0443146,-0.1534956228790283,0.1534956228790283,17.230842950340914
0.807291,0.9603229,-0.15303191650772097,0.15303191650772097,18.9562272450411
1.031306,1.1842427,-0.1529367253723144,0.1529367253723144,14.829422630866587
0.619007,0.7717642,-0.15275721880722049,0.15275721880722049,24.677785353403547
0.791378,0.9439663,-0.15258832909774778,0.15258832909774778,19.281345839594533
1.075824,1.2282857,-0.15246167028045665,0.15246167028045665,14.171618244832338
0.311654,0.46388823,-0.15223422793960573,0.15223422793960573,48.84719204334247
1.158605,1.3107333,-0.15212831832885731,0.15212831832885731,13.130300517926905
2.990798,3.1423886,-0.1515905822296144,0.1515905822296144,5.068566390125507
11.160181,11.311002,-0.1508207776489261,0.1508207776489261,1.3514187417531551
0.12324,0.2739601,-0.1507201135253906,0.1507201135253906,122.29804722743636
0.16193,0.31258357,-0.1506535657119751,0.1506535657119751,93.03622899952997
1.981032,1.8307742,0.1502578119583129,0.1502578119583129,7.584825078581672
0.176861,0.3270803,-0.15021930939102174,0.15021930939102174,84.93636771593816
0.77218,0.92110914,-0.14892913991928103,0.14892913991928103,19.2868424331107
0.740976,0.88956255,-0.1485865472068787,0.1485865472068787,20.052815096146958
10.575894,10.724435,-0.14854085260009775,0.14854085260009775,1.4045228951679474
0.79442,0.9427373,-0.14831728132247923,0.14831728132247923,18.669882594069804
2.834989,2.687193,0.14779608312988302,0.14779608312988302,5.213285946600489
0.244559,0.39197895,-0.1474199493083954,0.1474199493083954,60.279911697429036
5.160806,5.3081,-0.14729422354125976,0.14729422354125976,2.8540934020462245
1.748897,1.8958046,-0.14690764363098152,0.14690764363098152,8.400016903372897
6.518918,6.3722315,0.14668651654052756,0.14668651654052756,2.2501666156604117
3.238336,3.0917006,0.1466354461059569,0.1466354461059569,4.528110921826173
0.205116,0.35171282,-0.14659682291412354,0.14659682291412354,71.47020361290846
1.418362,1.5648924,-0.14653041123199473,0.14653041123199473,10.330960024427034
0.817888,0.96423537,-0.14634736539077764,0.14634736539077764,17.893325904388416
1.927005,1.7806653,0.14633972156524666,0.14633972156524666,7.594153702644907
1.156258,1.3022467,-0.14598868979644775,0.14598868979644775,12.625961488164561
15.640239,15.786219,-0.14597964318847723,0.14597964318847723,0.9333594146965649
0.166476,0.31223992,-0.14576391513252257,0.14576391513252257,87.55851596924724
1.165798,1.3113148,-0.14551682124328624,0.14551682124328624,12.482164254082104
5.197932,5.052725,0.14520716174316384,0.14520716174316384,2.7935563939730317
3.662401,3.8075716,-0.14517064955139158,0.14517064955139158,3.9638108865585107
6.478519,6.3334413,0.14507774252319372,0.14507774252319372,2.2393658569335733
0.190576,0.33556685,-0.14499084851646424,0.14499084851646424,76.0803293386281
0.777837,0.9225963,-0.144759275806427,0.144759275806427,18.61048983113641
0.134108,0.27880654,-0.14469853738975524,0.14469853738975524,107.89702126782758
0.287419,0.4319939,-0.14457490172958376,0.14457490172958376,50.30109410974315
2.611784,2.7562373,-0.14445326844787587,0.14445326844787587,5.530827527940482
4.018866,4.163242,-0.14437586325073237,0.14437586325073237,3.5924527776526993
2.778194,2.922534,-0.14433998895263667,0.14433998895263667,5.195461114214529
2.790121,2.934005,-0.14388402204895012,0.14388402204895012,5.156909755662683
7.900333,8.0441,-0.14376680773925798,0.14376680773925798,1.8197563031512498
3.643311,3.7869148,-0.14360382543945294,0.14360382543945294,3.941574722429992
0.973222,1.1163129,-0.1430908614425659,0.1430908614425659,14.702797658485226
0.584987,0.7278688,-0.14288179539489743,0.14288179539489743,24.424781297784843
34.466684,34.323914,0.14277042578125076,0.14277042578125076,0.4142273326347163
1.765482,1.907922,-0.14244002949523926,0.14244002949523926,8.068053341080294
3.11695,3.2593014,-0.14235142402648915,0.14235142402648915,4.567010186943073
0.170537,0.31223992,-0.1417029151325226,0.1417029151325226,83.09218237064707
0.205067,0.3466089,-0.14154190698432922,0.14154190698432922,69.02227414225933
1.465049,1.6064907,-0.1414417312393188,0.1414417312393188,9.654402769440775
9.345786,9.204489,0.14129724572753943,0.14129724572753943,1.5118818869384292
0.996065,1.1371796,-0.14111461311340334,0.14111461311340334,14.167209278434253
0.445845,0.5869343,-0.14108932807922364,0.14108932807922364,31.64537631858118
1.343254,1.4842958,-0.14104184503173833,0.14104184503173833,10.500013029645796
32.393913,32.25303,0.1408841303710915,0.1408841303710915,0.4349092694379237
1.582548,1.722594,-0.14004602275085443,0.14004602275085443,8.849401265680726
1.717298,1.8568585,-0.13956049189758302,0.13956049189758302,8.12674864172999
0.269158,0.40871006,-0.1395520625038147,0.1395520625038147,51.84763687201088
2.15833,2.018873,0.13945702369689927,0.13945702369689927,6.461339261856988
3.820805,3.9589171,-0.13811214096069335,0.13811214096069335,3.6147393273689343
2.406639,2.2689233,0.13771571737670918,0.13771571737670918,5.7223255075226005
2.384649,2.2469473,0.13770171148681642,0.13770171148681642,5.774506498903693
2.835929,2.9735773,-0.1376482609710692,0.1376482609710692,4.8537273311925455
2.868093,3.0056784,-0.1375854152984619,0.1375854152984619,4.797104392837499
2.388492,2.2509952,0.13749684085082992,0.13749684085082992,5.756638114972681
1.002985,1.1397246,-0.13673961223602293,0.13673961223602293,13.633265923457447
0.592329,0.7287766,-0.13644757413482667,0.13644757413482667,23.03577473191265
2.734673,2.8700688,-0.13539578852844247,0.13539578852844247,4.951077826251672
0.662731,0.7976528,-0.1349217810096741,0.1349217810096741,20.35845327732001
2.380608,2.2458134,0.1347946302490235,0.1347946302490235,5.662193449881765
0.056416,0.19121017,-0.13479416561985016,0.13479416561985016,238.92896586238157
1.2566,1.3912866,-0.1346866115570069,0.1346866115570069,10.718336109047316
2.067202,2.2016573,-0.1344552952270508,0.1344552952270508,6.504216579731763
5.978384,5.844099,0.13428495520019545,0.13428495520019545,2.2461748057326076
1.165368,1.299588,-0.13421996501159672,0.13421996501159672,11.51738892779614
1.052527,1.1867206,-0.134193609664917,0.134193609664917,12.749659595636725
1.001861,1.1357187,-0.1338577032699586,0.1338577032699586,13.360905680188939
1.4711,1.6045561,-0.13345608367919914,0.13345608367919914,9.071856683442817
0.252684,0.38608184,-0.13339784456825254,0.13339784456825254,52.79235903953562
0.265825,0.3991061,-0.13328108530044558,0.13328108530044558,50.138657105353865
0.805596,0.93853587,-0.13293986912155153,0.13293986912155153,16.502051785888895
0.513467,0.64629835,-0.132831348903656,0.132831348903656,25.869500645180022
0.310048,0.4428543,-0.13280628524017335,0.13280628524017335,42.834104782917244
9.675185,9.80748,-0.1322948583984367,0.1322948583984367,1.3673625713313937
1.154958,1.2870907,-0.1321326591415406,0.1321326591415406,11.440473084744218
0.662659,0.7945936,-0.13193457261657715,0.13193457261657715,19.909874097638042
3.850806,3.9827278,-0.13192176603698735,0.13192176603698735,3.425822179397288
0.784912,0.91670954,-0.13179754227447504,0.13179754227447504,16.791378174583095
2.157642,2.2891448,-0.13150275440978998,0.13150275440978998,6.094743910421434
0.54986,0.68115586,-0.13129586042404173,0.13129586042404173,23.87805266798161
0.54827,0.67924494,-0.1309749355125427,0.1309749355125427,23.88876566083388
0.35907,0.48981112,-0.13074112241744995,0.13074112241744995,36.411040293268414
31.005211,31.135883,-0.13067233129882894,0.13067233129882894,0.4214528044927915
0.661557,0.79211974,-0.13056274143981939,0.13056274143981939,19.73567529632121
1.327892,1.4584348,-0.13054282017517083,0.13054282017517083,9.830831134259412
0.384448,0.5148709,-0.13042288203430175,0.13042288203430175,33.92471335535028
0.039932,0.17027332,-0.1303413188867569,0.1303413188867569,326.4081903244233
3.368299,3.2379882,0.13031076643371575,0.13031076643371575,3.868741059800422
5.147412,5.017125,0.13028687030029307,0.13028687030029307,2.5311140879681275
1.797215,1.9275,-0.13028500953674316,0.13028500953674316,7.249272320200638
0.466894,0.5971696,-0.13027557807540896,0.13027557807540896,27.902602742272624
0.048918,0.17915024,-0.1302322386331558,0.1302322386331558,266.2255986895012
2.883667,3.0134828,-0.12981580906677248,0.12981580906677248,4.501761439939866
0.424218,0.5536871,-0.12946909564208986,0.12946909564208986,30.519472443783712
26.75928,26.888676,-0.12939568969726523,0.12939568969726523,0.4835544517519966
0.221639,0.35089153,-0.12925253051376343,0.12925253051376343,58.3166908601134
1.127326,1.2564003,-0.1290743467559814,0.1290743467559814,11.449602576764113
9.086134,8.957358,0.12877563970947215,0.12877563970947215,1.417276475430088
6.193226,6.064723,0.12850298516845715,0.12850298516845715,2.074895783980469
12.709604,12.837976,-0.128372455688476,0.128372455688476,1.0100429225604979
3.054035,3.1822155,-0.12818045219421403,0.12818045219421403,4.197085239364217
0.230657,0.35866812,-0.12801111871528625,0.12801111871528625,55.49847551116497
0.449289,0.5771506,-0.12786158326721192,0.12786158326721192,28.458649830900217
0.18564,0.31343302,-0.12779302130699158,0.12779302130699158,68.83916248553781
1.959063,2.086422,-0.12735896655273438,0.12735896655273438,6.501014339315956
7.968212,8.0953455,-0.12713349713134736,0.12713349713134736,1.5955084670155846
0.233077,0.36013195,-0.12705494918632507,0.12705494918632507,54.51200638922461
0.151875,0.27880654,-0.12693153738975524,0.12693153738975524,83.5763208600355
2.891316,3.0182152,-0.12689917944335916,0.12689917944335916,4.388976488179437
0.939104,1.0659362,-0.12683220777130122,0.12683220777130122,13.505661540979014
1.245052,1.3717283,-0.12667630104827876,0.12667630104827876,10.174378342278425
2.381199,2.2545288,0.12667023908996589,0.12667023908996589,5.319599037486841
0.430687,0.5573224,-0.12663538292694093,0.12663538292694093,29.403112445357728
0.561728,0.6881738,-0.126445770904541,0.126445770904541,22.510142076241678
11.346879,11.473308,-0.12642860955810598,0.12642860955810598,1.1142148387851123
3.393776,3.2674093,0.1263666753540038,0.1263666753540038,3.7234830863993476
0.518251,0.6446171,-0.12636608068847655,0.12636608068847655,24.3831812508019
0.673302,0.79957426,-0.12627225594329838,0.12627225594329838,18.75417805450514
5.652562,5.77834,-0.12577786282348669,0.12577786282348669,2.225147867838717
3.216206,3.0907302,0.1254758097229005,0.1254758097229005,3.9013610981074955
0.735739,0.8609127,-0.1251736806259155,0.1251736806259155,17.013326819551793
3.369452,3.4945924,-0.12514042820739757,0.12514042820739757,3.713969755428586
2.972956,3.0979626,-0.12500661787414558,0.12500661787414558,4.204792061165412
0.906706,1.0313547,-0.12464866575622557,0.12464866575622557,13.747418208601042
0.066582,0.19121017,-0.12462816561985016,0.12462816561985016,187.17996670672284
2.804946,2.9294565,-0.12451047239685042,0.12451047239685042,4.438961477062712
0.238537,0.36295074,-0.12441374224472046,0.12441374224472046,52.1569996237747
2.911214,3.0354583,-0.12424432633972149,0.12424432633972149,4.2677840356447065
1.387392,1.5111164,-0.12372438545989994,0.12372438545989994,8.91776696499491
0.620015,0.7431254,-0.12311037908554079,0.12311037908554079,19.85603236465001
0.428405,0.5510611,-0.12265609380722048,0.12265609380722048,28.630873537561328
0.67448,0.7969852,-0.12250520898818973,0.12250520898818973,18.162912016668667
0.473705,0.5958742,-0.12216919033050538,0.12216919033050538,25.790141608113753
1.005367,0.88332295,0.12204404582214345,0.12204404582214345,12.13925320902757
2.790759,2.9122927,-0.12153371888732911,0.12153371888732911,4.354862561868448
3.443415,3.3219743,0.121440722503662,0.121440722503662,3.526752439079671
0.99312,1.1144735,-0.12135346210479736,0.12135346210479736,12.219415789892253
3.661839,3.7831426,-0.12130356668090814,0.12130356668090814,3.3126406343259625
3.962985,3.8417306,0.12125440536499044,0.12125440536499044,3.0596735885180175
2.337002,2.4577606,-0.12075857243347166,0.12075857243347166,5.167243007421663
3.367749,3.2474418,0.12030723135375965,0.12030723135375965,3.572333667092985
6.266895,6.387069,-0.12017422531127941,0.12017422531127941,1.9176039379846288
1.06416,1.1842427,-0.12008272537231446,0.12008272537231446,11.284273545428336
2.976098,3.0954003,-0.1193023334045411,0.1193023334045411,4.008682960054824
2.404933,2.2856562,0.11927678623962423,0.11927678623962423,4.959671900824869
0.550529,0.66956854,-0.11903953866577144,0.11903953866577144,21.622755321545036
0.356416,0.47539783,-0.11898182524108886,0.11898182524108886,33.382851838218826
2.423512,2.3048773,0.11863471881103527,0.11863471881103527,4.895157061575932
0.07275,0.19121017,-0.11846016561985016,0.11846016561985016,162.83184255260252
1.527518,1.4090898,0.11842819630432122,0.11842819630432122,7.752982046468077
1.067217,1.1853298,-0.11811279488372795,0.11811279488372795,11.067364450965508
0.706845,0.8249185,-0.11807350852966314,0.11807350852966314,16.70429988370277
0.242099,0.36005038,-0.11795138022994994,0.11795138022994994,48.72030870892884
5.536659,5.4187484,0.11791062124633811,0.11791062124633811,2.1296348798834903
0.576689,0.69414425,-0.11745524896240234,0.11745524896240234,20.367173457797037
8.411719,8.529149,-0.11743005548095731,0.11743005548095731,1.3960292239857428
1.032238,1.1494049,-0.1171668833847046,0.1171668833847046,11.350762457238915
5.300536,5.4176154,-0.11707941366577135,0.11707941366577135,2.2088221580527425
0.670718,0.78757465,-0.11685664885711666,0.11685664885711666,17.422620063826233
0.766334,0.6499731,0.11636090553665157,0.11636090553665157,15.184097994016641
14.924233,14.808365,0.1158681318359367,0.1158681318359367,0.7763757898657863
2.878136,2.9939768,-0.1158408314361572,0.1158408314361572,4.024856067681734
1.201261,1.0854224,0.11583860334014884,0.11583860334014884,9.643083670451782
0.98927,1.1048388,-0.11556884811401369,0.11556884811401369,11.682235193863297
4.217746,4.333056,-0.11530997305297852,0.11530997305297852,2.733924068690827
0.301342,0.41641772,-0.11507571793365479,0.11507571793365479,38.1877461142048
5.168959,5.2839475,-0.114988467803955,0.114988467803955,2.2245962446544922
4.936659,5.051569,-0.11490998498535188,0.11490998498535188,2.3276873080158906
0.354195,0.46879596,-0.11460095518112184,0.11460095518112184,32.355328321621286
2.963304,3.0777614,-0.11445741166687018,0.11445741166687018,3.862493070674075
1.929748,1.8152938,0.11445421109008791,0.11445421109008791,5.931044420523139
7.550294,7.664196,-0.11390201440429681,0.11390201440429681,1.5085772077589064
0.165711,0.2794439,-0.1137328898563385,0.1137328898563385,68.63327708341946
12.531286,12.644869,-0.11358285070800811,0.11358285070800811,0.9063942097171966
0.160583,0.2739601,-0.11337711352539062,0.11337711352539062,70.60343464425698
0.885058,0.9981486,-0.11309062012863158,0.11309062012863158,12.777763730270086
11.669593,11.557002,0.1125909324340828,0.1125909324340828,0.9648231299336486
0.972122,1.0846062,-0.11248417065429683,0.11248417065429683,11.57099321306645
0.565328,0.67769843,-0.11237043339920039,0.11237043339920039,19.87703304618263
1.878875,1.991159,-0.11228396224975579,0.11228396224975579,5.976127323200301
0.067893,0.17999297,-0.11209997380447388,0.11209997380447388,165.1127121196017
2.345533,2.233609,0.11192403889465341,0.11192403889465341,4.771795531756816
0.572425,0.68404466,-0.11161965913772587,0.11161965913772587,19.499438200327806
3.020371,3.1317208,-0.11134978132629403,0.11134978132629403,3.6866259582881504
0.580111,0.69140446,-0.1112934618606567,0.1112934618606567,19.18485631913062
3.094486,3.2056754,-0.11118936354064957,0.11118936354064957,3.5931448239564316
0.498776,0.6097909,-0.11101492121124268,0.11101492121124268,22.257470525643818
7.274935,7.1640596,0.11087536102294937,0.11087536102294937,1.5240735624637922
0.244476,0.35508335,-0.11060734636688233,0.11060734636688233,45.24261944797841
2.880077,2.9906287,-0.11055171932983399,0.11055171932983399,3.8384987389571696
0.42985,0.54038453,-0.11053453102111815,0.11053453102111815,25.714675118158304
0.268689,0.3792045,-0.11051551164245604,0.11051551164245604,41.13138669663613
2.611702,2.722174,-0.11047192921447735,0.11047192921447735,4.229882628655469
1.086956,1.1970218,-0.11006584200286862,0.11006584200286862,10.12606232384223
2.778673,2.8884373,-0.10976427111816411,0.10976427111816411,3.950240676546462
0.374544,0.48420423,-0.10966023269271852,0.10966023269271852,29.27833116094242
0.378512,0.48817155,-0.10965954765129088,0.10965954765129088,28.97122089189237
1.557623,1.6671576,-0.1095346499938965,0.1095346499938965,7.032166961252134
3.244448,3.1349995,0.10944848637390159,0.10944848637390159,3.373408554260329
2.880172,2.989381,-0.10920907490539555,0.10920907490539555,3.791755315363242
6.175086,6.2837563,-0.10867025610351533,0.10867025610351533,1.7598176948751079
8.201986,8.31056,-0.10857422644042991,0.10857422644042991,1.3237553251018248
0.739111,0.8476544,-0.108543402256012,0.108543402256012,14.685669979384198
0.036081,0.14439479,-0.10831378516578674,0.10831378516578674,300.196183214408
0.348541,0.4567112,-0.10817020285987855,0.10817020285987855,31.035144453261854
1.346454,1.4546143,-0.10816028165435787,0.10816028165435787,8.032972656052483
0.154456,0.2626085,-0.10815249833488463,0.10815249833488463,70.0215584146055
0.074692,0.1827757,-0.10808370605278016,0.10808370605278016,144.7058666364193
6.453301,6.5613575,-0.10805649816894558,0.10805649816894558,1.6744375966233582
3.279198,3.3866966,-0.1074985770721435,0.1074985770721435,3.2781972015372447
0.479442,0.586722,-0.10728001633453371,0.10728001633453371,22.376015516404006
0.090536,0.19761239,-0.10707638992214202,0.10707638992214202,118.26940642824138
1.066083,1.1731212,-0.10703821391296398,0.10703821391296398,10.040326494552831
0.451321,0.5582394,-0.10691840038681028,0.10691840038681028,23.690100917776963
2.795908,2.9026897,-0.10678169535827653,0.10678169535827653,3.8192134846517596
1.868164,1.9747493,-0.10658532670593268,0.10658532670593268,5.705351708962775
1.133611,1.0270418,0.10656920713043205,0.10656920713043205,9.400862122988503
1.321364,1.4272567,-0.10589270337677004,0.10589270337677004,8.013893474376186
2.385803,2.2800035,0.10579945233154309,0.10579945233154309,4.434542681315621
0.568066,0.673278,-0.10521197412872318,0.10521197412872318,18.52108278090963
7.377241,7.4824386,-0.1051975643005374,0.1051975643005374,1.4259743486638354
2.996009,2.8908777,0.10513127630615227,0.10513127630615227,3.509044075055957
1.392815,1.4975921,-0.10477709156036386,0.10477709156036386,7.522685464533422
0.523877,0.6282456,-0.10436859211730953,0.10436859211730953,19.922346676297522
0.210443,0.3146863,-0.10424329837036134,0.10424329837036134,49.53517024601729
2.290313,2.394532,-0.10421896525573748,0.10421896525573748,4.550424559926397
2.980326,3.084534,-0.10420792982482929,0.10420792982482929,3.4965278906177635
7.655148,7.7591352,-0.10398724627685585,0.10398724627685585,1.3583962880338494
15.579679,15.47576,0.10391854010009816,0.10391854010009816,0.6670133582304947
0.247989,0.35187778,-0.10388877876853944,0.10388877876853944,41.892494718171754
2.245336,2.3490684,-0.10373240324401856,0.10373240324401856,4.6199055838145675
0.025257,0.12884247,-0.10358547303009033,0.10358547303009033,410.1257972837808
0.90177,1.0052971,-0.103527064781189,0.103527064781189,11.48042901956248
3.013554,3.116945,-0.10339102830505364,0.10339102830505364,3.430866953159717
0.024985,0.12821576,-0.10323075999259948,0.10323075999259948,413.1709408822434
0.44044,0.5434148,-0.10297477155685425,0.10297477155685425,23.379977189509187
3.088008,3.1908019,-0.10279385890197767,0.10279385890197767,3.328808050323991
3.249516,3.1467729,0.10274313851928696,0.10274313851928696,3.161798203674798
0.634153,0.7366474,-0.1024944270820618,0.1024944270820618,16.16241302428584
2.943125,3.0454915,-0.10236645698547342,0.10236645698547342,3.478155259528401
0.027296,0.1296099,-0.10231389773273468,0.10231389773273468,374.83110110603593
8.351814,8.453624,-0.10180977166748129,0.10180977166748129,1.2190138772997372
0.196061,0.2978189,-0.10175789915466307,0.10175789915466307,51.90114255398163
0.027247,0.12884247,-0.10159547303009034,0.10159547303009034,372.86847233538316
2.308569,2.2073958,0.10117320799255358,0.10117320799255358,4.382507431580822
1.034405,1.1355337,-0.10112869045257566,0.10112869045257566,9.776508277009405
0.456251,0.5570133,-0.10076227323913572,0.10076227323913572,22.084833395883162
2.395023,2.294471,0.10055197453308118,0.10055197453308118,4.198371979262112
0.165864,0.26640993,-0.10054593356704711,0.10054593356704711,60.61950363335479
0.090822,0.19121017,-0.10038816561985016,0.10038816561985016,110.53287255215398
2.380265,2.27997,0.10029506935119636,0.10029506935119636,4.213609381601744
1.255424,1.35571,-0.10028602960205069,0.10028602960205069,7.988219883805189
4.723533,4.6233053,0.10022767926025367,0.10022767926025367,2.1218795181092585
1.151698,1.25169,-0.09999203009796132,0.09999203009796132,8.682139770085488
0.810904,0.9108593,-0.09995528678512577,0.09995528678512577,12.32640198751016
1.906661,2.0064473,-0.09978631521606451,0.09978631521606451,5.233563554865336
0.29028,0.38991192,-0.09963191983222963,0.09963191983222963,34.32269525902816
2.53338,2.632768,-0.09938791572570782,0.09938791572570782,3.9231349312690824
2.306737,2.2073958,0.09934120799255375,0.09934120799255375,4.3065684552789145
1.130071,1.2292354,-0.09916441069030757,0.09916441069030757,8.775060211396674
0.898992,0.9981486,-0.09915662012863158,0.09915662012863158,11.029755561517991
0.237068,0.336195,-0.09912699206542969,0.09912699206542969,41.81373784045756
3.069619,3.1686797,-0.09906071420288098,0.09906071420288098,3.2271338625299704
0.025905,0.12489945,-0.09899444696426392,0.09899444696426392,382.1441674662025
0.017193,0.115936995,-0.0987439945526123,0.0987439945526123,574.3267258668386
1.463837,1.5624797,-0.09864273442077631,0.09864273442077631,6.738641967243461
4.721289,4.8198,-0.09851090005493202,0.09851090005493202,2.0865255241279552
0.017599,0.115936995,-0.0983379945526123,0.0983379945526123,558.7703505531106
11.460124,11.558274,-0.09815026910400348,0.09815026910400348,0.8564503237761392
0.439834,0.5379385,-0.09810447560882568,0.09810447560882568,22.304886749664828
0.487702,0.5857743,-0.09807230248260496,0.09807230248260496,20.109063006199666
0.202086,0.29961237,-0.09752637311363221,0.09752637311363221,48.25983643863127
6.91719,6.8197074,0.0974826063537595,0.0974826063537595,1.4092804498987337
3.185526,3.0880637,0.09746228311157212,0.09746228311157212,3.059535006416918
0.824099,0.9215427,-0.09744370410537717,0.09744370410537717,11.824271609788738
0.018796,0.115936995,-0.0971409945526123,0.0971409945526123,516.8173762278938
0.01895,0.115936995,-0.09698699455261231,0.09698699455261231,511.8047178934437
13.241468,13.338227,-0.09675927203369206,0.09675927203369206,0.7307291913023641
0.019192,0.115936995,-0.0967449945526123,0.0967449945526123,504.09021492560487
1.080901,1.1775507,-0.09664967348480236,0.09664967348480236,8.941584240912052
0.574053,0.6705802,-0.09652720830154415,0.09652720830154415,16.815034201498662
2.094266,1.9978355,0.09643048307037372,0.09643048307037372,4.604500243320056
3.60192,3.5056574,0.09626256553649881,0.09626256553649881,2.6725348018230908
0.326131,0.42230546,-0.09617446474456787,0.09617446474456787,29.489519461528758
11.886408,11.982578,-0.0961702775878912,0.0961702775878912,0.8090777094903872
2.315075,2.2189178,0.09615715332031272,0.09615715332031272,4.153522167366465
0.544983,0.641049,-0.09606602744293213,0.09606602744293213,17.627343866745345
4.835267,4.9313188,-0.09605175991821291,0.09605175991821291,1.9864830611469115
0.032198,0.12821576,-0.09601775999259948,0.09601775999259948,298.21032267342434
0.236762,0.33277625,-0.09601424845504761,0.09601424845504761,40.55306527842075
2.346747,2.2508175,0.09592946269226088,0.09592946269226088,4.087763303337476
0.566213,0.6618341,-0.09562112075042728,0.09562112075042728,16.88783562608761
0.062436,0.15791786,-0.09548185717010499,0.09548185717010499,152.92756905819945
2.365252,2.2700126,0.09523938288879386,0.09523938288879386,4.026606166478974
0.341109,0.4362657,-0.09515670701599122,0.09515670701599122,27.896275673786075
0.449127,0.544127,-0.09499998745727539,0.09499998745727539,21.15214347748482
0.900073,0.99481106,-0.09473805804443358,0.09473805804443358,10.525597149776516
1.487621,1.5822455,-0.09462446909332267,0.09462446909332267,6.360791430543255
2.610043,2.5155559,0.09448714138793957,0.09448714138793957,3.6201373457954302
0.033867,0.12821576,-0.09434875999259948,0.09434875999259948,278.5861154339426
2.122125,2.2164433,-0.09431830024719234,0.09431830024719234,4.444521422760102
0.021789,0.115936995,-0.0941479945526123,0.0941479945526123,432.0895595049004
2.309499,2.2154224,0.0940766081085207,0.0940766081085207,4.073463902969745
0.158268,0.25233063,-0.09406263101768494,0.09406263101768494,59.432501174117604
2.954186,3.0482213,-0.09403534971618654,0.09403534971618654,3.1831221769043463
0.749897,0.8435715,-0.09367448408889767,0.09367448408889767,12.491646729671677
0.234577,0.3281796,-0.09360259785461425,0.09360259785461425,39.90271757875304
7.090946,6.997407,0.09353904046630834,0.09353904046630834,1.3191334479911314
0.438703,0.5321072,-0.09340417439651488,0.09340417439651488,21.290981455614364
0.022714,0.115936995,-0.0932229945526123,0.0932229945526123,410.4208600078869
0.860822,0.9540149,-0.0931928973464966,0.0931928973464966,10.826035735107906
0.045268,0.13842252,-0.09315451896858215,0.09315451896858215,205.78448078730597
0.022943,0.115936995,-0.0929939945526123,0.0929939945526123,405.32621778880736
0.742848,0.83570915,-0.09286115460586553,0.09286115460586553,12.500693896108602
0.437779,0.5306084,-0.09282941560363772,0.09282941560363772,21.204629637884207
0.648535,0.7412961,-0.09276111253738406,0.09276111253738406,14.303177549874855
0.534321,0.6269509,-0.09262991962814326,0.09262991962814326,17.336005811264624
0.794071,0.8865673,-0.09249629459762576,0.09249629459762576,11.648365774090403
0.550047,0.6422151,-0.09216807310867314,0.09216807310867314,16.75639956074967
0.381055,0.47311532,-0.09206032497406008,0.09206032497406008,24.159327380535817
5.352469,5.4440947,-0.09162565789794908,0.09162565789794908,1.7118391138040638
0.03739,0.12884247,-0.09145247303009033,0.09145247303009033,244.59072689355335
2.373034,2.281853,0.09118103941345224,0.09118103941345224,3.842382343009407
0.873215,0.96423537,-0.09102036539077762,0.09102036539077762,10.423591598902222
0.565017,0.65591055,-0.09089355154800416,0.09089355154800416,16.08687022371314
5.510905,5.6017156,-0.09081056472778304,0.09081056472778304,1.6478339714826367
0.264368,0.3545144,-0.09014639023017884,0.09014639023017884,34.09882822281063
3.043061,3.1331952,-0.09013416181945821,0.09013416181945821,2.9619571154339748
2.340832,2.2508175,0.09001446269226054,0.09001446269226054,3.8454046547729672
2.327797,2.2381349,0.08966213900756825,0.08966213900756825,3.8518023265652657
2.712365,2.8019278,-0.08956280494689928,0.08956280494689928,3.302018900243782
0.453893,0.5434148,-0.08952177155685426,0.08952177155685426,19.723100276305463
2.906154,2.9955046,-0.08935061769104014,0.08935061769104014,3.074531414645115
2.367017,2.2776725,0.0893444707794191,0.0893444707794191,3.7745597423104496
10.907618,10.818351,0.08926720806884703,0.08926720806884703,0.8183932373505254
2.117079,2.0279975,0.08908150625610345,0.08908150625610345,4.207755414507238
2.379685,2.2907648,0.08892019134521467,0.08892019134521467,3.7366370482428573
0.040921,0.12946007,-0.08853906655693054,0.08853906655693054,216.3658423317238
2.743361,2.831843,-0.0884818993225096,0.0884818993225096,3.2253100966035566
2.365101,2.2766373,0.08846368424987805,0.08846368424987805,3.740376594747441
3.021661,3.110088,-0.08842710997009284,0.08842710997009284,2.926440456661631
5.457028,5.545384,-0.08835593020629862,0.08835593020629862,1.6191218041153441
6.889806,6.977946,-0.08813980459594717,0.08813980459594717,1.2792784672698752
3.745855,3.8339446,-0.08808955909728988,0.08808955909728988,2.351654271052623
0.316276,0.4043346,-0.08805860474014282,0.08805860474014282,27.842329077230172
0.027982,0.115936995,-0.0879549945526123,0.0879549945526123,314.3270468096821
0.171961,0.25976014,-0.08779914137268066,0.08779914137268066,51.05758940784426
0.133164,0.2209337,-0.0877697055683136,0.0877697055683136,65.91098607912244
0.523008,0.61050016,-0.08749215687942502,0.08749215687942502,16.728645998282314
1.491788,1.57903,-0.08724203692626964,0.08724203692626964,5.84815248013937
1.357803,1.4448047,-0.08700166842651358,0.08700166842651358,6.407532493307648
0.106329,0.1930282,-0.08669919669246673,0.08669919669246673,81.53861750879639
0.256014,0.34258026,-0.08656625884628294,0.08656625884628294,33.81309569495021
0.10952,0.19605659,-0.08653658948421478,0.08653658948421478,79.01441691490172
0.532114,0.6184314,-0.08631738933181765,0.08631738933181765,16.221597123096938
5.381635,5.4679413,-0.08630628417968733,0.08630628417968733,1.6037186501515546
0.250036,0.336195,-0.08615899206542971,0.08615899206542971,34.458634768981696
0.0967,0.1827757,-0.08607570605278016,0.08607570605278016,89.0131395695626
0.363625,0.4496206,-0.08599560451507571,0.08599560451507571,23.649530282963543
0.493122,0.5787364,-0.08561442444610595,0.08561442444610595,17.361712604334066
1.959713,2.0453272,-0.08561418658447262,0.08561418658447262,4.368710447912725
0.053024,0.13848132,-0.08545731895065307,0.08545731895065307,161.1672427381673
4.433164,4.518605,-0.08544123223876987,0.08544123223876987,1.9273194548372798
0.133078,0.21842039,-0.08534238631439209,0.08534238631439209,64.12959786761334
4.146536,4.0612264,0.08530963204956077,0.08530963204956077,2.057371069430083
0.030759,0.115936995,-0.0851779945526123,0.0851779945526123,276.9205574813607
1.006786,1.0917412,-0.08495520426177983,0.08495520426177983,8.43825840380593
1.89149,1.976284,-0.08479402709960948,0.08479402709960948,4.482922304380492
0.053947,0.13848132,-0.08453431895065308,0.08453431895065308,156.69883180520557
0.058249,0.14249368,-0.08424468011951447,0.08424468011951447,144.6285429361636
0.390443,0.4745937,-0.08415069897842409,0.08415069897842409,21.55262073000962
2.489069,2.5731828,-0.08411382127380351,0.08411382127380351,3.3793286273070047
2.350386,2.2669299,0.08345613511657701,0.08345613511657701,3.550741670220393
4.649982,4.7331653,-0.08318326412963906,0.08318326412963906,1.7888943253511556
0.044504,0.12765701,-0.08315301115131378,0.08315301115131378,186.84390383891306
2.360705,2.2776725,0.08303247077941878,0.08303247077941878,3.517274321692101
2.644988,2.562033,0.08295506199646008,0.08295506199646008,3.13631146883554
5.838361,5.7559786,0.08238241571044913,0.08238241571044913,1.4110538164570172
2.281148,2.1991606,0.08198742413330073,0.08198742413330073,3.594129978839891
4.003584,4.0854177,-0.08183374749755856,0.08183374749755856,2.0440122524097046
1.981469,1.8997235,0.0817454701843261,0.0817454701843261,4.125498313635015
2.313689,2.232022,0.08166695295715343,0.08166695295715343,3.529729058383547
8.648595,8.73024,-0.08164486816406225,0.08164486816406225,0.9440246440389245
0.047406,0.12884247,-0.08143647303009033,0.08143647303009033,171.78515980741926
2.507204,2.5886223,-0.08141833161926249,0.08141833161926249,3.247375627033744
0.602894,0.68404466,-0.08115065913772579,0.08115065913772579,13.460186885964298
0.060748,0.14173882,-0.08099081709575653,0.08099081709575653,133.32260644372477
0.152297,0.23324437,-0.08094737439441682,0.08094737439441682,53.150997289024616
4.113596,4.1945095,-0.08091350622558569,0.08091350622558569,1.966977462629259
4.501863,4.582678,-0.08081484118652327,0.08081484118652327,1.7951421708019129
0.061842,0.14249368,-0.08065168011951446,0.08065168011951446,130.41570451974184
0.598657,0.6793075,-0.08065052038955689,0.08065052038955689,13.471908016791751
4.056525,4.137105,-0.08057998809814482,0.08057998809814482,1.986428977909871
0.587495,0.66779906,-0.08030405557632447,0.08030405557632447,13.66889174591368
0.565041,0.6449992,-0.07995820606613158,0.07995820606613158,14.15086799930991
0.537952,0.617904,-0.07995200743484498,0.07995200743484498,14.862293925848904
2.571954,2.492167,0.07978700399780259,0.07978700399780259,3.1021940514760526
20.151037,20.230726,-0.07968924206543093,0.07968924206543093,0.39545975755508506
0.173572,0.25286904,-0.07929703977394104,0.07929703977394104,45.685386887433246
2.928371,3.0075715,-0.07920045881652849,0.07920045881652849,2.7045910102860566
11.156958,11.236053,-0.07909546679687551,0.07909546679687551,0.7089339835837563
0.403934,0.48290402,-0.07897001697158812,0.07897001697158812,19.550227748106842
2.655066,2.7338908,-0.07882477186584458,0.07882477186584458,2.968844159161231
2.414487,2.3357575,0.07872950602722151,0.07872950602722151,3.2607136018525176
0.171537,0.092869535,0.07866746491146087,0.07866746491146087,45.86034783492804
6.220221,6.1415915,0.07862945108032182,0.07862945108032182,1.2640941709154343
1.01145,1.0900396,-0.07858961086273197,0.07858961086273197,7.7699946467904475
1.653061,1.7316117,-0.078550728668213,0.078550728668213,4.751834848409174
2.358011,2.2795017,0.07850932344055161,0.07850932344055161,3.329472315320927
0.593343,0.67178714,-0.07844414275360112,0.07844414275360112,13.220707540222168
2.277493,2.1991606,0.07833242413330099,0.07833242413330099,3.4394144846926675
6.934088,6.8558755,0.07821250790405276,0.07821250790405276,1.1279422456554464
2.332618,2.2546632,0.07795477101135262,0.07795477101135262,3.341943301818415
0.075357,0.15316854,-0.07781154417324067,0.07781154417324067,103.25722105442554
1.20118,1.1234103,0.07776965587615958,0.07776965587615958,6.474438124984195
2.950698,2.872965,0.07773290257263188,0.07773290257263188,2.6343903228997845
2.762157,2.8397996,-0.07764264256286602,0.07764264256286602,2.8109424105890817
2.695189,2.7727964,-0.07760739244079584,0.07760739244079584,2.879478672475895
1.315645,1.3931766,-0.07753155563354497,0.07753155563354497,5.893045284073738
0.273243,0.35070035,-0.07745734861564635,0.07745734861564635,28.347422838754856
2.338414,2.261266,0.07714800688171408,0.07714800688171408,3.299159467845083
8.13914,8.216051,-0.07691110168457094,0.07691110168457094,0.944953664436611
0.048825,0.12572569,-0.07690068655014037,0.07690068655014037,157.50268590401984
2.450589,2.5273936,-0.07680457948303232,0.07680457948303232,3.1341273253041693
0.443166,0.51985765,-0.07669164503479003,0.07669164503479003,17.30539910947244
1.951117,2.0278037,-0.07668665943908692,0.07668665943908692,3.9303977893256286
2.323613,2.2469473,0.07666571148681633,0.07666571148681633,3.2994182543959303
1.119878,1.196513,-0.07663505675506599,0.07663505675506599,6.843161196864554
0.57413,0.65025324,-0.0761232362937927,0.0761232362937927,13.25888497039587
2.330282,2.2541823,0.07609966128540036,0.07609966128540036,3.2656846374015966
3.809719,3.8857346,-0.0760155581054689,0.0760155581054689,1.995306165716516
3.69937,3.7753356,-0.07596555030822749,0.07596555030822749,2.0534726265870678
2.453343,2.528886,-0.07554307978820818,0.07554307978820818,3.079189489000478
0.373046,0.4485502,-0.07550419450187684,0.07550419450187684,20.239915313831787
8.274536,8.349721,-0.07518495489502008,0.07518495489502008,0.9086304645252792
2.938981,3.0141447,-0.07516365904235833,0.07516365904235833,2.557473458991428
0.429705,0.50480837,-0.07510336629867553,0.07510336629867553,17.477889780476755
2.334424,2.2595983,0.07482574484252913,0.07482574484252913,3.205319378113137
2.68875,2.7634504,-0.07470038414001445,0.07470038414001445,2.778256964657785
0.37932,0.4538613,-0.07454129617691041,0.07454129617691041,19.651296044832627
0.041402,0.115936995,-0.07453499455261231,0.07453499455261231,180.02752130956182
0.910794,0.9852346,-0.07444061818695069,0.07444061818695069,8.17315640844994
0.358872,0.4332513,-0.07437929151344297,0.07437929151344297,20.725855316858688
0.192243,0.26649135,-0.0742483535118103,0.0742483535118103,38.62213629270671
0.521157,0.59525305,-0.07409605032730104,0.07409605032730104,14.21760627087105
0.126471,0.20051306,-0.07404206486129761,0.07404206486129761,58.54469783804422
2.709784,2.7837908,-0.07400682679748538,0.07400682679748538,2.7310968990426647
0.282948,0.35692182,-0.07397382183265688,0.07397382183265688,26.143963486758317
2.36548,2.2916343,0.07384567878723125,0.07384567878723125,3.121805248157222
2.330118,2.2564404,0.07367759892272963,0.07367759892272963,3.1619685749634847
0.317307,0.39089745,-0.0735904528312683,0.0735904528312683,23.192193304300286
3.058129,3.1316245,-0.07349546022033682,0.07349546022033682,2.4032818830707776
0.033159,0.106561735,-0.07340273527240754,0.07340273527240754,221.3659490667438
2.579595,2.6526673,-0.07307228401184096,0.07307228401184096,2.832703738726748
2.323523,2.2507858,0.07273717236328103,0.07273717236328103,3.1304692210987612
0.069121,0.14173882,-0.07261781709575653,0.07261781709575653,105.05897916797724
0.055739,0.12821576,-0.07247675999259949,0.07247675999259949,130.02881261337785
0.485031,0.5573224,-0.07229138292694093,0.07229138292694093,14.904487117738134
0.971222,0.8989847,0.07223732936096194,0.07223732936096194,7.437777290210082
0.412792,0.48501915,-0.07222714739608765,0.07222714739608765,17.497225570890528
2.265101,2.1929398,0.07216124169921878,0.07216124169921878,3.1857847264220447
2.626529,2.6985538,-0.07202480058288563,0.07202480058288563,2.7422046579399435
0.04392,0.115936995,-0.0720169945526123,0.0720169945526123,163.97312019271214
0.233784,0.30571842,-0.07193442193603516,0.07193442193603516,30.769608658105586
2.069828,2.1416342,-0.07180622584533713,0.07180622584533713,3.469188060160939
0.830738,0.902463,-0.07172501889419558,0.07172501889419558,8.633891658448475
2.336466,2.2648365,0.07162945024108902,0.07162945024108902,3.0657176367224386
2.352447,2.2808304,0.07161661669921893,0.07161661669921893,3.0443455982716965
4.340287,4.2689023,0.07138469821166993,0.07138469821166993,1.644699952100523
0.611212,0.6825244,-0.07131238306808474,0.07131238306808474,11.667372868402023
4.207833,4.2791266,-0.07129364413452155,0.07129364413452155,1.6943078333390902
0.736828,0.8078632,-0.071035175868988,0.071035175868988,9.640672702360296
2.071574,2.142606,-0.07103201997375486,0.07103201997375486,3.4288912667530083
2.704444,2.7753947,-0.07095067811584466,0.07095067811584466,2.6234848313820205
0.550685,0.62161297,-0.07092796606063845,0.07092796606063845,12.879952431564051
2.308218,2.2375858,0.07063221699523936,0.07063221699523936,3.060032327630203
0.328566,0.3991061,-0.07054008530044553,0.07054008530044553,21.46907631312322
2.272475,2.202154,0.07032107887268069,0.07032107887268069,3.094470956537969
2.299033,2.2288191,0.07021386814880382,0.07021386814880382,3.0540609093366538
2.32655,2.2564404,0.07010959892272961,0.07010959892272961,3.01345764843722
1.890085,1.9601811,-0.07009611705780028,0.07009611705780028,3.708622472221707
2.339981,2.2700517,0.06992928224182116,0.06992928224182116,2.988455130141343
0.095871,0.16575763,-0.06988662629508972,0.06988662629508972,72.89652368515318
2.329046,2.259175,0.06987093782043452,0.06987093782043452,2.9999810144340016
0.081966,0.15116443,-0.06919842739963532,0.06919842739963532,84.42333078985432
0.283945,0.35296142,-0.06901642101287842,0.06901642101287842,24.306263885108788
0.473831,0.54283416,-0.06900316271209717,0.06900316271209717,14.562821490686414
2.362864,2.293989,0.06887505690002449,0.06887505690002449,2.914897213597972
1.645642,1.7141948,-0.0685527746276855,0.0685527746276855,4.165716153544925
0.1684,0.23666193,-0.06826192591190339,0.06826192591190339,40.535585434303925
1.825273,1.8934873,-0.06821433425140389,0.06821433425140389,3.737212693534977
2.579738,2.647799,-0.06806101504516615,0.06806101504516615,2.638291758408329
0.15408,0.22194679,-0.06786679081439972,0.06786679081439972,44.04646337639749
0.204054,0.2715912,-0.06753718652343749,0.06753718652343749,33.09770280922686
0.056366,0.123862326,-0.06749632614517212,0.06749632614517212,119.7465245456935
2.444509,2.377087,0.06742188375854496,0.06742188375854496,2.75809513304254
2.368184,2.300769,0.06741490934753402,0.06741490934753402,2.8466922057022317
0.275768,0.34312654,-0.0673585354156494,0.0673585354156494,24.425798276530852
3.121232,3.1884146,-0.06718257366943359,0.06718257366943359,2.15243768061077
3.887666,3.9547253,-0.06705926550292984,0.06705926550292984,1.7249235274122037
0.060609,0.12765701,-0.06704801115131379,0.06704801115131379,110.6238529602698
2.322512,2.2555165,0.06699547091674818,0.06699547091674818,2.8846124762267564
2.593778,2.6607716,-0.06699360835266122,0.06699360835266122,2.582858222641967
9.789593,9.722609,0.0669844337158203,0.0669844337158203,0.6842412520636564
1.403017,1.3361015,0.06691546801757808,0.06691546801757808,4.769398233436137
0.075453,0.14236553,-0.06691253013324737,0.06691253013324737,88.68107304489722
2.348362,2.2815268,0.06683519602966292,0.06683519602966292,2.84603464145719
0.102811,0.16960175,-0.06679075335407257,0.06679075335407257,64.96459842731612
0.049227,0.115936995,-0.06670999455261231,0.06670999455261231,135.51505153086163
0.238537,0.30524465,-0.06670765441703796,0.06670765441703796,27.965327973887753
0.14002,0.20672622,-0.06670622323036193,0.06670622323036193,47.640496488159854
14.289055,14.35576,-0.06670462066650451,0.06670462066650451,0.466823178062074
0.486392,0.5530809,-0.06668891640472413,0.06668891640472413,13.710940227432438
0.061989,0.12821576,-0.06622675999259948,0.06622675999259948,106.83630948355865
0.32263,0.38885644,-0.06622644078254702,0.06622644078254702,20.527055996658703
2.462835,2.528886,-0.0660510797882079,0.0660510797882079,2.681912502685969
2.34324,2.2772717,0.06596825241088888,0.06596825241088888,2.8152580362264907
2.31581,2.2499325,0.06587747245788567,0.06587747245788567,2.8446838235883334
2.264873,2.1991606,0.06571242413330092,0.06571242413330092,2.9013734602513934
0.596867,0.66249466,-0.06562765942382809,0.06562765942382809,10.995357326311009
7.30772,7.2421827,0.0655372683715818,0.0655372683715818,0.8968223792193049
0.157131,0.22259527,-0.06546427444839478,0.06546427444839478,41.66222731780015
0.107725,0.1731586,-0.06543360092639923,0.06543360092639923,60.74133289919508
0.050541,0.115936995,-0.0653959945526123,0.0653959945526123,129.391967755328
2.836064,2.9014256,-0.06536160005187996,0.06536160005187996,2.304658852888204
0.278529,0.34358895,-0.06505994824981687,0.06505994824981687,23.358410875154277
3.29746,3.3625119,-0.0650518732452392,0.0650518732452392,1.972787334592881
1.267037,1.3320867,-0.06504968231964114,0.06504968231964114,5.134000215819044
2.971213,3.0362542,-0.06504116755676259,0.06504116755676259,2.1890442574993294
3.410985,3.346073,0.06491208778381363,0.06491208778381363,1.9030305844766424
0.056136,0.121015236,-0.06487923578166963,0.06487923578166963,115.5750956001399
1.749638,1.6847942,0.06484381245422366,0.06484381245422366,3.706127350372908
0.127698,0.19232538,-0.0646273834247589,0.0646273834247589,50.60955016848294
2.958463,3.0227969,-0.06433386927795404,0.06433386927795404,2.1745706901110293
0.041171,0.10544452,-0.0642735207118988,0.0642735207118988,156.11357643920533
2.380504,2.4447331,-0.06422914285278303,0.06422914285278303,2.6981321119428867
3.212151,3.2763395,-0.06418853094482424,0.06418853094482424,1.9983036582908442
7.641053,7.705164,-0.06411095568847625,0.06411095568847625,0.8390329930657099
0.089106,0.15316854,-0.06406254417324066,0.06406254417324066,71.89475916475422
3.257653,3.3216941,-0.06404113566589364,0.06404113566589364,1.9658673180945847
1.189595,1.253592,-0.06399701431274418,0.06399701431274418,5.379731278911264
2.911099,2.9750628,-0.06396384713745107,0.06396384713745107,2.1972405313338306
0.375992,0.439854,-0.0638619960384369,0.0638619960384369,16.984934791551936
2.628473,2.5647562,0.06371684498596197,0.06371684498596197,2.4241011790320033
2.279078,2.2154086,0.06366943638610856,0.06366943638610856,2.793648852005719
0.252592,0.31622267,-0.06363066769409181,0.06363066769409181,25.191085889062492
2.512096,2.575699,-0.0636030909576415,0.0636030909576415,2.531873421840153
0.237137,0.3006278,-0.06349079784202577,0.06349079784202577,26.773889277190772
2.39027,2.3268454,0.0634245925140382,0.0634245925140382,2.6534488786365036
0.061187,0.12433155,-0.0631445488100052,0.0631445488100052,103.19928858549349
2.327132,2.2641168,0.06301523593139668,0.06301523593139668,2.7078496590949213
0.369971,0.43298027,-0.0630092691936493,0.0630092691936493,17.030867061639544
3.961142,4.024144,-0.06300217266845687,0.06300217266845687,1.5905052802163204
0.049054,0.11205278,-0.062998783370018,0.062998783370018,128.42741313978593
7.11572,7.1787133,-0.06299332168579141,0.06299332168579141,0.8852698206914571
2.28892,2.225934,0.06298597137451178,0.06298597137451178,2.7517768804396834
2.449484,2.3865247,0.06295932272338867,0.06295932272338867,2.570309612996793
2.540591,2.4777615,0.06282949296569829,0.06282949296569829,2.4730266683313156
2.535363,2.472684,0.06267909344482403,0.06267909344482403,2.4721940583006
3.383834,3.3211887,0.06264531172180154,0.06264531172180154,1.8513116104380487
5.46336,5.401031,0.062328982696532975,0.062328982696532975,1.140854395379256
0.295491,0.35779542,-0.06230441730880737,0.06230441730880737,21.085047357693572
1.623141,1.6853353,-0.06219427851104742,0.06219427851104742,3.8317237077503243
2.651361,2.589192,0.06216908639526375,0.06216908639526375,2.344799006733483
0.469994,0.532059,-0.062065013843536354,0.062065013843536354,13.205490672291745
0.259368,0.32135814,-0.06199014428329469,0.06199014428329469,23.90045967867826
2.268366,2.2064204,0.061945578399658086,0.061945578399658086,2.7308458333852315
1.487653,1.4257313,0.06192169869232167,0.06192169869232167,4.162375143138843
3.200419,3.138629,0.061790040344238406,0.061790040344238406,1.9306859615040317
1.372848,1.3111343,0.06171366162109382,0.06171366162109382,4.495301855456577
0.084933,0.14658524,-0.06165224096012116,0.06165224096012116,72.58926552403884
2.258697,2.197321,0.061376061889648614,0.061376061889648614,2.717321618921497
3.205362,3.2667212,-0.06135924862670894,0.06135924862670894,1.914268922661299
2.256928,2.1956358,0.061292204406738104,0.061292204406738104,2.715735920863332
2.316742,2.2555165,0.061225470916748126,0.061225470916748126,2.64274014603721
0.184326,0.24554333,-0.061217330907821665,0.061217330907821665,33.21144649946845
0.156639,0.2178332,-0.06119420605754852,0.06119420605754852,39.067030572514824
0.180953,0.24203575,-0.06108274657440185,0.06108274657440185,33.75613918567015
6.456997,6.3960314,0.06096562030029329,0.06096562030029329,0.9441791640812146
1.130123,1.1910797,-0.06095673575592042,0.06095673575592042,5.393814279554226
0.736048,0.7969852,-0.06093720898818966,0.06093720898818966,8.278972156695037
2.280734,2.2200787,0.06065529325866681,0.06065529325866681,2.6594637189609727
0.550758,0.4905192,0.060238804204940766,0.060238804204940766,10.937436077915043
0.435344,0.49551252,-0.06016851530647277,0.06016851530647277,13.820912954503072
2.469651,2.529658,-0.06000707914733905,0.06000707914733905,2.4297797196814153
0.238456,0.29843232,-0.05997632035636902,0.05997632035636902,25.151944313087977
3.247076,3.1871808,0.059895242477416843,0.059895242477416843,1.8445901012348418
2.670431,2.7303202,-0.059889215225219505,0.059889215225219505,2.2426797480622724
2.291111,2.2312508,0.05986023706054677,0.05986023706054677,2.6127165841346867
0.755626,0.81548613,-0.059860133098602275,0.059860133098602275,7.921926070659341
0.212087,0.27178976,-0.059702759397506716,0.059702759397506716,28.150126773143374
0.200377,0.2599892,-0.05961220202255249,0.05961220202255249,29.75002220454566
0.754944,0.69549084,0.05945316290283198,0.05945316290283198,7.875175230872331
0.358129,0.41744035,-0.05931135482406619,0.05931135482406619,16.5614498707183
0.029032,0.08815898,-0.05912698001194,0.05912698001194,203.66140744102572
0.021174,0.08011782,-0.05894382169342041,0.05894382169342041,278.37830081723865
0.066571,0.12549397,-0.058922973493576045,0.058922973493576045,88.51147407289146
1.941847,2.000743,-0.05889591229248037,0.05889591229248037,3.032984178951657
9.125211,9.183932,-0.058721304382324035,0.058721304382324035,0.6435062639283686
0.156144,0.2147469,-0.05860290735340118,0.05860290735340118,37.53132193095466
0.183318,0.24190395,-0.058585945803642264,0.058585945803642264,31.958643325632842
0.067184,0.12572569,-0.05854168655014039,0.05854168655014039,87.13635160604318
0.066472,0.12495826,-0.05848626184749603,0.05848626184749603,87.9863126722676
0.131457,0.18985733,-0.05840033389854432,0.05840033389854432,44.425427215073285
2.312451,2.2542071,0.05824386575317364,0.05824386575317364,2.5187070234420075
2.923508,2.981711,-0.058202910797119145,0.058202910797119145,1.9908586121580065
0.165298,0.22327223,-0.057974234201431274,0.057974234201431274,35.07255633241704
2.249693,2.1917655,0.05792745320129411,0.05792745320129411,2.5749048069545135
2.28084,2.2230268,0.05781324752807615,0.05781324752807615,2.5347349014197147
0.244463,0.30224195,-0.0577789512271881,0.0577789512271881,23.635049559055172
2.269201,2.2117972,0.05740376260375957,0.05740376260375957,2.529690521079
2.311184,2.2541823,0.057001661285400296,0.057001661285400296,2.466340251703627
0.515023,0.5720019,-0.05697887444686889,0.05697887444686889,11.06336502171855
2.279289,2.222423,0.05686592337036123,0.05686592337036123,2.494897460035403
8.543583,8.600395,-0.05681220263671882,0.05681220263671882,0.6649692832158809
2.268554,2.2117972,0.056756762603759725,0.056756762603759725,2.50189162793823
2.647671,2.7044132,-0.056742175582885856,0.056742175582885856,2.143097672661851
2.271528,2.2149153,0.05661272442626952,0.05661272442626952,2.492274998317311
8.552617,8.60906,-0.056443287475586246,0.056443287475586246,0.6599534092889497
2.315698,2.2593195,0.056378456161498836,0.056378456161498836,2.4346204107385425
2.719112,2.7753947,-0.05628267811584475,0.05628267811584475,2.069891865939132
0.059665,0.115936995,-0.0562719945526123,0.0562719945526123,94.31323968540863
0.189387,0.24563012,-0.056243115270614624,0.056243115270614624,29.69745296188079
2.247892,2.1917655,0.056126453201293725,0.056126453201293725,2.496848300487607
5.282962,5.3390617,-0.056099737060546495,0.056099737060546495,1.0618993106421093
2.275348,2.2192929,0.05605512089538589,0.05605512089538589,2.463584510717583
0.387219,0.4432094,-0.05599040971374514,0.05599040971374514,14.459623546180719
0.056284,0.11205278,-0.055768783370018005,0.055768783370018005,99.0846124492456
0.554735,0.61050016,-0.05576515687942507,0.05576515687942507,10.052575891078172
0.506371,0.56191576,-0.055544755271911606,0.055544755271911606,10.969181738476813
0.516481,0.5720019,-0.05552087444686893,0.05552087444686893,10.749838703866956
2.633202,2.6886992,-0.05549724545288104,0.05549724545288104,2.1075954465617697
2.298746,2.2433615,0.05538452691650386,0.05538452691650386,2.409336521481474
2.325057,2.2700474,0.05500957377624527,0.05500957377624527,2.365945169253026
2.136216,2.1912236,-0.05500762136840809,0.05500762136840809,2.575002779018277
0.538466,0.59344524,-0.05497924145126343,0.05497924145126343,10.210345953329101
0.477209,0.532059,-0.05485001384353638,0.05485001384353638,11.49391856231598
2.273976,2.2191424,0.05483356301879905,0.05483356301879905,2.4113518795443616
2.9924,3.047189,-0.05478899726867681,0.05478899726867681,1.830938285885773
0.490628,0.43595815,0.05466985295104981,0.05466985295104981,11.142831827760947
0.672119,0.7264166,-0.05429758782958982,0.05429758782958982,8.078567608044297
2.261968,2.2077093,0.054258687561035135,0.054258687561035135,2.398738070504817
0.10581,0.1600461,-0.05423610061645508,0.05423610061645508,51.258010174082855
0.36966,0.42380044,-0.05414043864250184,0.05414043864250184,14.64600947569546
1.650692,1.704783,-0.05409096279907222,0.05409096279907222,3.2768658717553216
2.437949,2.3838952,0.05405384123229995,0.05405384123229995,2.2171850695023876
1.417471,1.4715128,-0.05404179449462898,0.05404179449462898,3.812550273749264
0.062081,0.115936995,-0.05385599455261231,0.05385599455261231,86.75117099573322
2.5431,2.5968826,-0.053782581710815514,0.053782581710815514,2.1148433686721195
2.725838,2.7795887,-0.05375069934082033,0.05375069934082033,1.9718963246843149
2.917638,2.9713778,-0.053739849578857246,0.053739849578857246,1.8418957244529768
2.245254,2.1917655,0.05348845320129403,0.05348845320129403,2.38228962954355
2.266174,2.2127242,0.0534497911682128,0.0534497911682128,2.3585916688592405
1.625128,1.5717582,0.05336984894561758,0.05336984894561758,3.2840397151691154
0.115704,0.16906735,-0.05336335301017761,0.05336335301017761,46.1205774770596
2.284865,2.2315493,0.05331573699951164,0.05331573699951164,2.33343050890001
0.140448,0.19374155,-0.05329354508113862,0.05329354508113862,37.94539263157412
0.076377,0.1296099,-0.05323289773273468,0.05323289773273468,69.6975498684645
0.353344,0.40654647,-0.0532024735031128,0.0532024735031128,15.05684927098124
2.480464,2.5336363,-0.05317233155822754,0.05317233155822754,2.1436445582795756
0.120009,0.1731586,-0.053149600926399226,0.053149600926399226,44.28801246749095
0.181269,0.23441678,-0.053147782855987535,0.053147782855987535,29.31984113481494
0.291802,0.3448899,-0.05308790902900695,0.05308790902900695,18.193127192690188
2.488618,2.5416908,-0.053072826416015406,0.053072826416015406,2.1326224600916164
2.571415,2.6243274,-0.052912421188354486,0.052912421188354486,2.0577161285244414
2.311565,2.2586942,0.05287082809448229,0.05287082809448229,2.2872308627356386
0.116201,0.16906735,-0.052866353010177614,0.052866353010177614,45.495609301711696
0.027442,0.08019528,-0.05275327792930603,0.05275327792930603,192.2355430984275
1.162361,1.1096535,0.05270752709960935,0.05270752709960935,4.534523017812438
0.317387,0.37006673,-0.05267973216819766,0.05267973216819766,16.59794892405792
0.053935,0.106561735,-0.052626735272407535,0.052626735272407535,97.57436761812028
0.103618,0.15616189,-0.05254388943386078,0.05254388943386078,50.70922946124375
0.073769,0.12592326,-0.052154261046409606,0.052154261046409606,70.69942791106044
4.994402,4.942434,0.051968165924072274,0.051968165924072274,1.0405282939385285
2.613984,2.665883,-0.05189906427001967,0.05189906427001967,1.9854392478314418
0.150677,0.20254928,-0.0518722787361145,0.0518722787361145,34.426142478074524
2.498658,2.4468591,0.05179887867736799,0.05179887867736799,2.0730679698980383
1.387199,1.3354678,0.05173118460083015,0.05173118460083015,3.729182662119924
0.401605,0.4533254,-0.051720390815734874,0.051720390815734874,12.878423028313007
3.082286,3.0306573,0.051628708587646344,0.051628708587646344,1.6750135641524289
0.449926,0.5015544,-0.05162842953109742,0.05162842953109742,11.474871316532619
0.022838,0.07442191,-0.05158391243171692,0.05158391243171692,225.86878100467703
0.146616,0.19814278,-0.051526781853675846,0.051526781853675846,35.1440373619058
2.620887,2.5695126,0.05137439433288593,0.05137439433288593,1.960191123498485
0.133956,0.18525267,-0.05129666647338868,0.05129666647338868,38.293668394917
2.45879,2.5100782,-0.05128819175720212,0.05128819175720212,2.0859118409915527
0.060789,0.11205278,-0.051263783370018,0.051263783370018,84.33069023291601
2.603956,2.655155,-0.051198943466186364,0.051198943466186364,1.9661984866188278
1.763887,1.814941,-0.051054048622131365,0.051054048622131365,2.8944058558874213
0.50244,0.55314404,-0.05070403772354126,0.05070403772354126,10.091560726345374
3.288567,3.3392644,-0.050697392852783185,0.050697392852783185,1.5416256640427748
0.444098,0.49468574,-0.05058773927879334,0.05058773927879334,11.391120713761877
0.033869,0.08408684,-0.05021784283494949,0.05021784283494949,148.270816046174
0.356675,0.40654647,-0.04987147350311277,0.04987147350311277,13.98232942850787
0.031124,0.08088525,-0.04976124639606476,0.04976124639606476,159.8806266424114
2.312031,2.262288,0.04974290643310564,0.04974290643310564,2.151480946014744
0.804858,0.85460013,-0.04974213151168827,0.04974213151168827,6.180236949313796
0.537818,0.58744794,-0.049629941303253156,0.049629941303253156,9.22801789713716
0.099378,0.14900419,-0.04962619116020203,0.04962619116020203,49.93679799378659
0.232414,0.28171834,-0.04930434349632262,0.04930434349632262,21.2140161415012
16.54463,16.495342,0.04928774536132963,0.04928774536132963,0.2979078127527284
0.19627,0.24554333,-0.049273330907821655,0.049273330907821655,25.104871290934316
2.248017,2.1987817,0.049235271255493096,0.049235271255493096,2.190164542941754
7.469451,7.42024,0.0492110746154788,0.0492110746154788,0.65883121282702
9.067438,9.018355,0.04908263043212813,0.04908263043212813,0.5413064906711997
2.512101,2.561174,-0.04907291586303719,0.04907291586303719,1.953461101328479
0.031233,0.08011782,-0.04888482169342041,0.04888482169342041,156.51657393431256
0.025562,0.07442191,-0.04885991243171692,0.04885991243171692,191.14275972370766
2.274473,2.2256227,0.048850346038818326,0.048850346038818326,2.1477654839899425
2.300221,2.251457,0.04876402406311042,0.04876402406311042,2.1199712575874425
12.533332,12.582028,-0.048696388977051086,0.048696388977051086,0.3885350597643352
2.276578,2.2279549,0.04862313549804709,0.04862313549804709,2.1357992344611643
0.26272,0.31106144,-0.04834144189834594,0.04834144189834594,18.400366123609004
2.857516,2.9058537,-0.04833774832153326,0.04833774832153326,1.691600268199431
0.420637,0.46888185,-0.04824484547424318,0.04824484547424318,11.469472600549574
1.000784,1.0489722,-0.048188249031067,0.048188249031067,4.815049903500851
1.600055,1.5520109,0.048044106178283696,0.048044106178283696,3.0026534197437615
2.309273,2.261266,0.048007006881714,0.048007006881714,2.0788796681741446
2.276265,2.2282915,0.04797348846435545,0.04797348846435545,2.1075528755328534
2.275598,2.227665,0.047933052490234385,0.047933052490234385,2.106393681490667
0.286322,0.23841278,0.04790921745014193,0.04790921745014193,16.732635785377752
2.579395,2.5315335,0.047861520309448125,0.047861520309448125,1.8555328015907837
2.986659,2.9389472,0.04771179922485347,0.04771179922485347,1.5974973782830908
2.257346,2.2096548,0.04769119195556648,0.04769119195556648,2.112710765361348
2.612292,2.5647562,0.04753584498596197,0.04753584498596197,1.819698754356032
0.201247,0.24876572,-0.047518721917152396,0.047518721917152396,23.61213925849342
2.275614,2.2282376,0.04737637106323245,0.04737637106323245,2.0819159603144706
2.850349,2.8977253,-0.04737634370422361,0.04737634370422361,1.662124311884667
0.348935,0.39616448,-0.04722947687149048,0.04722947687149048,13.535322297263146
0.684087,0.7311457,-0.04705867995071411,0.04705867995071411,6.879049001637958
0.137627,0.18461783,-0.04699083230304718,0.04699083230304718,34.1436144571222
0.045956,0.092869535,-0.04691353508853913,0.04691353508853913,102.08359079653482
7.242087,7.2887783,-0.04669130505371122,0.04669130505371122,0.6447216810991984
2.306526,2.260035,0.04649096200561509,0.04649096200561509,2.015627051401088
2.544754,2.5912232,-0.04646923989868146,0.04646923989868146,1.8260798449223532
1.595359,1.6417496,-0.0463906204376221,0.0463906204376221,2.9078483548037934
2.25233,2.2060843,0.04624574859619157,0.04624574859619157,2.0532403597225244
0.038794,0.08490585,-0.04611184790706634,0.04611184790706634,118.86334945662472
0.211093,0.25720385,-0.046110847169876096,0.046110847169876096,21.84385420077039
0.290099,0.336195,-0.04609599206542969,0.04609599206542969,15.889745241982892
0.221062,0.26714236,-0.04608035544204711,0.04608035544204711,20.84499164089808
2.530673,2.4845974,0.046075555465698415,0.046075555465698415,1.8206838838474084
0.437972,0.48400792,-0.046035924795150784,0.046035924795150784,10.511157056761535
2.241633,2.1956358,0.04599720440673849,0.04599720440673849,2.0519507164949187
0.594295,0.64027476,-0.04597976310729979,0.04597976310729979,7.736858479301175
20.020193,20.066063,-0.04586992724609473,0.04586992724609473,0.2291183069307355
0.110372,0.15616189,-0.04578988943386078,0.04578988943386078,41.4868711198256
3.244568,3.2903335,-0.04576550944519031,0.04576550944519031,1.4105270545656552
0.645477,0.69122994,-0.04575293946075443,0.04575293946075443,7.088236986548892
0.033674,0.07913247,-0.04545846750831604,0.04545846750831604,134.99574559992956
0.290717,0.3361605,-0.04544351077842712,0.04544351077842712,15.631528518385782
2.349111,2.3036861,0.045424858032226734,0.045424858032226734,1.9337041983240906
2.265516,2.2201645,0.04535146257019029,0.04535146257019029,2.001816035207365
0.042913,0.08815898,-0.04524598001194,0.04524598001194,105.43653416564554
0.598334,0.55314404,0.04518996227645877,0.04518996227645877,7.5526315183335955
2.240799,2.1956358,0.045163204406738267,0.045163204406738267,2.0154955622848263
0.394407,0.34929645,0.04511054938507081,0.04511054938507081,11.437563069020895
3.300704,3.3457904,-0.04508638619995109,0.04508638619995109,1.365962721849191
2.273397,2.2284358,0.044961245223999136,0.044961245223999136,1.9777119975974904
0.739569,0.7842582,-0.04468918681716916,0.04468918681716916,6.0425987042624225
2.307741,2.2630594,0.044681622329711956,0.044681622329711956,1.936162781168935
2.252962,2.208359,0.04460299693298353,0.04460299693298353,1.979749189334031
0.390236,0.4346389,-0.04440288764381406,0.04440288764381406,11.378470369836608
2.574853,2.6191263,-0.04427331988525385,0.04427331988525385,1.7194503874020926
0.222847,0.2670792,-0.0442322043209076,0.0442322043209076,19.848687350989206
2.258113,2.2139006,0.044212433898925596,0.044212433898925596,1.9579371757289232
0.181432,0.1372412,0.04419080038738252,0.04419080038738252,24.356673774761806
0.566325,0.61050016,-0.04417515687942508,0.04417515687942508,7.800319052068117
0.19426,0.23841278,-0.044152782549858105,0.044152782549858105,22.72870509993277
0.188487,0.23254997,-0.04406296538162233,0.04406296538162233,23.37719065943282
2.941125,2.9851062,-0.0439812297821045,0.0439812297821045,1.495387981830392
0.030476,0.07442191,-0.043945912431716916,0.043945912431716916,144.19842593358212
1.436433,1.4801228,-0.04368980464172356,0.04368980464172356,3.04154837981876
16.962149,16.9185,0.043648099731445456,0.043648099731445456,0.2573264727906124
12.176411,12.132775,0.04363569329833972,0.04363569329833972,0.35836251994106766
3.239689,3.2832844,-0.043595425735473814,0.043595425735473814,1.3456669987189556
0.701979,0.74554217,-0.043563168617248516,0.043563168617248516,6.205765216771834
0.228314,0.27178976,-0.043475759397506725,0.043475759397506725,19.042090882935184
0.145442,0.18875156,-0.04330956342983247,0.04330956342983247,29.777893180824368
0.201533,0.24477606,-0.043243055216789256,0.043243055216789256,21.457059238602213
3.387573,3.4307618,-0.04318881411743147,0.04318881411743147,1.2749190679036748
2.292359,2.2493467,0.043012266906738095,0.043012266906738095,1.876332062511228
2.250269,2.2073967,0.04287225431823716,0.04287225431823716,1.9052057472387505
3.500649,3.457906,0.04274299223327649,0.04274299223327649,1.2210019408416979
2.252347,2.2096548,0.04269219195556628,0.04269219195556628,1.8954535848015794
0.018857,0.061516423,-0.042659422778368,0.042659422778368,226.2259243365438
0.080109,0.12274661,-0.04263760915136337,0.04263760915136337,53.2244930009598
0.161317,0.20388399,-0.04256699064540864,0.04256699064540864,26.387169745917337
0.233774,0.27630174,-0.04252774160003661,0.04252774160003661,18.191818415155144
0.117538,0.1600461,-0.042508100616455075,0.042508100616455075,36.16541082908478
2.817065,2.859453,-0.04238796287536628,0.04238796287536628,1.5046852974234388
11.583961,11.54164,0.0423207183227543,0.0423207183227543,0.3653389226913744
0.195658,0.23792583,-0.04226782750320435,0.04226782750320435,21.602912981631945
2.254745,2.2126071,0.04213785469055198,0.04213785469055198,1.8688523397849033
0.086976,0.12904863,-0.04207263059520722,0.04207263059520722,48.372689646378916
2.249814,2.2077985,0.042015519012451374,0.042015519012451374,1.8675107813616532
7.953678,7.9956717,-0.04199374911499021,0.04199374911499021,0.5279789943025381
0.421162,0.4629828,-0.04182080358314516,0.04182080358314516,9.92986156709658
0.070241,0.11205278,-0.04181178337001801,0.04181178337001801,59.52617888482771
2.240546,2.1987817,0.04176427125549331,0.04176427125549331,1.864022039879087
0.086992,0.12857288,-0.04158088122177124,0.04158088122177124,47.79851155735324
2.27935,2.2377934,0.041556554412841784,0.041556554412841784,1.823175660210964
3.524817,3.5662498,-0.041432847412109286,0.041432847412109286,1.1754609504815094
2.188155,2.2294817,-0.04132669708251946,0.04132669708251946,1.888654920726859
2.253483,2.2122433,0.04123968144226087,0.04123968144226087,1.8300418259392603
0.07568,0.1168992,-0.041219199783802035,0.041219199783802035,54.465115921428286
2.265259,2.2240489,0.041210147079467685,0.041210147079467685,1.8192245159449079
0.289606,0.33075824,-0.04115224379920962,0.04115224379920962,14.2097345307072
3.386873,3.3457227,0.041150324676513694,0.041150324676513694,1.2149946182008802
2.261192,2.2201645,0.0410274625701903,0.0410274625701903,1.8144174651412124
0.367229,0.40819752,-0.040968522163391086,0.040968522163391086,11.156123876990913
0.12184,0.16259217,-0.04075217262268066,0.04075217262268066,33.44728544749949
0.071307,0.11205278,-0.04074578337001801,0.04074578337001801,57.14135121780003
1.174108,1.2148504,-0.040742425720214914,0.040742425720214914,3.4700747901168243
0.044253,0.08490585,-0.040652847907066345,0.040652847907066345,91.86461441077832
2.234717,2.1941395,0.04057751940917953,0.04057751940917953,1.8157788841881881
2.410442,2.3698936,0.04054844912719746,0.04054844912719746,1.682199742848625
0.374519,0.41502044,-0.0405014360485077,0.0405014360485077,10.814254026549639
2.499696,2.4592068,0.04048918046569838,0.04048918046569838,1.6197641818876622
2.237571,2.197321,0.040250061889648414,0.040250061889648414,1.7988283673612853
0.209205,0.24924015,-0.040035145087242124,0.040035145087242124,19.13680125623447
0.116197,0.15616189,-0.039964889433860784,0.039964889433860784,34.39408022536443
0.377177,0.41683182,-0.03965482120323183,0.03965482120323183,10.513584124354942
0.136745,0.17633426,-0.03958926189422607,0.03958926189422607,28.951158627573154
3.229025,3.2685177,-0.039492732620239224,0.039492732620239224,1.2230544086532675
1.571944,1.6114316,-0.03948759866333007,0.03948759866333007,2.51202324388261
2.26202,2.2227368,0.039283164520263814,0.039283164520263814,1.7366409014300126
2.259295,2.2201645,0.03913046257019026,0.03913046257019026,1.7319766815957316
0.320979,0.36008117,-0.039102166028976426,0.039102166028976426,12.182157093390616
2.528673,2.4895957,0.039077348373413034,0.039077348373413034,1.5453697797962673
0.331584,0.37060913,-0.0390251344356537,0.0390251344356537,11.769305643180731
3.462039,3.423026,0.03901291510009752,0.03901291510009752,1.126876823137193
0.049269,0.08815898,-0.03888998001194,0.03888998001194,78.93397457428814
2.015562,1.976769,0.03879302951049812,0.03879302951049812,1.924675574781299
2.251567,2.2128057,0.03876125201416025,0.03876125201416025,1.7215233662795166
2.978768,3.017141,-0.038373103744506754,0.038373103744506754,1.2882206248764096
0.046533,0.08490585,-0.03837284790706635,0.03837284790706635,82.46373073862124
2.233969,2.1956358,0.038333204406738375,0.038333204406738375,1.7159237395426012
2.41279,2.3746114,0.03817862228393576,0.03817862228393576,1.5823433569582688
2.24671,2.208601,0.03810900207519552,0.03810900207519552,1.6962136668060988
2.807114,2.845071,-0.03795707734680187,0.03795707734680187,1.352174416338264
0.170673,0.20855607,-0.037883070923805245,0.037883070923805245,22.196288166030335
0.4547,0.49221513,-0.0375151267528534,0.0375151267528534,8.25052270609256
7.842243,7.8796887,-0.037445739776611475,0.037445739776611475,0.47748762409088813
9.729571,9.692285,0.03728641595458981,0.03728641595458981,0.3832277492420435
2.651926,2.689057,-0.0371311117401123,0.0371311117401123,1.4001564047681625
0.200729,0.23773307,-0.03700406608200074,0.03700406608200074,18.43483804710127
2.519864,2.4828694,0.03699461332702647,0.03699461332702647,1.4681194431746456
0.135597,0.17234084,-0.03674384010124207,0.03674384010124207,27.097826702762042
2.418874,2.3821602,0.036713813232422066,0.036713813232422066,1.5178059390817487
2.730538,2.7672255,-0.03668750392150866,0.03668750392150866,1.3435998297831804
0.278874,0.31555897,-0.03668496997451781,0.03668496997451781,13.154675574403901
0.056274,0.092869535,-0.036595535088539126,0.036595535088539126,65.03098237819978
0.176979,0.21355058,-0.03657158252811432,0.03657158252811432,20.66436272521031
2.244411,2.2078776,0.03653336404418939,0.03653336404418939,1.6277483955728982
2.237491,2.2010436,0.03644739419555654,0.03644739419555654,1.628940370885407
0.268189,0.30452242,-0.036333424936294545,0.036333424936294545,13.547693948203262
2.374775,2.3384743,0.036300726318359455,0.036300726318359455,1.5285964487932902
0.641019,0.6047187,0.03630031484985352,0.03630031484985352,5.662907783418372
2.500863,2.5369601,-0.036097124969482586,0.036097124969482586,1.4433867416183612
0.048975,0.08490585,-0.03593084790706635,0.03593084790706635,73.36569236079767
3.898244,3.934165,-0.0359210009155273,0.0359210009155273,0.9214662015668038
2.548966,2.5130782,0.035887787261962956,0.035887787261962956,1.4079351101801678
2.805008,2.8408694,-0.035861426727294976,0.035861426727294976,1.2784785899368736
5.705425,5.74123,-0.035805010986328156,0.035805010986328156,0.6275608037210304
0.849136,0.88485175,-0.03571575371170044,0.03571575371170044,4.2061287835510806
1.77341,1.8091227,-0.035712681617736886,0.035712681617736886,2.013785961268015
0.025821,0.061516423,-0.035695422778368,0.035695422778368,138.24182889944686
0.121866,0.15755409,-0.03568809002304077,0.03568809002304077,29.284697941801713
2.239431,2.2039933,0.03543767953491228,0.03543767953491228,1.5824412332119113
8.449039,8.484389,-0.03535030511474524,0.03535030511474524,0.4183943891645765
3.240357,3.2756708,-0.035313766830444404,0.035313766830444404,1.0898109939538945
0.234074,0.26935682,-0.035282817007064815,0.035282817007064815,15.07336013055335
2.242429,2.2071648,0.03526423559570313,0.03526423559570313,1.5725909535655551
2.261564,2.2263074,0.03525660787963858,0.03525660787963858,1.5589480500255413
2.527279,2.492077,0.03520188780212408,0.03520188780212408,1.392876995406174
2.244693,2.2096548,0.035038191955566234,0.035038191955566234,1.560934700380199
0.100688,0.13565207,-0.03496406527709961,0.03496406527709961,34.72515616793903
2.242267,2.2073967,0.034870254318237315,0.034870254318237315,1.5551339031739835
0.334043,0.3688622,-0.03481921170425417,0.03481921170425417,10.423571723948893
0.305843,0.2713404,0.03450260001945493,0.03450260001945493,11.281147519535772
2.512319,2.4778817,0.034437330001831246,0.034437330001831246,1.3707387477649335
0.125637,0.1600461,-0.03440910061645508,0.03440910061645508,27.387712687398906
0.183587,0.21739523,-0.03380823112773895,0.03380823112773895,18.415373152414702
0.11259,0.14632109,-0.03373108807563782,0.03373108807563782,29.959221996339462
2.448509,2.414965,0.03354408567810063,0.03354408567810063,1.3699800848896473
2.241398,2.2078776,0.03352036404418923,0.03352036404418923,1.4955114639476668
0.116687,0.1502053,-0.03351829925823212,0.03351829925823212,28.724964417207705
2.689053,2.6555393,0.03351372578430167,0.03351372578430167,1.2463021659690372
0.237639,0.27100334,-0.03336433571434022,0.03336433571434022,14.039924297064161
2.405616,2.3722978,0.03331823617553731,0.03331823617553731,1.3850188963721677
6.058494,6.0916514,-0.033157439666748445,0.033157439666748445,0.5472884790543848
0.752492,0.7194343,0.03305767907333379,0.03305767907333379,4.3930937563377
0.149653,0.18250722,-0.032854216930389396,0.032854216930389396,21.953597260620096
2.25606,2.2233138,0.03274619155883807,0.03274619155883807,1.4514769801063176
2.306334,2.2736416,0.03269241369628917,0.03269241369628917,1.4175056039095664
2.438067,2.470628,-0.0325610231475828,0.0325610231475828,1.3355261830887861
10.320883,10.288361,0.03252240429687525,0.03252240429687525,0.3151126148466186
0.028999,0.061516423,-0.032517422778368,0.032517422778368,112.13291032875301
2.262162,2.2297056,0.03245642787170411,0.03245642787170411,1.43475258934901
0.85313,0.8853546,-0.03222457849502558,0.03222457849502558,3.777217832129729
1.64143,1.6092548,0.03217516296386713,0.03217516296386713,1.9601909896801533
0.200651,0.23267542,-0.03202441825771332,0.03202441825771332,15.960258479525674
2.37948,2.4114766,-0.031996612091064414,0.031996612091064414,1.344689263608844
1.217207,1.1853298,0.0318772051162719,0.0318772051162719,2.6188811856695713
0.135231,0.16705081,-0.03181980866813661,0.03181980866813661,23.529966238958995
2.253154,2.2215366,0.03161736364746082,0.03161736364746082,1.4032491186158411
2.249922,2.2184672,0.03145476443481465,0.03145476443481465,1.3980379956912556
8.658409,8.689835,-0.03142559472656181,0.03142559472656181,0.3629488365148708
0.095212,0.12663081,-0.03141881288337707,0.03141881288337707,32.998795162771785
2.234817,2.2035124,0.031304569808960014,0.031304569808960014,1.4007665865956471
0.144889,0.17617097,-0.0312819749698639,0.0312819749698639,21.590303576029648
5.42013,5.3890634,0.03106664169311557,0.03106664169311557,0.5731715234236522
2.234578,2.2035124,0.031065569808959914,0.031065569808959914,1.390220874257676
0.228049,0.25906357,-0.03101457169151306,0.03101457169151306,13.59995951655701
0.381136,0.41205186,-0.030915856517791773,0.030915856517791773,8.111502589542912
3.322976,3.3537555,-0.03077947409057602,0.03077947409057602,0.9262623049233506
6.390684,6.3599763,0.030707708343506113,0.030707708343506113,0.48050738141685
2.234208,2.2035124,0.030695569808960155,0.030695569808960155,1.3738904259400317
0.198009,0.2287033,-0.03069430512523652,0.03069430512523652,15.50146968558755
0.794278,0.82494456,-0.030666555759429892,0.030666555759429892,3.8609348056434847
0.475151,0.50568736,-0.030536355995178233,0.030536355995178233,6.426663521438779
0.246959,0.27742,-0.0304610141429901,0.0304610141429901,12.334441802346
0.031075,0.061516423,-0.030441422778367998,0.030441422778367998,97.96113493292636
0.099904,0.06950356,0.030400439337730414,0.030400439337730414,30.429651773002846
2.692947,2.7233405,-0.030393511322021283,0.030393511322021283,1.1286338468931119
2.234025,2.2039933,0.030031679534912037,0.030031679534912037,1.3442857413667149
0.045192,0.07518944,-0.02999744144248962,0.02999744144248962,66.37776902131317
7.813859,7.843796,-0.029936776367187612,0.029936776367187612,0.38312409229299493
0.24637,0.27630174,-0.029931741600036615,0.029931741600036615,12.149101590245367
1.286588,1.2566941,0.029893921554565495,0.029893921554565495,2.3235038374555015
2.237741,2.2078776,0.029863364044189655,0.029863364044189655,1.334531746205442
1.697995,1.7275815,-0.029586501007080157,0.029586501007080157,1.742437463322196
3.398822,3.3692434,0.029578616592407236,0.029578616592407236,0.8702608312979313
2.442415,2.412948,0.029467106857299807,0.029467106857299807,1.2064742009893212
2.262001,2.2325516,0.0294494252929689,0.0294494252929689,1.3019191986063214
0.57618,0.5468368,0.02934320657730105,0.02934320657730105,5.092715223056741
2.917376,2.9467165,-0.029340547012329132,0.029340547012329132,1.0057170214371893
2.252635,2.2233138,0.029321191558838056,0.029321191558838056,1.3016397045032335
0.966457,0.99576616,-0.029309162872314443,0.029309162872314443,3.032640134975669
2.232459,2.2035124,0.028946569808959932,0.028946569808959932,1.2966226841193191
0.192089,0.22102451,-0.028935513244628897,0.028935513244628897,15.063597202112197
2.253622,2.224708,0.028913919708251967,0.028913919708251967,1.2829977568096589
2.236675,2.2078776,0.028797364044189422,0.028797364044189422,1.2875077533795438
2.487667,2.4592068,0.028460180465698315,0.028460180465698315,1.1440510512280888
2.642184,2.6137655,0.028418521865844593,0.028418521865844593,1.0755693723362576
2.405877,2.3776422,0.028234845306396306,0.028234845306396306,1.1735780883737086
2.467848,2.4960148,-0.02816683345031734,0.02816683345031734,1.1413520382607028
4.09574,4.1238737,-0.02813371063232406,0.02813371063232406,0.6869017718809582
0.162641,0.19075635,-0.02811535075569152,0.02811535075569152,17.286754716464337
0.0982,0.12622814,-0.028028138804435734,0.028028138804435734,28.541892847142407
0.04279,0.07047889,-0.0276888863658905,0.0276888863658905,64.70877845567124
2.234948,2.2073967,0.02755125431823746,0.02755125431823746,1.2327469953218022
2.725922,2.753465,-0.02754293721008283,0.02754293721008283,1.0104081191271217
0.104614,0.07709488,0.027519117273330687,0.027519117273330687,26.305386704480572
0.079099,0.106561735,-0.02746273527240753,0.02746273527240753,34.719446816885274
2.234798,2.2073967,0.027401254318237367,0.027401254318237367,1.2261177214679468
2.543917,2.5712566,-0.027339637573242204,0.027339637573242204,1.0747063513537392
2.236901,2.2096548,0.027246191955566434,0.027246191955566434,1.2180329819848263
15.639873,15.667041,-0.027167824890137027,0.027167824890137027,0.17370873081874336
2.857204,2.8843188,-0.027114828582763817,0.027114828582763817,0.9489986917915144
2.234494,2.2073967,0.027097254318237507,0.027097254318237507,1.2126796633611379
0.152614,0.17952827,-0.026914266191482544,0.026914266191482544,17.63551585951946
0.058053,0.08490585,-0.026852847907066345,0.026852847907066345,46.255745372005926
2.593564,2.6201642,-0.026600155960082805,0.026600155960082805,1.0256217297532346
2.518599,2.492077,0.026521887802124056,0.026521887802124056,1.0530413059431458
0.035078,0.061516423,-0.026438422778367998,0.026438422778367998,75.37038229944015
0.152436,0.12604551,0.026390489827156055,0.026390489827156055,17.31250479535251
2.243053,2.21669,0.026362936523437686,0.026362936523437686,1.1753149177599624
0.202647,0.22877516,-0.02612815852451325,0.02612815852451325,12.893434648240445
3.28916,3.3151486,-0.025988591995239396,0.025988591995239396,0.7901285432891458
0.98641,1.0122583,-0.025848291244506827,0.025848291244506827,2.620440916240345
2.633486,2.6592836,-0.025797638000488288,0.025797638000488288,0.9796003472017198
0.049411,0.07518944,-0.025778441442489627,0.025778441442489627,52.17146261018431
0.154664,0.18035503,-0.025691027318000798,0.025691027318000798,16.610864390801954
0.095981,0.12160977,-0.02562876976156235,0.02562876976156235,26.701919895458925
2.702036,2.7274895,-0.02545347143554677,0.02545347143554677,0.9420108183090365
2.232842,2.2073967,0.02544525431823752,0.02544525431823752,1.1395904554418956
2.245228,2.2198615,0.025366492584228517,0.025366492584228517,1.1297958418075456
2.228707,2.2035124,0.025194569808959955,0.025194569808959955,1.1304567988447785
0.290037,0.26500833,0.02502866965484618,0.02502866965484618,8.62947473812538
2.262557,2.2375772,0.024979800064087065,0.024979800064087065,1.10405174601051
2.486535,2.4616091,0.024925874862670838,0.024925874862670838,1.0024341045538632
2.067735,2.0926535,-0.024918512954712035,0.024918512954712035,1.2051115328369895
0.168153,0.19306919,-0.024916189786911014,0.024916189786911014,14.817570767154582
2.241545,2.21669,0.0248549365234374,0.0248549365234374,1.1088305843660764
2.232024,2.2073967,0.024627254318237313,0.024627254318237313,1.1033597451073085
2.395137,2.370636,0.02450101367187507,0.02450101367187507,1.022948318649502
0.520766,0.5452632,-0.024497171195983936,0.024497171195983936,4.704065010250261
2.740308,2.7158878,0.024420215042114446,0.024420215042114446,0.8911485512293982
2.374888,2.3993077,-0.024419727813720815,0.024419727813720815,1.028247555787581
2.242886,2.2184672,0.02441876443481439,0.02441876443481439,1.0887207122308342
2.449818,2.4741247,-0.024306670028686472,0.024306670028686472,0.9921826857217266
2.926288,2.9504836,-0.02419556056213379,0.02419556056213379,0.8268345617829467
2.370873,2.3468704,0.024002577636718758,0.024002577636718758,1.0123940690077606
0.364666,0.38864288,-0.023976877340316782,0.023976877340316782,6.575024086079251
0.39111,0.41502044,-0.023910436048507677,0.023910436048507677,6.11348112868354
5.968269,5.992053,-0.02378403192138645,0.02378403192138645,0.3985080417955012
2.994189,3.0179465,-0.023757481704711925,0.023757481704711925,0.7934529752102647
2.478758,2.4552438,0.02351417408752443,0.02351417408752443,0.9486272595620793
0.132761,0.15616189,-0.02340088943386079,0.02340088943386079,17.62632807543967
2.388298,2.411464,-0.02316597590637226,0.02316597590637226,0.9699784493142096
2.436305,2.4131873,0.02311773460388178,0.02311773460388178,0.9488850781381187
3.173758,3.150694,0.02306410656738267,0.02306410656738267,0.7267128296062887
0.328708,0.35175067,-0.023042671863555908,0.023042671863555908,7.010073334554022
2.535079,2.5580661,-0.02298712968444816,0.02298712968444816,0.9067618675213434
0.062124,0.08490585,-0.022781847907066347,0.022781847907066347,36.67157277444269
0.10495,0.1277217,-0.022771697092056273,0.022771697092056273,21.697662763562278
2.388084,2.3653295,0.022754495986938572,0.022754495986938572,0.9528348243188153
0.104313,0.08162703,0.02268596634912491,0.02268596634912491,21.74797611743209
0.621964,0.6444653,-0.022501327262878457,0.022501327262878457,3.617786119334989
0.203038,0.22545436,-0.02241636024665833,0.02241636024665833,11.040475298031824
2.238932,2.21669,0.022241936523437644,0.022241936523437644,0.993417241901238
0.086557,0.10839559,-0.02183859137821198,0.02183859137821198,25.230300672368127
1.848598,1.8268502,0.021747824142456018,0.021747824142456018,1.1764496197269265
0.211955,0.2336662,-0.021711196465492244,0.021711196465492244,10.243304689792144
2.54905,2.5274832,0.021566775131225402,0.021566775131225402,0.8460710904211111
2.232457,2.211049,0.021407920104980604,0.021407920104980604,0.9589398632995692
2.250941,2.229558,0.02138300897216805,0.02138300897216805,0.9499586604543651
0.240294,0.2612817,-0.02098769894218444,0.02098769894218444,8.734175190995309
4.455104,4.475828,-0.02072417077636679,0.02072417077636679,0.46517815916085486
0.145467,0.16596596,-0.020498959429740893,0.020498959429740893,14.091827985487473
0.233371,0.25343627,-0.02006526737594605,0.02006526737594605,8.598012335443581
0.147941,0.12787718,0.02006382419204711,0.02006382419204711,13.562044449128413
0.106825,0.12681605,-0.019991049218177792,0.019991049218177792,18.713830282671623
1.144512,1.1642811,-0.01976912983703616,0.01976912983703616,1.7272977334714588
4.978137,4.9583755,0.019761546051025647,0.019761546051025647,0.3969666975944752
2.399494,2.3800406,0.01945335440063456,0.01945335440063456,0.8107273616780801
0.088737,0.06950356,0.019233439337730404,0.019233439337730404,21.674655798658677
1.502254,1.4830266,0.019227376274108865,0.019227376274108865,1.2799018190551639
2.228806,2.2096548,0.01915119195556647,0.01915119195556647,0.8592579145384216
3.033592,3.0144951,0.01909686564636237,0.01909686564636237,0.6295133177346478
0.379402,0.39814106,-0.018739056299209578,0.018739056299209578,4.939103192463528
2.750035,2.768772,-0.018736886825561516,0.018736886825561516,0.6813326675798739
1.997223,1.9785563,0.018666724632263154,0.018666724632263154,0.9346339708349303
0.088963,0.107549295,-0.01858629482936859,0.01858629482936859,20.89216281878582
2.473042,2.4547732,0.01826881236267086,0.01826881236267086,0.7387182410137856
3.366419,3.3481631,0.01825587210083013,0.01825587210083013,0.5422935202150366
0.64036,0.65859944,-0.018239436283111532,0.018239436283111532,2.8483097445598133
3.824429,3.8062308,0.018198216537475442,0.018198216537475442,0.47584140108234724
0.304424,0.32258493,-0.018160927082061795,0.018160927082061795,5.965668631939705
2.128874,2.1108615,0.018012460159301913,0.018012460159301913,0.8461026889546215
2.227459,2.2096548,0.017804191955566484,0.017804191955566484,0.799305035682685
2.547939,2.5302775,0.017661509384155227,0.017661509384155227,0.6931684543257142
0.318604,0.3011246,0.01747939744377136,0.01747939744377136,5.486245445218866
0.253619,0.27108538,-0.017466381507873552,0.017466381507873552,6.886858437651239
8.810921,8.828349,-0.01742811346435502,0.01742811346435502,0.1978012680417543
0.405361,0.42274266,-0.017381664813995334,0.017381664813995334,4.2879469928551055
3.777699,3.795034,-0.017334931732177594,0.017334931732177594,0.4588754088591685
2.23351,2.2162092,0.017300826797485236,0.017300826797485236,0.7746026118849092
0.663524,0.6807917,-0.01726767604446411,0.01726767604446411,2.6024192104372545
2.629214,2.6462245,-0.017010498748779135,0.017010498748779135,0.6469803807576011
2.438326,2.4552438,-0.016917825912475593,0.016917825912475593,0.6938295335316838
0.093108,0.07656166,0.01654634042549133,0.01654634042549133,17.771126442110457
0.06267,0.07913247,-0.016462467508316037,0.016462467508316037,26.26849765764726
0.319662,0.3032046,0.016457403957366945,0.016457403957366945,5.148376707966092
0.56958,0.5858618,-0.01628180210113528,0.01628180210113528,2.8585628179143785
2.638367,2.654553,-0.01618593655395495,0.01618593655395495,0.6134831338226056
3.970966,3.9869823,-0.01601634558105447,0.01601634558105447,0.40333625572848353
7.638405,7.654327,-0.01592191574096713,0.01592191574096713,0.2084455555938535
2.223193,2.2073967,0.0157962543182375,0.0157962543182375,0.7105210531666382
0.168172,0.18391709,-0.015745090296745312,0.015745090296745312,9.362492143390588
3.28893,3.3046122,-0.015682159729003775,0.015682159729003775,0.47681646397238486
2.223075,2.2073967,0.01567825431823744,0.01567825431823744,0.7052508042928011
17.627759,17.612085,0.015673657592774504,0.015673657592774504,0.08891463510866916
2.526581,2.5110056,0.015575359970092961,0.015575359970092961,0.6164599500066098
2.222862,2.2073967,0.01546525431823742,0.01546525431823742,0.6957361418541359
2.625514,2.6409724,-0.015458375869751073,0.015458375869751073,0.588775221505667
0.591013,0.5755593,0.0154536819343567,0.0154536819343567,2.6147786819819396
2.54512,2.5298328,0.015287160034179514,0.015287160034179514,0.6006459433574397
0.150863,0.1661214,-0.015258393442153934,0.015258393442153934,10.11407265667517
0.117265,0.13243225,-0.015167252168655401,0.015167252168655401,12.93416804308296
0.245501,0.2605737,-0.015072685169219974,0.015072685169219974,6.139561616075051
5.905861,5.890941,0.014919856964111133,0.014919856964111133,0.25262797353101446
2.222246,2.2073967,0.01484925431823747,0.01484925431823747,0.6682092944511661
2.382198,2.367495,0.0147029400329588,0.0147029400329588,0.6172005866994096
0.101886,0.11651176,-0.014625762142181392,0.014625762142181392,14.355026331219564
2.580329,2.5658143,0.014514743331909052,0.014514743331909052,0.5625152192354749
11.423791,11.438247,-0.014455726989746509,0.014455726989746509,0.1265405414859215
3.004779,3.0192118,-0.014432769104003818,0.014432769104003818,0.48032714231307827
2.983009,2.9972332,-0.014224152389526346,0.014224152389526346,0.4768390705173704
2.456969,2.471183,-0.014214061599731487,0.014214061599731487,0.5785201847948821
5.979467,5.9652567,0.014210309020995737,0.014210309020995737,0.23765176763678245
0.177347,0.19155641,-0.014209409001350398,0.014209409001350398,8.012207138174421
2.222081,2.2078776,0.014203364044189648,0.014203364044189648,0.6391920026115364
2.422667,2.4086692,0.013997766677856571,0.013997766677856571,0.5777833551734013
2.395212,2.4091988,-0.013986760986328228,0.013986760986328228,0.5839466813686756
0.081544,0.0954901,-0.013946097999572749,0.013946097999572749,17.102543390648243
2.221326,2.2073967,0.013929254318237216,0.013929254318237216,0.6270693413578263
0.112355,0.12622814,-0.013873138804435733,0.013873138804435733,12.347593602499346
0.078136,0.09196989,-0.013833892382621768,0.013833892382621768,17.70488937866909
0.113976,0.1277217,-0.01374569709205628,0.01374569709205628,12.06016800027735
0.092155,0.07846603,0.013688972024917603,0.013688972024917603,14.854291150847281
1.514356,1.5008125,0.01354346948242191,0.01354346948242191,0.8943385492927404
0.095391,0.10870151,-0.013310512217521664,0.013310512217521664,13.953635252348784
2.220195,2.2073967,0.012798254318237223,0.012798254318237223,0.5764473083517788
2.498914,2.5114658,-0.012551787887573163,0.012551787887573163,0.5022897101329167
2.31172,2.2992043,0.012515650482177954,0.012515650482177954,0.5413999308582593
1.878714,1.8911765,-0.012462462173461919,0.012462462173461919,0.6633506841806985
2.413695,2.4261248,-0.012429811172485206,0.012429811172485206,0.5149702498439213
0.263241,0.27559736,-0.01235636371040344,0.01235636371040344,4.693935863224005
5.292227,5.304322,-0.012094765899658633,0.012094765899658633,0.22853830531891572
2.624721,2.61274,0.011980960174560629,0.011980960174560629,0.4564660462618374
30.455391,30.467323,-0.011932303222657481,0.011932303222657481,0.03917960935920443
0.482637,0.4945563,-0.011919307792663592,0.011919307792663592,2.469621639077396
1.643868,1.6557382,-0.01187023451995839,0.01187023451995839,0.7220917080468928
10.198493,10.210283,-0.01179027941894617,0.01179027941894617,0.11560805521786957
0.269209,0.28075224,-0.011543241611480737,0.011543241611480737,4.287836442018246
0.132554,0.14399078,-0.01143678488349914,0.01143678488349914,8.628019429720053
0.050169,0.061516423,-0.011347422778367998,0.011347422778367998,22.618395335266005
0.169168,0.15792474,0.011243258493423475,0.011243258493423475,6.6462087905379645
3.767805,3.756775,0.01103009765625007,0.01103009765625007,0.29274597958114407
0.133662,0.14448987,-0.010827869475364682,0.010827869475364682,8.100933299863646
0.118591,0.12933551,-0.010744507750511167,0.010744507750511167,9.060137566468814
0.050838,0.061516423,-0.010678422778367995,0.010678422778367995,21.004804983207816
41.109284,41.098606,0.010677890380861754,0.010677890380861754,0.025974401258936495
0.261253,0.27178976,-0.010536759397506701,0.010536759397506701,4.03316302338099
0.39319,0.40362126,-0.010431256351470963,0.010431256351470963,2.652981090266279
11.032646,11.022265,0.010380565734863012,0.010380565734863012,0.0940895387631301
0.639424,0.629262,0.010162029479980461,0.010162029479980461,1.5892474286844431
2.488671,2.4786313,0.01003974198913582,0.01003974198913582,0.4034178076866087
0.051503,0.061516423,-0.010013422778367996,0.010013422778367996,19.442406770334912
2.402514,2.3929548,0.00955917364501957,0.00955917364501957,0.39788212033818277
0.160294,0.16975097,-0.00945697358226777,0.00945697358226777,5.899767662150799
0.230842,0.22156428,0.009277721993446342,0.009277721993446342,4.019078845889077
7.696068,7.705164,-0.00909595568847621,0.00909595568847621,0.11818964812106675
3.468774,3.4597883,0.008985677551269333,0.008985677551269333,0.25904476771938123
0.067681,0.07656166,-0.008880659574508662,0.008880659574508662,13.121348031777478
0.574079,0.56520325,0.008875750545501715,0.008875750545501715,1.5460852154417126
0.262947,0.27178976,-0.008842759397506728,0.008842759397506728,3.362943632801965
2.898963,2.9076927,-0.008729670822143376,0.008729670822143376,0.30113081201251085
0.090958,0.082257584,0.008700416262626645,0.008700416262626645,9.565311740650998
0.174114,0.18280317,-0.008689168892860422,0.008689168892860422,4.99050558132598
0.417459,0.40878245,0.008676547655105615,0.008676547655105615,2.0784191149375615
0.077332,0.085965216,-0.008633216159820559,0.008633216159820559,11.163834051436309
0.31373,0.30516943,0.008560566644668588,0.008560566644668588,2.728641392898335
0.224123,0.23262739,-0.008504391815185558,0.008504391815185558,3.7945198892532392
2.371691,2.3633156,0.00837541772460959,0.00837541772460959,0.3531411859410205
1.94132,1.9329728,0.008347211189269954,0.008347211189269954,0.4299760569529999
8.986041,8.994359,-0.008318016418456864,0.008318016418456864,0.09256597447490278
0.293966,0.30224195,-0.008275951227188105,0.008275951227188105,2.8152749720623578
0.05804,0.066226974,-0.008186974129676818,0.008186974129676818,14.105744513389167
0.078611,0.0705096,0.008101402340888977,0.008101402340888977,10.305685375562316
0.26118,0.2692454,-0.008065386123657203,0.008065386123657203,3.088056558913066
0.607524,0.6155022,-0.007978178668975877,0.007978178668975877,1.3132285584870145
2.585154,2.5931098,-0.00795584611511213,0.00795584611511213,0.3077513414985869
3.417835,3.425733,-0.007898089447021306,0.007898089447021306,0.2310845739127319
0.147013,0.15485726,-0.007844262969017024,0.007844262969017024,5.335761438567515
2.623772,2.6160586,0.007713411972046114,0.007713411972046114,0.2939817930731836
2.635248,2.6427677,-0.007519667770385929,0.007519667770385929,0.28534952953576215
0.19574,0.20325151,-0.007511510858535769,0.007511510858535769,3.837494050627503
0.264822,0.27178976,-0.006967759397506712,0.006967759397506712,2.6311104798225227
0.150847,0.14399078,0.006856215116500863,0.006856215116500863,4.5451451549952715
3.321035,3.3141916,0.006843420181274595,0.006843420181274595,0.20606287440718124
3.279484,3.2728019,0.006682123931884831,0.006682123931884831,0.20375534479451876
0.17765,0.17126073,0.006389270567893984,0.006389270567893984,3.596549712523183
3.371262,3.365086,0.006175921356201375,0.006175921356201375,0.18319315900153063
0.320074,0.32603478,-0.005960784317016576,0.005960784317016576,1.8623144382718564
2.464174,2.4700868,-0.0059128129730225965,0.0059128129730225965,0.23995111436053806
3.629299,3.6350567,-0.005757734085082955,0.005757734085082955,0.15864590062500525
0.223598,0.2292893,-0.005691293289184579,0.005691293289184579,2.545323878853682
2.612388,2.6067636,0.0056243986968995685,0.0056243986968995685,0.21529721835670165
0.331223,0.33664432,-0.00542132168006898,0.00542132168006898,1.6367588236421446
0.086678,0.0920973,-0.0054192973108291576,0.0054192973108291576,6.252217753728674
0.121071,0.12615068,-0.005079682568550112,0.005079682568550112,4.19562286951829
0.061254,0.066226974,-0.004972974129676816,0.004972974129676816,8.118611227933204
2.506039,2.51098,-0.004940890823364352,0.004940890823364352,0.19715937474106324
0.056598,0.061516423,-0.004918422778367994,0.004918422778367994,8.690099949959174
0.056605,0.061516423,-0.004911422778367994,0.004911422778367994,8.676658898845217
2.476343,2.4714482,0.004894816940307578,0.004894816940307578,0.19766312421622992
7.659101,7.6637154,-0.00461436254882841,0.00461436254882841,0.06024679069734376
0.144772,0.14920042,-0.004428424551963794,0.004428424551963794,3.0588957456586203
1.327965,1.3320867,-0.004121682319641051,0.004121682319641051,0.3103758246136513
0.3061,0.30224195,0.003858048772811873,0.003858048772811873,1.260388360519923
1.588473,1.5921865,-0.0037134509582519293,0.0037134509582519293,0.2337748868264147
9.447581,9.443935,0.0036456057128901875,0.0036456057128901875,0.038587715869825304
0.638128,0.6417179,-0.003589910766601534,0.003589910766601534,0.5625690717283938
2.866517,2.8700206,-0.0035036279754638855,0.0035036279754638855,0.12222596186736932
0.092715,0.09614613,-0.003431129071712488,0.003431129071712488,3.7007270323159798
0.179905,0.18331993,-0.003414926261901846,0.003414926261901846,1.898183074402414
2.660302,2.6630766,-0.0027746391754148725,0.0027746391754148725,0.10429790209196454
2.272987,2.2753963,-0.002409347045898347,0.002409347045898347,0.10599915643126634
0.18731,0.184985,0.002325003085136418,0.002325003085136418,1.2412594543244666
0.594372,0.59207666,0.002295340797424328,0.002295340797424328,0.38617916002741526
0.14237,0.14032507,0.002044930572509762,0.002044930572509762,1.43634935103843
3.361056,3.3591168,0.0019392073211670358,0.0019392073211670358,0.057696370459443085
2.38289,2.3843193,-0.0014293054199217003,0.0014293054199217003,0.05998201427097845
2.585525,2.5842307,0.0012943386077881591,0.0012943386077881591,0.050060958905371176
0.421028,0.42230546,-0.0012774647445678577,0.0012774647445678577,0.30341562657695975
0.06748,0.066226974,0.0012530258703231795,0.0012530258703231795,1.856884808041338
0.083272,0.082257584,0.0010144162626266467,0.0010144162626266467,1.2181961060241746
0.071572,0.0706725,0.0008995028467178312,0.0008995028467178312,1.2567803686651917
0.0607,0.061516423,-0.0008164227783679992,0.0008164227783679992,1.3450128122289728
2.479357,2.4787567,0.0006003338165281313,0.0006003338165281313,0.024213286610355756
3.006856,3.0062985,0.0005574579772948951,0.0005574579772948951,0.018539563493441505
2.444871,2.44535,-0.0004789317169189289,0.0004789317169189289,0.019589242823009462
0.625564,0.6252051,0.0003589004173278898,0.0003589004173278898,0.05737229400517253
2.470932,2.470628,0.0003039768524168984,0.0003039768524168984,0.012302113227097967
2.557278,2.557418,-0.0001401079864500332,0.0001401079864500332,0.005478793719124569
2.462939,2.4630163,-7.727159118653404e-05,7.727159118653404e-05,0.0031373733244467955
0.082265,0.08233504,-7.003997325896738e-05,7.003997325896738e-05,0.08513945562976713
