actual,predicted,error,abs_error,rel_error_pct
103.85912,28.398104123093105,75.4610158769069,75.4610158769069,72.65709152632358
84.313165,28.398104123093105,55.91506087690689,55.91506087690689,66.31830376293023
84.310518,28.398104123093105,55.912413876906896,55.912413876906896,66.31724629759785
84.30998,28.398104123093105,55.91187587690689,55.91187587690689,66.31703136074825
84.305168,28.398104123093105,55.90706387690689,55.90706387690689,66.31510879242964
84.296655,28.398104123093105,55.898550876906896,55.898550876906896,66.31170700289422
84.253354,28.398104123093105,55.855249876906896,55.855249876906896,66.29439330906708
84.237482,28.398104123093105,55.839377876906894,55.839377876906894,66.28804250920108
78.183781,28.398104123093105,49.78567687690689,49.78567687690689,63.67775546291783
78.146292,28.398104123093105,49.7481878769069,49.7481878769069,63.66033064862916
30.297991,9.88007128045389,20.41791971954611,20.41791971954611,67.39034188596439
30.297909,9.88007128045389,20.41783771954611,20.41783771954611,67.39025362931389
30.297766,9.88007128045389,20.41769471954611,20.41769471954611,67.39009971718285
30.297219,9.88007128045389,20.417147719546108,20.417147719546108,67.38951096296569
30.296869,9.88007128045389,20.41679771954611,20.41679771954611,67.3891342352199
30.296728,9.88007128045389,20.41665671954611,20.41665671954611,67.38898246529699
30.296394,9.88007128045389,20.41632271954611,20.41632271954611,67.38862294792813
30.296359,9.88007128045389,20.41628771954611,20.41628771954611,67.38858527349349
30.296219,9.88007128045389,20.41614771954611,20.41614771954611,67.38843457488449
30.295865,9.88007128045389,20.41579371954611,20.41579371954611,67.38805351647402
30.295781,9.88007128045389,20.41570971954611,20.41570971954611,67.38796309452701
30.290262,9.88007128045389,20.410190719546108,20.410190719546108,67.38202105838084
30.284497,9.88007128045389,20.40442571954611,20.40442571954611,67.37581185343358
45.024583,28.398104123093105,16.626478876906894,16.626478876906894,36.92755772301093
13.293566,28.398104123093105,-15.104538123093105,15.104538123093105,113.62292196826256
13.293847,28.398104123093105,-15.104257123093106,15.104257123093106,113.61840649271417
13.294042,28.398104123093105,-15.104062123093106,15.104062123093106,113.61527308985102
13.294159,28.398104123093105,-15.103945123093105,15.103945123093105,113.6133930922557
13.294167,28.398104123093105,-15.103937123093106,15.103937123093106,113.61326454662029
13.29421,28.398104123093105,-15.103894123093106,15.103894123093106,113.61257361648036
13.294463,28.398104123093105,-15.103641123093105,15.103641123093105,113.60850846686697
13.294965,28.398104123093105,-15.103139123093106,15.103139123093106,113.60044289683731
13.295009,28.398104123093105,-15.103095123093105,15.103095123093105,113.59973598347699
13.295197,28.398104123093105,-15.102907123093106,15.102907123093106,113.59671558818955
13.295487,28.398104123093105,-15.102617123093106,15.102617123093106,113.59205663530425
13.295724,28.398104123093105,-15.102380123093106,15.102380123093106,113.58824929713882
13.295744,28.398104123093105,-15.102360123093106,15.102360123093106,113.58792800898934
13.295759,28.398104123093105,-15.102345123093105,15.102345123093105,113.58768704351152
13.295949,28.398104123093105,-15.102155123093105,15.102155123093105,113.58463486118606
13.296105,28.398104123093105,-15.101999123093105,15.101999123093105,113.58212892406854
13.296248,28.398104123093105,-15.101856123093105,15.101856123093105,113.57983186670049
13.296307,28.398104123093105,-15.101797123093105,15.101797123093105,113.5788841441426
13.29686,28.398104123093105,-15.101244123093105,15.101244123093105,113.57000166189262
13.299173,28.398104123093105,-15.098931123093106,15.098931123093106,113.53285744143318
13.300382,28.398104123093105,-15.097722123093105,15.097722123093105,113.51344738053079
13.350073,28.398104123093105,-15.048031123093105,15.048031123093105,112.71871789000994
13.350264,28.398104123093105,-15.047840123093106,15.047840123093106,112.71567455879818
13.350596,28.398104123093105,-15.047508123093106,15.047508123093106,112.71038478716902
13.350753,28.398104123093105,-15.047351123093106,15.047351123093106,112.70788339040053
13.350833,28.398104123093105,-15.047271123093106,15.047271123093106,112.70660881594729
13.351261,28.398104123093105,-15.046843123093106,15.046843123093106,112.69979010207656
13.351379,28.398104123093105,-15.046725123093106,15.046725123093106,112.69791025316866
13.351679,28.398104123093105,-15.046425123093105,15.046425123093105,112.69313112590866
13.351825,28.398104123093105,-15.046279123093106,15.046279123093106,112.69080536166716
13.352114,28.398104123093105,-15.045990123093105,15.045990123093105,112.686201772846
13.352492,28.398104123093105,-15.045612123093106,15.045612123093106,112.68018077060391
13.371881,28.398104123093105,-15.026223123093105,15.026223123093105,112.37179812608812
13.374043,28.398104123093105,-15.024061123093105,15.024061123093105,112.33746686010181
18.957877,5.3478809235103135,13.609996076489686,13.609996076489686,71.79071831945052
18.957707,5.3478809235103135,13.609826076489686,13.609826076489686,71.79046535753452
18.95714,5.3478809235103135,13.609259076489685,13.609259076489685,71.78962162234333
18.956968,5.3478809235103135,13.609087076489686,13.609087076489686,71.78936566447703
18.956569,5.3478809235103135,13.608688076489685,13.608688076489685,71.78877188386727
18.956093,5.3478809235103135,13.608212076489686,13.608212076489686,71.78806348131917
18.955471,5.3478809235103135,13.607590076489686,13.607590076489686,71.78713774201601
18.253275,4.810599633630513,13.442675366369485,13.442675366369485,73.64527936107818
18.253228,4.810599633630513,13.442628366369487,13.442628366369487,73.64521150064988
18.253124,4.810599633630513,13.442524366369486,13.442524366369486,73.64506134016207
18.25246,4.810599633630513,13.441860366369486,13.441860366369486,73.64410258286195
18.252257,4.810599633630513,13.441657366369487,13.441657366369487,73.64380945488465
18.252212,4.810599633630513,13.441612366369487,13.441612366369487,73.64374447489348
18.252169,4.810599633630513,13.441569366369485,13.441569366369485,73.64368238260255
18.251985,4.810599633630513,13.441385366369488,13.441385366369488,73.64341668205319
18.251964,4.810599633630513,13.441364366369488,13.441364366369488,73.64338635719336
18.250953,4.810599633630513,13.440353366369486,13.440353366369486,73.64192634924788
17.921585,4.582606289982692,13.338978710017308,13.338978710017308,74.42968191676617
17.921247,4.582606289982692,13.338640710017309,13.338640710017309,74.42919965303129
17.920395,4.582606289982692,13.337788710017307,13.337788710017307,74.4279839252588
17.920389,4.582606289982692,13.337782710017308,13.337782710017308,74.4279753633857
17.920387,4.582606289982692,13.33778071001731,13.33778071001731,74.42797250942674
17.920182,4.582606289982692,13.337575710017308,13.337575710017308,74.42767997525294
17.920094,4.582606289982692,13.337487710017307,13.337487710017307,74.4275543975544
17.920088,4.582606289982692,13.337481710017308,13.337481710017308,74.42754583539367
17.919756,4.582606289982692,13.337149710017307,13.337149710017307,74.42707205356413
17.919148,4.582606289982692,13.336541710017308,13.336541710017308,74.42620435939746
17.918921,4.582606289982692,13.336314710017309,13.336314710017309,74.42588038611746
17.763881,4.465786994210472,13.29809400578953,13.29809400578953,74.86029660812673
17.763627,4.465786994210472,13.297840005789528,13.297840005789528,74.85993713848342
17.763527,4.465786994210472,13.297740005789528,13.297740005789528,74.85979561218147
17.763447,4.465786994210472,13.297660005789528,13.297660005789528,74.85968238999261
17.763418,4.465786994210472,13.29763100578953,13.29763100578953,74.8596413466973
17.762718,4.465786994210472,13.296931005789528,13.296931005789528,74.85865060580633
17.76265,4.465786994210472,13.296863005789529,13.296863005789529,74.85855435824425
17.762511,4.465786994210472,13.296724005789528,13.296724005789528,74.85835761461131
17.762382,4.465786994210472,13.296595005789527,13.296595005789527,74.85817502244164
17.762349,4.465786994210472,13.296562005789529,13.296562005789529,74.85812831239083
17.761264,4.465786994210472,13.295477005789529,13.295477005789529,74.856592445868
17.753627,4.465786994210472,13.28784000578953,13.28784000578953,74.84577661632005
17.753622,4.465786994210472,13.287835005789528,13.287835005789528,74.84576953206891
17.688636,4.408548953394554,13.280087046605445,13.280087046605445,75.07694231782693
17.688519,4.408548953394554,13.279970046605445,13.279970046605445,75.07677746526078
17.687837,4.408548953394554,13.279288046605444,13.279288046605444,75.07581648638197
17.687681,4.408548953394554,13.279132046605447,13.279132046605447,75.07559666261717
17.687531,4.408548953394554,13.278982046605446,13.278982046605446,75.0753852899558
17.687435,4.408548953394554,13.278886046605447,13.278886046605447,75.07525000957105
17.687132,4.408548953394554,13.278583046605444,13.278583046605444,75.07482302122453
17.686706,4.408548953394554,13.278157046605447,13.278157046605447,75.07422267623136
17.686501,4.408548953394554,13.277952046605446,13.277952046605446,75.07393376751214
17.650604,4.380937512331496,13.269666487668506,13.269666487668506,75.17967366778682
17.649562,4.380937512331496,13.268624487668504,13.268624487668504,75.17820831810629
17.648406,4.380937512331496,13.267468487668506,13.267468487668506,75.17658244939135
17.631189,4.36765804208178,13.263530957918219,13.263530957918219,75.22766024369083
17.630796,4.36765804208178,13.26313795791822,13.26313795791822,75.22710805480929
17.630212,4.36765804208178,13.26255395791822,13.26255395791822,75.22628745384908
17.630118,4.36765804208178,13.26245995791822,13.26245995791822,75.22615536573831
17.630085,4.36765804208178,13.26242695791822,13.26242695791822,75.22610899404623
17.630067,4.36765804208178,13.26240895791822,13.26240895791822,75.22608370032283
17.62294,4.36127494176095,13.26166505823905,13.26166505823905,75.25228513609987
17.62287,4.36127494176095,13.261595058239049,13.261595058239049,75.2521868354235
17.622595,4.36127494176095,13.26132005823905,13.26132005823905,75.25180064663462
17.622438,4.36127494176095,13.261163058239049,13.261163058239049,75.25158016253937
17.621957,4.36127494176095,13.260682058239048,13.260682058239048,75.25090464222447
17.62182,4.36127494176095,13.26054505823905,13.26054505823905,75.25071223156178
17.621496,4.36127494176095,13.26022105823905,13.26022105823905,75.2502571754623
17.640983,4.380937512331496,13.260045487668503,13.260045487668503,75.16613721351774
17.613427,4.36127494176095,13.252152058239052,13.252152058239052,75.23891891205393
17.613248,4.36127494176095,13.251973058239049,13.251973058239049,75.23866727002203
16.73891,4.810599633630513,11.928310366369487,11.928310366369487,71.26097437824941
16.238912,4.36765804208178,11.871253957918219,11.871253957918219,73.10375201149631
40.150995,28.398104123093105,11.752890876906896,11.752890876906896,29.27173007014552
16.043362,4.36127494176095,11.682087058239048,11.682087058239048,72.8157044525096
15.964686,4.36765804208178,11.59702795791822,11.59702795791822,72.64175416820335
15.954446,4.36765804208178,11.58678795791822,11.58678795791822,72.62419489743233
15.882324,4.380937512331496,11.501386487668505,11.501386487668505,72.41626910265833
16.796899,9.88007128045389,6.916827719546109,6.916827719546109,41.17919456147787
16.790635,9.88007128045389,6.910563719546111,6.910563719546111,41.157250571553455
3.757332,9.88007128045389,-6.1227392804538905,6.1227392804538905,162.9544389553794
3.757495,9.88007128045389,-6.12257628045389,6.12257628045389,162.9430320011323
3.757558,9.88007128045389,-6.122513280453891,6.122513280453891,162.9386234434958
3.757568,9.88007128045389,-6.12250328045389,6.12250328045389,162.93792368603715
3.75769,9.88007128045389,-6.12238128045389,6.12238128045389,162.92938694493054
3.75773,9.88007128045389,-6.12234128045389,6.12234128045389,162.9265881340853
3.757736,9.88007128045389,-6.122335280453891,6.122335280453891,162.92616831759773
3.757785,9.88007128045389,-6.12228628045389,6.12228628045389,162.92273986646302
3.757801,9.88007128045389,-6.12227028045389,6.12227028045389,162.9216203915792
3.757827,9.88007128045389,-6.122244280453891,6.122244280453891,162.91980126522512
3.757833,9.88007128045389,-6.122238280453891,6.122238280453891,162.91938147041049
3.757841,9.88007128045389,-6.12223028045389,6.12223028045389,162.9188217460763
3.757851,9.88007128045389,-6.12222028045389,6.12222028045389,162.91812209400987
3.75788,9.88007128045389,-6.12219128045389,6.12219128045389,162.9160931240746
3.757915,9.88007128045389,-6.12215628045389,6.12215628045389,162.91364440896018
3.75793,9.88007128045389,-6.12214128045389,6.12214128045389,162.9125949735886
3.757932,9.88007128045389,-6.12213928045389,6.12213928045389,162.91245504950535
3.757933,9.88007128045389,-6.122138280453891,6.122138280453891,162.91238508751962
3.757954,9.88007128045389,-6.122117280453891,6.122117280453891,162.91091589441967
3.75798,9.88007128045389,-6.1220912804538905,6.1220912804538905,162.90909691618853
3.758025,9.88007128045389,-6.12204628045389,6.12204628045389,162.90594874411386
3.758083,9.88007128045389,-6.12198828045389,6.12198828045389,162.90189121131672
3.758183,9.88007128045389,-6.1218882804538906,6.1218882804538906,162.89489575922715
3.758193,9.88007128045389,-6.12187828045389,6.12187828045389,162.89419623449345
3.758193,9.88007128045389,-6.12187828045389,6.12187828045389,162.89419623449345
3.758202,9.88007128045389,-6.121869280453891,6.121869280453891,162.893566665416
3.758212,9.88007128045389,-6.12185928045389,6.12185928045389,162.8928671477553
3.758244,9.88007128045389,-6.121827280453891,6.121827280453891,162.89062871625686
3.758248,9.88007128045389,-6.12182328045389,6.12182328045389,162.89034891499975
3.758259,9.88007128045389,-6.121812280453891,6.121812280453891,162.88957946461383
3.758277,9.88007128045389,-6.121794280453891,6.121794280453891,162.8883203736979
3.758281,9.88007128045389,-6.12179028045389,6.12179028045389,162.88804057735442
3.758286,9.88007128045389,-6.12178528045389,6.12178528045389,162.88769083276267
3.758286,9.88007128045389,-6.12178528045389,6.12178528045389,162.88769083276267
3.758295,9.88007128045389,-6.12177628045389,6.12177628045389,162.88706129484257
3.758309,9.88007128045389,-6.12176228045389,6.12176228045389,162.88608201962646
3.758388,9.88007128045389,-6.12168328045389,6.12168328045389,162.88055624621538
3.758403,9.88007128045389,-6.121668280453891,6.121668280453891,162.87950707497336
3.758438,9.88007128045389,-6.12163328045389,6.12163328045389,162.87705904130954
3.758466,9.88007128045389,-6.12160528045389,6.12160528045389,162.87510064720593
3.758469,9.88007128045389,-6.1216022804538905,6.1216022804538905,162.87489082099697
3.758483,9.88007128045389,-6.12158828045389,6.12158828045389,162.87391163645057
3.758719,9.88007128045389,-6.12135228045389,6.12135228045389,162.8574064805332
3.758753,9.88007128045389,-6.12131828045389,6.12131828045389,162.85502878989482
3.759696,9.88007128045389,-6.1203752804538905,6.1203752804538905,162.78909997752748
3.760523,9.88007128045389,-6.11954828045389,6.11954828045389,162.73130839224115
3.761419,9.88007128045389,-6.11865228045389,6.11865228045389,162.6687236995193
3.762053,9.88007128045389,-6.1180182804538905,6.1180182804538905,162.62445745159002
3.762323,9.88007128045389,-6.11774828045389,6.11774828045389,162.60561042449797
3.762935,9.88007128045389,-6.11713628045389,6.11713628045389,162.5629005096109
3.764394,9.88007128045389,-6.115677280453891,6.115677280453891,162.46113664753025
3.766997,9.88007128045389,-6.1130742804538905,6.1130742804538905,162.27977564865623
15.46651,9.88007128045389,5.586438719546109,5.586438719546109,36.11958172535362
4.627982,9.88007128045389,-5.25208928045389,5.25208928045389,113.48551658888051
9.311996,4.810599633630513,4.501396366369487,4.501396366369487,48.33975837533808
8.887648,4.408548953394554,4.479099046605446,4.479099046605446,50.39689968093977
8.859361,4.380937512331496,4.478423487668504,4.478423487668504,50.55018626758695
8.943618,4.465786994210472,4.477831005789529,4.477831005789529,50.06733299364375
8.886313,4.408548953394554,4.477764046605445,4.477764046605445,50.389447755835924
8.857655,4.380937512331496,4.476717487668504,4.476717487668504,50.54066214610936
9.059213,4.582606289982692,4.4766067100173075,4.4766067100173075,49.414962535574475
8.837237,4.36127494176095,4.47596205823905,4.47596205823905,50.648885598387835
8.856209,4.380937512331496,4.475271487668504,4.475271487668504,50.532586658896285
8.836426,4.36127494176095,4.4751510582390495,4.4751510582390495,50.64435619319853
8.842492,4.36765804208178,4.47483395791822,4.47483395791822,50.60602777890683
8.842228,4.36765804208178,4.47456995791822,4.47456995791822,50.60455303649278
8.83473,4.36765804208178,4.46707195791822,4.46707195791822,50.56263131830466
8.826716,4.36127494176095,4.465441058239049,4.465441058239049,50.59006156070344
32.862656,28.398104123093105,4.464551876906896,4.464551876906896,13.585487055256001
8.922196,4.465786994210472,4.456409005789528,4.456409005789528,49.94744573801764
8.820461,4.380937512331496,4.439523487668504,4.439523487668504,50.33210268282091
0.068096,4.36765804208178,-4.299562042081781,4.299562042081781,6313.971504593235
0.068681,4.36765804208178,-4.2989770420817806,4.2989770420817806,6259.3396074932525
0.068744,4.36765804208178,-4.298914042081781,4.298914042081781,6253.511631310761
0.082056,4.380937512331496,-4.298881512331496,4.298881512331496,5238.960596534727
0.068778,4.36765804208178,-4.29888004208178,4.29888004208178,6250.370810188447
0.082104,4.380937512331496,-4.298833512331496,4.298833512331496,5235.839310016147
0.068837,4.36765804208178,-4.29882104208178,4.29882104208178,6244.927925151957
0.068903,4.36765804208178,-4.298755042081781,4.298755042081781,6238.850319787136
0.082259,4.380937512331496,-4.298678512331496,4.298678512331496,5225.7850291222985
0.082325,4.380937512331496,-4.298612512331496,4.298612512331496,5221.515344196758
0.082333,4.380937512331496,-4.2986045123314955,4.2986045123314955,5220.99827178713
0.082356,4.380937512331496,-4.298581512331496,4.298581512331496,5219.512248181048
0.069139,4.36765804208178,-4.2985190420817805,4.2985190420817805,6217.213202193505
0.082433,4.380937512331496,-4.298504512331496,4.298504512331496,5214.543334728753
0.069174,4.36765804208178,-4.29848404208178,4.29848404208178,6214.016878983091
0.069232,4.36765804208178,-4.29842604208178,4.29842604208178,6208.72722999921
0.082517,4.380937512331496,-4.298420512331496,4.298420512331496,5209.133278139489
0.069264,4.36765804208178,-4.29839404208178,4.29839404208178,6205.812595108523
0.069292,4.36765804208178,-4.29836604208178,4.29836604208178,6203.264497890833
0.082575,4.380937512331496,-4.2983625123314955,4.2983625123314955,5205.404186649824
0.069304,4.36765804208178,-4.2983540420817805,4.2983540420817805,6202.1730865168065
0.082585,4.380937512331496,-4.298352512331496,4.298352512331496,5204.761769239854
0.082613,4.380937512331496,-4.2983245123314955,4.2983245123314955,5202.963827882454
0.069338,4.36765804208178,-4.29832004208178,4.29832004208178,6199.082805795809
0.082626,4.380937512331496,-4.298311512331495,4.298311512331495,5202.129483612139
0.069347,4.36765804208178,-4.298311042081781,4.298311042081781,6198.265297537767
0.06937,4.36765804208178,-4.29828804208178,4.29828804208178,6196.177073498059
0.082665,4.380937512331496,-4.298272512331495,4.298272512331495,5199.628025321318
0.063011,4.36127494176095,-4.29826394176095,4.29826394176095,6821.4501197243335
0.069443,4.36765804208178,-4.298215042081781,4.298215042081781,6189.558394499406
0.082784,4.380937512331496,-4.298153512331496,4.298153512331496,5192.009938079202
0.082789,4.380937512331496,-4.298148512331496,4.298148512331496,5191.690329802033
0.082794,4.380937512331496,-4.298143512331496,4.298143512331496,5191.3707601276965
0.082795,4.380937512331496,-4.298142512331496,4.298142512331496,5191.306850824554
0.082797,4.380937512331496,-4.2981405123314955,4.2981405123314955,5191.179036849544
0.069526,4.36765804208178,-4.298132042081781,4.298132042081781,6182.049932255172
0.082811,4.380937512331496,-4.298126512331495,4.298126512331495,5190.2845118899795
0.069556,4.36765804208178,-4.29810204208178,4.29810204208178,6179.340439217954
0.082863,4.380937512331496,-4.298074512331496,4.298074512331496,5186.964636984579
0.082863,4.380937512331496,-4.298074512331496,4.298074512331496,5186.964636984579
0.082875,4.380937512331496,-4.298062512331496,4.298062512331496,5186.1991036444015
0.063213,4.36127494176095,-4.29806194176095,4.29806194176095,6799.3323129128785
0.08288,4.380937512331496,-4.2980575123314955,4.2980575123314955,5185.880196845578
0.082887,4.380937512331496,-4.298050512331495,4.298050512331495,5185.433791965039
0.063309,4.36127494176095,-4.29796594176095,4.29796594176095,6788.870358040846
0.082993,4.380937512331496,-4.297944512331496,4.297944512331496,5178.683150570305
0.082994,4.380937512331496,-4.2979435123314955,4.2979435123314955,5178.619547380385
0.083016,4.380937512331496,-4.297921512331496,4.297921512331496,5177.220664876982
0.083016,4.380937512331496,-4.297921512331496,4.297921512331496,5177.220664876982
0.083029,4.380937512331496,-4.297908512331496,4.297908512331496,5176.394400938349
0.083034,4.380937512331496,-4.297903512331496,4.297903512331496,5176.07667600672
0.083036,4.380937512331496,-4.297901512331496,4.297901512331496,5175.949596747852
0.069768,4.36765804208178,-4.2978900420817805,4.2978900420817805,6160.259769409358
0.069865,4.36765804208178,-4.29779304208178,4.29779304208178,6151.5680754744335
0.083157,4.380937512331496,-4.297780512331496,4.297780512331496,5168.272673573149
0.083191,4.380937512331496,-4.2977465123314955,4.2977465123314955,5166.119540774093
0.063566,4.36127494176095,-4.29770894176095,4.29770894176095,6761.018366736829
0.069968,4.36765804208178,-4.29769004208178,4.29769004208178,6142.36513254547
0.083302,4.380937512331496,-4.297635512331496,4.297635512331496,5159.102431120974
0.063665,4.36127494176095,-4.29760994176095,4.29760994176095,6750.349383508365
0.063684,4.36127494176095,-4.29759094176095,4.29759094176095,6748.305594831739
0.083385,4.380937512331496,-4.297552512331496,4.297552512331496,5153.867610694524
0.083391,4.380937512331496,-4.297546512331496,4.297546512331496,5153.489593814688
0.070127,4.36765804208178,-4.29753104208178,4.29753104208178,6128.211724376587
0.070172,4.36765804208178,-4.29748604208178,4.29748604208178,6124.2176879062345
0.063799,4.36127494176095,-4.29747594176095,4.29747594176095,6735.96127686169
0.070206,4.36765804208178,-4.2974520420817806,4.2974520420817806,6121.203367177416
0.063829,4.36127494176095,-4.29744594176095,4.29744594176095,6732.74833544032
0.070225,4.36765804208178,-4.297433042081781,4.297433042081781,6119.520165129599
0.063863,4.36127494176095,-4.29741194176095,4.29741194176095,6729.110650974492
0.070295,4.36765804208178,-4.2973630420817805,4.2973630420817805,6113.32674581187
0.070344,4.36765804208178,-4.29731404208178,4.29731404208178,6108.998686416441
0.06397,4.36127494176095,-4.29730494176095,4.29730494176095,6717.687877197533
0.070355,4.36765804208178,-4.29730304208178,4.29730304208178,6108.027909848273
0.070377,4.36765804208178,-4.297281042081781,4.297281042081781,6106.0872671124
0.063995,4.36127494176095,-4.29727994176095,4.29727994176095,6715.024509799087
0.083663,4.380937512331496,-4.297274512331496,4.297274512331496,5136.4097715777425
0.064017,4.36127494176095,-4.29725794176095,4.29725794176095,6712.68246723256
0.064041,4.36127494176095,-4.29723394176095,4.29723394176095,6710.129346904048
0.064113,4.36127494176095,-4.29716194176095,4.29716194176095,6702.481454710384
0.064125,4.36127494176095,-4.29714994176095,4.29714994176095,6701.208475726693
0.064169,4.36127494176095,-4.29710594176095,4.29710594176095,6696.544959504442
0.064175,4.36127494176095,-4.29709994176095,4.29709994176095,6695.9095209428
0.083852,4.380937512331496,-4.2970855123314955,4.2970855123314955,5124.607054342042
0.064192,4.36127494176095,-4.29708294176095,4.29708294176095,6694.109756771622
0.064239,4.36127494176095,-4.29703594176095,4.29703594176095,6689.138895486872
0.070652,4.36765804208178,-4.29700604208178,4.29700604208178,6081.931206476603
0.083955,4.380937512331496,-4.296982512331496,4.296982512331496,5118.197257117859
0.06437,4.36127494176095,-4.29690494176095,4.29690494176095,6675.322254288687
0.084091,4.380937512331496,-4.296846512331496,4.296846512331496,5109.757889930835
0.070834,4.36765804208178,-4.296824042081781,4.296824042081781,6066.047429222879
0.064451,4.36127494176095,-4.29682394176095,4.29682394176095,6666.80724130602
0.064481,4.36127494176095,-4.29679394176095,4.29679394176095,6663.6589617054515
0.064556,4.36127494176095,-4.29671894176095,4.29671894176095,6655.801064355211
0.064571,4.36127494176095,-4.29670394176095,4.29670394176095,6654.231675375508
0.070976,4.36765804208178,-4.29668204208178,4.29668204208178,6053.7111643767885
0.071005,4.36765804208178,-4.29665304208178,4.29665304208178,6051.197853715347
0.071008,4.36765804208178,-4.29665004208178,4.29665004208178,6050.937973229555
0.064671,4.36127494176095,-4.29660394176095,4.29660394176095,6643.787687088745
0.064692,4.36127494176095,-4.29658294176095,4.29658294176095,6641.598551782836
0.064854,4.36127494176095,-4.29642094176095,4.29642094176095,6624.758588731907
0.071244,4.36765804208178,-4.29641404208178,4.29641404208178,6030.562624292878
0.071362,4.36765804208178,-4.296296042081781,4.296296042081781,6020.42548703982
0.065124,4.36127494176095,-4.29615094176095,4.29615094176095,6596.878163448302
0.071571,4.36765804208178,-4.296087042081781,4.296087042081781,6002.552760306869
0.071614,4.36765804208178,-4.29604404208178,4.29604404208178,5998.888535876912
0.071668,4.36765804208178,-4.2959900420817805,4.2959900420817805,5994.293179783847
0.065312,4.36127494176095,-4.29596294176095,4.29596294176095,6577.601260386069
0.071738,4.36765804208178,-4.2959200420817805,4.2959200420817805,5988.346533348344
0.085113,4.380937512331496,-4.295824512331496,4.295824512331496,5047.201376152051
0.065466,4.36127494176095,-4.29580894176095,4.29580894176095,6561.893097484279
0.071864,4.36765804208178,-4.295794042081781,4.295794042081781,5977.671763475606
0.065697,4.36127494176095,-4.29557794176095,4.29557794176095,6538.468933471058
0.085426,4.380937512331496,-4.295511512331496,4.295511512331496,5028.342082390787
0.072181,4.36765804208178,-4.295477042081781,4.295477042081781,5950.980224894087
0.072198,4.36765804208178,-4.29546004208178,4.29546004208178,5949.555439391985
0.066026,4.36127494176095,-4.29524894176095,4.29524894176095,6505.390202731592
0.066141,4.36127494176095,-4.29513394176095,4.29513394176095,6493.905346558178
0.073778,4.36765804208178,-4.29388004208178,4.29388004208178,5820.000591316897
0.118799,4.408548953394554,-4.289749953394554,4.289749953394554,3610.9310261733035
0.118843,4.408548953394554,-4.289705953394554,4.289705953394554,3609.557104570734
0.118852,4.408548953394554,-4.289696953394554,4.289696953394554,3609.2762004722495
0.118901,4.408548953394554,-4.289647953394554,4.289647953394554,3607.7475797401257
0.118905,4.408548953394554,-4.289643953394554,4.289643953394554,3607.6228499953168
0.118914,4.408548953394554,-4.289634953394554,4.289634953394554,3607.342238750031
0.118922,4.408548953394554,-4.289626953394554,4.289626953394554,3607.0928421885446
0.118963,4.408548953394554,-4.289585953394554,4.289585953394554,3605.8152112747152
0.118986,4.408548953394554,-4.2895629533945545,4.2895629533945545,3605.098877001879
0.119007,4.408548953394554,-4.289541953394554,4.289541953394554,3604.445074483105
0.119023,4.408548953394554,-4.289525953394554,4.289525953394554,3603.947094083166
0.119064,4.408548953394554,-4.289484953394554,4.289484953394554,3602.6716302088644
0.119096,4.408548953394554,-4.289452953394554,4.289452953394554,3601.6767563922194
0.119109,4.408548953394554,-4.289439953394554,4.289439953394554,3601.272741600787
0.119121,4.408548953394554,-4.289427953394554,4.289427953394554,3600.8998831387034
0.119329,4.408548953394554,-4.2892199533945545,4.2892199533945545,3594.448918368633
0.119337,4.408548953394554,-4.289211953394554,4.289211953394554,3594.20125342547
0.119357,4.408548953394554,-4.289191953394554,4.289191953394554,3593.5822363170755
0.119445,4.408548953394554,-4.289103953394554,4.289103953394554,3590.8610237378653
0.119507,4.408548953394554,-4.2890419533945545,4.2890419533945545,3588.9462121931006
0.1196,4.408548953394554,-4.288948953394554,4.288948953394554,3586.0777172311678
0.11968,4.408548953394554,-4.288868953394554,4.288868953394554,3583.61376153989
0.119743,4.408548953394554,-4.288805953394554,4.288805953394554,3581.6757136641636
0.120125,4.408548953394554,-4.288423953394554,4.288423953394554,3569.9679082826947
0.120138,4.408548953394554,-4.288410953394554,4.288410953394554,3569.570785117934
0.120775,4.408548953394554,-4.287773953394554,4.287773953394554,3550.2164767910067
0.121218,4.408548953394554,-4.287330953394554,4.287330953394554,3536.8764951225708
0.193024,4.465786994210472,-4.2727629942104715,4.2727629942104715,2213.5915699585958
0.193026,4.465786994210472,-4.272760994210472,4.272760994210472,2213.567598145796
0.193111,4.465786994210472,-4.272675994210472,4.272675994210472,2212.549255090555
0.193115,4.465786994210472,-4.272671994210472,4.272671994210472,2212.501355150025
0.193152,4.465786994210472,-4.272634994210472,4.272634994210472,2212.05837475067
0.193153,4.465786994210472,-4.272633994210472,4.272633994210472,2212.0464046628454
0.19317,4.465786994210472,-4.2726169942104715,4.2726169942104715,2211.8429321316084
0.19318,4.465786994210472,-4.272606994210472,4.272606994210472,2211.723259135909
0.193187,4.465786994210472,-4.272599994210472,4.272599994210472,2211.6394954105776
0.193198,4.465786994210472,-4.272588994210472,4.272588994210472,2211.507878963014
0.193202,4.465786994210472,-4.272584994210471,4.272584994210471,2211.460022152468
0.193214,4.465786994210472,-4.2725729942104715,4.2725729942104715,2211.31646360986
0.193224,4.465786994210472,-4.272562994210472,4.272562994210472,2211.196845112033
0.193259,4.465786994210472,-4.2725279942104715,4.2725279942104715,2210.7782778549476
0.193267,4.465786994210472,-4.272519994210472,4.272519994210472,2210.682626625233
0.193273,4.465786994210472,-4.272513994210472,4.272513994210472,2210.61089339942
0.193286,4.465786994210472,-4.272500994210472,4.272500994210472,2210.4554866881285
0.19331,4.465786994210472,-4.2724769942104714,4.2724769942104714,2210.16863690461
0.193315,4.465786994210472,-4.272471994210472,4.272471994210472,2210.1088854979503
0.193318,4.465786994210472,-4.272468994210472,4.272468994210472,2210.0730361375554
0.193328,4.465786994210472,-4.272458994210472,4.272458994210472,2209.953546304994
0.19333,4.465786994210472,-4.272456994210472,4.272456994210472,2209.929649821829
0.193334,4.465786994210472,-4.272452994210472,4.272452994210472,2209.8818583387247
0.193338,4.465786994210472,-4.272448994210472,4.272448994210472,2209.834068833151
0.193352,4.465786994210472,-4.272434994210472,4.272434994210472,2209.6668211349274
0.193356,4.465786994210472,-4.272430994210472,4.272430994210472,2209.6190405267243
0.193357,4.465786994210472,-4.272429994210472,4.272429994210472,2209.607095683562
0.19338,4.465786994210472,-4.272406994210471,4.272406994210471,2209.332398387185
0.193384,4.465786994210472,-4.272402994210472,4.272402994210472,2209.2846316143978
0.193403,4.465786994210472,-4.272383994210472,4.272383994210472,2209.057766426278
0.193417,4.465786994210472,-4.272369994210472,4.272369994210472,2208.890631124245
0.193432,4.465786994210472,-4.272354994210472,4.272354994210472,2208.7115844336827
0.193449,4.465786994210472,-4.272337994210472,4.272337994210472,2208.5086984176514
0.193497,4.465786994210472,-4.272289994210472,4.272289994210472,2207.9360362189263
0.193541,4.465786994210472,-4.272245994210472,4.272245994210472,2207.4113454012645
0.193553,4.465786994210472,-4.272233994210472,4.272233994210472,2207.2682893074266
0.193561,4.465786994210472,-4.272225994210472,4.272225994210472,2207.1729284325347
0.193564,4.465786994210472,-4.2722229942104715,4.2722229942104715,2207.1371701366647
0.193604,4.465786994210472,-4.272182994210472,4.272182994210472,2206.6604987519945
0.193806,4.465786994210472,-4.271980994210471,4.271980994210471,2204.256314049211
0.193865,4.465786994210472,-4.271921994210472,4.271921994210472,2203.5550470724042
0.194256,4.465786994210472,-4.2715309942104716,4.2715309942104716,2198.9184334134093
0.194415,4.465786994210472,-4.2713719942104715,4.2713719942104715,2197.038290262291
0.194624,4.465786994210472,-4.271162994210472,4.271162994210472,2194.571580080514
0.350153,4.582606289982692,-4.2324532899826925,4.2324532899826925,1208.743974426593
0.350238,4.582606289982692,-4.232368289982692,4.232368289982692,1208.4263525871738
0.350246,4.582606289982692,-4.232360289982692,4.232360289982692,1208.3964667046291
0.350249,4.582606289982692,-4.2323572899826924,4.2323572899826924,1208.3852598506512
0.350255,4.582606289982692,-4.2323512899826925,4.2323512899826925,1208.362846718628
0.350263,4.582606289982692,-4.232343289982692,4.232343289982692,1208.332963737066
0.3503,4.582606289982692,-4.232306289982692,4.232306289982692,1208.1947727018264
0.350304,4.582606289982692,-4.232302289982692,4.232302289982692,1208.1798348789941
0.350305,4.582606289982692,-4.232301289982693,4.232301289982693,1208.1761004765895
0.350313,4.582606289982692,-4.232293289982692,4.232293289982692,1208.1462260248823
0.350331,4.582606289982692,-4.2322752899826925,4.2322752899826925,1208.079013497125
0.350335,4.582606289982692,-4.232271289982692,4.232271289982692,1208.0640783177894
0.350336,4.582606289982692,-4.232270289982692,4.232270289982692,1208.0603445762445
0.350338,4.582606289982692,-4.232268289982692,4.232268289982692,1208.0528771570996
0.350353,4.582606289982692,-4.232253289982692,4.232253289982692,1207.9968742310457
0.350361,4.582606289982692,-4.232245289982692,4.232245289982692,1207.967007964564
0.350378,4.582606289982692,-4.232228289982692,4.232228289982692,1207.9035466766716
0.350399,4.582606289982692,-4.232207289982692,4.232207289982692,1207.8251618226268
0.350423,4.582606289982692,-4.232183289982692,4.232183289982692,1207.7355906361615
0.350435,4.582606289982692,-4.232171289982692,4.232171289982692,1207.690809643729
0.350445,4.582606289982692,-4.232161289982693,4.232161289982693,1207.6534944927275
0.350467,4.582606289982692,-4.232139289982692,4.232139289982692,1207.571408656199
0.350476,4.582606289982692,-4.232130289982692,4.232130289982692,1207.5378310569492
0.350479,4.582606289982692,-4.232127289982692,4.232127289982692,1207.526638907086
0.350486,4.582606289982692,-4.232120289982692,4.232120289982692,1207.500524635846
0.350487,4.582606289982692,-4.232119289982692,4.232119289982692,1207.4967941108216
0.350496,4.582606289982692,-4.232110289982693,4.232110289982693,1207.4632203435217
0.35051,4.582606289982692,-4.232096289982692,4.232096289982692,1207.4109979102684
0.350517,4.582606289982692,-4.232089289982692,4.232089289982692,1207.3848882580037
0.35053,4.582606289982692,-4.232076289982692,4.232076289982692,1207.3364016704293
0.350546,4.582606289982692,-4.232060289982693,4.232060289982693,1207.2767308072023
0.350547,4.582606289982692,-4.2320592899826925,4.2320592899826925,1207.2730015591117
0.350568,4.582606289982692,-4.232038289982692,4.232038289982692,1207.1946922638397
0.350588,4.582606289982692,-4.232018289982692,4.232018289982692,1207.1201207045226
0.35059,4.582606289982692,-4.232016289982692,4.232016289982692,1207.1126640165376
0.350615,4.582606289982692,-4.231991289982692,4.231991289982692,1207.0194625944903
0.350622,4.582606289982692,-4.231984289982693,4.231984289982693,1206.993368578041
0.35065,4.582606289982692,-4.231956289982692,4.231956289982692,1206.8890029305014
0.350658,4.582606289982692,-4.231948289982692,4.231948289982692,1206.8591872353782
0.350673,4.582606289982692,-4.231933289982692,4.231933289982692,1206.8032864736915
0.350681,4.582606289982692,-4.2319252899826925,4.2319252899826925,1206.7734746895094
0.350688,4.582606289982692,-4.231918289982692,4.231918289982692,1206.7473904940987
0.350689,4.582606289982692,-4.231917289982692,4.231917289982692,1206.7436642654743
0.350735,4.582606289982692,-4.231871289982692,4.231871289982692,1206.572280717955
0.350742,4.582606289982692,-4.231864289982692,4.231864289982692,1206.546204553816
0.350783,4.582606289982692,-4.231823289982692,4.231823289982692,1206.3934936346113
0.35079,4.582606289982692,-4.231816289982692,4.231816289982692,1206.3674246062674
0.350791,4.582606289982692,-4.231815289982692,4.231815289982692,1206.3637005442922
0.350839,4.582606289982692,-4.231767289982693,4.231767289982693,1206.1849705353475
0.350894,4.582606289982692,-4.231712289982692,4.231712289982692,1205.9802358480658
0.350908,4.582606289982692,-4.231698289982692,4.231698289982692,1205.9281318114045
0.350959,4.582606289982692,-4.231647289982693,4.231647289982693,1205.738359402937
0.352213,4.582606289982692,-4.230393289982692,4.230393289982692,1201.0894795994477
0.352484,4.582606289982692,-4.230122289982692,4.230122289982692,1200.0891639854865
0.352517,4.582606289982692,-4.2300892899826925,4.2300892899826925,1199.9674593800369
0.352549,4.582606289982692,-4.2300572899826925,4.2300572899826925,1199.8494645518333
0.680427,4.810599633630513,-4.130172633630513,4.130172633630513,606.9971698688495
0.680567,4.810599633630513,-4.130032633630513,4.130032633630513,606.8517328967847
0.680579,4.810599633630513,-4.130020633630513,4.130020633630513,606.8392696547608
0.680611,4.810599633630513,-4.129988633630513,4.129988633630513,606.8060364912861
0.680676,4.810599633630513,-4.129923633630513,4.129923633630513,606.7385412477853
0.680709,4.810599633630513,-4.129890633630513,4.129890633630513,606.7042793651632
0.680851,4.810599633630513,-4.129748633630514,4.129748633630514,606.5568873401018
0.680866,4.810599633630513,-4.129733633630513,4.129733633630513,606.5413213501588
0.680873,4.810599633630513,-4.129726633630513,4.129726633630513,606.5340574562333
0.680925,4.810599633630513,-4.129674633630513,4.129674633630513,606.4801017768525
0.680932,4.810599633630513,-4.129667633630513,4.129667633630513,606.4728391416529
0.680941,4.810599633630513,-4.129658633630513,4.129658633630513,606.4635016872313
0.680946,4.810599633630513,-4.129653633630513,4.129653633630513,606.4583143192051
0.680949,4.810599633630513,-4.129650633630513,4.129650633630513,606.4552019349551
0.680959,4.810599633630513,-4.129640633630514,4.129640633630514,606.4448275188475
0.680966,4.810599633630513,-4.1296336336305135,4.1296336336305135,606.4375656088667
0.680968,4.810599633630513,-4.129631633630513,4.129631633630513,606.4354908048656
0.680974,4.810599633630513,-4.129625633630513,4.129625633630513,606.4292664659862
0.681011,4.810599633630513,-4.129588633630513,4.129588633630513,606.3908854664788
0.68103,4.810599633630513,-4.129569633630513,4.129569633630513,606.3711779252225
0.68104,4.810599633630513,-4.129559633630513,4.129559633630513,606.3608059767638
0.681054,4.810599633630513,-4.129545633630514,4.129545633630514,606.346285760625
0.681104,4.810599633630513,-4.129495633630513,4.129495633630513,606.2944327186771
0.681105,4.810599633630513,-4.129494633630514,4.129494633630514,606.2933957354917
0.68113,4.810599633630513,-4.129469633630514,4.129469633630514,606.2674721454416
0.681132,4.810599633630513,-4.129467633630513,4.129467633630513,606.2653983404462
0.681142,4.810599633630513,-4.129457633630513,4.129457633630513,606.2550294981454
0.681151,4.810599633630513,-4.129448633630513,4.129448633630513,606.2456978003803
0.681168,4.810599633630513,-4.129431633630514,4.129431633630514,606.2280719329572
0.681184,4.810599633630513,-4.129415633630513,4.129415633630513,606.2114836849224
0.681228,4.810599633630513,-4.129371633630513,4.129371633630513,606.1658700206609
0.681246,4.810599633630513,-4.129353633630513,4.129353633630513,606.1472115835346
0.681249,4.810599633630513,-4.129350633630513,4.129350633630513,606.1441019398735
0.684308,4.810599633630513,-4.1262916336305135,4.1262916336305135,602.98748999391
0.684751,4.810599633630513,-4.125848633630513,4.125848633630513,602.5326918877051
0.68488,4.810599633630513,-4.1257196336305135,4.1257196336305135,602.4003669296976
0.684935,4.810599633630513,-4.125664633630513,4.125664633630513,602.3439644678939
0.338893,4.36765804208178,-4.028765042081781,4.028765042081781,1188.8014921798265
0.342725,4.36765804208178,-4.024933042081781,4.024933042081781,1174.3914336297
0.369482,4.380937512331496,-4.011455512331496,4.011455512331496,1085.6971411992463
0.408514,4.408548953394554,-4.000034953394554,4.000034953394554,979.167164996888
0.416025,4.408548953394554,-3.9925239533945542,3.9925239533945542,959.6836614229604
1.379645,5.3478809235103135,-3.9682359235103135,3.9682359235103135,287.62731885540745
1.379663,5.3478809235103135,-3.9682179235103137,3.9682179235103137,287.62226161190745
1.37977,5.3478809235103135,-3.968110923510314,3.968110923510314,287.5922018323867
1.379799,5.3478809235103135,-3.9680819235103133,3.9680819235103133,287.58405559235285
1.379805,5.3478809235103135,-3.9680759235103134,3.9680759235103134,287.5823702061328
1.379841,5.3478809235103135,-3.9680399235103136,3.9680399235103136,287.57225819661403
1.379873,5.3478809235103135,-3.9680079235103136,3.9680079235103136,287.56327018665854
1.379894,5.3478809235103135,-3.9679869235103133,3.9679869235103133,287.5573720316746
1.379923,5.3478809235103135,-3.9679579235103137,3.9679579235103137,287.54922725563415
1.37994,5.3478809235103135,-3.9679409235103136,3.9679409235103136,287.5444528909061
1.379968,5.3478809235103135,-3.9679129235103137,3.9679129235103137,287.53658948778354
1.379984,5.3478809235103135,-3.967896923510313,3.967896923510313,287.53209625783927
1.380001,5.3478809235103135,-3.9678799235103135,3.9678799235103135,287.5273223151857
1.380008,5.3478809235103135,-3.9678729235103134,3.9678729235103134,287.5253566082797
1.380023,5.3478809235103135,-3.9678579235103135,3.9678579235103135,287.52114444634566
1.380033,5.3478809235103135,-3.9678479235103135,3.9678479235103135,287.5183363892599
1.380037,5.3478809235103135,-3.967843923510314,3.967843923510314,287.51721317782034
1.380038,5.3478809235103135,-3.9678429235103136,3.9678429235103136,287.5169323759778
1.380049,5.3478809235103135,-3.9678319235103134,3.9678319235103134,287.5138435825684
1.380058,5.3478809235103135,-3.9678229235103135,3.9678229235103135,287.51131642458523
1.380104,5.3478809235103135,-3.9677769235103133,3.9677769235103133,287.49840035409034
1.380104,5.3478809235103135,-3.9677769235103133,3.9677769235103133,287.49840035409034
1.380105,5.3478809235103135,-3.9677759235103136,3.9677759235103136,287.4981195795114
1.380138,5.3478809235103135,-3.9677429235103134,3.9677429235103134,287.48885424666406
1.380154,5.3478809235103135,-3.9677269235103134,3.9677269235103134,287.48436212356216
1.38017,5.3478809235103135,-3.967710923510314,3.967710923510314,287.4798701046128
1.380176,5.3478809235103135,-3.9677049235103135,3.9677049235103135,287.4781856243577
1.38018,5.3478809235103135,-3.9677009235103133,3.9677009235103133,287.47706264565755
1.380234,5.3478809235103135,-3.967646923510314,3.967646923510314,287.4619030702658
1.380413,5.3478809235103135,-3.9674679235103136,3.9674679235103136,287.4116603670715
1.381812,5.3478809235103135,-3.9660689235103135,3.9660689235103135,287.01942979387167
0.511805,4.465786994210472,-3.953981994210472,3.953981994210472,772.55634341945
0.669966,4.582606289982692,-3.912640289982692,3.912640289982692,584.0057987119774
0.673548,4.582606289982692,-3.909058289982692,3.909058289982692,580.3681830251628
0.674672,4.582606289982692,-3.907934289982692,3.907934289982692,579.2346932144001
1.046292,4.810599633630513,-3.764307633630513,3.764307633630513,359.7760121716248
1.758939,5.3478809235103135,-3.5889419235103137,3.5889419235103137,204.0401584879449
1.759076,5.3478809235103135,-3.588804923510313,3.588804923510313,204.01647929403256
1.759435,5.3478809235103135,-3.5884459235103137,3.5884459235103137,203.95444692792623
12.514934,9.88007128045389,2.63486271954611,2.63486271954611,21.053748421885853
6.411327,4.408548953394554,2.002778046605446,2.002778046605446,31.238120385595803
28.941853,28.398104123093105,0.5437488769068928,0.5437488769068928,1.8787631769984252
28.862202,28.398104123093105,0.4640978769068944,0.4640978769068944,1.607978063854194
28.846279,28.398104123093105,0.4481748769068936,0.4481748769068936,1.5536661657655741
28.828833,28.398104123093105,0.430728876906894,0.430728876906894,1.4940905755893759
28.827511,28.398104123093105,0.4294068769068957,0.4294068769068957,1.4895731959148542
28.771741,28.398104123093105,0.3736368769068932,0.3736368769068932,1.298624497230093
28.750027,28.398104123093105,0.35192287690689383,0.35192287690689383,1.2240784222765069
28.74018,28.398104123093105,0.34207587690689323,0.34207587690689323,1.1902356801721599
28.737798,28.398104123093105,0.339693876906896,0.339693876906896,1.1820456003821656
28.737327,28.398104123093105,0.339222876906895,0.339222876906895,1.1804259905791328
28.736058,28.398104123093105,0.3379538769068944,0.3379538769068944,1.1760620642738064
28.730788,28.398104123093105,0.33268387690689494,0.33268387690689494,1.1579350935509916
28.721752,28.398104123093105,0.3236478769068931,0.3236478769068931,1.1268389090810558
28.719682,28.398104123093105,0.3215778769068933,0.3215778769068933,1.1197125264331744
28.706703,28.398104123093105,0.30859887690689547,0.30859887690689547,1.0750063387837345
28.706161,28.398104123093105,0.3080568769068961,0.3080568769068961,1.0731385395136013
28.701651,28.398104123093105,0.30354687690689275,0.30354687690689275,1.0575937840852263
28.686578,28.398104123093105,0.2884738769068953,0.2884738769068953,1.0056057467220025
28.672625,28.398104123093105,0.27452087690689453,0.27452087690689453,0.9574319648303464
38.872857,39.11996848786336,-0.24711148786335713,0.24711148786335713,0.635691603173704
28.631022,28.398104123093105,0.23291787690689603,0.23291787690689603,0.8135157623995488
9.718153,9.88007128045389,-0.16191828045389123,0.16191828045389123,1.6661425319422847
3.362725,3.2066853285939843,0.15603967140601593,0.15603967140601593,4.640274521448398
17.497021,17.341366673240962,0.1556543267590378,0.1556543267590378,0.8896047319034949
9.724445,9.88007128045389,-0.15562628045389104,0.15562628045389104,1.6003615677017116
3.346043,3.2066853285939843,0.13935767140601563,0.13935767140601563,4.1648499855456365
28.53384,28.398104123093105,0.13573587690689592,0.13573587690689592,0.47570140193685895
3.334617,3.2066853285939843,0.1279316714060159,0.1279316714060159,3.8364727164222887
3.333716,3.2066853285939843,0.12703067140601565,0.12703067140601565,3.8104826986523497
3.333322,3.2066853285939843,0.12663667140601564,0.12663667140601564,3.799113059050897
3.333099,3.2066853285939843,0.12641367140601556,0.12641367140601556,3.792676767243424
4.932307,4.810599633630513,0.12170736636948654,0.12170736636948654,2.4675545615270704
4.932203,4.810599633630513,0.1216033663694871,0.1216033663694871,2.4654980009343004
4.931891,4.810599633630513,0.12129136636948701,0.12129136636948701,2.4593277987495603
4.931846,4.810599633630513,0.12124636636948694,0.12124636636948694,2.4584378013228414
4.931826,4.810599633630513,0.1212263663694868,0.1212263663694868,2.4580422416976746
10.000124,9.88007128045389,0.12005271954610919,0.12005271954610919,1.200512309096454
4.930445,4.810599633630513,0.1198453663694865,0.1198453663694865,2.4307210884018744
4.928944,4.810599633630513,0.1183443663694872,0.1183443663694872,2.4010085399040073
28.516386,28.398104123093105,0.11828187690689518,0.11828187690689518,0.41478564957873837
4.928848,4.810599633630513,0.1182483663694871,0.1182483663694871,2.399107587961487
4.928791,4.810599633630513,0.11819136636948713,0.11819136636948713,2.3979788627087073
4.928641,4.810599633630513,0.11804136636948659,0.11804136636948659,2.395008408344036
4.928627,4.810599633630513,0.11802736636948641,0.11802736636948641,2.3947311567114267
4.928563,4.810599633630513,0.11796336636948634,0.11796336636948634,2.393463700618068
4.928559,4.810599633630513,0.11795936636948667,0.11795936636948667,2.393384483519286
4.928537,4.810599633630513,0.11793736636948715,0.11793736636948715,2.392948787177497
9.997988,9.88007128045389,0.11791671954610905,0.11791671954610905,1.179404491633013
4.92851,4.810599633630513,0.11791036636948693,0.11791036636948693,2.3924140636235802
4.928471,4.810599633630513,0.11787136636948681,0.11787136636948681,2.3916416748134495
4.928467,4.810599633630513,0.11786736636948714,0.11786736636948714,2.39156245475714
4.928463,4.810599633630513,0.11786336636948658,0.11786336636948658,2.3914832345722203
4.928461,4.810599633630513,0.11786136636948719,0.11786136636948719,2.3914436244315564
4.92843,4.810599633630513,0.1178303663694864,0.1178303663694864,2.390829663140099
4.928416,4.810599633630513,0.11781636636948711,0.11781636636948711,2.3905523877671153
4.928401,4.810599633630513,0.11780136636948679,0.11780136636948679,2.3902553052622246
4.928399,4.810599633630513,0.11779936636948651,0.11779936636948651,2.390215694124934
4.928397,4.810599633630513,0.11779736636948712,0.11779736636948712,2.390176082955511
4.928393,4.810599633630513,0.11779336636948656,0.11779336636948656,2.3900968605201833
4.928387,4.810599633630513,0.11778736636948661,0.11778736636948661,2.3899780266260877
4.928383,4.810599633630513,0.11778336636948694,0.11778336636948694,2.389898803869282
4.928356,4.810599633630513,0.11775636636948672,0.11775636636948672,2.3893640468971267
4.928311,4.810599633630513,0.11771136636948665,0.11771136636948665,2.3884727722560157
4.928295,4.810599633630513,0.11769536636948708,0.11769536636948708,2.3881558706834496
4.92824,4.810599633630513,0.1176403663694865,0.1176403663694865,2.387066505833714
4.928213,4.810599633630513,0.11761336636948716,0.11761336636948716,2.3865317178275496
4.92816,4.810599633630513,0.11756036636948686,0.11756036636948686,2.3854819317372282
4.928133,4.810599633630513,0.11753336636948664,0.11753336636948664,2.384947126368174
9.997285,9.88007128045389,0.11721371954610937,0.11721371954610937,1.172455517122268
4.927564,4.810599633630513,0.11696436636948704,0.11696436636948704,2.3736752352097987
4.927525,4.810599633630513,0.11692536636948692,0.11692536636948692,2.372902549801655
9.996962,9.88007128045389,0.11689071954610952,0.11689071954610952,1.1692624173718003
9.996878,9.88007128045389,0.11680671954611022,0.11680671954611022,1.1684319799135467
4.927373,4.810599633630513,0.11677336636948699,0.11677336636948699,2.369890941219938
4.927302,4.810599633630513,0.11670236636948683,0.11670236636948683,2.3684841393346368
9.996737,9.88007128045389,0.11666571954610916,0.11666571954610916,1.1670379999488045
4.927255,4.810599633630513,0.11665536636948648,0.11665536636948648,2.3675528538124966
4.927123,4.810599633630513,0.11652336636948668,0.11652336636948668,2.3649372334955254
9.995743,9.88007128045389,0.11567171954610878,0.11567171954610878,1.1572098196697491
9.995563,9.88007128045389,0.11549171954611026,0.11549171954611026,1.1554298596782875
9.995461,9.88007128045389,0.11538971954611021,0.11538971954611021,1.15442118722644
9.995254,9.88007128045389,0.11518271954610881,0.11518271954610881,1.152374112203216
3.321604,3.2066853285939843,0.11491867140601553,0.11491867140601553,3.459734254973073
9.99477,9.88007128045389,0.11469871954611044,0.11469871954611044,1.147587383651278
9.994676,9.88007128045389,0.11460471954610973,0.11460471954610973,1.1466576759963312
3.321214,3.2066853285939843,0.11452867140601564,0.11452867140601564,3.448397826896046
3.320973,3.2066853285939843,0.1142876714060157,0.1142876714060157,3.441391164654886
9.994189,9.88007128045389,0.11411771954611005,0.11411771954611005,1.1418407190915463
28.511756,28.398104123093105,0.11365187690689282,0.11365187690689282,0.3986140906456067
3.319784,3.2066853285939843,0.1130986714060156,0.1130986714060156,3.406808135788617
28.510884,28.398104123093105,0.11277987690689528,0.11277987690689528,0.3955678010772999
17.453645,17.341366673240962,0.11227832675903926,0.11227832675903926,0.6432944336750058
9.991578,9.88007128045389,0.11150671954611013,0.11150671954611013,1.1160070966267204
3.318045,3.2066853285939843,0.11135967140601588,0.11135967140601588,3.3561832766782755
28.509243,28.398104123093105,0.11113887690689594,0.11113887690689594,0.3898345421044891
9.991051,9.88007128045389,0.11097971954611019,0.11097971954611019,1.1107912425329367
3.317626,3.2066853285939843,0.11094067140601593,0.11094067140601593,3.343977633484665
9.990861,9.88007128045389,0.11078971954611028,0.11078971954611028,1.1089106288737414
0.455181,0.5656793176774606,-0.1104983176774606,0.1104983176774606,24.275687617274208
0.455185,0.5656793176774606,-0.1104943176774606,0.1104943176774606,24.274595527793313
0.455221,0.5656793176774606,-0.11045831767746062,0.11045831767746062,24.2647675861166
0.455252,0.5656793176774606,-0.11042731767746061,0.11042731767746061,24.256305881842213
0.455408,0.5656793176774606,-0.11027131767746062,0.11027131767746062,24.213741887109336
9.98998,9.88007128045389,0.10990871954610881,0.10990871954610881,1.1001895854146717
0.455899,0.5656793176774606,-0.1097803176774606,0.1097803176774606,24.079964565261307
0.456954,0.5656793176774606,-0.10872531767746058,0.10872531767746058,23.793492923503695
0.457044,0.5656793176774606,-0.1086353176774606,0.1086353176774606,23.7691158080385
0.457055,0.5656793176774606,-0.10862431767746061,0.10862431767746061,23.766137041208275
0.457244,0.5656793176774606,-0.10843531767746062,0.10843531767746062,23.71497879769787
0.457256,0.5656793176774606,-0.1084233176774606,0.1084233176774606,23.71173208306701
0.457452,0.5656793176774606,-0.10822731767746058,0.10822731767746058,23.658726522958005
0.457496,0.5656793176774606,-0.10818331767746059,0.10818331767746059,23.64683355784832
0.457511,0.5656793176774606,-0.1081683176774606,0.1081683176774606,23.642779660777077
0.457522,0.5656793176774606,-0.10815731767746062,0.10815731767746062,23.63980697186601
0.45756,0.5656793176774606,-0.10811931767746058,0.10811931767746058,23.629538782636384
0.457626,0.5656793176774606,-0.10805331767746063,0.10805331767746063,23.61170861223989
0.457726,0.5656793176774606,-0.10795331767746058,0.10795331767746058,23.584703000020944
0.457767,0.5656793176774606,-0.10791231767746062,0.10791231767746062,23.573634109467697
0.457872,0.5656793176774606,-0.1078073176774606,0.1078073176774606,23.545295989690416
0.457908,0.5656793176774606,-0.10777131767746062,0.10777131767746062,23.535583054658368
0.457941,0.5656793176774606,-0.10773831767746062,0.10773831767746062,23.52668087241237
0.457955,0.5656793176774606,-0.1077243176774606,0.1077243176774606,23.52290457663694
0.458064,0.5656793176774606,-0.10761531767746058,0.10761531767746058,23.493511311512595
0.458065,0.5656793176774606,-0.1076143176774606,0.1076143176774606,23.49324171328684
0.458074,0.5656793176774606,-0.10760531767746062,0.10760531767746062,23.490815382224227
0.458147,0.5656793176774606,-0.10753231767746058,0.10753231767746058,23.47113866378901
0.458369,0.5656793176774606,-0.10731031767746058,0.10731031767746058,23.411338387641667
0.458607,0.5656793176774606,-0.10707231767746062,0.10707231767746062,23.347292486619985
0.458671,0.5656793176774606,-0.10700831767746061,0.10700831767746061,23.33008139911408
0.458752,0.5656793176774606,-0.10692731767746061,0.10692731767746061,23.308305501480607
0.458816,0.5656793176774606,-0.1068633176774606,0.1068633176774606,23.29110529148275
0.458881,0.5656793176774606,-0.10679831767746062,0.10679831767746062,23.273641239054783
0.458891,0.5656793176774606,-0.10678831767746061,0.10678831767746061,23.270954900878348
0.458976,0.5656793176774606,-0.10670331767746061,0.10670331767746061,23.24812575259109
28.504605,28.398104123093105,0.10650087690689602,0.10650087690689602,0.3736269171473255
0.459335,0.5656793176774606,-0.10634431767746061,0.10634431767746061,23.151799373944684
9.9857,9.88007128045389,0.1056287195461092,0.1056287195461092,1.0577998492349199
0.460196,0.5656793176774606,-0.10548331767746061,0.10548331767746061,22.921389506762164
5.453312,5.3478809235103135,0.10543107648968686,0.10543107648968686,1.9333402616199753
5.452646,5.3478809235103135,0.10476507648968614,0.10476507648968614,1.9213621512888381
5.452296,5.3478809235103135,0.10441507648968607,0.10441507648968607,1.9150661755666054
0.461313,0.5656793176774606,-0.10436631767746063,0.10436631767746063,22.62375386230973
5.4522,5.3478809235103135,0.10431907648968686,0.10431907648968686,1.9133391381052327
0.461869,0.5656793176774606,-0.10381031767746063,0.10381031767746063,22.47613883048754
0.462191,0.5656793176774606,-0.10348831767746058,0.10348831767746058,22.390811948971262
0.46228,0.5656793176774606,-0.10339931767746058,0.10339931767746058,22.367248778898787
4.511795,4.408548953394554,0.10324604660544612,0.10324604660544612,2.288358549161869
4.511754,4.408548953394554,0.10320504660544572,0.10320504660544572,2.287470606845104
0.462561,0.5656793176774606,-0.1031183176774606,0.1031183176774606,22.292912211614833
3.309801,3.2066853285939843,0.10311567140601596,0.10311567140601596,3.1154643860129507
9.983173,9.88007128045389,0.10310171954611036,0.10310171954611036,1.03275501230999
4.511621,4.408548953394554,0.10307204660544578,0.10307204660544578,2.284590097509547
0.46261,0.5656793176774606,-0.10306931767746058,0.10306931767746058,22.279958854149417
3.309754,3.2066853285939843,0.10306867140601561,0.10306867140601561,3.1140885818976733
4.511427,4.408548953394554,0.1028780466054462,0.1028780466054462,2.280388147767121
5.450738,5.3478809235103135,0.10285707648968678,0.10285707648968678,1.8870302789787317
4.483691,4.380937512331496,0.10275348766850456,0.10275348766850456,2.291716526991107
4.48366,4.380937512331496,0.10272248766850467,0.10272248766850467,2.2910409724692244
3.661377,3.558669650179249,0.10270734982075069,0.10270734982075069,2.8051563610615773
4.483625,4.380937512331496,0.10268748766850422,0.10268748766850422,2.2902782383944675
4.483531,4.380937512331496,0.1025934876685044,0.1025934876685044,2.2882296936547593
4.483344,4.380937512331496,0.10240648766850402,0.10240648766850402,2.2841541417794367
5.450078,5.3478809235103135,0.1021970764896869,0.1021970764896869,1.875148878379571
0.076468,-0.02571111748922128,0.10217911748922127,0.10217911748922127,133.6233684097896
5.450045,5.3478809235103135,0.10216407648968673,0.10216407648968673,1.8745547328106862
3.308759,3.2066853285939843,0.10207367140601553,0.10207367140601553,3.08495334362311
5.449947,5.3478809235103135,0.10206607648968635,0.10206607648968635,1.8727902581036762
4.684599,4.582606289982692,0.10199271001730814,0.10199271001730814,2.177191900846389
0.076263,-0.02571111748922128,0.10197411748922128,0.10197411748922128,133.71375025308149
0.07626,-0.02571111748922128,0.10197111748922127,0.10197111748922127,133.71507652177579
4.510489,4.408548953394554,0.10194004660544564,0.10194004660544564,2.260066405287444
5.449808,5.3478809235103135,0.10192707648968646,0.10192707648968646,1.8702874759590828
4.510433,4.408548953394554,0.10188404660544581,0.10188404660544581,2.2588528995594648
4.567654,4.465786994210472,0.10186700578952834,0.10186700578952834,2.230182185150148
5.449746,5.3478809235103135,0.10186507648968668,0.10186507648968668,1.8691710859151511
4.510409,4.408548953394554,0.10186004660544601,0.10186004660544601,2.258332816451627
4.510396,4.408548953394554,0.10184704660544597,0.10184704660544597,2.2580511024572547
0.076128,-0.02571111748922128,0.10183911748922128,0.10183911748922128,133.77353582840445
4.510384,4.408548953394554,0.10183504660544607,0.10183504660544607,2.257791057328783
4.510382,4.408548953394554,0.10183304660544579,0.10183304660544579,2.257747716339504
5.449685,5.3478809235103135,0.10180407648968615,0.10180407648968615,1.8680726773715925
4.510339,4.408548953394554,0.101790046605446,0.101790046605446,2.2568158757731775
0.076072,-0.02571111748922128,0.10178311748922128,0.10178311748922128,133.79839803794152
4.510325,4.408548953394554,0.10177604660544581,0.10177604660544581,2.256512481987203
5.449656,5.3478809235103135,0.10177507648968653,0.10177507648968653,1.867550474522043
5.449652,5.3478809235103135,0.10177107648968686,0.10177107648968686,1.867478446106639
4.510239,4.408548953394554,0.10169004660544623,0.10169004660544623,2.2546487359803233
4.510235,4.408548953394554,0.10168604660544567,0.10168604660544567,2.254562048389743
4.567466,4.465786994210472,0.10167900578952782,0.10167900578952782,2.226157913103276
4.684278,4.582606289982692,0.10167171001730768,0.10167171001730768,2.1704883872207668
4.51019,4.408548953394554,0.1016410466054456,0.1016410466054456,2.2535868024006085
4.5674,4.465786994210472,0.10161300578952837,0.10161300578952837,2.2247450581797876
4.567396,4.465786994210472,0.1016090057895278,0.1016090057895278,2.2246594292963247
4.684204,4.582606289982692,0.101597710017308,0.101597710017308,2.1689428986256587
4.567343,4.465786994210472,0.10155600578952839,0.10155600578952839,2.2235248324311283
4.510085,4.408548953394554,0.10153604660544602,0.10153604660544602,2.2513111527431238
4.567316,4.465786994210472,0.10152900578952817,0.10152900578952817,2.2229468201303613
0.075806,-0.02571111748922128,0.10151711748922128,0.10151711748922128,133.91699516569176
4.510054,4.408548953394554,0.10150504660544613,0.10150504660544613,2.250639274013027
4.462772,4.36127494176095,0.1014970582390502,0.1014970582390502,2.274305257736131
0.464186,0.5656793176774606,-0.10149331767746061,0.10149331767746061,21.864795072577763
4.684091,4.582606289982692,0.1014847100173073,0.1014847100173073,2.166582801554042
4.482421,4.380937512331496,0.10148348766850468,0.10148348766850468,2.2640329336811655
4.509975,4.408548953394554,0.10142604660544574,0.10142604660544574,2.248927025165257
4.482357,4.380937512331496,0.10141948766850462,0.10141948766850462,2.2626374397720213
4.482345,4.380937512331496,0.10140748766850383,0.10140748766850383,2.2623757802275697
4.482341,4.380937512331496,0.10140348766850416,0.10140348766850416,2.2622885600680953
4.482335,4.380937512331496,0.1013974876685042,0.1013974876685042,2.2621577295369946
4.462672,4.36127494176095,0.10139705823905043,0.10139705823905043,2.272115410605536
4.509944,4.408548953394554,0.10139504660544585,0.10139504660544585,2.2482551136598943
0.464285,0.5656793176774606,-0.1013943176774606,0.1013943176774606,21.8388097086104
4.509913,4.408548953394554,0.10136404660544596,0.10136404660544596,2.247583192917433
4.509905,4.408548953394554,0.10135604660544573,0.10135604660544573,2.2474097925166565
4.509905,4.408548953394554,0.10135604660544573,0.10135604660544573,2.2474097925166565
4.509903,4.408548953394554,0.10135404660544634,0.10135404660544634,2.247366442320355
4.468994,4.36765804208178,0.10133595791822003,0.10133595791822003,2.267533988990643
4.567118,4.465786994210472,0.10133100578952803,0.10133100578952803,2.2187078544348826
0.07561,-0.02571111748922128,0.10132111748922128,0.10132111748922128,134.00491648620073
0.075607,-0.02571111748922128,0.10131811748922127,0.10131811748922127,134.00626576271378
4.509854,4.408548953394554,0.1013050466054457,0.1013050466054457,2.2463043505000253
4.462574,4.36127494176095,0.10129905823905005,0.10129905823905005,2.2699692651994137
4.462565,4.36127494176095,0.10129005823904969,0.10129005823904969,2.269772165487336
4.482224,4.380937512331496,0.10128648766850468,0.10128648766850468,2.2597373015325632
4.509825,4.408548953394554,0.10127604660544609,0.10127604660544609,2.2456757546734165
7.470823,7.572091814980505,-0.10126881498050455,0.10126881498050455,1.3555242170661654
0.464424,0.5656793176774606,-0.1012553176774606,0.1012553176774606,21.80234390463418
4.468908,4.36765804208178,0.10124995791821956,0.10124995791821956,2.265653218100572
4.482177,4.380937512331496,0.10123948766850432,0.10123948766850432,2.2587123994934966
5.449118,5.3478809235103135,0.10123707648968683,0.10123707648968683,1.8578617032670048
4.509786,4.408548953394554,0.10123704660544597,0.10123704660544597,2.244830388918701
3.307914,3.2066853285939843,0.10122867140601555,0.10122867140601555,3.0601965892388785
4.468886,4.36765804208178,0.10122795791822004,0.10122795791822004,2.2651720790361365
4.509776,4.408548953394554,0.10122704660544546,0.10122704660544546,2.2446136261136
7.470867,7.572091814980505,-0.10122481498050462,0.10122481498050462,1.3549272792454972
4.50977,4.408548953394554,0.10122104660544551,0.10122104660544551,2.2444835679691213
4.482146,4.380937512331496,0.10120848766850443,0.10120848766850443,2.2580363885122527
4.509749,4.408548953394554,0.10120004660544613,0.10120004660544613,2.2440283617381387
5.449075,5.3478809235103135,0.10119407648968615,0.10119407648968615,1.8570872393540014
4.509739,4.408548953394554,0.10119004660544562,0.10119004660544562,2.2438115953761804
7.47091,7.572091814980505,-0.10118181498050483,0.10118181498050483,1.3543439149869356
4.482118,4.380937512331496,0.10118048766850407,0.10118048766850407,2.257425789911079
4.468834,4.36765804208178,0.10117595791821987,0.10117595791821987,2.2640348224157765
4.468834,4.36765804208178,0.10117595791821987,0.10117595791821987,2.2640348224157765
4.482099,4.380937512331496,0.10116148766850408,0.10116148766850408,2.257011450801222
4.482097,4.380937512331496,0.10115948766850469,0.10115948766850469,2.256967835953745
5.449034,5.3478809235103135,0.10115307648968663,0.10115307648968663,1.8563487856348533
4.5097,4.408548953394554,0.1011510466054455,0.1011510466054455,2.2429661973790394
4.468804,4.36765804208178,0.10114595791822012,0.10114595791822012,2.263378700787878
4.482081,4.380937512331496,0.10114348766850423,0.10114348766850423,2.256618915772553
4.509692,4.408548953394554,0.10114304660544615,0.10114304660544615,2.2427927805979513
4.462416,4.36127494176095,0.10114105823905017,0.10114105823905017,2.2665089547183332
4.482071,4.380937512331496,0.1011334876685046,0.1011334876685046,2.2564008393942934
28.499227,28.398104123093105,0.1011228769068957,0.1011228769068957,0.3548267358498561
0.075407,-0.02571111748922128,0.10111811748922128,0.10111811748922128,134.09645968560588
4.482054,4.380937512331496,0.10111648766850401,0.10111648766850401,2.256030107317939
4.509661,4.408548953394554,0.10111204660544626,0.10111204660544626,2.242120784759744
4.48204,4.380937512331496,0.10110248766850383,0.10110248766850383,2.2557247964375176
4.482032,4.380937512331496,0.10109448766850448,0.10109448766850448,2.255550332220942
4.462369,4.36127494176095,0.10109405823904982,0.10109405823904982,2.2654795745664322
4.462367,4.36127494176095,0.10109205823905043,0.10109205823905043,2.2654357706747335
5.448972,5.3478809235103135,0.10109107648968685,0.10109107648968685,1.855232078414637
4.482017,4.380937512331496,0.10107948766850416,0.10107948766850416,2.255223210136172
4.509626,4.408548953394554,0.10107704660544581,0.10107704660544581,2.2413620686771907
3.307751,3.2066853285939843,0.10106567140601586,0.10106567140601586,3.0554195706678176
4.481997,4.380937512331496,0.10105948766850403,0.10105948766850403,2.2547870439504814
3.307732,3.2066853285939843,0.10104667140601586,0.10104667140601586,3.0548627096439795
3.307724,3.2066853285939843,0.10103867140601563,0.10103867140601563,3.054628239930569
16.268655,16.369679249295167,-0.10102424929516829,0.10102424929516829,0.6209748088858441
4.481954,4.380937512331496,0.10101648766850424,0.10101648766850424,2.2538492734697946
4.509557,4.408548953394554,0.10100804660544593,0.10100804660544593,2.2398662796191746
3.307673,3.2066853285939843,0.10098767140601561,0.10098767140601561,3.0531334688453935
4.481923,4.380937512331496,0.10098548766850435,0.10098548766850435,2.2531731952166774
7.471118,7.572091814980505,-0.10097381498050506,0.10097381498050506,1.3515221547719303
0.075262,-0.02571111748922128,0.10097311748922128,0.10097311748922128,134.1621500293098
3.307649,3.2066853285939843,0.10096367140601581,0.10096367140601581,3.052430031208371
4.481894,4.380937512331496,0.10095648766850385,0.10095648766850385,2.252540726448491
4.481894,4.380937512331496,0.10095648766850385,0.10095648766850385,2.252540726448491
7.471153,7.572091814980505,-0.10093881498050461,0.10093881498050461,1.3510473547945485
0.075219,-0.02571111748922128,0.10093011748922127,0.10093011748922127,134.18167930315428
4.481855,4.380937512331496,0.10091748766850461,0.10091748766850461,2.251690152096686
4.481847,4.380937512331496,0.10090948766850438,0.10090948766850438,2.2515156734768693
0.464776,0.5656793176774606,-0.10090331767746058,0.10090331767746058,21.71009640251443
0.075183,-0.02571111748922128,0.10089411748922128,0.10089411748922128,134.19804657305937
3.307536,3.2066853285939843,0.10085067140601556,0.10085067140601556,3.0491178751483416
3.307484,3.2066853285939843,0.10079867140601584,0.10079867140601584,3.0475936211019685
4.481729,4.380937512331496,0.10079148766850388,0.10079148766850388,2.2489420414811994
4.481714,4.380937512331496,0.10077648766850444,0.10077648766850444,2.248614875162847
7.471375,7.572091814980505,-0.10071681498050467,0.10071681498050467,1.3480358699590989
4.481653,4.380937512331496,0.10071548766850391,0.10071548766850391,2.247284376239228
4.481653,4.380937512331496,0.10071548766850391,0.10071548766850391,2.247284376239228
3.307384,3.2066853285939843,0.10069867140601563,0.10069867140601563,3.044662228606384
7.4714,7.572091814980505,-0.10069181498050472,0.10069181498050472,1.3476967499954096
3.307375,3.2066853285939843,0.1006896714060157,0.1006896714060157,3.044398394586985
4.481626,4.380937512331496,0.10068848766850458,0.10068848766850458,2.2466954553159475
5.448569,5.3478809235103135,0.10068807648968647,0.10068807648968647,1.8479728620090614
0.464994,0.5656793176774606,-0.10068531767746058,0.10068531767746058,21.653035879131245
7.471434,7.572091814980505,-0.10065781498050441,0.10065781498050441,1.3472355504867897
7.471437,7.572091814980505,-0.10065481498050488,0.10065481498050488,1.3471948566140315
0.465035,0.5656793176774606,-0.10064431767746063,0.10064431767746063,21.64231028972407
3.307329,3.2066853285939843,0.10064367140601593,0.10064367140601593,3.043049887173997
4.481577,4.380937512331496,0.10063948766850395,0.10063948766850395,2.245626654774833
0.074889,-0.02571111748922128,0.10060011748922128,0.10060011748922128,134.33230161290575
7.471508,7.572091814980505,-0.10058381498050473,0.10058381498050473,1.34623177783064
0.074871,-0.02571111748922128,0.10058211748922127,0.10058211748922127,134.3405555620744
0.074849,-0.02571111748922128,0.10056011748922128,0.10056011748922128,134.35064911337577
0.465147,0.5656793176774606,-0.10053231767746063,0.10053231767746063,21.613020755986305
0.074808,-0.02571111748922128,0.10051911748922128,0.10051911748922128,134.36947566416936
4.461765,4.36127494176095,0.10049005823904977,0.10049005823904977,2.2522490143877487
9.980557,9.88007128045389,0.10048571954610885,0.10048571954610885,1.0068147453604248
4.461746,4.36127494176095,0.10047105823904978,0.10047105823904978,2.2518327631559023
3.659139,3.558669650179249,0.10046934982075095,0.10046934982075095,2.745710119730495
4.461744,4.36127494176095,0.10046905823905039,0.10046905823905039,2.2517889470305468
7.471651,7.572091814980505,-0.10044081498050517,0.10044081498050517,1.3442921113306936
4.461711,4.36127494176095,0.10043605823905022,0.10043605823905022,2.251065975290626
0.074722,-0.02571111748922128,0.10043311748922128,0.10043311748922128,134.4090326206636
0.074715,-0.02571111748922128,0.10042611748922128,0.10042611748922128,134.41225638065853
0.074688,-0.02571111748922128,0.10039911748922128,0.10039911748922128,134.42469654401856
0.074664,-0.02571111748922128,0.10037511748922127,0.10037511748922127,134.43576202023132
0.074639,-0.02571111748922128,0.10035011748922128,0.10035011748922128,134.44729612504722
7.471746,7.572091814980505,-0.10034581498050432,0.10034581498050432,1.343003562743719
7.471747,7.572091814980505,-0.10034481498050507,0.10034481498050507,1.3429899992486642
4.461615,4.36127494176095,0.10034005823905012,0.10034005823905012,2.2489627239643304
0.074614,-0.02571111748922128,0.10032511748922128,0.10032511748922128,134.45883795904584
0.074612,-0.02571111748922128,0.10032311748922128,0.10032311748922128,134.4597616398991
0.074604,-0.02571111748922128,0.10031511748922128,0.10031511748922128,134.46345685855695
4.56609,4.465786994210472,0.10030300578952822,0.10030300578952822,2.196693577816721
28.498403,28.398104123093105,0.10029887690689421,0.10029887690689421,0.3519456051854635
0.074583,-0.02571111748922128,0.10029411748922128,0.10029411748922128,134.4731605791509
4.461566,4.36127494176095,0.10029105823905038,0.10029105823905038,2.2478891545435498
3.306976,3.2066853285939843,0.10029067140601589,0.10029067140601589,3.032700309980574
4.46156,4.36127494176095,0.10028505823905043,0.10028505823905043,2.2477576954429095
5.448165,5.3478809235103135,0.10028407648968685,0.10028407648968685,1.8406945547325777
7.471809,7.572091814980505,-0.1002828149805044,0.1002828149805044,1.3421490696451455
0.357351,0.4576260874283964,-0.10027508742839641,0.10027508742839641,28.060670713202356
4.461533,4.36127494176095,0.10025805823905021,0.10025805823905021,2.247166125114463
0.074502,-0.02571111748922128,0.10021311748922128,0.10021311748922128,134.51064045892815
0.357425,0.4576260874283964,-0.1002010874283964,0.1002010874283964,28.034157487686155
4.565985,4.465786994210472,0.10019800578952864,0.10019800578952864,2.1944444799388125
4.461468,4.36127494176095,0.10019305823905,0.10019305823905,2.2457419449563294
5.448053,5.3478809235103135,0.10017207648968629,0.10017207648968629,1.8386766150741856
0.357456,0.4576260874283964,-0.10017008742839639,0.10017008742839639,28.02305385848142
4.461445,4.36127494176095,0.10017005823905034,0.10017005823905034,2.245237994344996
4.461441,4.36127494176095,0.10016605823904978,0.10016605823904978,2.245150350229996
0.357466,0.4576260874283964,-0.10016008742839638,0.10016008742839638,28.01947245342967
0.357468,0.4576260874283964,-0.10015808742839638,0.10015808742839638,28.018756196464473
4.467816,4.36765804208178,0.10015795791821969,0.10015795791821969,2.2417655050247802
0.074446,-0.02571111748922128,0.10015711748922128,0.10015711748922128,134.53660015942387
4.565944,4.465786994210472,0.10015700578952824,0.10015700578952824,2.1935662326856105
0.35747,0.4576260874283964,-0.10015608742839638,0.10015608742839638,28.018039947514012
0.357472,0.4576260874283964,-0.10015408742839638,0.10015408742839638,28.01732370657815
0.357474,0.4576260874283964,-0.10015208742839637,0.10015208742839637,28.01660747365676
0.357474,0.4576260874283964,-0.10015208742839637,0.10015208742839637,28.01660747365676
0.357478,0.4576260874283964,-0.10014808742839637,0.10014808742839637,28.015175031856838
0.357482,0.4576260874283964,-0.10014408742839637,0.10014408742839637,28.013742622113174
4.461418,4.36127494176095,0.10014305823905012,0.10014305823905012,2.2446463935189542
4.461412,4.36127494176095,0.10013705823905017,0.10013705823905017,2.244514925696296
0.357495,0.4576260874283964,-0.10013108742839638,0.10013108742839638,28.009087511821782
0.357495,0.4576260874283964,-0.10013108742839638,0.10013108742839638,28.009087511821782
0.357497,0.4576260874283964,-0.10012908742839638,0.10012908742839638,28.008371371057102
4.467786,4.36765804208178,0.10012795791821993,0.10012795791821993,2.241109084364802
0.357501,0.4576260874283964,-0.10012508742839638,0.10012508742839638,28.006939113565956
0.357509,0.4576260874283964,-0.10011708742839637,0.10011708742839637,28.0040746947328
0.357515,0.4576260874283964,-0.10011108742839636,0.10011108742839636,28.001926464734183
0.357515,0.4576260874283964,-0.10011108742839636,0.10011108742839636,28.001926464734183
0.357517,0.4576260874283964,-0.10010908742839641,0.10010908742839641,28.00121040409133
4.46138,4.36127494176095,0.10010505823905014,0.10010505823905014,2.2438137580032707
4.461373,4.36127494176095,0.10009805823905005,0.10009805823905005,2.243660376229613
0.357529,0.4576260874283964,-0.1000970874283964,0.1000970874283964,27.996914208469658
0.35753,0.4576260874283964,-0.10009608742839637,0.10009608742839637,27.996556205185524
8.423351,8.523445409633732,-0.10009440963373173,0.10009440963373173,1.1882967910578988
0.465586,0.5656793176774606,-0.1000933176774606,0.1000933176774606,21.498352110235757
0.357534,0.4576260874283964,-0.10009208742839637,0.10009208742839637,27.995124212075282
0.357538,0.4576260874283964,-0.10008808742839637,0.10008808742839637,27.99369225100623
0.357542,0.4576260874283964,-0.10008408742839636,0.10008408742839636,27.9922603219773
8.423363,8.523445409633732,-0.10008240963373183,0.10008240963373183,1.188152637284463
8.423363,8.523445409633732,-0.10008240963373183,0.10008240963373183,1.188152637284463
0.357544,0.4576260874283964,-0.10008208742839642,0.10008208742839642,27.991544369477566
0.357546,0.4576260874283964,-0.10008008742839641,0.10008008742839641,27.99082842498744
0.357546,0.4576260874283964,-0.10008008742839641,0.10008008742839641,27.99082842498744
0.357548,0.4576260874283964,-0.10007808742839641,0.10007808742839641,27.990112488506803
0.074364,-0.02571111748922128,0.10007511748922128,0.10007511748922128,134.57468311904498
0.357552,0.4576260874283964,-0.10007408742839641,0.10007408742839641,27.98868063957347
0.357552,0.4576260874283964,-0.10007408742839641,0.10007408742839641,27.98868063957347
0.357554,0.4576260874283964,-0.1000720874283964,0.1000720874283964,27.987964727120502
0.357554,0.4576260874283964,-0.1000720874283964,0.1000720874283964,27.987964727120502
0.357556,0.4576260874283964,-0.1000700874283964,0.1000700874283964,27.98724882267649
3.306755,3.2066853285939843,0.10006967140601564,0.10006967140601564,3.0262197049067567
3.306754,3.2066853285939843,0.10006867140601594,0.10006867140601594,3.0261903789332303
0.357558,0.4576260874283964,-0.1000680874283964,0.1000680874283964,27.986532926241303
0.35756,0.4576260874283964,-0.1000660874283964,0.1000660874283964,27.985817037814797
0.357564,0.4576260874283964,-0.1000620874283964,0.1000620874283964,27.984385284987308
0.357566,0.4576260874283964,-0.1000600874283964,0.1000600874283964,27.983669420586054
4.46133,4.36127494176095,0.10005505823905025,0.10005505823905025,2.2427181633460767
0.357573,0.4576260874283964,-0.10005308742839641,0.10005308742839641,27.98116395824496
0.357577,0.4576260874283964,-0.10004908742839641,0.10004908742839641,27.979732309521214
0.357579,0.4576260874283964,-0.10004708742839641,0.10004708742839641,27.979016497170527
3.15307,3.0530264967629055,0.10004350323709454,0.10004350323709454,3.1728919191112674
0.357585,0.4576260874283964,-0.1000410874283964,0.1000410874283964,27.976869108161566
4.682646,4.582606289982692,0.10003971001730783,0.10003971001730783,2.136392757752165
0.357595,0.4576260874283964,-0.10003108742839639,0.10003108742839639,27.973290286615615
4.461306,4.36127494176095,0.10003105823905045,0.10003105823905045,2.242192269187728
4.461306,4.36127494176095,0.10003105823905045,0.10003105823905045,2.242192269187728
0.357603,0.4576260874283964,-0.10002308742839638,0.10002308742839638,27.970427373491262
0.357607,0.4576260874283964,-0.10001908742839638,0.10001908742839638,27.9689959649636
0.357607,0.4576260874283964,-0.10001908742839638,0.10001908742839638,27.9689959649636
0.35761,0.4576260874283964,-0.1000160874283964,0.1000160874283964,27.96792242958208
5.447897,5.3478809235103135,0.10001607648968669,0.10001607648968669,1.8358657751394865
0.074304,-0.02571111748922128,0.10001511748922128,0.10001511748922128,134.60260195227536
0.357612,0.4576260874283964,-0.1000140874283964,0.1000140874283964,27.96720674933425
8.423437,8.523445409633732,-0.10000840963373214,0.10000840963373214,1.1872636980907543
0.357618,0.4576260874283964,-0.1000080874283964,0.1000080874283964,27.965059756620565
4.565795,4.465786994210472,0.10000800578952784,0.10000800578952784,2.1903744208256715
0.074292,-0.02571111748922128,0.10000311748922128,0.10000311748922128,134.60819113042197
4.682607,4.582606289982692,0.1000007100173077,0.1000007100173077,2.1355776817309704
0.357626,0.4576260874283964,-0.10000008742839639,0.10000008742839639,27.962197211733542
4.480913,4.380937512331496,0.09997548766850439,0.09997548766850439,2.231141012250701
5.44785,5.3478809235103135,0.09996907648968634,0.09996907648968634,1.835018887962248
5.447848,5.3478809235103135,0.09996707648968606,0.09996707648968606,1.8349828498858831
4.565746,4.465786994210472,0.0999590057895281,0.0999590057895281,2.1893247190566183
4.467616,4.36765804208178,0.09995795791821926,0.09995795791821926,2.237389200772445
0.074236,-0.02571111748922128,0.09994711748922128,0.09994711748922128,134.63429785358448
0.357687,0.4576260874283964,-0.09993908742839641,0.09993908742839641,27.94037451751281
8.423512,8.523445409633732,-0.09993340963373143,0.09993340963373143,1.1863627621417892
4.467589,4.36765804208178,0.09993095791821993,0.09993095791821993,2.236798369679555
0.357702,0.4576260874283964,-0.09992408742839637,0.09992408742839637,27.93500942137907
4.565709,4.465786994210472,0.09992200578952826,0.09992200578952826,2.188532072178488
4.565707,4.465786994210472,0.09992000578952798,0.09992000578952798,2.1884892260352995
4.467563,4.36765804208178,0.09990495791821985,0.09990495791821985,2.2362294144701176
3.152929,3.0530264967629055,0.09990250323709438,0.09990250323709438,3.168561779663475
4.682508,4.582606289982692,0.09990171001730808,0.09990171001730808,2.133508581622809
4.565686,4.465786994210472,0.0998990057895286,0.0998990057895286,2.188039339265568
4.467552,4.36765804208178,0.09989395791822009,0.09989395791822009,2.2359887006571855
0.465786,0.5656793176774606,-0.09989331767746062,0.09989331767746062,21.446182937231786
4.46116,4.36127494176095,0.09988505823904958,0.09988505823904958,2.2389929578139003
4.56567,4.465786994210472,0.09988300578952813,0.09988300578952813,2.187696565615571
4.461152,4.36127494176095,0.09987705823905024,0.09987705823905024,2.2388176470295433
3.306562,3.2066853285939843,0.09987667140601575,0.09987667140601575,3.0205594633639166
8.42357,8.523445409633732,-0.0998754096337322,0.0998754096337322,1.1856660493418651
3.306557,3.2066853285939843,0.09987167140601594,0.09987167140601594,3.0204128162011274
3.152898,3.0530264967629055,0.09987150323709448,0.09987150323709448,3.1676097112538013
4.682465,4.582606289982692,0.0998587100173074,0.0998587100173074,2.132609854321918
4.565645,4.465786994210472,0.09985800578952819,0.09985800578952819,2.187160976977865
4.565643,4.465786994210472,0.09985600578952791,0.09985600578952791,2.187118129633456
8.423591,8.523445409633732,-0.09985440963373193,0.09985440963373193,1.1854137936249103
4.565641,4.465786994210472,0.09985400578952852,0.09985400578952852,2.187075282251527
4.565623,4.465786994210472,0.09983600578952867,0.09983600578952867,2.1866896541247924
4.682441,4.582606289982692,0.09983471001730759,0.09983471001730759,2.1321082319067233
0.357794,0.4576260874283964,-0.09983208742839639,0.09983208742839639,27.90211333909855
0.465852,0.5656793176774606,-0.09982731767746061,0.09982731767746061,21.4289769403226
4.461099,4.36127494176095,0.09982405823904994,0.09982405823904994,2.2376561972019067
0.35781,0.4576260874283964,-0.09981608742839637,0.09981608742839637,27.896394008132802
4.467472,4.36765804208178,0.09981395791821956,0.09981395791821956,2.234238019085186
4.5656,4.465786994210472,0.09981300578952812,0.09981300578952812,2.186196902648982
4.461087,4.36127494176095,0.09981205823905004,0.09981205823905004,2.23739322359803
3.152835,3.0530264967629055,0.09980850323709456,0.09980850323709456,3.165674804863841
4.461064,4.36127494176095,0.09978905823905038,0.09978905823905038,2.236889186902799
8.423667,8.523445409633732,-0.09977840963373197,0.09977840963373197,1.1845008786855828
0.074067,-0.02571111748922128,0.09977811748922127,0.09977811748922127,134.71332355098485
0.074063,-0.02571111748922128,0.09977411748922128,0.09977411748922128,134.71519835073667
4.565561,4.465786994210472,0.099774005789528,0.099774005789528,2.1853613561913345
3.152789,3.0530264967629055,0.09976250323709435,0.09976250323709435,3.164261967227432
3.152783,3.0530264967629055,0.0997565032370944,0.0997565032370944,3.164077681018019
4.682357,4.582606289982692,0.0997507100173074,0.0997507100173074,2.130352512958261
3.152777,3.0530264967629055,0.09975050323709445,0.09975050323709445,3.1638933941071814
4.682355,4.582606289982692,0.099748710017308,0.099748710017308,2.130310709358383
4.461023,4.36127494176095,0.09974805823904997,0.09974805823904997,2.2359906738166107
7.257473,7.357219936217001,-0.09974693621700137,0.09974693621700137,1.374403131994111
4.565529,4.465786994210472,0.09974200578952797,0.09974200578952797,2.184675768949081
5.447615,5.3478809235103135,0.09973407648968635,0.09973407648968635,1.8307842328772421
0.357898,0.4576260874283964,-0.0997280874283964,0.0997280874283964,27.864946828574467
5.447608,5.3478809235103135,0.09972707648968626,0.09972707648968626,1.830658088611655
4.461001,4.36127494176095,0.09972605823905045,0.09972605823905045,2.2355085380347353
0.074014,-0.02571111748922128,0.09972511748922128,0.09972511748922128,134.73818109341894
4.467382,4.36765804208178,0.09972395791821942,0.09972395791821942,2.2322684273694784
4.565506,4.465786994210472,0.0997190057895283,0.0997190057895283,2.18418299718244
4.467374,4.36765804208178,0.09971595791822008,0.09971595791822008,2.2320933487097334
4.467372,4.36765804208178,0.0997139579182198,0.0997139579182198,2.2320495789468113
4.467366,4.36765804208178,0.09970795791821985,0.09970795791821985,2.2319182694229203
4.46098,4.36127494176095,0.09970505823905018,0.09970505823905018,2.235048313079528
4.565492,4.465786994210472,0.09970500578952812,0.09970500578952812,2.1838830467197017
3.152718,3.0530264967629055,0.09969150323709464,0.09969150323709464,3.1620812021225033
4.460962,4.36127494176095,0.09968705823905033,0.09968705823905033,2.2346538310977695
4.467343,4.36765804208178,0.0996849579182193,0.0996849579182193,2.231414912980443
0.073968,-0.02571111748922128,0.09967911748922129,0.09967911748922129,134.75978443984087
3.152703,3.0530264967629055,0.09967650323709432,0.09967650323709432,3.1616204645325836
4.460949,4.36127494176095,0.09967405823905029,0.09967405823905029,2.234368925464423
4.682275,4.582606289982692,0.09966871001730748,0.09966871001730748,2.128638536078698
0.357958,0.4576260874283964,-0.09966808742839639,0.09966808742839639,27.843514434808796
4.565447,4.465786994210472,0.09966000578952805,0.09966000578952805,2.1829189077727795
4.467311,4.36765804208178,0.09965295791821926,0.09965295791821926,2.230714582351409
4.565438,4.465786994210472,0.09965100578952857,0.09965100578952857,2.1827260777026396
4.56543,4.465786994210472,0.09964300578952834,0.09964300578952834,2.1825546725575857
4.4673,4.36765804208178,0.0996419579182195,0.0996419579182195,2.2304738413804546
4.682236,4.582606289982692,0.09962971001730736,0.09962971001730736,2.1278233308867716
4.460904,4.36127494176095,0.09962905823905022,0.09962905823905022,2.2333827008341096
4.467284,4.36765804208178,0.09962595791821993,0.09962595791821993,2.230123670579032
4.467278,4.36765804208178,0.09961995791821998,0.09961995791821998,2.229992355881814
0.466062,0.5656793176774606,-0.09961731767746063,0.09961731767746063,21.37426300708626
0.0739,-0.02571111748922128,0.09961111748922127,0.09961111748922127,134.79176908583156
4.460886,4.36127494176095,0.09961105823905037,0.09961105823905037,2.2329882054107046
9.979673,9.88007128045389,0.09960171954610963,0.09960171954610963,0.9980459233996103
4.682201,4.582606289982692,0.0995947100173078,0.0995947100173078,2.127091724921265
4.467251,4.36765804208178,0.09959295791821976,0.09959295791821976,2.2294014353791707
8.423854,8.523445409633732,-0.09959140963373159,0.09959140963373159,1.1822546975831885
4.682195,4.582606289982692,0.09958871001730785,0.09958871001730785,2.1269663056575148
3.152607,3.0530264967629055,0.09958050323709466,0.09958050323709466,3.158671640135798
4.565365,4.465786994210472,0.09957800578952813,0.09957800578952813,2.1811619834853726
3.152603,3.0530264967629055,0.09957650323709455,0.09957650323709455,3.1585487685552542
3.152603,3.0530264967629055,0.09957650323709455,0.09957650323709455,3.1585487685552542
4.565359,4.465786994210472,0.09957200578952818,0.09957200578952818,2.181033425571727
4.682177,4.582606289982692,0.099570710017308,0.099570710017308,2.1265900459376352
4.460839,4.36127494176095,0.09956405823905001,0.09956405823905001,2.231958119017926
4.56535,4.465786994210472,0.09956300578952781,0.09956300578952781,2.1808405880676616
4.460835,4.36127494176095,0.09956005823905034,0.09956005823905034,2.231870451088607
7.472534,7.572091814980505,-0.0995578149805052,0.0995578149805052,1.3323166542858538
4.68216,4.582606289982692,0.0995537100173074,0.0995537100173074,2.1262346868791573
3.152579,3.0530264967629055,0.0995525032370943,0.0995525032370943,3.157811532524213
4.565338,4.465786994210472,0.09955100578952791,0.09955100578952791,2.180583470212881
8.423898,8.523445409633732,-0.09954740963373254,0.09954740963373254,1.1817261988755186
3.152564,3.0530264967629055,0.09953750323709443,0.09953750323709443,3.1573507543046575
3.152562,3.0530264967629055,0.09953550323709459,0.09953550323709459,3.1572893168774256
8.42391,8.523445409633732,-0.09953540963373264,0.09953540963373264,1.1815820638225132
4.68214,4.582606289982692,0.09953371001730815,0.09953371001730815,2.1258166140948864
3.15256,3.0530264967629055,0.09953350323709431,0.09953350323709431,3.1572278793722273
4.56532,4.465786994210472,0.09953300578952806,0.09953300578952806,2.1801977908963197
3.152558,3.0530264967629055,0.09953150323709448,0.09953150323709448,3.1571664417890903
4.565312,4.465786994210472,0.09952500578952783,0.09952500578952783,2.1800263768905133
4.565305,4.465786994210472,0.09951800578952863,0.09951800578952863,2.1798763891426476
5.447395,5.3478809235103135,0.09951407648968669,0.09951407648968669,1.826819543797721
4.565301,4.465786994210472,0.09951400578952807,0.09951400578952807,2.1797906816516215
4.682119,4.582606289982692,0.09951271001730788,0.09951271001730788,2.1253776338273864
4.682119,4.582606289982692,0.09951271001730788,0.09951271001730788,2.1253776338273864
3.152515,3.0530264967629055,0.09948850323709468,0.09948850323709468,3.1558455148964817
4.460763,4.36127494176095,0.09948805823905005,0.09948805823905005,2.230292401475258
3.152511,3.0530264967629055,0.09948450323709457,0.09948450323709457,3.155722636144294
3.152507,3.0530264967629055,0.09948050323709445,0.09948050323709445,3.155599757080281
3.152507,3.0530264967629055,0.09948050323709445,0.09948050323709445,3.155599757080281
4.682082,4.582606289982692,0.09947571001730804,0.09947571001730804,2.1246041828225866
4.682082,4.582606289982692,0.09947571001730804,0.09947571001730804,2.1246041828225866
0.375756,0.47522561625808635,-0.09946961625808637,0.09946961625808637,26.47186371784203
4.565256,4.465786994210472,0.099469005789528,0.099469005789528,2.1788264620286175
4.467122,4.36765804208178,0.09946395791821949,0.09946395791821949,2.22657804993893
4.565248,4.465786994210472,0.09946100578952866,0.09946100578952866,2.1786550432167098
3.152486,3.0530264967629055,0.09945950323709463,0.09945950323709463,3.1549546368783132
3.152486,3.0530264967629055,0.09945950323709463,0.09945950323709463,3.1549546368783132
0.375767,0.47522561625808635,-0.09945861625808633,0.09945861625808633,26.4681614488814
0.375774,0.47522561625808635,-0.09945161625808635,0.09945161625808635,26.465805572397382
4.467108,4.36765804208178,0.09944995791821931,0.09944995791821931,2.2262716262063296
4.467106,4.36765804208178,0.09944795791821992,0.09944795791821992,2.2262278512306106
4.682054,4.582606289982692,0.09944771001730768,0.09944771001730768,2.1240188604228756
4.565232,4.465786994210472,0.0994450057895282,0.0994450057895282,2.178312203790517
3.152468,3.0530264967629055,0.09944150323709433,0.09944150323709433,3.1544016698643706
4.467094,4.36765804208178,0.09943595791822002,0.09943595791822002,2.2259652005530675
3.152445,3.0530264967629055,0.09941850323709467,0.09941850323709467,3.1536950917126534
3.3061,3.2066853285939843,0.09941467140601556,0.09941467140601556,3.0070073924868748
0.375814,0.47522561625808635,-0.09941161625808637,0.09941161625808637,26.45234510466189
3.152437,3.0530264967629055,0.09941050323709444,0.09941050323709444,3.1534493229822194
0.466269,0.5656793176774606,-0.09941031767746061,0.09941031767746061,21.320378934936752
0.375819,0.47522561625808635,-0.09940661625808633,0.09940661625808633,26.45066274766195
0.375819,0.47522561625808635,-0.09940661625808633,0.09940661625808633,26.45066274766195
4.682009,4.582606289982692,0.0994027100173076,0.0994027100173076,2.1230781490421
4.682007,4.582606289982692,0.09940071001730733,0.09940071001730733,2.123036339227692
3.152425,3.0530264967629055,0.09939850323709454,0.09939850323709454,3.153080667547728
4.467055,4.36765804208178,0.0993969579182199,0.0993969579182199,2.2251115761053932
4.467055,4.36765804208178,0.0993969579182199,0.0993969579182199,2.2251115761053932
4.467053,4.36765804208178,0.09939495791821962,0.09939495791821962,2.2250678000909003
0.375833,0.47522561625808635,-0.09939261625808637,0.09939261625808637,26.445952386203558
3.152419,3.0530264967629055,0.09939250323709459,0.09939250323709459,3.1528963387779894
4.565178,4.465786994210472,0.09939100578952864,0.09939100578952864,2.177155102985064
0.358242,0.4576260874283964,-0.09938408742839638,0.09938408742839638,27.74216518461102
3.152407,3.0530264967629055,0.09938050323709469,0.09938050323709469,3.152527679133505
8.424069,8.523445409633732,-0.09937640963373262,0.09937640963373262,1.1796723131369526
4.565162,4.465786994210472,0.09937500578952818,0.09937500578952818,2.1768122530449383
0.375853,0.47522561625808635,-0.09937261625808635,0.09937261625808635,26.439223907125157
7.472722,7.572091814980505,-0.09936981498050468,0.09936981498050468,1.329767318778551
8.424079,8.523445409633732,-0.09936640963373122,0.09936640963373122,1.1795522054405194
4.565152,4.465786994210472,0.09936500578952856,0.09936500578952856,2.1765979706119745
4.565148,4.465786994210472,0.099361005789528,0.099361005789528,2.1765122573759164
4.565146,4.465786994210472,0.09935900578952861,0.09935900578952861,2.1764694007015795
7.257862,7.357219936217001,-0.09935793621700117,0.09935793621700117,1.3689697629361401
0.073646,-0.02571111748922128,0.09935711748922128,0.09935711748922128,134.91176350964008
0.073645,-0.02571111748922128,0.09935611748922128,0.09935611748922128,134.91223756440905
3.15238,3.0530264967629055,0.09935350323709446,0.09935350323709446,3.1516981846713517
3.152378,3.0530264967629055,0.09935150323709463,0.09935150323709463,3.151636740071875
0.375876,0.47522561625808635,-0.09934961625808636,0.09934961625808636,26.431487041379302
8.424096,8.523445409633732,-0.09934940963373151,0.09934940963373151,1.1793480230110407
0.375878,0.47522561625808635,-0.09934761625808636,0.09934761625808636,26.43081431519151
0.073635,-0.02571111748922128,0.09934611748922129,0.09934611748922129,134.91697882026796
0.37588,0.47522561625808635,-0.09934561625808636,0.09934561625808636,26.43014159616266
0.37588,0.47522561625808635,-0.09934561625808636,0.09934561625808636,26.43014159616266
0.375882,0.47522561625808635,-0.09934361625808635,0.09934361625808635,26.429468884292646
4.681947,4.582606289982692,0.09934071001730782,0.09934071001730782,2.121782028185839
0.375889,0.47522561625808635,-0.09933661625808637,0.09933661625808637,26.427114449121753
0.375889,0.47522561625808635,-0.09933661625808637,0.09933661625808637,26.427114449121753
0.375892,0.47522561625808635,-0.09933361625808634,0.09933361625808634,26.42610543232105
0.375893,0.47522561625808635,-0.09933261625808637,0.09933261625808637,26.425769096966583
0.375894,0.47522561625808635,-0.09933161625808634,0.09933161625808634,26.425432763401624
3.152357,3.0530264967629055,0.09933050323709436,0.09933050323709436,3.15099156707008
0.375897,0.47522561625808635,-0.09932861625808637,0.09932861625808637,26.424423773443774
0.375898,0.47522561625808635,-0.09932761625808634,0.09932761625808634,26.424087447036758
0.375901,0.47522561625808635,-0.09932461625808636,0.09932461625808636,26.42307847855241
4.466981,4.36765804208178,0.09932295791821932,0.09932295791821932,2.22349183746239
4.681929,4.582606289982692,0.09932271001730797,0.09932271001730797,2.1214057286043113
4.681927,4.582606289982692,0.09932071001730769,0.09932071001730769,2.121363917361085
0.375906,0.47522561625808635,-0.09931961625808633,0.09931961625808633,26.421396900199763
3.152345,3.0530264967629055,0.09931850323709446,0.09931850323709446,3.150622892923961
4.466971,4.36765804208178,0.0993129579182197,0.0993129579182197,2.223272949745956
4.68191,4.582606289982692,0.09930371001730798,0.09930371001730798,2.1210085203514586
0.375923,0.47522561625808635,-0.09930261625808634,0.09930261625808634,26.415679868396097
7.25792,7.357219936217001,-0.09929993621700106,0.09929993621700106,1.3681596961062246
4.466956,4.36765804208178,0.09929795791821938,0.09929795791821938,2.222944616333728
0.37593,0.47522561625808635,-0.09929561625808636,0.09929561625808636,26.413325946764832
0.375931,0.47522561625808635,-0.09929461625808633,0.09929461625808633,26.41298967940216
3.152316,3.0530264967629055,0.0992895032370944,0.0992895032370944,3.149731918816028
4.460562,4.36127494176095,0.09928705823905037,0.09928705823905037,2.225886743348136
4.56507,4.465786994210472,0.09928300578952864,0.09928300578952864,2.1748408192503903
0.375943,0.47522561625808635,-0.09928261625808632,0.09928261625808632,26.408954610586537
3.152308,3.0530264967629055,0.09928150323709461,0.09928150323709461,3.14948612997033
0.375947,0.47522561625808635,-0.09927861625808637,0.09927861625808637,26.407609644891107
8.424171,8.523445409633732,-0.09927440963373257,0.09927440963373257,1.178447228012752
0.375953,0.47522561625808635,-0.09927261625808637,0.09927261625808637,26.40559225001018
0.073556,-0.02571111748922128,0.09926711748922128,0.09926711748922128,134.9544800618125
0.37598,0.47522561625808635,-0.09924561625808637,0.09924561625808637,26.396514769852082
4.681841,4.582606289982692,0.0992347100173081,0.0992347100173081,2.119566000109541
4.466889,4.36765804208178,0.09923095791821979,0.09923095791821979,2.221478033503817
4.466887,4.36765804208178,0.09922895791821951,0.09922895791821951,2.221434254235625
3.152245,3.0530264967629055,0.09921850323709469,0.09921850323709469,3.1475504992139616
8.424227,8.523445409633732,-0.09921840963373185,0.09921840963373185,1.1777746448731032
0.0735,-0.02571111748922128,0.09921111748922128,0.09921111748922128,134.98111204658528
3.152232,3.0530264967629055,0.09920550323709465,0.09920550323709465,3.1471510737137205
3.152231,3.0530264967629055,0.09920450323709451,0.09920450323709451,3.1471203485387775
0.073493,-0.02571111748922128,0.09920411748922128,0.09920411748922128,134.9844438983806
3.15223,3.0530264967629055,0.09920350323709437,0.09920350323709437,3.14708962334434
3.152228,3.0530264967629055,0.09920150323709453,0.09920150323709453,3.1470281728969955
0.073483,-0.02571111748922128,0.09919411748922129,0.09919411748922129,134.9892047878177
8.424255,8.523445409633732,-0.09919040963373149,0.09919040963373149,1.177438356656512
0.466495,0.5656793176774606,-0.09918431767746061,0.09918431767746061,21.2616035876481
5.447064,5.3478809235103135,0.0991830764896866,0.0991830764896866,1.820853885466845
4.681785,4.582606289982692,0.09917871001730738,0.09917871001730738,2.118395227785748
8.424275,8.523445409633732,-0.09917040963373225,0.09917040963373225,1.1771981521561803
8.424284,8.523445409633732,-0.09916140963373188,0.09916140963373188,1.1770900605031216
3.152163,3.0530264967629055,0.09913650323709433,0.09913650323709433,3.1450309909084426
8.424318,8.523445409633732,-0.09912740963373246,0.09912740963373246,1.1766817163425667
0.073408,-0.02571111748922128,0.09911911748922128,0.09911911748922128,135.0249528037766
8.42433,8.523445409633732,-0.09911540963373255,0.09911540963373255,1.1765375956610913
0.073393,-0.02571111748922128,0.09910411748922128,0.09910411748922128,135.03211117434793
0.073391,-0.02571111748922128,0.09910211748922128,0.09910211748922128,135.03306584484233
7.25812,7.357219936217001,-0.09909993621700153,0.09909993621700153,1.3653664615029257
3.152114,3.0530264967629055,0.09908750323709459,0.09908750323709459,3.143525368497176
3.152103,3.0530264967629055,0.09907650323709438,0.09907650323709438,3.1431873651955917
0.466613,0.5656793176774606,-0.0990663176774606,0.0990663176774606,21.23093819851347
7.258159,7.357219936217001,-0.0990609362170014,0.0990609362170014,1.364821798690778
8.424387,8.523445409633732,-0.09905840963373258,0.09905840963373258,1.1758530280310808
7.473036,7.572091814980505,-0.0990558149805052,0.0990558149805052,1.3255096720955137
4.68165,4.582606289982692,0.09904371001730805,0.09904371001730805,2.1155727150725165
4.68165,4.582606289982692,0.09904371001730805,0.09904371001730805,2.1155727150725165
3.152069,3.0530264967629055,0.09904250323709451,0.09904250323709451,3.1421426128029672
5.446918,5.3478809235103135,0.09903707648968663,0.09903707648968663,1.8182222770357181
4.681642,4.582606289982692,0.09903571001730782,0.09903571001730782,2.115405449950945
3.152052,3.0530264967629055,0.09902550323709436,0.09902550323709436,3.1416202281546353
4.681622,4.582606289982692,0.09901571001730769,0.09901571001730769,2.114987284646063
4.681622,4.582606289982692,0.09901571001730769,0.09901571001730769,2.114987284646063
4.681597,4.582606289982692,0.09899071001730775,0.09899071001730775,2.114464572990654
5.446869,5.3478809235103135,0.09898807648968688,0.09898807648968688,1.8173390343676254
0.073271,-0.02571111748922128,0.09898211748922128,0.09898211748922128,135.09044144904647
7.473113,7.572091814980505,-0.09897881498050509,0.09897881498050509,1.3244656541280808
7.258247,7.357219936217001,-0.09897293621700154,0.09897293621700154,1.3635928374390944
3.151999,3.0530264967629055,0.0989725032370945,0.0989725032370945,3.1399915810238044
8.424483,8.523445409633732,-0.0989624096337316,0.0989624096337316,1.1747000929618694
3.151974,3.0530264967629055,0.09894750323709456,0.09894750323709456,3.1392233322341916
0.073231,-0.02571111748922128,0.09894211748922128,0.09894211748922128,135.10960843647047
4.681548,4.582606289982692,0.098941710017308,0.098941710017308,2.113440041951819
8.424513,8.523445409633732,-0.09893240963373273,0.09893240963373273,1.174339806141416
0.073221,-0.02571111748922128,0.09893211748922127,0.09893211748922127,135.11440345543886
8.424523,8.523445409633732,-0.09892240963373133,0.09892240963373133,1.1742197111047963
4.681521,4.582606289982692,0.09891471001730778,0.09891471001730778,2.112875495275892
0.073199,-0.02571111748922128,0.09891011748922128,0.09891011748922128,135.12495710883528
3.151915,3.0530264967629055,0.0988885032370943,0.0988885032370943,3.1374102167716105
3.151915,3.0530264967629055,0.0988885032370943,0.0988885032370943,3.1374102167716105
3.151913,3.0530264967629055,0.09888650323709447,0.09888650323709447,3.137348754041026
3.151907,3.0530264967629055,0.09888050323709452,0.09888050323709452,3.137164365381255
5.446758,5.3478809235103135,0.09887707648968647,0.09887707648968647,1.8153381605694823
8.424569,8.523445409633732,-0.09887640963373201,0.09887640963373201,1.1736672776086035
8.424584,8.523445409633732,-0.09886140963373258,0.09886140963373258,1.1734871375555054
4.681464,4.582606289982692,0.09885771001730781,0.09885771001730781,2.111683653130647
0.07314,-0.02571111748922128,0.09885111748922128,0.09885111748922128,135.15329143296145
5.446732,5.3478809235103135,0.09885107648968638,0.09885107648968638,1.8148694756391817
0.376376,0.47522561625808635,-0.09884961625808636,0.09884961625808636,26.263528022993714
8.424597,8.523445409633732,-0.09884840963373165,0.09884840963373165,1.173331016695022
7.258372,7.357219936217001,-0.09884793621700183,0.09884793621700183,1.3618472050707788
0.073131,-0.02571111748922128,0.09884211748922128,0.09884211748922128,135.15761763693052
7.258378,7.357219936217001,-0.09884193621700099,0.09884193621700099,1.3617634162293453
8.424608,8.523445409633732,-0.09883740963373278,0.09883740963373278,1.1731989148048145
0.376395,0.47522561625808635,-0.09883061625808637,0.09883061625808637,26.257154380857667
7.473264,7.572091814980505,-0.09882781498050441,0.09882781498050441,1.3224183566803205
3.151854,3.0530264967629055,0.09882750323709466,0.09882750323709466,3.1355355683974935
3.151849,3.0530264967629055,0.0988225032370944,0.0988225032370944,3.13538190547704
0.073111,-0.02571111748922128,0.09882211748922128,0.09882211748922128,135.16723523690558
5.446701,5.3478809235103135,0.09882007648968649,0.09882007648968649,1.814310653143475
0.376408,0.47522561625808635,-0.09881761625808633,0.09881761625808633,26.252793838556443
3.151841,3.0530264967629055,0.09881450323709462,0.09881450323709462,3.135136043790263
3.151839,3.0530264967629055,0.09881250323709434,0.09881250323709434,3.1350745781735445
0.376417,0.47522561625808635,-0.09880861625808635,0.09880861625808635,26.24977517801708
8.424647,8.523445409633732,-0.09879840963373177,0.09879840963373177,1.1727305563373638
3.151817,3.0530264967629055,0.09879050323709437,0.09879050323709437,3.1343984512412995
8.424655,8.523445409633732,-0.09879040963373242,0.09879040963373242,1.1726344833415705
3.151815,3.0530264967629055,0.09878850323709454,0.09878850323709454,3.1343369846885114
8.424659,8.523445409633732,-0.09878640963373186,0.09878640963373186,1.172586446912086
0.376453,0.47522561625808635,-0.09877261625808637,0.09877261625808637,26.23770197922414
0.376454,0.47522561625808635,-0.09877161625808634,0.09877161625808634,26.2373666455527
0.376458,0.47522561625808635,-0.09876761625808633,0.09876761625808633,26.236025328682167
0.376481,0.47522561625808635,-0.09874461625808634,0.09874461625808634,26.228313309797315
0.376482,0.47522561625808635,-0.09874361625808636,0.09874361625808636,26.227978026003473
8.424703,8.523445409633732,-0.09874240963373282,0.09874240963373282,1.17205804919842
0.376485,0.47522561625808635,-0.09874061625808633,0.09874061625808633,26.22697218530867
0.376497,0.47522561625808635,-0.09872861625808632,0.09872861625808632,26.22294898282413
0.376498,0.47522561625808635,-0.09872761625808635,0.09872761625808635,26.222613727526767
0.3765,0.47522561625808635,-0.09872561625808635,0.09872561625808635,26.221943222274742
0.376501,0.47522561625808635,-0.09872461625808637,0.09872461625808637,26.221607972320065
0.376506,0.47522561625808635,-0.09871961625808634,0.09871961625808634,26.219931749259352
8.424738,8.523445409633732,-0.09870740963373237,0.09870740963373237,1.1716377367766302
0.376521,0.47522561625808635,-0.09870461625808635,0.09870461625808635,26.214903347189516
3.151731,3.0530264967629055,0.09870450323709434,0.09870450323709434,3.1317553190282608
0.376524,0.47522561625808635,-0.09870161625808632,0.09870161625808632,26.213897714852813
0.072984,-0.02571111748922128,0.09869511748922127,0.09869511748922127,135.22843000382667
0.376536,0.47522561625808635,-0.09868961625808637,0.09868961625808637,26.20987534575087
3.151712,3.0530264967629055,0.09868550323709435,0.09868550323709435,3.1311713517593986
0.376543,0.47522561625808635,-0.09868261625808633,0.09868261625808633,26.207529082170904
0.376565,0.47522561625808635,-0.09866061625808636,0.09866061625808636,26.200155678803448
8.424787,8.523445409633732,-0.09865840963373174,0.09865840963373174,1.1710493052531854
8.424789,8.523445409633732,-0.09865640963373146,0.09865640963373146,1.1710252877853728
8.4248,8.523445409633732,-0.09864540963373258,0.09864540963373258,1.1708931919162673
0.376584,0.47522561625808635,-0.09864161625808637,0.09864161625808637,26.193788432831077
0.376601,0.47522561625808635,-0.09862461625808633,0.09862461625808633,26.188091967864725
0.376603,0.47522561625808635,-0.09862261625808633,0.09862261625808633,26.187421829326613
8.424825,8.523445409633732,-0.09862040963373175,0.09862040963373175,1.1705929753147533
7.2586,7.357219936217001,-0.09861993621700105,0.09861993621700105,1.3586633264767638
8.424836,8.523445409633732,-0.0986094096337311,0.0986094096337311,1.1704608805745373
3.15163,3.0530264967629055,0.09860350323709444,0.09860350323709444,3.128650991200293
8.424851,8.523445409633732,-0.09859440963373167,0.09859440963373167,1.1702807519392495
0.072882,-0.02571111748922128,0.09859311748922128,0.09859311748922128,135.27773298474733
7.258632,7.357219936217001,-0.09858793621700102,0.09858793621700102,1.358216482329491
0.07285,-0.02571111748922128,0.09856111748922128,0.09856111748922128,135.29322903765004
8.424888,8.523445409633732,-0.09855740963373272,0.09855740963373272,1.169836437381279
0.072845,-0.02571111748922128,0.09855611748922127,0.09855611748922127,135.29565152574045
16.271128,16.369679249295167,-0.09855124929516634,0.09855124929516634,0.6056817283630285
0.07284,-0.02571111748922128,0.09855111748922128,0.09855111748922128,135.29807434640747
8.424901,8.523445409633732,-0.09854440963373179,0.09854440963373179,1.1696803277873782
0.072829,-0.02571111748922128,0.09854011748922128,0.09854011748922128,135.3034057228822
8.424906,8.523445409633732,-0.09853940963373198,0.09853940963373198,1.1696202857641658
0.072818,-0.02571111748922128,0.09852911748922127,0.09852911748922127,135.30873871008893
0.376703,0.47522561625808635,-0.09852261625808634,0.09852261625808634,26.153923975103037
8.424926,8.523445409633732,-0.09851940963373274,0.09851940963373274,1.1693801183839878
0.376707,0.47522561625808635,-0.09851861625808633,0.09851861625808633,26.15258443085309
0.376719,0.47522561625808635,-0.09850661625808632,0.09850661625808632,26.1485659687825
0.376721,0.47522561625808635,-0.09850461625808637,0.09850461625808637,26.147896249993625
0.376731,0.47522561625808635,-0.09849461625808636,0.09849461625808636,26.144547762711806
8.424961,8.523445409633732,-0.09848440963373228,0.09848440963373228,1.1689598282124192
0.376742,0.47522561625808635,-0.09848361625808633,0.09848361625808633,26.140864632014864
0.376744,0.47522561625808635,-0.09848161625808632,0.09848161625808632,26.140194994995575
0.376751,0.47522561625808635,-0.09847461625808634,0.09847461625808634,26.137851321416132
0.376752,0.47522561625808635,-0.09847361625808637,0.09847361625808637,26.1375165180142
0.376754,0.47522561625808635,-0.09847161625808637,0.09847161625808637,26.136846916542233
0.46721,0.5656793176774606,-0.09846931767746059,0.09846931767746059,21.07602954910737
0.072758,-0.02571111748922128,0.09846911748922128,0.09846911748922128,135.3378561173801
17.439823,17.341366673240962,0.09845632675903815,0.09845632675903815,0.5645488876720458
0.376772,0.47522561625808635,-0.09845361625808635,0.09845361625808635,26.13082082319162
0.072742,-0.02571111748922128,0.09845311748922128,0.09845311748922128,135.34562887173252
7.258767,7.357219936217001,-0.09845293621700169,0.09845293621700169,1.3563314019536012
7.258767,7.357219936217001,-0.09845293621700169,0.09845293621700169,1.3563314019536012
0.376773,0.47522561625808635,-0.09845261625808632,0.09845261625808632,26.130486057110204
0.376775,0.47522561625808635,-0.09845061625808632,0.09845061625808632,26.129816530278415
8.424997,8.523445409633732,-0.09844840963373258,0.09844840963373258,1.1685275333933538
0.376778,0.47522561625808635,-0.09844761625808635,0.09844761625808635,26.128812253358085
0.072736,-0.02571111748922128,0.09844711748922128,0.09844711748922128,135.3485445362307
0.072731,-0.02571111748922128,0.09844211748922128,0.09844211748922128,135.3509746241222
0.072731,-0.02571111748922128,0.09844211748922128,0.09844211748922128,135.3509746241222
0.07273,-0.02571111748922128,0.09844111748922128,0.09844111748922128,135.35146068179543
0.37679,0.47522561625808635,-0.09843561625808633,0.09843561625808633,26.124795305597686
0.376791,0.47522561625808635,-0.09843461625808636,0.09843461625808636,26.12446057150035
0.376793,0.47522561625808635,-0.09843261625808636,0.09843261625808636,26.123791108635924
7.25879,7.357219936217001,-0.09842993621700113,0.09842993621700113,1.3560102471024114
0.072717,-0.02571111748922128,0.09842811748922128,0.09842811748922128,135.35778064807886
8.425021,8.523445409633732,-0.09842440963373278,0.09842440963373278,1.1682393388997434
0.376807,0.47522561625808635,-0.09841861625808634,0.09841861625808634,26.119105067572324
3.15144,3.0530264967629055,0.09841350323709452,0.09841350323709452,3.12281062733137
0.376813,0.47522561625808635,-0.09841261625808634,0.09841261625808634,26.117096870853512
0.376814,0.47522561625808635,-0.09841161625808637,0.09841161625808637,26.116762177618032
0.376814,0.47522561625808635,-0.09841161625808637,0.09841161625808637,26.116762177618032
7.258812,7.357219936217001,-0.09840793621700161,0.09840793621700161,1.3557030574100266
3.15143,3.0530264967629055,0.09840350323709446,0.09840350323709446,3.1225032202515037
0.376823,0.47522561625808635,-0.09840261625808633,0.09840261625808633,26.113750018436395
0.376823,0.47522561625808635,-0.09840261625808633,0.09840261625808633,26.113750018436395
0.376823,0.47522561625808635,-0.09840261625808633,0.09840261625808633,26.113750018436395
0.376825,0.47522561625808635,-0.09840061625808633,0.09840061625808633,26.113080669269088
0.376827,0.47522561625808635,-0.09839861625808632,0.09839861625808632,26.112411327206893
0.376828,0.47522561625808635,-0.09839761625808635,0.09839761625808635,26.112076658840177
8.425049,8.523445409633732,-0.09839640963373242,0.09839640963373242,1.1679031140657403
0.376836,0.47522561625808635,-0.09838961625808634,0.09838961625808634,26.10939937584969
0.376837,0.47522561625808635,-0.09838861625808637,0.09838861625808637,26.109064723468585
0.37684,0.47522561625808635,-0.09838561625808634,0.09838561625808634,26.108060776981816
0.37684,0.47522561625808635,-0.09838561625808634,0.09838561625808634,26.108060776981816
0.376842,0.47522561625808635,-0.09838361625808634,0.09838361625808634,26.107391488204325
0.072671,-0.02571111748922128,0.09838211748922128,0.09838211748922128,135.38016176169464
0.376849,0.47522561625808635,-0.09837661625808636,0.09837661625808636,26.10504903342753
0.37685,0.47522561625808635,-0.09837561625808633,0.09837561625808633,26.1047144041347
0.376851,0.47522561625808635,-0.09837461625808636,0.09837461625808636,26.104379776617808
0.376851,0.47522561625808635,-0.09837461625808636,0.09837461625808636,26.104379776617808
0.072663,-0.02571111748922128,0.09837411748922129,0.09837411748922129,135.38405702191932
0.376852,0.47522561625808635,-0.09837361625808633,0.09837361625808633,26.104045150876807
0.376855,0.47522561625808635,-0.09837061625808635,0.09837061625808635,26.103041284309164
8.425076,8.523445409633732,-0.09836940963373131,0.09836940963373131,1.1675788993780438
0.376859,0.47522561625808635,-0.09836661625808635,0.09836661625808635,26.101702820414175
0.376871,0.47522561625808635,-0.09835461625808634,0.09835461625808634,26.09768759920202
3.151381,3.0530264967629055,0.09835450323709471,0.09835450323709471,3.1209968973594027
0.376874,0.47522561625808635,-0.09835161625808636,0.09835161625808636,26.096683833851547
0.376876,0.47522561625808635,-0.09834961625808636,0.09834961625808636,26.09601466582917
0.376877,0.47522561625808635,-0.09834861625808633,0.09834861625808633,26.095680084481316
0.376883,0.47522561625808635,-0.09834261625808632,0.09834261625808632,26.09367263368012
0.376884,0.47522561625808635,-0.09834161625808635,0.09834161625808635,26.09333806476078
0.376889,0.47522561625808635,-0.09833661625808637,0.09833661625808637,26.091665246795397
0.37689,0.47522561625808635,-0.09833561625808634,0.09833561625808634,26.091330688528487
8.425114,8.523445409633732,-0.09833140963373133,0.09833140963373133,1.1671226007453928
0.3769,0.47522561625808635,-0.09832561625808633,0.09832561625808633,26.087985203501816
0.376905,0.47522561625808635,-0.09832061625808636,0.09832061625808636,26.086312527560008
0.376906,0.47522561625808635,-0.09831961625808633,0.09831961625808633,26.085977997697128
0.376906,0.47522561625808635,-0.09831961625808633,0.09831961625808633,26.085977997697128
0.376912,0.47522561625808635,-0.09831361625808632,0.09831361625808632,26.0839708557972
0.072601,-0.02571111748922128,0.09831211748922128,0.09831211748922128,135.41427439540365
7.47378,7.572091814980505,-0.09831181498050512,0.09831181498050512,1.3154229182447128
8.425134,8.523445409633732,-0.09831140963373208,0.09831140963373208,1.1668824452236037
0.37692,0.47522561625808635,-0.09830561625808637,0.09830561625808637,26.081294765999434
0.376924,0.47522561625808635,-0.09830161625808637,0.09830161625808637,26.079956763699425
3.151327,3.0530264967629055,0.09830050323709472,0.09830050323709472,3.1193368137922652
28.496402,28.398104123093105,0.09829787690689429,0.09829787690689429,0.3449483794710271
3.151323,3.0530264967629055,0.0982965032370946,0.0982965032370946,3.119213842375897
28.496398,28.398104123093105,0.09829387690689373,0.09829387690689373,0.3449343910291708
0.376933,0.47522561625808635,-0.09829261625808633,0.09829261625808633,26.076946362353354
0.376934,0.47522561625808635,-0.09829161625808636,0.09829161625808636,26.076611882188853
3.151317,3.0530264967629055,0.09829050323709465,0.09829050323709465,3.119029384666018
8.425159,8.523445409633732,-0.09828640963373125,0.09828640963373125,1.1665822524247278
0.376941,0.47522561625808635,-0.09828461625808632,0.09828461625808632,26.07427057072912
8.425165,8.523445409633732,-0.09828040963373219,0.09828040963373219,1.166510206418102
3.151305,3.0530264967629055,0.0982785032370943,0.0982785032370943,3.1186604671390317
8.425168,8.523445409633732,-0.09827740963373266,0.09827740963373266,1.16647418345327
8.425168,8.523445409633732,-0.09827740963373266,0.09827740963373266,1.16647418345327
0.376953,0.47522561625808635,-0.09827261625808636,0.09827261625808636,26.07025709624704
0.376953,0.47522561625808635,-0.09827261625808636,0.09827261625808636,26.07025709624704
0.376956,0.47522561625808635,-0.09826961625808633,0.09826961625808633,26.069253767552997
0.376958,0.47522561625808635,-0.09826761625808633,0.09826761625808633,26.068584890629126
0.376959,0.47522561625808635,-0.09826661625808636,0.09826661625808636,26.0682504548288
0.376959,0.47522561625808635,-0.09826661625808636,0.09826661625808636,26.0682504548288
7.258954,7.357219936217001,-0.0982659362170013,0.0982659362170013,1.3537203323736118
7.258954,7.357219936217001,-0.0982659362170013,0.0982659362170013,1.3537203323736118
0.376961,0.47522561625808635,-0.09826461625808636,0.09826461625808636,26.067581588551274
0.376961,0.47522561625808635,-0.09826461625808636,0.09826461625808636,26.067581588551274
0.376962,0.47522561625808635,-0.09826361625808633,0.09826361625808633,26.067247158074043
0.376964,0.47522561625808635,-0.09826161625808633,0.09826161625808633,26.066578302442604
3.151288,3.0530264967629055,0.0982615032370946,0.0982615032370946,3.1181378291662476
8.425184,8.523445409633732,-0.0982614096337322,0.0982614096337322,1.1662820614073939
0.376971,0.47522561625808635,-0.09825461625808635,0.09825461625808635,26.064237363622695
0.376974,0.47522561625808635,-0.09825161625808637,0.09825161625808637,26.063234130741947
3.151272,3.0530264967629055,0.09824550323709458,0.09824550323709458,3.117645929452517
0.376982,0.47522561625808635,-0.09824361625808636,0.09824361625808636,26.060558921122446
0.376983,0.47522561625808635,-0.09824261625808633,0.09824261625808633,26.060224527903408
0.376986,0.47522561625808635,-0.09823961625808636,0.09823961625808636,26.059221358890554
8.425206,8.523445409633732,-0.09823940963373268,0.09823940963373268,1.166017894785797
0.376993,0.47522561625808635,-0.09823261625808632,0.09823261625808632,26.05688069328328
0.376994,0.47522561625808635,-0.09823161625808635,0.09823161625808635,26.05654631957798
0.376998,0.47522561625808635,-0.09822761625808635,0.09822761625808635,26.055208842495485
8.425218,8.523445409633732,-0.09822740963373278,0.09822740963373278,1.1658738044827672
0.377004,0.47522561625808635,-0.09822161625808634,0.09822161625808634,26.05320268008645
0.467478,0.5656793176774606,-0.0982013176774606,0.0982013176774606,21.006617991959832
3.151227,3.0530264967629055,0.0982005032370945,0.0982005032370945,3.1162624347271155
8.425249,8.523445409633732,-0.09819640963373111,0.09819640963373111,1.1655015730996863
3.151221,3.0530264967629055,0.09819450323709455,0.09819450323709455,3.1160779657782958
8.425251,8.523445409633732,-0.0981944096337326,0.0981944096337326,1.1654775582658266
0.377032,0.47522561625808635,-0.09819361625808637,0.09819361625808637,26.04384143309919
8.425252,8.523445409633732,-0.09819340963373158,0.09819340963373158,1.1654655508531508
0.377036,0.47522561625808635,-0.09818961625808637,0.09818961625808637,26.042504225602826
0.377037,0.47522561625808635,-0.09818861625808634,0.09818861625808634,26.042169928162
0.377043,0.47522561625808635,-0.09818261625808633,0.09818261625808633,26.040164180755554
3.151208,3.0530264967629055,0.09818150323709451,0.09818150323709451,3.115678280645988
0.377046,0.47522561625808635,-0.09817961625808636,0.09817961625808636,26.0391613309907
7.259046,7.357219936217001,-0.09817393621700177,0.09817393621700177,1.3524357913649996
0.377056,0.47522561625808635,-0.09816961625808635,0.09816961625808635,26.03581861369413
3.151194,3.0530264967629055,0.09816750323709433,0.09816750323709433,3.1152478468154956
0.37706,0.47522561625808635,-0.09816561625808634,0.09816561625808634,26.034481576420692
0.377063,0.47522561625808635,-0.09816261625808637,0.09816261625808637,26.033478817081736
3.151186,3.0530264967629055,0.09815950323709455,0.09815950323709455,3.115001882909468
8.425293,8.523445409633732,-0.09815240963373206,0.09815240963373206,1.1649732493880878
0.377077,0.47522561625808635,-0.09814861625808635,0.09814861625808635,26.028799484470692
3.151172,3.0530264967629055,0.09814550323709437,0.09814550323709437,3.1145714430687947
7.259077,7.357219936217001,-0.09814293621700187,0.09814293621700187,1.3520029642287839
8.425304,8.523445409633732,-0.09814140963373141,0.09814140963373141,1.1648411693223955
8.425316,8.523445409633732,-0.09812940963373151,0.09812940963373151,1.1646970823713532
0.377114,0.47522561625808635,-0.09811161625808634,0.09811161625808634,26.016434349313442
3.151134,3.0530264967629055,0.09810750323709438,0.09810750323709438,3.1134030870785243
8.425341,8.523445409633732,-0.09810440963373246,0.09810440963373246,1.164396902541607
0.07239,-0.02571111748922128,0.09810111748922128,0.09810111748922128,135.5174987618508
3.15112,3.0530264967629055,0.09809350323709465,0.09809350323709465,3.1129726330314833
3.1511,3.0530264967629055,0.09807350323709452,0.09807350323709452,3.112357692043482
8.425375,8.523445409633732,-0.09807040963373126,0.09807040963373126,1.1639886608319185
3.151094,3.0530264967629055,0.09806750323709457,0.09806750323709457,3.112173208224902
0.072356,-0.02571111748922128,0.09806711748922128,0.09806711748922128,135.53418839306636
8.425382,8.523445409633732,-0.09806340963373117,0.09806340963373117,1.163904611477168
8.425382,8.523445409633732,-0.09806340963373117,0.09806340963373117,1.163904611477168
0.072351,-0.02571111748922128,0.09806211748922128,0.09806211748922128,135.53664407359213
0.377166,0.47522561625808635,-0.09805961625808635,0.09805961625808635,25.999060422224506
7.259165,7.357219936217001,-0.09805493621700112,0.09805493621700112,1.3507743137902273
7.259169,7.357219936217001,-0.09805093621700145,0.09805093621700145,1.3507184667508185
0.072335,-0.02571111748922128,0.09804611748922128,0.09804611748922128,135.54450453262845
8.425404,8.523445409633732,-0.09804140963373165,0.09804140963373165,1.1636404572714616
3.151067,3.0530264967629055,0.09804050323709435,0.09804050323709435,3.1113430223471292
0.072323,-0.02571111748922128,0.09803411748922128,0.09803411748922128,135.5504021593005
8.425423,8.523445409633732,-0.09802240963373166,0.09802240963373166,1.163412325203948
8.425428,8.523445409633732,-0.09801740963373184,0.09801740963373184,1.1633522906203517
0.072306,-0.02571111748922128,0.09801711748922128,0.09801711748922128,135.55876048137435
3.151043,3.0530264967629055,0.09801650323709454,0.09801650323709454,3.110605067400982
3.151043,3.0530264967629055,0.09801650323709454,0.09801650323709454,3.110605067400982
0.072303,-0.02571111748922128,0.09801411748922129,0.09801411748922129,135.56023588739203
3.151018,3.0530264967629055,0.0979915032370946,0.0979915032370946,3.109836352378335
3.151016,3.0530264967629055,0.09798950323709432,0.09798950323709432,3.1097748546495656
8.425456,8.523445409633732,-0.09798940963373148,0.09798940963373148,1.1630160982689657
0.377237,0.47522561625808635,-0.09798861625808636,0.09798861625808636,25.975346064174783
0.377248,0.47522561625808635,-0.09797761625808632,0.09797761625808632,25.97167280730836
0.072264,-0.02571111748922128,0.09797511748922128,0.09797511748922128,135.57942731324292
8.425471,8.523445409633732,-0.09797440963373205,0.09797440963373205,1.1628359961427583
3.150993,3.0530264967629055,0.09796650323709466,0.09796650323709466,3.109067625157707
0.072252,-0.02571111748922128,0.09796311748922128,0.09796311748922128,135.585336535509
0.377272,0.47522561625808635,-0.09795361625808635,0.09795361625808635,25.96365917219478
3.150975,3.0530264967629055,0.09794850323709436,0.09794850323709436,3.108514134005692
0.072231,-0.02571111748922128,0.09794211748922128,0.09794211748922128,135.59568239900543
8.425505,8.523445409633732,-0.09794040963373263,0.09794040963373263,1.1624277670308214
3.150963,3.0530264967629055,0.09793650323709446,0.09793650323709446,3.1081451363912023
0.072222,-0.02571111748922128,0.09793311748922127,0.09793311748922127,135.60011818230063
3.150957,3.0530264967629055,0.09793050323709451,0.09793050323709451,3.1079606365299988
8.425515,8.523445409633732,-0.09793040963373123,0.09793040963373123,1.1623077002719586
0.377304,0.47522561625808635,-0.09792161625808637,0.09792161625808637,25.952975911236937
7.259308,7.357219936217001,-0.09791193621700156,0.09791193621700156,1.348777820360464
8.425535,8.523445409633732,-0.09791040963373199,0.09791040963373199,1.1620675676092964
0.072194,-0.02571111748922128,0.09790511748922127,0.09790511748922127,135.61392546971683
8.425543,8.523445409633732,-0.09790240963373265,0.09790240963373265,1.1619715148634417
8.425557,8.523445409633732,-0.09788840963373246,0.09788840963373246,1.161803422997087
3.150914,3.0530264967629055,0.09788750323709472,0.09788750323709472,3.1066383669623505
8.42556,8.523445409633732,-0.09788540963373116,0.09788540963373116,1.1617674033841001
3.150909,3.0530264967629055,0.09788250323709446,0.09788250323709446,3.106484612344818
7.259341,7.357219936217001,-0.09787893621700139,0.09787893621700139,1.348317102277646
3.150901,3.0530264967629055,0.09787450323709468,0.09787450323709468,3.106238603941807
7.259355,7.357219936217001,-0.09786493621700121,0.09786493621700121,1.3481216473867594
3.150889,3.0530264967629055,0.09786250323709433,0.09786250323709433,3.105869588994994
0.072147,-0.02571111748922128,0.09785811748922128,0.09785811748922128,135.63712608089617
3.150881,3.0530264967629055,0.09785450323709455,0.09785450323709455,3.105623577468934
0.072128,-0.02571111748922128,0.09783911748922128,0.09783911748922128,135.6465136335054
0.37739,0.47522561625808635,-0.09783561625808634,0.09783561625808634,25.924273624675287
7.259386,7.357219936217001,-0.09783393621700132,0.09783393621700132,1.3476888570969174
3.15086,3.0530264967629055,0.09783350323709472,0.09783350323709472,3.1049777912693597
8.425612,8.523445409633732,-0.09783340963373277,0.09783340963373277,1.1611430675014662
0.072121,-0.02571111748922128,0.09783211748922128,0.09783211748922128,135.64997345235273
3.150858,3.0530264967629055,0.09783150323709444,0.09783150323709444,3.1049162873728213
3.150856,3.0530264967629055,0.0978295032370946,0.0978295032370946,3.104854783398218
8.425625,8.523445409633732,-0.09782040963373184,0.09782040963373184,1.160986984734911
3.150846,3.0530264967629055,0.09781950323709454,0.09781950323709454,3.1045472623539836
0.377407,0.47522561625808635,-0.09781861625808635,0.09781861625808635,25.91860146530609
7.259408,7.357219936217001,-0.0978119362170018,0.0978119362170018,1.3473817178433065
8.425634,8.523445409633732,-0.09781140963373147,0.09781140963373147,1.1608789277171376
8.425634,8.523445409633732,-0.09781140963373147,0.09781140963373147,1.1608789277171376
7.259409,7.357219936217001,-0.09781093621700165,0.09781093621700165,1.3473677570123723
0.377425,0.47522561625808635,-0.09780061625808634,0.09780061625808634,25.912596206444654
3.150825,3.0530264967629055,0.09779850323709471,0.09779850323709471,3.10390146180733
3.150825,3.0530264967629055,0.09779850323709471,0.09779850323709471,3.10390146180733
3.150823,3.0530264967629055,0.09779650323709443,0.09779650323709443,3.1038399565443884
0.072084,-0.02571111748922128,0.09779511748922128,0.09779511748922128,135.6682722290009
0.46789,0.5656793176774606,-0.09778931767746063,0.09778931767746063,20.900065754036326
7.259431,7.357219936217001,-0.09778893621700124,0.09778893621700124,1.3470606197049628
0.072069,-0.02571111748922128,0.09778011748922127,0.09778011748922127,135.6756960045867
3.150803,3.0530264967629055,0.0977765032370943,0.0977765032370943,3.103224899620544
3.150795,3.0530264967629055,0.09776850323709452,0.09776850323709452,3.102978874664697
8.425677,8.523445409633732,-0.09776840963373168,0.09776840963373168,1.1603626584851439
8.425681,8.523445409633732,-0.09776440963373112,0.09776440963373112,1.1603146337081929
8.425702,8.523445409633732,-0.09774340963373263,0.09774340963373263,1.1600625043773511
3.150756,3.0530264967629055,0.0977295032370944,0.0977295032370944,3.1017794851138145
8.425717,8.523445409633732,-0.09772840963373142,0.09772840963373142,1.15988241276762
7.259494,7.357219936217001,-0.09772593621700132,0.09772593621700132,1.3461811004410933
8.425727,8.523445409633732,-0.0977184096337318,0.0977184096337318,1.1597623520507137
7.259505,7.357219936217001,-0.09771493621700156,0.09771493621700156,1.3460275351508888
8.425734,8.523445409633732,-0.0977114096337317,0.0977114096337317,1.1596783097184415
8.425744,8.523445409633732,-0.09770140963373208,0.09770140963373208,1.1595582494860102
8.425745,8.523445409633732,-0.09770040963373283,0.09770040963373283,1.1595462434784496
0.071986,-0.02571111748922128,0.09769711748922127,0.09769711748922127,135.71683015239694
7.259529,7.357219936217001,-0.09769093621700176,0.09769093621700176,1.3456924852239873
0.377538,0.47522561625808635,-0.09768761625808636,0.09768761625808636,25.874909607035967
8.425768,8.523445409633732,-0.09767740963373228,0.09767740963373228,1.159270106090899
8.425768,8.523445409633732,-0.09767740963373228,0.09767740963373228,1.159270106090899
0.377563,0.47522561625808635,-0.09766261625808637,0.09766261625808637,25.866574911265083
8.425791,8.523445409633732,-0.09765440963373173,0.09765440963373173,1.1589939702109004
8.425795,8.523445409633732,-0.09765040963373117,0.09765040963373117,1.15894594673348
7.259572,7.357219936217001,-0.09764793621700107,0.09764793621700107,1.3450921929785389
0.468037,0.5656793176774606,-0.09764231767746062,0.09764231767746062,20.862093735452227
8.42581,8.523445409633732,-0.09763540963373174,0.09763540963373174,1.158765859099279
8.425816,8.523445409633732,-0.09762940963373268,0.09762940963373268,1.1586938242251432
3.150649,3.0530264967629055,0.09762250323709454,0.09762250323709454,3.098488699756655
8.425825,8.523445409633732,-0.09762040963373231,0.09762040963373231,1.1585857721062771
3.150643,3.0530264967629055,0.09761650323709459,0.09761650323709459,3.098304163118331
8.425833,8.523445409633732,-0.09761240963373119,0.09761240963373119,1.1584897259721703
3.150637,3.0530264967629055,0.09761050323709464,0.09761050323709464,3.098119625777153
8.425845,8.523445409633732,-0.09760040963373129,0.09760040963373129,1.158345657113001
3.150625,3.0530264967629055,0.09759850323709429,0.09759850323709429,3.0977505489862023
3.150608,3.0530264967629055,0.09758150323709458,0.09758150323709458,3.097227685386356
8.425864,8.523445409633732,-0.0975814096337313,0.0975814096337313,1.158117548925228
8.425877,8.523445409633732,-0.09756840963373214,0.09756840963373214,1.1579614754947667
7.474526,7.572091814980505,-0.09756581498050476,0.09756581498050476,1.3053110656006741
3.150584,3.0530264967629055,0.09755750323709433,0.09755750323709433,3.09648951540406
0.071845,-0.02571111748922128,0.09755611748922129,0.09755611748922129,135.78692651323593
8.425902,8.523445409633732,-0.09754340963373132,0.09754340963373132,1.1576613356359193
3.150567,3.0530264967629055,0.09754050323709462,0.09754050323709462,3.0959666381955584
8.425905,8.523445409633732,-0.09754040963373178,0.09754040963373178,1.1576253189725514
7.474553,7.572091814980505,-0.09753881498050454,0.09753881498050454,1.3049451248683313
3.150561,3.0530264967629055,0.09753450323709467,0.09753450323709467,3.0957820919512073
0.377693,0.47522561625808635,-0.09753261625808635,0.09753261625808635,25.8232522795665
3.150529,3.0530264967629055,0.09750250323709464,0.09750250323709464,3.094797833443204
7.259724,7.357219936217001,-0.09749593621700114,0.09749593621700114,1.342970286689386
7.25973,7.357219936217001,-0.0974899362170012,0.0974899362170012,1.3428865290535366
0.37774,0.47522561625808635,-0.09748561625808633,0.09748561625808633,25.80759682116766
3.150512,3.0530264967629055,0.09748550323709448,0.09748550323709448,3.0942749379783416
7.259736,7.357219936217001,-0.09748393621700124,0.09748393621700124,1.3428027715561344
8.425966,8.523445409633732,-0.09747940963373125,0.09747940963373125,1.1568929857131438
0.071762,-0.02571111748922128,0.09747311748922129,0.09747311748922129,135.82831770769067
8.425978,8.523445409633732,-0.09746740963373135,0.09746740963373135,1.1567489214020568
8.425984,8.523445409633732,-0.09746140963373229,0.09746140963373229,1.1566768894004025
7.259779,7.357219936217001,-0.09744093621700145,0.09744093621700145,1.342202513542895
0.071687,-0.02571111748922128,0.09739811748922128,0.09739811748922128,135.86580182369954
8.426063,8.523445409633732,-0.09738240963373279,0.09738240963373279,1.1557284776125822
3.150401,3.0530264967629055,0.09737450323709451,0.09737450323709451,3.0908605994603118
17.43874,17.341366673240962,0.09737332675903687,0.09737332675903687,0.5583736368480665
0.071638,-0.02571111748922128,0.09734911748922127,0.09734911748922127,135.8903338358566
8.426097,8.523445409633732,-0.09734840963373159,0.09734840963373159,1.1553203058613764
0.071634,-0.02571111748922128,0.09734511748922128,0.09734511748922128,135.89233793077162
8.42612,8.523445409633732,-0.09732540963373282,0.09732540963373282,1.155044191544599
8.426129,8.523445409633732,-0.09731640963373245,0.09731640963373245,1.1549361472222597
0.071599,-0.02571111748922128,0.09731011748922128,0.09731011748922128,135.90988331305104
8.426137,8.523445409633732,-0.09730840963373133,0.09730840963373133,1.1548401080183777
0.377932,0.47522561625808635,-0.09729361625808636,0.09729361625808636,25.743683052068278
16.272394,16.369679249295167,-0.0972852492951688,0.0972852492951688,0.5978545584292696
0.071574,-0.02571111748922128,0.09728511748922128,0.09728511748922128,135.92242623480436
0.071568,-0.02571111748922128,0.09727911748922129,0.09727911748922129,135.9254378399506
8.426168,8.523445409633732,-0.09727740963373144,0.09727740963373144,1.15446795782587
0.071565,-0.02571111748922128,0.09727611748922128,0.09727611748922128,135.92694383189317
8.426192,8.523445409633732,-0.09725340963373164,0.09725340963373164,1.154179843428413
8.426199,8.523445409633732,-0.09724640963373155,0.09724640963373155,1.154095810371645
3.150264,3.0530264967629055,0.09723750323709446,0.09723750323709446,3.0866461742256464
7.259994,7.357219936217001,-0.0972259362170016,0.0972259362170016,1.3392013301341903
3.150252,3.0530264967629055,0.09722550323709456,0.09722550323709456,3.086277010029937
7.259998,7.357219936217001,-0.09722193621700104,0.09722193621700104,1.3391454958480966
8.426236,8.523445409633732,-0.09720940963373259,0.09720940963373259,1.1536516379624182
0.071497,-0.02571111748922128,0.09720811748922129,0.09720811748922129,135.96111354778546
7.260019,7.357219936217001,-0.09720093621700165,0.09720093621700165,1.3388523668555525
0.071485,-0.02571111748922128,0.09719611748922129,0.09719611748922129,135.96715024586157
8.426286,8.523445409633732,-0.09715940963373271,0.09715940963373271,1.1530514111742667
7.260072,7.357219936217001,-0.09714793621700135,0.09714793621700135,1.338112572653043
8.426305,8.523445409633732,-0.09714040963373272,0.09714040963373272,1.1528233268624848
0.071414,-0.02571111748922128,0.09712511748922129,0.09712511748922129,136.00290888791886
3.30381,3.2066853285939843,0.09712467140601566,0.09712467140601566,2.9397777536564114
0.071413,-0.02571111748922128,0.09712411748922128,0.09712411748922128,136.00341303854742
8.426324,8.523445409633732,-0.09712140963373272,0.09712140963373272,1.1525952435792897
8.42633,8.523445409633732,-0.09711540963373189,0.09711540963373189,1.1525232174930173
7.260105,7.357219936217001,-0.09711493621700118,0.09711493621700118,1.3376519515305016
8.426333,8.523445409633732,-0.09711240963373236,0.09711240963373236,1.1524872044883565
0.071401,-0.02571111748922128,0.09711211748922129,0.09711211748922129,136.00946394758031
8.426341,8.523445409633732,-0.09710440963373124,0.09710440963373124,1.1523911699345994
7.260117,7.357219936217001,-0.09710293621700128,0.09710293621700128,1.3374844539786865
7.260142,7.357219936217001,-0.09707793621700134,0.09707793621700134,1.3371355025241132
7.260168,7.357219936217001,-0.09705193621700126,0.09705193621700126,1.3367725955606602
8.426409,8.523445409633732,-0.09703640963373239,0.09703640963373239,1.1515748835901607
7.260197,7.357219936217001,-0.09702293621700164,0.09702293621700164,1.336367817783254
3.150029,3.0530264967629055,0.09700250323709447,0.09700250323709447,3.0794161969307283
7.260222,7.357219936217001,-0.0969979362170017,0.0969979362170017,1.3360188740188068
7.260289,7.357219936217001,-0.09693093621700122,0.09693093621700122,1.3350837165802372
8.42653,8.523445409633732,-0.09691540963373235,0.09691540963373235,1.1501224066440425
17.438231,17.341366673240962,0.09686432675903589,0.09686432675903589,0.5554710610180611
8.426595,8.523445409633732,-0.09685040963373126,0.09685040963373126,1.1493421676558788
8.426598,8.523445409633732,-0.09684740963373173,0.09684740963373173,1.14930615691626
7.260389,7.357219936217001,-0.09683093621700145,0.09683093621700145,1.3336879913137956
8.426628,8.523445409633732,-0.09681740963373286,0.09681740963373286,1.1489460509302645
8.426644,8.523445409633732,-0.0968014096337324,0.0968014096337324,1.1487539954528
8.426673,8.523445409633732,-0.09677240963373279,0.09677240963373279,1.1484058967588322
0.360866,0.4576260874283964,-0.09676008742839637,0.09676008742839637,26.81330117040205
0.360874,0.4576260874283964,-0.09675208742839642,0.09675208742839642,26.810489922129587
0.36089,0.4576260874283964,-0.0967360874283964,0.0967360874283964,26.804867799493344
0.360895,0.4576260874283964,-0.09673108742839637,0.09673108742839637,26.803110988401958
0.360897,0.4576260874283964,-0.09672908742839637,0.09672908742839637,26.80240827759553
0.360901,0.4576260874283964,-0.09672508742839636,0.09672508742839636,26.801002879347894
0.360901,0.4576260874283964,-0.09672508742839636,0.09672508742839636,26.801002879347894
0.360905,0.4576260874283964,-0.09672108742839641,0.09672108742839641,26.799597512253037
0.360905,0.4576260874283964,-0.09672108742839641,0.09672108742839641,26.799597512253037
0.360905,0.4576260874283964,-0.09672108742839641,0.09672108742839641,26.799597512253037
0.360909,0.4576260874283964,-0.09671708742839641,0.09671708742839641,26.798192176309875
0.360913,0.4576260874283964,-0.0967130874283964,0.0967130874283964,26.79678687151741
0.360915,0.4576260874283964,-0.0967110874283964,0.0967110874283964,26.796084230802354
0.360921,0.4576260874283964,-0.0967050874283964,0.0967050874283964,26.793976355380376
0.360938,0.4576260874283964,-0.09668808742839641,0.09668808742839641,26.78800442225768
0.36094,0.4576260874283964,-0.0966860874283964,0.0966860874283964,26.78730187887436
0.360948,0.4576260874283964,-0.0966780874283964,0.0966780874283964,26.784491783196447
0.360948,0.4576260874283964,-0.0966780874283964,0.0966780874283964,26.784491783196447
0.360954,0.4576260874283964,-0.09667208742839639,0.09667208742839639,26.782384293182517
0.360954,0.4576260874283964,-0.09667208742839639,0.09667208742839639,26.782384293182517
0.360958,0.4576260874283964,-0.09666808742839639,0.09666808742839639,26.7809793387639
8.426778,8.523445409633732,-0.09666740963373144,0.09666740963373144,1.1471455594603808
0.36096,0.4576260874283964,-0.09666608742839639,0.09666608742839639,26.78027687323141
0.360962,0.4576260874283964,-0.09666408742839638,0.09666408742839638,26.779574415483292
0.360968,0.4576260874283964,-0.09665808742839638,0.09665808742839638,26.77746708894387
0.360972,0.4576260874283964,-0.09665408742839637,0.09665408742839637,26.776062243503734
0.360974,0.4576260874283964,-0.09665208742839637,0.09665208742839637,26.775359832459127
0.360981,0.4576260874283964,-0.09664508742839639,0.09664508742839639,26.772901455096942
8.426804,8.523445409633732,-0.09664140963373136,0.09664140963373136,1.1468334807903984
0.360987,0.4576260874283964,-0.09663908742839639,0.09663908742839639,26.77079435038536
0.360987,0.4576260874283964,-0.09663908742839639,0.09663908742839639,26.77079435038536
0.360999,0.4576260874283964,-0.09662708742839637,0.09662708742839637,26.76658035108956
0.361001,0.4576260874283964,-0.09662508742839637,0.09662508742839637,26.765878045110814
0.469056,0.5656793176774606,-0.09662331767746063,0.09662331767746063,20.599527062197502
0.361009,0.4576260874283964,-0.09661708742839636,0.09661708742839636,26.76306889901174
0.361011,0.4576260874283964,-0.09661508742839636,0.09661508742839636,26.7623666319403
17.437981,17.341366673240962,0.09661432675903825,0.09661432675903825,0.5540453723311444
0.361013,0.4576260874283964,-0.09661308742839642,0.09661308742839642,26.761664372649946
0.361017,0.4576260874283964,-0.09660908742839641,0.09660908742839641,26.76025987741191
0.36103,0.4576260874283964,-0.09659608742839637,0.09659608742839637,26.755695482824326
0.36103,0.4576260874283964,-0.09659608742839637,0.09659608742839637,26.755695482824326
0.361036,0.4576260874283964,-0.09659008742839637,0.09659008742839637,26.753588950033453
0.361056,0.4576260874283964,-0.0965700874283964,0.0965700874283964,26.74656767970892
0.361095,0.4576260874283964,-0.09653108742839639,0.09653108742839639,26.732878439652584
0.361126,0.4576260874283964,-0.09650008742839639,0.09650008742839639,26.721999358028608
0.361128,0.4576260874283964,-0.09649808742839638,0.09649808742839638,26.721297545932487
8.426969,8.523445409633732,-0.09647640963373227,0.09647640963373227,1.144853026427265
0.361155,0.4576260874283964,-0.09647108742839638,0.09647108742839638,26.711823843414756
16.273228,16.369679249295167,-0.09645124929516768,0.09645124929516768,0.5926989365267604
0.361177,0.4576260874283964,-0.09644908742839636,0.09644908742839636,26.704105577512475
0.361187,0.4576260874283964,-0.09643908742839641,0.09643908742839641,26.700597585653917
8.427008,8.523445409633732,-0.09643740963373126,0.09643740963373126,1.1443849303642155
0.361189,0.4576260874283964,-0.0964370874283964,0.0964370874283964,26.69989601059183
8.42702,8.523445409633732,-0.09642540963373136,0.09642540963373136,1.1442409016780204
16.273273,16.369679249295167,-0.09640624929516761,0.09640624929516761,0.5924207705147895
7.475745,7.572091814980505,-0.0963468149805049,0.0963468149805049,1.288792153547454
0.469344,0.5656793176774606,-0.09633531767746062,0.09633531767746062,20.525524488847218
8.427112,8.523445409633732,-0.09633340963373271,0.09633340963373271,1.1431366953778423
16.273351,16.369679249295167,-0.09632824929516559,0.09632824929516559,0.5919386197383296
0.469394,0.5656793176774606,-0.09628531767746062,0.09628531767746062,20.51268607117857
16.273428,16.369679249295167,-0.09625124929516815,0.09625124929516815,0.5914626549155881
0.469516,0.5656793176774606,-0.09616331767746061,0.09616331767746061,20.4813718077721
3.65482,3.558669650179249,0.09615034982075077,0.09615034982075077,2.6307820855232267
0.469603,0.5656793176774606,-0.09607631767746061,0.09607631767746061,20.459051082936345
16.273652,16.369679249295167,-0.09602724929516882,0.09602724929516882,0.5900780555869006
7.476164,7.572091814980505,-0.09592781498050496,0.09592781498050496,1.2831154450226323
0.379301,0.47522561625808635,-0.09592461625808635,0.09592461625808635,25.28984005652411
28.49391,28.398104123093105,0.09580587690689413,0.09580587690689413,0.3362328192464913
16.273959,16.369679249295167,-0.09572024929516587,0.09572024929516587,0.5881804746747715
16.274008,16.369679249295167,-0.09567124929516879,0.09567124929516879,0.5878776100797107
8.427801,8.523445409633732,-0.09564440963373144,0.09564440963373144,1.1348679167032607
16.274053,16.369679249295167,-0.09562624929516872,0.09562624929516872,0.5875994707316066
16.274248,16.369679249295167,-0.09543124929516722,0.09543124929516722,0.5863942179975433
0.362205,0.4576260874283964,-0.09542108742839639,0.09542108742839639,26.344497564100962
0.47029,0.5656793176774606,-0.09538931767746062,0.09538931767746062,20.283084406893096
16.274297,16.369679249295167,-0.09538224929516659,0.09538224929516659,0.5860913641589588
0.36225,0.4576260874283964,-0.09537608742839637,0.09537608742839637,26.328802595463785
0.362258,0.4576260874283964,-0.09536808742839636,0.09536808742839636,26.326012787038618
0.362277,0.4576260874283964,-0.09534908742839637,0.09534908742839637,26.319387485840114
0.362279,0.4576260874283964,-0.09534708742839637,0.09534708742839637,26.31869012613971
0.362289,0.4576260874283964,-0.09533708742839636,0.09533708742839636,26.315203443129974
0.362293,0.4576260874283964,-0.09533308742839641,0.09533308742839641,26.313808823820118
0.362297,0.4576260874283964,-0.09532908742839641,0.09532908742839641,26.312414235305287
16.274354,16.369679249295167,-0.09532524929516839,0.09532524929516839,0.5857390670903598
0.362306,0.4576260874283964,-0.09532008742839637,0.09532008742839637,26.309276523736035
0.362306,0.4576260874283964,-0.09532008742839637,0.09532008742839637,26.309276523736035
0.362308,0.4576260874283964,-0.09531808742839637,0.09531808742839637,26.308579275668155
0.362308,0.4576260874283964,-0.09531808742839637,0.09531808742839637,26.308579275668155
0.36232,0.4576260874283964,-0.09530608742839641,0.09530608742839641,26.304395948910365
0.36232,0.4576260874283964,-0.09530608742839641,0.09530608742839641,26.304395948910365
0.362324,0.4576260874283964,-0.09530208742839641,0.09530208742839641,26.30300156823545
0.362326,0.4576260874283964,-0.09530008742839641,0.09530008742839641,26.302304389443236
0.362326,0.4576260874283964,-0.09530008742839641,0.09530008742839641,26.302304389443236
0.362328,0.4576260874283964,-0.0952980874283964,0.0952980874283964,26.301607218347684
0.362332,0.4576260874283964,-0.0952940874283964,0.0952940874283964,26.300212899246052
0.362334,0.4576260874283964,-0.0952920874283964,0.0952920874283964,26.29951575123971
0.362338,0.4576260874283964,-0.0952880874283964,0.0952880874283964,26.298121478315352
0.362342,0.4576260874283964,-0.09528408742839639,0.09528408742839639,26.296727236174572
0.362342,0.4576260874283964,-0.09528408742839639,0.09528408742839639,26.296727236174572
0.362351,0.4576260874283964,-0.09527508742839641,0.09527508742839641,26.293590303905006
0.362353,0.4576260874283964,-0.09527308742839641,0.09527308742839641,26.292893229006943
0.362357,0.4576260874283964,-0.0952690874283964,0.0952690874283964,26.2914991022955
0.362359,0.4576260874283964,-0.0952670874283964,0.0952670874283964,26.290802050481872
0.362359,0.4576260874283964,-0.0952670874283964,0.0952670874283964,26.290802050481872
0.362361,0.4576260874283964,-0.0952650874283964,0.0952650874283964,26.290105006362797
0.362361,0.4576260874283964,-0.0952650874283964,0.0952650874283964,26.290105006362797
8.428186,8.523445409633732,-0.0952594096337318,0.0952594096337318,1.1302480703748297
0.362367,0.4576260874283964,-0.0952590874283964,0.0952590874283964,26.288013920171643
0.362369,0.4576260874283964,-0.09525708742839639,0.09525708742839639,26.28731690682952
0.362371,0.4576260874283964,-0.09525508742839639,0.09525508742839639,26.286619901181325
0.362373,0.4576260874283964,-0.09525308742839639,0.09525308742839639,26.285922903226915
0.362375,0.4576260874283964,-0.09525108742839639,0.09525108742839639,26.28522591296617
0.362375,0.4576260874283964,-0.09525108742839639,0.09525108742839639,26.28522591296617
0.362375,0.4576260874283964,-0.09525108742839639,0.09525108742839639,26.28522591296617
0.362377,0.4576260874283964,-0.09524908742839638,0.09524908742839638,26.284528930398963
0.362379,0.4576260874283964,-0.09524708742839638,0.09524708742839638,26.283831955525166
0.362381,0.4576260874283964,-0.09524508742839638,0.09524508742839638,26.283134988344653
0.362383,0.4576260874283964,-0.09524308742839638,0.09524308742839638,26.282438028857296
0.362385,0.4576260874283964,-0.09524108742839638,0.09524108742839638,26.281741077062964
0.362385,0.4576260874283964,-0.09524108742839638,0.09524108742839638,26.281741077062964
0.362386,0.4576260874283964,-0.0952400874283964,0.0952400874283964,26.28139260405066
0.36239,0.4576260874283964,-0.0952360874283964,0.0952360874283964,26.279998731233313
0.362391,0.4576260874283964,-0.09523508742839637,0.09523508742839637,26.279650267836868
0.362392,0.4576260874283964,-0.0952340874283964,0.0952340874283964,26.279301806363577
0.362398,0.4576260874283964,-0.09522808742839639,0.09522808742839639,26.27721107790859
16.274452,16.369679249295167,-0.09522724929516713,0.09522724929516713,0.5851333691271572
0.362404,0.4576260874283964,-0.09522208742839638,0.09522208742839638,26.275120418682263
0.362406,0.4576260874283964,-0.09522008742839638,0.09522008742839638,26.274423547657033
0.36242,0.4576260874283964,-0.09520608742839637,0.09520608742839637,26.2695456658371
0.362439,0.4576260874283964,-0.09518708742839638,0.09518708742839638,26.262926286115302
0.362449,0.4576260874283964,-0.09517708742839637,0.09517708742839637,26.259442680801136
0.362449,0.4576260874283964,-0.09517708742839637,0.09517708742839637,26.259442680801136
0.362451,0.4576260874283964,-0.09517508742839637,0.09517508742839637,26.258745982805294
0.362461,0.4576260874283964,-0.09516508742839641,0.09516508742839641,26.255262608154023
0.362467,0.4576260874283964,-0.0951590874283964,0.0951590874283964,26.253172675621016
0.362482,0.4576260874283964,-0.09514408742839636,0.09514408742839636,26.247948146983408
0.470536,0.5656793176774606,-0.09514331767746059,0.09514331767746059,20.2201994443019
0.362549,0.4576260874283964,-0.09507708742839638,0.09507708742839638,26.224617197171074
16.27461,16.369679249295167,-0.09506924929516813,0.09506924929516813,0.5841568510371923
16.274647,16.369679249295167,-0.09503224929516563,0.09503224929516563,0.5839281754902683
16.274721,16.369679249295167,-0.09495824929516772,0.09495824929516772,0.583470827515779
16.275069,16.369679249295167,-0.09461024929516881,0.09461024929516881,0.5813201117278675
0.471164,0.5656793176774606,-0.09451531767746058,0.09451531767746058,20.05996163913215
16.275204,16.369679249295167,-0.0944752492951686,0.0944752492951686,0.5804858070878136
16.27527,16.369679249295167,-0.09440924929516825,0.09440924929516825,0.5800779298566978
3.301072,3.2066853285939843,0.09438667140601575,0.09438667140601575,2.859273333121982
3.301068,3.2066853285939843,0.09438267140601564,0.09438267140601564,2.8591556248812955
16.275366,16.369679249295167,-0.09431324929516549,0.09431324929516549,0.5794846597894389
9.974207,9.88007128045389,0.09413571954610944,0.09413571954610944,0.9437915169112256
16.275761,16.369679249295167,-0.09391824929516801,0.09391824929516801,0.5770436742994136
3.652569,3.558669650179249,0.09389934982075099,0.09389934982075099,2.5707755231504237
16.275808,16.369679249295167,-0.09387124929516588,0.09387124929516588,0.5767532358122506
0.100863,0.007110536721061322,0.09375246327893867,0.09375246327893867,92.95030207904621
3.652396,3.558669650179249,0.09372634982075079,0.09372634982075079,2.566160674203581
28.491743,28.398104123093105,0.0936388769068941,0.0936388769068941,0.328652679853828
0.472044,0.5656793176774606,-0.09363531767746058,0.09363531767746058,19.836141897285938
0.472102,0.5656793176774606,-0.09357731767746058,0.09357731767746058,19.821419451228582
0.100674,0.007110536721061322,0.09356346327893868,0.09356346327893868,92.93706735204881
16.276412,16.369679249295167,-0.09326724929516672,0.09326724929516672,0.5730209415600546
16.276441,16.369679249295167,-0.09323824929516888,0.09323824929516888,0.5728417489707736
0.472486,0.5656793176774606,-0.09319331767746059,0.09319331767746059,19.72403788847427
16.276496,16.369679249295167,-0.09318324929516564,0.09318324929516564,0.5725019027104675
28.491213,28.398104123093105,0.09310887690689285,0.09310887690689285,0.32679857086662495
16.276594,16.369679249295167,-0.09308524929516793,0.09308524929516793,0.5718963641569977
9.973135,9.88007128045389,0.09306371954610881,0.09306371954610881,0.933144087041594
3.299663,3.2066853285939843,0.09297767140601554,0.09297767140601554,2.817792950467904
8.430471,8.523445409633732,-0.09297440963373127,0.09297440963373127,1.1028376662778203
0.099938,0.007110536721061322,0.09282746327893868,0.09282746327893868,92.88505191824295
0.09992,0.007110536721061322,0.09280946327893867,0.09280946327893867,92.88377020221668
16.276881,16.369679249295167,-0.09279824929516778,0.09279824929516778,0.5701230431960378
0.099902,0.007110536721061322,0.09279146327893868,0.09279146327893868,92.88248802432003
16.276888,16.369679249295167,-0.09279124929516769,0.09279124929516769,0.5700797922465131
0.099877,0.007110536721061322,0.09276646327893867,0.09276646327893867,92.88070645499762
0.472972,0.5656793176774606,-0.0927073176774606,0.0927073176774606,19.601016055466197
16.276984,16.369679249295167,-0.09269524929516848,0.09269524929516848,0.5694866401207926
0.473016,0.5656793176774606,-0.09266331767746061,0.09266331767746061,19.5898907558879
0.099773,0.007110536721061322,0.09266246327893868,0.09266246327893868,92.87328554425085
0.473109,0.5656793176774606,-0.0925703176774606,0.0925703176774606,19.56638272742523
16.277115,16.369679249295167,-0.09256424929516882,0.09256424929516882,0.568677245903836
16.277115,16.369679249295167,-0.09256424929516882,0.09256424929516882,0.568677245903836
16.277158,16.369679249295167,-0.09252124929516725,0.09252124929516725,0.5684115697261085
16.277178,16.369679249295167,-0.09250124929516801,0.09250124929516801,0.5682879998891683
16.277207,16.369679249295167,-0.09247224929516662,0.09247224929516662,0.568108824164972
0.099577,0.007110536721061322,0.09246646327893868,0.09246646327893868,92.85925784677127
16.277234,16.369679249295167,-0.09244524929516729,0.09244524929516729,0.5679420059612054
0.473299,0.5656793176774606,-0.09238031767746058,0.09238031767746058,19.518384289411593
16.277305,16.369679249295167,-0.09237424929516891,0.09237424929516891,0.5675033385108986
0.099468,0.007110536721061322,0.09235746327893868,0.09235746327893868,92.85143280862916
0.099438,0.007110536721061322,0.09232746327893868,0.09232746327893868,92.84927611787185
0.473357,0.5656793176774606,-0.09232231767746057,0.09232231767746057,19.503739811169336
0.099426,0.007110536721061322,0.09231546327893868,0.09231546327893868,92.84841307715313
3.650983,3.558669650179249,0.0923133498207509,0.0923133498207509,2.5284519215296934
0.099368,0.007110536721061322,0.09225746327893868,0.09225746327893868,92.84423877515341
0.473438,0.5656793176774606,-0.09224131767746058,0.09224131767746058,19.48329404441073
0.099349,0.007110536721061322,0.09223846327893868,0.09223846327893868,92.8428702715637
0.099335,0.007110536721061322,0.09222446327893868,0.09222446327893868,92.84186156550744
16.277525,16.369679249295167,-0.09215424929516658,0.09215424929516658,0.5661441115562743
16.277535,16.369679249295167,-0.09214424929516696,0.09214424929516696,0.5660823293858738
7.47997,7.572091814980505,-0.09212181498050498,0.09212181498050498,1.2315800060598292
3.650755,3.558669650179249,0.092085349820751,0.092085349820751,2.5223645470109233
0.473815,0.5656793176774606,-0.09186431767746062,0.09186431767746062,19.388224867948967
3.650522,3.558669650179249,0.09185234982075086,0.09185234982075086,2.516142891844912
16.277848,16.369679249295167,-0.0918312492951685,0.0918312492951685,0.5641485858241482
0.473927,0.5656793176774606,-0.09175231767746062,0.09175231767746062,19.360010646808604
3.650403,3.558669650179249,0.09173334982075065,0.09173334982075065,2.5129650018980834
3.650329,3.558669650179249,0.09165934982075097,0.09165934982075097,2.510988730556615
0.098749,0.007110536721061322,0.09163846327893868,0.09163846327893868,92.79938347339143
7.480494,7.572091814980505,-0.09159781498050457,0.09159781498050457,1.2244888503256612
16.27821,16.369679249295167,-0.09146924929516587,0.09146924929516587,0.561912208373058
3.65013,3.558669650179249,0.09146034982075069,0.09146034982075069,2.5056737655438304
3.650129,3.558669650179249,0.09145934982075099,0.09145934982075099,2.5056470557135198
3.650129,3.558669650179249,0.09145934982075099,0.09145934982075099,2.5056470557135198
0.098555,0.007110536721061322,0.09144446327893868,0.09144446327893868,92.78520946289227
0.09854,0.007110536721061322,0.09142946327893868,0.09142946327893868,92.78411120981791
3.650061,3.558669650179249,0.09139134982075081,0.09139134982075081,2.5038307529174713
3.65004,3.558669650179249,0.09137034982075098,0.09137034982075098,2.503269822200516
9.971388,9.88007128045389,0.09131671954610887,0.09131671954610887,0.9157874464938391
16.278372,16.369679249295167,-0.09130724929516632,0.09130724929516632,0.5609114307905325
3.649942,3.558669650179249,0.09127234982075061,0.09127234982075061,2.500652060176572
0.474469,0.5656793176774606,-0.09121031767746063,0.09121031767746063,19.223662169338137
3.64983,3.558669650179249,0.09116034982075094,0.09116034982075094,2.4976601600143917
17.432523,17.341366673240962,0.0911563267590374,0.0911563267590374,0.5229095453280888
16.27854,16.369679249295167,-0.0911392492951677,0.0911392492951677,0.5598736084108762
3.649808,3.558669650179249,0.09113834982075097,0.09113834982075097,2.497072443762902
3.649802,3.558669650179249,0.09113234982075102,0.09113234982075102,2.496912156282837
3.649781,3.558669650179249,0.09111134982075075,0.09111134982075075,2.4963511459524397
3.649779,3.558669650179249,0.09110934982075092,0.09110934982075092,2.4962977160604685
3.649704,3.558669650179249,0.09103434982075065,0.09103434982075065,2.494294052839802
3.649694,3.558669650179249,0.09102434982075103,0.09102434982075103,2.4940268915217825
3.649693,3.558669650179249,0.09102334982075089,0.09102334982075089,2.4940001753094543
3.649678,3.558669650179249,0.09100834982075101,0.09100834982075101,2.4935994303677584
3.649674,3.558669650179249,0.0910043498207509,0.0910043498207509,2.4934925644936343
3.649657,3.558669650179249,0.09098734982075074,0.09098734982075074,2.493038381915279
16.278694,16.369679249295167,-0.09098524929516572,0.09098524929516572,0.5589222900473882
3.649635,3.558669650179249,0.09096534982075077,0.09096534982075077,2.4924506099447843
3.649628,3.558669650179249,0.09095834982075068,0.09095834982075068,2.4922635901044825
3.649618,3.558669650179249,0.09094834982075062,0.09094834982075062,2.491996417659564
3.649605,3.558669650179249,0.09093534982075102,0.09093534982075102,2.491649091292328
3.649596,3.558669650179249,0.09092634982075065,0.09092634982075065,2.4914086331270435
3.64958,3.558669650179249,0.09091034982075064,0.09091034982075064,2.490981149016042
3.649567,3.558669650179249,0.0908973498207506,0.0908973498207506,2.4906338154159102
3.649549,3.558669650179249,0.09087934982075074,0.09087934982075074,2.4901528878845194
3.649537,3.558669650179249,0.09086734982075084,0.09086734982075084,2.4898322668947053
3.649536,3.558669650179249,0.0908663498207507,0.0908663498207507,2.4898055483837096
3.649533,3.558669650179249,0.09086334982075073,0.09086334982075073,2.489725392762882
16.278817,16.369679249295167,-0.09086224929516717,0.09086224929516717,0.5581624837640784
16.278818,16.369679249295167,-0.09086124929516615,0.09086124929516615,0.5581563065242697
0.097962,0.007110536721061322,0.09085146327893867,0.09085146327893867,92.74153568342535
0.097946,0.007110536721061322,0.09083546327893868,0.09083546327893868,92.74034997467822
3.649486,3.558669650179249,0.09081634982075082,0.09081634982075082,2.488469604165144
3.649485,3.558669650179249,0.09081534982075068,0.09081534982075068,2.488442884907384
3.649481,3.558669650179249,0.09081134982075101,0.09081134982075101,2.4883360077299392
0.097921,0.007110536721061322,0.09081046327893867,0.09081046327893867,92.73849652903891
3.649478,3.558669650179249,0.09080834982075103,0.09080834982075103,2.4882558496931004
3.649472,3.558669650179249,0.09080234982075064,0.09080234982075064,2.488095533224054
3.649464,3.558669650179249,0.09079434982075085,0.09079434982075085,2.487881777112008
3.649462,3.558669650179249,0.09079234982075102,0.09079234982075102,2.4878283379375694
0.097896,0.007110536721061322,0.09078546327893867,0.09078546327893867,92.73664213675946
0.097891,0.007110536721061322,0.09078046327893868,0.09078046327893868,92.73627114464293
3.649448,3.558669650179249,0.09077834982075084,0.09077834982075084,2.4874542620764393
3.649444,3.558669650179249,0.09077434982075072,0.09077434982075072,2.4873473827318184
3.649443,3.558669650179249,0.09077334982075103,0.09077334982075103,2.4873206628590636
3.649438,3.558669650179249,0.09076834982075077,0.09076834982075077,2.487187063275594
0.097875,0.007110536721061322,0.09076446327893868,0.09076446327893868,92.73508371515055
0.097865,0.007110536721061322,0.09075446327893867,0.09075446327893867,92.73434137455101
3.649421,3.558669650179249,0.09075134982075062,0.09075134982075062,2.486732821953507
0.097857,0.007110536721061322,0.09074646327893868,0.09074646327893868,92.73374739283335
0.097856,0.007110536721061322,0.09074546327893868,0.09074546327893868,92.73367313828996
0.097833,0.007110536721061322,0.09072246327893868,0.09072246327893868,92.73196486482753
3.649387,3.558669650179249,0.09071734982075075,0.09071734982075075,2.4858243266133444
3.649384,3.558669650179249,0.09071434982075077,0.09071434982075077,2.485744164447069
3.64938,3.558669650179249,0.09071034982075066,0.09071034982075066,2.4856372813536827
3.649376,3.558669650179249,0.09070634982075099,0.09070634982075099,2.4855303980260035
0.09781,0.007110536721061322,0.09069946327893867,0.09069946327893867,92.73025578796485
3.649367,3.558669650179249,0.09069734982075062,0.09069734982075062,2.485289909682017
16.278991,16.369679249295167,-0.09068824929516595,0.09068824929516595,0.5570876554610102
3.649348,3.558669650179249,0.09067834982075063,0.09067834982075063,2.4847822081715925
3.649342,3.558669650179249,0.09067234982075068,0.09067234982075068,2.484621880280501
3.64934,3.558669650179249,0.09067034982075084,0.09067034982075084,2.484568437532986
3.649339,3.558669650179249,0.0906693498207507,0.0906693498207507,2.4845417161372554
0.09776,0.007110536721061322,0.09064946327893868,0.09064946327893868,92.72653762910407
3.6493,3.558669650179249,0.09063034982075102,0.09063034982075102,2.483499570281082
3.649278,3.558669650179249,0.09060834982075061,0.09060834982075061,2.4829116833046894
3.649274,3.558669650179249,0.09060434982075094,0.09060434982075094,2.482804794001989
3.649264,3.558669650179249,0.09059434982075087,0.09059434982075087,2.4825375697200407
3.649263,3.558669650179249,0.09059334982075073,0.09059334982075073,2.4825108472112922
3.649261,3.558669650179249,0.0905913498207509,0.0905913498207509,2.4824574021498718
3.649259,3.558669650179249,0.09058934982075062,0.09058934982075062,2.4824039570298577
3.649251,3.558669650179249,0.09058134982075083,0.09058134982075083,2.482190175964017
3.649248,3.558669650179249,0.09057834982075086,0.09057834982075086,2.482110007822673
3.649247,3.558669650179249,0.09057734982075072,0.09057734982075072,2.482083285079597
3.649246,3.558669650179249,0.09057634982075102,0.09057634982075102,2.482056562321887
3.649238,3.558669650179249,0.0905683498207508,0.0905683498207508,2.481842779732891
0.097663,0.007110536721061322,0.09055246327893868,0.09055246327893868,92.71931354373649
3.649221,3.558669650179249,0.09055134982075064,0.09055134982075064,2.481388488619057
3.649219,3.558669650179249,0.0905493498207508,0.0905493498207508,2.481335042327398
3.649217,3.558669650179249,0.09054734982075097,0.09054734982075097,2.4812815959771557
3.649215,3.558669650179249,0.09054534982075069,0.09054534982075069,2.481228149568317
3.649212,3.558669650179249,0.09054234982075071,0.09054234982075071,2.481147979845226
3.649202,3.558669650179249,0.09053234982075065,0.09053234982075065,2.4808807464829234
3.649198,3.558669650179249,0.09052834982075098,0.09052834982075098,2.48077385272792
3.649193,3.558669650179249,0.09052334982075072,0.09052334982075072,2.480640235204608
3.649189,3.558669650179249,0.0905193498207506,0.0905193498207506,2.4805333409223276
3.649183,3.558669650179249,0.09051334982075065,0.09051334982075065,2.4803729990595236
3.64918,3.558669650179249,0.09051034982075068,0.09051034982075068,2.480292827930395
3.649174,3.558669650179249,0.09050434982075073,0.09050434982075073,2.480132485276685
5.438376,5.3478809235103135,0.09049507648968635,0.09049507648968635,1.6640091911265853
3.649159,3.558669650179249,0.09048934982075085,0.09048934982075085,2.479731626335578
3.649148,3.558669650179249,0.09047834982075065,0.09047834982075065,2.4794376610176188
3.649133,3.558669650179249,0.09046334982075077,0.09046334982075077,2.4790367963642796
3.649132,3.558669650179249,0.09046234982075063,0.09046234982075063,2.479010071936878
3.649132,3.558669650179249,0.09046234982075063,0.09046234982075063,2.479010071936878
3.649123,3.558669650179249,0.0904533498207507,0.0904533498207507,2.478769551431178
3.649111,3.558669650179249,0.0904413498207508,0.0904413498207508,2.4784488555780393
3.649107,3.558669650179249,0.09043734982075069,0.09043734982075069,2.4783419564916116
3.649104,3.558669650179249,0.09043434982075071,0.09043434982075071,2.478261782022997
3.649086,3.558669650179249,0.09041634982075086,0.09041634982075086,2.477780732442948
3.297096,3.2066853285939843,0.09041067140601555,0.09041067140601555,2.7421303899939042
3.649048,3.558669650179249,0.09037834982075088,0.09037834982075088,2.476765167744412
8.433076,8.523445409633732,-0.09036940963373219,0.09036940963373219,1.0716067260944948
3.649039,3.558669650179249,0.09036934982075095,0.09036934982075095,2.47652463616515
3.649037,3.558669650179249,0.09036734982075068,0.09036734982075068,2.4764711845419547
0.475319,0.5656793176774606,-0.09036031767746061,0.09036031767746061,19.01045774699731
3.649029,3.558669650179249,0.09035934982075089,0.09035934982075089,2.4762573774632823
3.649013,3.558669650179249,0.09034334982075087,0.09034334982075087,2.4758297604934554
3.649005,3.558669650179249,0.09033534982075064,0.09033534982075064,2.4756159506022883
3.649,3.558669650179249,0.09033034982075083,0.09033034982075083,2.4754823189442408
3.648998,3.558669650179249,0.090328349820751,0.090328349820751,2.475428866178484
3.648987,3.558669650179249,0.09031734982075079,0.09031734982075079,2.4751348749194135
3.648983,3.558669650179249,0.09031334982075068,0.09031334982075068,2.475027968567561
3.648982,3.558669650179249,0.09031234982075098,0.09031234982075098,2.475001241942985
3.648977,3.558669650179249,0.09030734982075073,0.09030734982075073,2.4748676086003245
3.648971,3.558669650179249,0.09030134982075078,0.09030134982075078,2.4747072481057284
3.648965,3.558669650179249,0.09029534982075083,0.09029534982075083,2.4745468870837697
3.648949,3.558669650179249,0.09027934982075081,0.09027934982075081,2.474119255113642
3.648936,3.558669650179249,0.09026634982075077,0.09026634982075077,2.473771801376538
3.648933,3.558669650179249,0.0902633498207508,0.0902633498207508,2.473691619393316
3.648906,3.558669650179249,0.09023634982075102,0.09023634982075102,2.4729699756112664
0.097344,0.007110536721061322,0.09023346327893868,0.09023346327893868,92.69545445661082
3.648893,3.558669650179249,0.09022334982075098,0.09022334982075098,2.472622513685064
3.64888,3.558669650179249,0.09021034982075093,0.09021034982075093,2.4722750492830308
0.097299,0.007110536721061322,0.09018846327893867,0.09018846327893867,92.6920761634206
3.648849,3.558669650179249,0.0901793498207506,0.0901793498207506,2.4714464703329506
16.279558,16.369679249295167,-0.09012124929516574,0.09012124929516574,0.5535853571369207
3.64878,3.558669650179249,0.09011034982075072,0.09011034982075072,2.4696021634157477
3.648776,3.558669650179249,0.09010634982075061,0.09010634982075061,2.469495244933674
3.648756,3.558669650179249,0.09008634982075092,0.09008634982075092,2.468960649007003
3.648741,3.558669650179249,0.0900713498207506,0.0900713498207506,2.468559698215961
0.475631,0.5656793176774606,-0.09004831767746058,0.09004831767746058,18.932390373741026
0.097138,0.007110536721061322,0.09002746327893868,0.09002746327893868,92.67996374874788
3.648691,3.558669650179249,0.09002134982075072,0.09002134982075072,2.4672231717699167
3.648688,3.558669650179249,0.09001834982075074,0.09001834982075074,2.46714297901831
3.64868,3.558669650179249,0.09001034982075096,0.09001034982075096,2.4669291310359918
3.64865,3.558669650179249,0.08998034982075076,0.08998034982075076,2.466127192750322
0.09707,0.007110536721061322,0.08995946327893868,0.08995946327893868,92.67483587747383
0.097065,0.007110536721061322,0.08995446327893868,0.08995446327893868,92.67445854454667
3.648605,3.558669650179249,0.08993534982075069,0.08993534982075069,2.464924260595098
0.097042,0.007110536721061322,0.08993146327893868,0.08993146327893868,92.67272231226269
0.09704,0.007110536721061322,0.08992946327893868,0.08992946327893868,92.67257129664685
0.097033,0.007110536721061322,0.08992246327893867,0.08992246327893867,92.67204269296697
3.648572,3.558669650179249,0.08990234982075096,0.08990234982075096,2.4640420914891337
3.648559,3.558669650179249,0.08988934982075092,0.08988934982075092,2.4636945659447256
0.096977,0.007110536721061322,0.08986646327893867,0.08986646327893867,92.66781111631714
3.648534,3.558669650179249,0.08986434982075098,0.08986434982075098,2.4630262406294676
3.648501,3.558669650179249,0.0898313498207508,0.0898313498207508,2.462144037189209
3.64849,3.558669650179249,0.0898203498207506,0.0898203498207506,2.461849965829391
3.648478,3.558669650179249,0.0898083498207507,0.0898083498207507,2.461529158687244
0.385494,0.47522561625808635,-0.08973161625808634,0.08973161625808634,23.277046136855382
3.648377,3.558669650179249,0.08970734982075079,0.08970734982075079,2.458828948277329
3.648373,3.558669650179249,0.08970334982075068,0.08970334982075068,2.4587220061734905
3.648364,3.558669650179249,0.08969434982075075,0.08969434982075075,2.4584813855824765
3.64835,3.558669650179249,0.08968034982075102,0.08968034982075102,2.458107084525687
3.648335,3.558669650179249,0.0896653498207507,0.0896653498207507,2.457706044491336
3.648325,3.558669650179249,0.08965534982075063,0.08965534982075063,2.457438682636366
3.648299,3.558669650179249,0.08962934982075099,0.08962934982075099,2.456743534954077
3.648288,3.558669650179249,0.08961834982075079,0.08961834982075079,2.4564494310288643
7.482537,7.572091814980505,-0.089554814980505,0.089554814980505,1.196850947470198
3.648224,3.558669650179249,0.08955434982075072,0.08955434982075072,2.454738245740831
0.096653,0.007110536721061322,0.08954246327893868,0.08954246327893868,92.64323216692235
0.096652,0.007110536721061322,0.08954146327893868,0.08954146327893868,92.64315605087894
0.09665,0.007110536721061322,0.08953946327893868,0.08953946327893868,92.64300381406692
3.648182,3.558669650179249,0.08951234982075063,0.08951234982075063,2.4536152477671624
3.648176,3.558669650179249,0.08950634982075067,0.08950634982075067,2.4534548173744146
3.648172,3.558669650179249,0.089502349820751,0.089502349820751,2.453347863486087
0.096612,0.007110536721061322,0.08950146327893868,0.08950146327893868,92.64011011706472
3.648167,3.558669650179249,0.08949734982075075,0.08949734982075075,2.453214170795842
3.648125,3.558669650179249,0.08945534982075065,0.08945534982075065,2.4520911377296164
3.648112,3.558669650179249,0.08944234982075061,0.08944234982075061,2.451743527016135
3.648091,3.558669650179249,0.08942134982075078,0.08942134982075078,2.4511819967840607
3.64801,3.558669650179249,0.08934034982075101,0.08934034982075101,2.449016033900729
3.648007,3.558669650179249,0.08933734982075103,0.08933734982075103,2.448935811206012
0.096435,0.007110536721061322,0.08932446327893868,0.08932446327893868,92.62660153088825
0.47636,0.5656793176774606,-0.0893193176774606,0.0893193176774606,18.75038157248934
3.647931,3.558669650179249,0.08926134982075062,0.08926134982075062,2.4469034589279164
7.482831,7.572091814980505,-0.08926081498050475,0.08926081498050475,1.1928749290116518
3.6479,3.558669650179249,0.08923034982075073,0.08923034982075073,2.4460744488145143
3.647896,3.558669650179249,0.08922634982075062,0.08922634982075062,2.4459674787412977
3.647891,3.558669650179249,0.0892213498207508,0.0892213498207508,2.4458337658198936
3.647876,3.558669650179249,0.08920634982075093,0.08920634982075093,2.4454326248563683
3.647829,3.558669650179249,0.08915934982075102,0.08915934982075102,2.444175695141051
0.096073,0.007110536721061322,0.08896246327893868,0.08896246327893868,92.59881880064104
0.096003,0.007110536721061322,0.08889246327893868,0.08889246327893868,92.59342227466357
4.89949,4.810599633630513,0.08889036636948688,0.08889036636948688,1.8142779425546862
0.095985,0.007110536721061322,0.08887446327893868,0.08887446327893868,92.59203332431801
0.476808,0.5656793176774606,-0.08887131767746059,0.08887131767746059,18.638805904855158
0.095958,0.007110536721061322,0.08884746327893868,0.08884746327893868,92.58994892176653
0.095934,0.007110536721061322,0.08882346327893868,0.08882346327893868,92.58809513452017
0.095927,0.007110536721061322,0.08881646327893868,0.08881646327893868,92.5875542718433
0.095908,0.007110536721061322,0.08879746327893867,0.08879746327893867,92.58608581802623
0.095905,0.007110536721061322,0.08879446327893868,0.08879446327893868,92.58585390370975
0.095898,0.007110536721061322,0.08878746327893867,0.08878746327893867,92.58531271387659
0.095892,0.007110536721061322,0.08878146327893868,0.08878146327893868,92.58484877398931
9.968745,9.88007128045389,0.08867371954610981,0.08867371954610981,0.8895173820297367
0.477051,0.5656793176774606,-0.0886283176774606,0.0886283176774606,18.57837372919923
0.477059,0.5656793176774606,-0.08862031767746059,0.08862031767746059,18.57638523932767
0.477066,0.5656793176774606,-0.08861331767746061,0.08861331767746061,18.57464536539723
16.281139,16.369679249295167,-0.08854024929516768,0.08854024929516768,0.5438209777253536
8.434956,8.523445409633732,-0.08848940963373231,0.08848940963373231,1.0490796826051403
28.48658,28.398104123093105,0.08847587690689451,0.08847587690689451,0.3105879221253795
0.095333,0.007110536721061322,0.08822246327893868,0.08822246327893868,92.54136887163659
0.095326,0.007110536721061322,0.08821546327893867,0.08821546327893867,92.5408211677799
0.095269,0.007110536721061322,0.08815846327893868,0.08815846327893868,92.53635829745491
0.095252,0.007110536721061322,0.08814146327893868,0.08814146327893868,92.53502623189398
0.095248,0.007110536721061322,0.08813746327893868,0.08813746327893868,92.53471273559967
0.095247,0.007110536721061322,0.08813646327893868,0.08813646327893868,92.53463435741183
0.095245,0.007110536721061322,0.08813446327893867,0.08813446327893867,92.5344775960987
0.095222,0.007110536721061322,0.08811146327893868,0.08811146327893868,92.53267436769444
0.095198,0.007110536721061322,0.08808746327893868,0.08808746327893868,92.5307918090799
7.484005,7.572091814980505,-0.08808681498050497,0.08808681498050497,1.1770010172271126
3.294759,3.2066853285939843,0.08807367140601574,0.08807367140601574,2.673144573042902
0.095144,0.007110536721061322,0.08803346327893868,0.08803346327893868,92.52655257968146
0.095115,0.007110536721061322,0.08800446327893868,0.08800446327893868,92.52427396984115
0.095104,0.007110536721061322,0.08799346327893867,0.08799346327893867,92.52340930603894
3.294672,3.2066853285939843,0.08798667140601557,0.08798667140601557,2.6705745337728612
0.095091,0.007110536721061322,0.08798046327893867,0.08798046327893867,92.52238717272539
0.095086,0.007110536721061322,0.08797546327893868,0.08797546327893868,92.52199397010779
0.095085,0.007110536721061322,0.08797446327893868,0.08797446327893868,92.52191532462194
0.095044,0.007110536721061322,0.08793346327893868,0.08793346327893868,92.51868943480913
0.095037,0.007110536721061322,0.08792646327893867,0.08792646327893867,92.51813839496253
0.477765,0.5656793176774606,-0.08791431767746061,0.08791431767746061,18.401163262076427
0.094999,0.007110536721061322,0.08788846327893868,0.08788846327893868,92.51514561882075
0.094985,0.007110536721061322,0.08787446327893868,0.08787446327893868,92.51404241345963
0.094978,0.007110536721061322,0.08786746327893868,0.08786746327893868,92.51349068881761
0.477825,0.5656793176774606,-0.0878543176774606,0.0878543176774606,18.386295748249736
0.094962,0.007110536721061322,0.08785146327893868,0.08785146327893868,92.51222929848409
0.094946,0.007110536721061322,0.08783546327893868,0.08783546327893868,92.51096748301953
0.094942,0.007110536721061322,0.08783146327893868,0.08783146327893868,92.51065196270147
0.094827,0.007110536721061322,0.08771646327893867,0.08771646327893867,92.50156936994433
3.294369,3.2066853285939843,0.08768367140601585,0.08768367140601585,2.6616226477165803
4.898218,4.810599633630513,0.08761836636948672,0.08761836636948672,1.788780457866472
0.478104,0.5656793176774606,-0.08757531767746063,0.08757531767746063,18.317210828427164
0.094642,0.007110536721061322,0.08753146327893868,0.08753146327893868,92.48691192752875
0.094574,0.007110536721061322,0.08746346327893868,0.08746346327893868,92.48150991441324
0.478299,0.5656793176774606,-0.08738031767746063,0.08738031767746063,18.26897352057848
0.09449,0.007110536721061322,0.08737946327893868,0.08737946327893868,92.47482610484057
0.094479,0.007110536721061322,0.08736846327893867,0.08736846327893867,92.47394996397584
3.294017,3.2066853285939843,0.08733167140601594,0.08733167140601594,2.6512210290160834
0.094432,0.007110536721061322,0.08732146327893868,0.08732146327893868,92.47020415374924
0.094382,0.007110536721061322,0.08727146327893867,0.08727146327893867,92.46621515381372
0.094371,0.007110536721061322,0.08726046327893867,0.08726046327893867,92.46533700657335
4.89763,4.810599633630513,0.08703036636948713,0.08703036636948713,1.776989408503912
4.897565,4.810599633630513,0.08696536636948693,0.08696536636948693,1.7756858023877424
3.293556,3.2066853285939843,0.0868706714060159,0.0868706714060159,2.6375950918514306
0.478811,0.5656793176774606,-0.08686831767746062,0.08686831767746062,18.14250667994639
0.478976,0.5656793176774606,-0.08670331767746059,0.08670331767746059,18.101808370222887
7.485449,7.572091814980505,-0.08664281498050475,0.08664281498050475,1.157483204806382
3.293266,3.2066853285939843,0.08658067140601577,0.08658067140601577,2.6290215064129883
4.897145,4.810599633630513,0.08654536636948684,0.08654536636948684,1.76726166710848
4.897092,4.810599633630513,0.08649236636948654,0.08649236636948654,1.7661985187887086
0.479295,0.5656793176774606,-0.08638431767746058,0.08638431767746058,18.023204427218595
3.293051,3.2066853285939843,0.08636567140601592,0.08636567140601592,2.6226642527975805
3.292936,3.2066853285939843,0.08625067140601583,0.08625067140601583,2.619263520560271
0.479547,0.5656793176774606,-0.0861323176774606,0.0861323176774606,17.961183712858055
4.896664,4.810599633630513,0.08606436636948711,0.08606436636948711,1.7576122512741224
3.292614,3.2066853285939843,0.08592867140601568,0.08592867140601568,2.609740206516948
3.292524,3.2066853285939843,0.08583867140601553,0.08583867140601553,2.6070780775905797
5.433713,5.3478809235103135,0.08583207648968649,0.08583207648968649,1.5796210894485387
5.433524,5.3478809235103135,0.08564307648968672,0.08564307648968672,1.576197629533071
0.480137,0.5656793176774606,-0.08554231767746062,0.08554231767746062,17.816231129790953
0.480178,0.5656793176774606,-0.08550131767746061,0.08550131767746061,17.80617139053735
0.480242,0.5656793176774606,-0.0854373176774606,0.0854373176774606,17.790471816223928
5.433311,5.3478809235103135,0.08543007648968626,0.08543007648968626,1.5723391590894378
0.480388,0.5656793176774606,-0.08529131767746062,0.08529131767746062,17.754672818577056
0.480465,0.5656793176774606,-0.08521431767746063,0.08521431767746063,17.735801288277987
4.895775,4.810599633630513,0.0851753663694872,0.0851753663694872,1.739772893316123
4.895341,4.810599633630513,0.08474136636948693,0.08474136636948693,1.7310615617534275
9.964339,9.88007128045389,0.08426771954611034,0.08426771954611034,0.8456930213360329
9.964157,9.88007128045389,0.08408571954610977,0.08408571954610977,0.8438819214236176
0.48174,0.5656793176774606,-0.0839393176774606,0.0839393176774606,17.424195138463986
39.036065,39.11996848786336,-0.08390348786335977,0.08390348786335977,0.21493838547288216
3.290424,3.2066853285939843,0.08373867140601554,0.08373867140601554,2.544920393343552
4.894298,4.810599633630513,0.0836983663694868,0.0836983663694868,1.7101199470848867
28.48176,28.398104123093105,0.0836558769068958,0.0836558769068958,0.2937173717726787
7.488655,7.572091814980505,-0.08343681498050515,0.08343681498050515,1.1141762436564506
5.431171,5.3478809235103135,0.08329007648968645,0.08329007648968645,1.533556510891535
9.963143,9.88007128045389,0.08307171954611015,0.08307171954611015,0.8337902963480134
9.962981,9.88007128045389,0.08290971954610882,0.08290971954610882,0.832177834578593
28.480629,28.398104123093105,0.08252487690689492,0.08252487690689492,0.28975791548215163
3.289191,3.2066853285939843,0.08250567140601595,0.08250567140601595,2.508387971495348
9.962566,9.88007128045389,0.08249471954611032,0.08249471954611032,0.8280469062416477
0.483636,0.5656793176774606,-0.08204331767746059,0.08204331767746059,16.9638566319498
28.480051,28.398104123093105,0.08194687690689406,0.08194687690689406,0.28773430534448946
3.288558,3.2066853285939843,0.08187267140601584,0.08187267140601584,2.489622241831411
0.483892,0.5656793176774606,-0.08178731767746061,0.08178731767746061,16.901977643887196
0.483946,0.5656793176774606,-0.08173331767746062,0.08173331767746062,16.888933405911338
3.288404,3.2066853285939843,0.08171867140601563,0.08171867140601563,2.485055711023663
17.422375,17.341366673240962,0.08100832675903646,0.08100832675903646,0.4649671859236844
7.491224,7.572091814980505,-0.08086781498050488,0.08086781498050488,1.0795006928030104
9.96088,9.88007128045389,0.08080871954610913,0.08080871954610913,0.8112608478899241
17.422031,17.341366673240962,0.08066432675903812,0.08066432675903812,0.4630018552864194
5.428388,5.3478809235103135,0.08050707648968647,0.08050707648968647,1.4830752055343759
28.47839,28.398104123093105,0.08028587690689548,0.08028587690689548,0.2819185947892896
0.485492,0.5656793176774606,-0.08018731767746062,0.08018731767746062,16.51671246095588
0.485704,0.5656793176774606,-0.07997531767746058,0.07997531767746058,16.465855265963366
7.492154,7.572091814980505,-0.07993781498050456,0.07993781498050456,1.0669537088991712
0.486099,0.5656793176774606,-0.0795803176774606,0.0795803176774606,16.371216081721908
28.477639,28.398104123093105,0.07953487690689443,0.07953487690689443,0.2792888726014651
0.486282,0.5656793176774606,-0.07939731767746061,0.07939731767746061,16.327422701464002
3.286009,3.2066853285939843,0.0793236714060157,0.0793236714060157,2.4139821711870457
7.492815,7.572091814980505,-0.07927681498050454,0.07927681498050454,1.0580377999382944
17.420638,17.341366673240962,0.07927132675903792,0.07927132675903792,0.4550426153082504
9.959019,9.88007128045389,0.07894771954610924,0.07894771954610924,0.7927258653218406
3.285442,3.2066853285939843,0.07875667140601594,0.07875667140601594,2.3971408231713967
0.487112,0.5656793176774606,-0.07856731767746061,0.07856731767746061,16.12921005052871
0.487138,0.5656793176774606,-0.07854131767746059,0.07854131767746059,16.1230118901292
9.958582,9.88007128045389,0.07851071954610944,0.07851071954610944,0.7883724765766961
28.476453,28.398104123093105,0.07834887690689385,0.07834887690689385,0.2751356600016818
9.802017,9.88007128045389,-0.07805428045389107,0.07805428045389107,0.7963083562607041
5.425922,5.3478809235103135,0.07804107648968639,0.07804107648968639,1.438300743878148
3.2844,3.2066853285939843,0.07771467140601596,0.07771467140601596,2.366175599916264
0.488093,0.5656793176774606,-0.0775863176774606,0.0775863176774606,15.89580626265175
3.284192,3.2066853285939843,0.07750667140601575,0.07750667140601575,2.359992089489767
7.494677,7.572091814980505,-0.07741481498050451,0.07741481498050451,1.0329306383646897
0.488303,0.5656793176774606,-0.07737631767746062,0.07737631767746062,15.84596401447762
7.494953,7.572091814980505,-0.07713881498050501,0.07713881498050501,1.0292101228583528
17.418358,17.341366673240962,0.07699132675903897,0.07699132675903897,0.4420125407836775
3.283544,3.2066853285939843,0.07685867140601577,0.07685867140601577,2.3407230542266237
28.474823,28.398104123093105,0.07671887690689516,0.07671887690689516,0.26942705458301086
3.282991,3.2066853285939843,0.07630567140601574,0.07630567140601574,2.324272939026987
0.153524,0.07723702223053763,0.07628697776946236,0.07628697776946236,49.69058760830344
3.282948,3.2066853285939843,0.07626267140601595,0.07626267140601595,2.3229935839280107
4.484714,4.408548953394554,0.07616504660544621,0.07616504660544621,1.698325614604362
4.484647,4.408548953394554,0.07609804660544572,0.07609804660544572,1.6968570013146826
0.153095,0.07723702223053763,0.07585797776946238,0.07585797776946238,49.54961149607286
0.153089,0.07723702223053763,0.07585197776946237,0.07585197776946237,49.54763419965819
4.484389,4.408548953394554,0.07584004660544608,0.07584004660544608,1.6912013343123193
0.153066,0.07723702223053763,0.07582897776946237,0.07582897776946237,49.540053127358334
0.153043,0.07723702223053763,0.07580597776946238,0.07580597776946238,49.532469776422246
0.153007,0.07723702223053763,0.07576997776946237,0.07576997776946237,49.52059560669889
0.153001,0.07723702223053763,0.07576397776946237,0.07576397776946237,49.51861603515255
0.152999,0.07723702223053763,0.07576197776946236,0.07576197776946236,49.51795614346787
4.484272,4.408548953394554,0.07572304660544571,0.07572304660544571,1.6886363406090683
28.47364,28.398104123093105,0.07553587690689412,0.07553587690689412,0.2652835285781124
3.282159,3.2066853285939843,0.0754736714060158,0.0754736714060158,2.2995129548482045
0.152421,0.07723702223053763,0.07518397776946237,0.07518397776946237,49.32652175234111
4.483672,4.408548953394554,0.07512304660544622,0.07512304660544622,1.6754804232729497
3.281609,3.2066853285939843,0.07492367140601575,0.07492367140601575,2.2831382838032384
9.954922,9.88007128045389,0.07485071954610945,0.07485071954610945,0.7518965949241747
7.497384,7.572091814980505,-0.0747078149805045,0.0747078149805045,0.9964517621013947
0.151919,0.07723702223053763,0.07468197776946237,0.07468197776946237,49.15907669238428
4.483207,4.408548953394554,0.07465804660544606,0.07465804660544606,1.6652821652843774
0.151839,0.07723702223053763,0.07460197776946237,0.07460197776946237,49.13228993890244
0.151793,0.07723702223053763,0.07455597776946238,0.07455597776946238,49.11687477047393
17.415741,17.341366673240962,0.07437432675903821,0.07437432675903821,0.42705232443805385
7.49774,7.572091814980505,-0.07435181498050447,0.07435181498050447,0.9916563521742926
3.280932,3.2066853285939843,0.07424667140601571,0.07424667140601571,2.2629750145310155
5.422051,5.3478809235103135,0.07417007648968621,0.07417007648968621,1.3679339513464237
0.151253,0.07723702223053763,0.07401597776946237,0.07401597776946237,48.93521300108239
0.151242,0.07723702223053763,0.07400497776946235,0.07400497776946235,48.93149900195108
0.151208,0.07723702223053763,0.07397097776946238,0.07397097776946238,48.920015951895635
0.151157,0.07723702223053763,0.07391997776946238,0.07391997776946238,48.90278169093035
3.126892,3.0530264967629055,0.07386550323709429,0.07386550323709429,2.3622658932490164
3.126888,3.0530264967629055,0.07386150323709462,0.07386150323709462,2.362140992409465
3.126858,3.0530264967629055,0.07383150323709442,0.07383150323709442,2.361204225926896
3.126753,3.0530264967629055,0.0737265032370944,0.0737265032370944,2.3579254016782416
3.126729,3.0530264967629055,0.0737025032370946,0.0737025032370946,2.357175925215694
0.150935,0.07723702223053763,0.07369797776946238,0.07369797776946238,48.82762627663216
3.126719,3.0530264967629055,0.07369250323709453,0.07369250323709453,2.356863639960536
3.126702,3.0530264967629055,0.07367550323709438,0.07367550323709438,2.3563327504424163
3.280335,3.2066853285939843,0.07364967140601575,0.07364967140601575,2.245187500781797
3.126673,3.0530264967629055,0.07364650323709432,0.07364650323709432,2.355427102058287
3.126663,3.0530264967629055,0.0736365032370947,0.0736365032370947,2.3551148056167097
3.126651,3.0530264967629055,0.07362450323709435,0.07362450323709435,2.3547400472499045
3.126622,3.0530264967629055,0.0735955032370943,0.0735955032370943,2.3538343693206425
28.471662,28.398104123093105,0.07355787690689297,0.07355787690689297,0.25835469986485027
0.150773,0.07723702223053763,0.07353597776946236,0.07353597776946236,48.7726434578404
4.44119,4.36765804208178,0.07353195791821943,0.07353195791821943,1.6556814258467607
4.434776,4.36127494176095,0.07350105823905029,0.07350105823905029,1.6573792732122863
3.126491,3.0530264967629055,0.07346450323709464,0.07346450323709464,2.3497429941344747
3.126481,3.0530264967629055,0.07345450323709457,0.07345450323709457,2.3494306613328257
3.126477,3.0530264967629055,0.07345050323709446,0.07345050323709446,2.349305727652727
3.126473,3.0530264967629055,0.07344650323709434,0.07344650323709434,2.3491807936529487
3.126465,3.0530264967629055,0.07343850323709455,0.07343850323709455,2.348930924694363
3.126434,3.0530264967629055,0.07340750323709466,0.07340750323709466,2.3479626704017003
3.12643,3.0530264967629055,0.07340350323709455,0.07340350323709455,2.3478377329652895
3.126405,3.0530264967629055,0.0733785032370946,0.0733785032370946,2.347056866744633
3.126403,3.0530264967629055,0.07337650323709433,0.07337650323709433,2.3469943969074794
3.126397,3.0530264967629055,0.07337050323709438,0.07337050323709438,2.346806986916491
3.126385,3.0530264967629055,0.07335850323709447,0.07335850323709447,2.3464321647765085
3.12635,3.0530264967629055,0.07332350323709447,0.07332350323709447,2.345338917099785
0.150527,0.07723702223053763,0.07328997776946236,0.07328997776946236,48.68892472498185
3.126268,3.0530264967629055,0.07324150323709455,0.07324150323709455,2.342777498114422
0.150462,0.07723702223053763,0.07322497776946238,0.07322497776946238,48.666758198612015
3.126247,3.0530264967629055,0.07322050323709473,0.07322050323709473,2.3421215033473874
3.126227,3.0530264967629055,0.0732005032370946,0.0732005032370946,2.3414967382327996
4.481743,4.408548953394554,0.0731940466054457,0.0731940466054457,1.6331602816987174
0.150386,0.07723702223053763,0.07314897776946236,0.07314897776946236,48.640816113748315
0.150381,0.07723702223053763,0.07314397776946235,0.07314397776946235,48.63910847834717
0.15038,0.07723702223053763,0.07314297776946238,0.07314297776946238,48.63876693764038
3.126169,3.0530264967629055,0.07314250323709448,0.07314250323709448,2.339684874194415
0.150368,0.07723702223053763,0.07313097776946237,0.07313097776946237,48.63466809482582
0.150366,0.07723702223053763,0.07312897776946237,0.07312897776946237,48.63398489075215
0.150362,0.07723702223053763,0.07312497776946236,0.07312497776946236,48.63261842808006
3.12612,3.0530264967629055,0.07309350323709429,0.07309350323709429,2.3381541090795026
3.126114,3.0530264967629055,0.07308750323709434,0.07308750323709434,2.3379666651554096
3.126114,3.0530264967629055,0.07308750323709434,0.07308750323709434,2.3379666651554096
3.126075,3.0530264967629055,0.07304850323709466,0.07304850323709466,2.3367482621100875
3.126073,3.0530264967629055,0.07304650323709438,0.07304650323709438,2.3366857790831403
3.126026,3.0530264967629055,0.07299950323709448,0.07299950323709448,2.3352174049339083
3.126012,3.0530264967629055,0.0729855032370943,0.0729855032370943,2.3347800083543992
0.1502,0.07723702223053763,0.07296297776946237,0.07296297776946237,48.57721552655469
0.150199,0.07723702223053763,0.07296197776946237,0.07296197776946237,48.57687316219515
3.125983,3.0530264967629055,0.07295650323709468,0.07295650323709468,2.3338739601194503
3.125977,3.0530264967629055,0.07295050323709429,0.07295050323709429,2.333686499765053
3.125959,3.0530264967629055,0.07293250323709444,0.07293250323709444,2.33312411438414
0.150139,0.07723702223053763,0.07290197776946236,0.07290197776946236,48.55632295466604
3.125918,3.0530264967629055,0.07289150323709448,0.07289150323709448,2.3318431012829715
0.492801,0.5656793176774606,-0.07287831767746061,0.07287831767746061,14.788589646261274
3.125901,3.0530264967629055,0.07287450323709432,0.07287450323709432,2.3313119396539754
3.125873,3.0530264967629055,0.0728465032370944,0.0728465032370944,2.330437072611842
3.125848,3.0530264967629055,0.07282150323709446,0.07282150323709446,2.32965592807983
0.15004,0.07723702223053763,0.07280297776946237,0.07280297776946237,48.52237917951212
3.125797,3.0530264967629055,0.07277050323709444,0.07277050323709444,2.328062354489635
3.125774,3.0530264967629055,0.07274750323709434,0.07274750323709434,2.327343667033093
3.12574,3.0530264967629055,0.07271350323709447,0.07271350323709447,2.326281240114923
4.440308,4.36765804208178,0.0726499579182196,0.0726499579182196,1.6361468149638145
3.12567,3.0530264967629055,0.07264350323709445,0.07264350323709445,2.324093817798116
0.149874,0.07723702223053763,0.07263697776946237,0.07263697776946237,48.46536271868169
0.149856,0.07723702223053763,0.07261897776946236,0.07261897776946236,48.45917261971705
3.12559,3.0530264967629055,0.07256350323709437,0.07256350323709437,2.321593786605818
4.481083,4.408548953394554,0.07253404660544582,0.07253404660544582,1.6186722407022398
3.125543,3.0530264967629055,0.07251650323709447,0.07251650323709447,2.3201249585999726
3.125502,3.0530264967629055,0.07247550323709451,0.07247550323709451,2.318843604476198
4.439957,4.36765804208178,0.07229895791821939,0.07229895791821939,1.6283706782878982
3.125309,3.0530264967629055,0.07228250323709462,0.07228250323709462,2.312811412720528
4.439851,4.36765804208178,0.07219295791821967,0.07219295791821967,1.6260220876014455
4.453083,4.380937512331496,0.0721454876685046,0.0721454876685046,1.6201244770619472
4.480672,4.408548953394554,0.0721230466054461,0.0721230466054461,1.6096479859234607
4.537866,4.465786994210472,0.07207900578952842,0.07207900578952842,1.5883899125258443
4.43972,4.36765804208178,0.07206195791822001,0.07206195791822001,1.623119429076538
0.149281,0.07723702223053763,0.07204397776946236,0.07204397776946236,48.26064785284244
4.480471,4.408548953394554,0.07192204660544554,0.07192204660544554,1.6052340614154255
0.149066,0.07723702223053763,0.07182897776946237,0.07182897776946237,48.18602345355503
0.149039,0.07723702223053763,0.07180197776946237,0.07180197776946237,48.1766368006265
4.480326,4.408548953394554,0.0717770466054457,0.0717770466054457,1.6020496411163754
0.148964,0.07723702223053763,0.07172697776946238,0.07172697776946238,48.15054491106027
4.537311,4.465786994210472,0.07152400578952811,0.07152400578952811,1.5763522885680916
4.452407,4.380937512331496,0.07146948766850425,0.07146948766850425,1.605187658426084
4.654019,4.582606289982692,0.07141271001730765,0.07141271001730765,1.5344309942820005
0.14864,0.07723702223053763,0.07140297776946236,0.07140297776946236,48.03752537770777
4.432667,4.36127494176095,0.07139205823905037,0.07139205823905037,1.6105892510635194
4.439042,4.36765804208178,0.07138395791821939,0.07138395791821939,1.6080937715077106
7.500767,7.572091814980505,-0.07132481498050502,0.07132481498050502,0.9509002876579705
0.148492,0.07723702223053763,0.07125497776946238,0.07125497776946238,47.98573507089718
0.494455,0.5656793176774606,-0.07122431767746062,0.07122431767746062,14.404610664884776
4.432452,4.36127494176095,0.07117705823904963,0.07117705823904963,1.605816785775544
0.148395,0.07723702223053763,0.07115797776946237,0.07115797776946237,47.951735382937855
0.148371,0.07723702223053763,0.07113397776946237,0.07113397776946237,47.9433162285885
0.148362,0.07723702223053763,0.07112497776946236,0.07112497776946236,47.940158343458705
4.432396,4.36127494176095,0.0711210582390498,0.0711210582390498,1.604573649047721
0.148342,0.07723702223053763,0.07110497776946237,0.07110497776946237,47.93313944906313
0.148298,0.07723702223053763,0.07106097776946238,0.07106097776946238,47.91769121737628
4.536728,4.465786994210472,0.07094100578952833,0.07094100578952833,1.5637041891857884
3.277481,3.2066853285939843,0.07079567140601561,0.07079567140601561,2.160063518411108
0.147918,0.07723702223053763,0.07068097776946236,0.07068097776946236,47.78389223872583
3.277366,3.2066853285939843,0.07068067140601553,0.07068067140601553,2.1566303978212655
4.451613,4.380937512331496,0.07067548766850429,0.07067548766850429,1.5876377319168726
0.147899,0.07723702223053763,0.07066197776946237,0.07066197776946237,47.77718424173604
0.147837,0.07723702223053763,0.07059997776946236,0.07059997776946236,47.75528299526307
4.536375,4.465786994210472,0.07058800578952784,0.07058800578952784,1.5560443258763177
0.147821,0.07723702223053763,0.07058397776946237,0.07058397776946237,47.74962807836014
4.653134,4.582606289982692,0.0705277100173074,0.0705277100173074,1.5157033950836512
4.438118,4.36765804208178,0.0704599579182199,0.0704599579182199,1.5876089350628417
4.438065,4.36765804208178,0.0704069579182196,0.0704069579182196,1.5864336803682049
0.147592,0.07723702223053763,0.07035497776946237,0.07035497776946237,47.66855772792143
3.277017,3.2066853285939843,0.0703316714060156,0.0703316714060156,2.1462101479445908
0.147463,0.07723702223053763,0.07022597776946238,0.07022597776946238,47.62277840667801
4.535986,4.465786994210472,0.07019900578952853,0.07019900578952853,1.5476019059137514
0.147307,0.07723702223053763,0.07006997776946236,0.07006997776946236,47.567310258097066
0.14718,0.07723702223053763,0.06994297776946237,0.06994297776946237,47.52206666798499
3.276625,3.2066853285939843,0.06993967140601587,0.06993967140601587,2.1345033808837255
0.147174,0.07723702223053763,0.06993697776946237,0.06993697776946237,47.51992724390343
4.430873,4.36127494176095,0.06959805823905008,0.06959805823905008,1.570752721585099
0.146807,0.07723702223053763,0.06956997776946236,0.06956997776946236,47.38873331794371
7.502539,7.572091814980505,-0.06955281498050514,0.06955281498050514,0.9270570266889393
4.478099,4.408548953394554,0.06955004660544617,0.06955004660544617,1.5531154314340314
0.146707,0.07723702223053763,0.06946997776946237,0.06946997776946237,47.352871861676334
0.146642,0.07723702223053763,0.06940497776946236,0.06940497776946236,47.32953568700155
0.146627,0.07723702223053763,0.06938997776946237,0.06938997776946237,47.32414747770753
0.146525,0.07723702223053763,0.06928797776946236,0.06928797776946236,47.28747839766243
4.53497,4.465786994210472,0.06918300578952863,0.06918300578952863,1.5255449493161604
0.146407,0.07723702223053763,0.06916997776946238,0.06916997776946238,47.24499356056567
0.146379,0.07723702223053763,0.06914197776946238,0.06914197776946238,47.23490235773401
7.502995,7.572091814980505,-0.06909681498050446,0.06909681498050446,0.9209231110987484
28.467141,28.398104123093105,0.06903687690689608,0.06903687690689608,0.24251426199298895
0.146266,0.07723702223053763,0.06902897776946237,0.06902897776946237,47.19413788732052
4.651612,4.582606289982692,0.06900571001730782,0.06900571001730782,1.483479490890993
7.503114,7.572091814980505,-0.0689778149805047,0.0689778149805047,0.9193224970270395
0.14611,0.07723702223053763,0.06887297776946236,0.06887297776946236,47.137757663626445
4.534647,4.465786994210472,0.06886000578952789,0.06886000578952789,1.5185306769856477
4.449788,4.380937512331496,0.0688504876685041,0.0688504876685041,1.5472756829529144
7.503256,7.572091814980505,-0.0688358149805044,0.0688358149805044,0.9174125870100525
4.396954,4.465786994210472,-0.06883299421047173,0.06883299421047173,1.565469964182165
9.948899,9.88007128045389,0.06882771954611044,0.06882771954611044,0.6918124261329683
0.145988,0.07723702223053763,0.06875097776946237,0.06875097776946237,47.09358147407238
4.429816,4.36127494176095,0.06854105823904977,0.06854105823904977,1.5472664832467649
4.534274,4.465786994210472,0.06848700578952815,0.06848700578952815,1.5104293606433516
0.1457,0.07723702223053763,0.06846297776946236,0.06846297776946236,46.98900324123086
3.275137,3.2066853285939843,0.06845167140601571,0.06845167140601571,2.09003994043381
4.534176,4.465786994210472,0.06838900578952867,0.06838900578952867,1.5083006435572939
0.145543,0.07723702223053763,0.06830597776946237,0.06830597776946237,46.93181927164518
4.429556,4.36127494176095,0.06828105823904984,0.06828105823904984,1.5414876397884654
5.416122,5.3478809235103135,0.06824107648968614,0.06824107648968614,1.259961952268176
7.503898,7.572091814980505,-0.06819381498050436,0.06819381498050436,0.9087785438927286
8.45535,8.523445409633732,-0.06809540963373273,0.06809540963373273,0.8053529378787085
7.504097,7.572091814980505,-0.06799481498050497,0.06799481498050497,0.9061025594365166
3.274643,3.2066853285939843,0.06795767140601594,0.06795767140601594,2.0752696218775806
1.203276,1.1353824406449213,0.06789355935507868,0.06789355935507868,5.642392879890921
0.145093,0.07723702223053763,0.06785597776946237,0.06785597776946237,46.767230481618775
3.274527,3.2066853285939843,0.06784167140601571,0.06784167140601571,2.0718006418619823
1.203212,1.1353824406449213,0.06782955935507862,0.06782955935507862,5.637373908292242
0.145029,0.07723702223053763,0.06779197776946236,0.06779197776946236,46.743739336766176
1.203171,1.1353824406449213,0.06778855935507866,0.06778855935507866,5.634158349016433
1.203169,1.1353824406449213,0.0677865593550786,0.0677865593550786,5.634001486860499
1.203167,1.1353824406449213,0.06778455935507877,0.06778455935507877,5.633844624183086
0.145012,0.07723702223053763,0.06777497776946237,0.06777497776946237,46.737496016002034
0.145007,0.07723702223053763,0.06776997776946236,0.06776997776946236,46.73565946659589
0.145006,0.07723702223053763,0.06776897776946236,0.06776897776946236,46.73529214151626
1.203147,1.1353824406449213,0.06776455935507864,0.06776455935507864,5.63227596872588
1.203147,1.1353824406449213,0.06776455935507864,0.06776455935507864,5.63227596872588
0.144995,0.07723702223053763,0.06775797776946238,0.06775797776946238,46.73125123123633
4.435409,4.36765804208178,0.06775095791821961,0.06775095791821961,1.5275019263543026
1.203116,1.1353824406449213,0.06773355935507874,0.06773355935507874,5.629844449699688
1.20311,1.1353824406449213,0.06772755935507857,0.06772755935507857,5.629373818640789
0.144963,0.07723702223053763,0.06772597776946238,0.06772597776946238,46.71949236890991
1.203097,1.1353824406449213,0.06771455935507875,0.06771455935507875,5.628354101909521
1.203092,1.1353824406449213,0.06770955935507872,0.06770955935507872,5.6279618972988565
1.203075,1.1353824406449213,0.06769255935507856,0.06769255935507856,5.626628377237656
1.203065,1.1353824406449213,0.06768255935507872,0.06768255935507872,5.6258439360676995
1.203057,1.1353824406449213,0.06767455935507871,0.06767455935507871,5.625216373742349
1.203055,1.1353824406449213,0.06767255935507865,0.06767255935507865,5.625059481856906
0.144907,0.07723702223053763,0.06766997776946237,0.06766997776946237,46.698901863100794
1.203044,1.1353824406449213,0.06766155935507867,0.06766155935507867,5.624196567162504
1.203036,1.1353824406449213,0.06765355935507866,0.06765355935507866,5.623568982927784
1.203036,1.1353824406449213,0.06765355935507866,0.06765355935507866,5.623568982927784
1.203034,1.1353824406449213,0.0676515593550786,0.0676515593550786,5.62341208556493
1.203028,1.1353824406449213,0.06764555935507865,0.06764555935507865,5.622941390346336
1.20302,1.1353824406449213,0.06763755935507865,0.06763755935507865,5.622313789417992
1.203018,1.1353824406449213,0.06763555935507859,0.06763555935507859,5.6221568878816806
1.203014,1.1353824406449213,0.0676315593550787,0.0676315593550787,5.62184308324399
0.144857,0.07723702223053763,0.06761997776946238,0.06761997776946238,46.6805040300309
0.144856,0.07723702223053763,0.06761897776946238,0.06761897776946238,46.68013594382161
1.202997,1.1353824406449213,0.06761455935507876,0.06761455935507876,5.620509390252698
1.202987,1.1353824406449213,0.0676045593550787,0.0676045593550787,5.619724847355704
1.202985,1.1353824406449213,0.06760255935507864,0.06760255935507864,5.6195679372111105
1.202977,1.1353824406449213,0.06759455935507863,0.06759455935507863,5.618940291415355
1.202977,1.1353824406449213,0.06759455935507863,0.06759455935507863,5.618940291415355
1.202967,1.1353824406449213,0.06758455935507857,0.06758455935507857,5.618155722431323
1.202966,1.1353824406449213,0.06758355935507865,0.06758355935507865,5.618077264815511
0.144816,0.07723702223053763,0.06757897776946237,0.06757897776946237,46.665408326978344
1.20296,1.1353824406449213,0.0675775593550787,0.0675775593550787,5.6176065163813504
0.144806,0.07723702223053763,0.06756897776946236,0.06756897776946236,46.661725151444436
0.144806,0.07723702223053763,0.06756897776946236,0.06756897776946236,46.661725151444436
1.202948,1.1353824406449213,0.06756555935507857,0.06756555935507857,5.6166650054251654
1.202946,1.1353824406449213,0.06756355935507874,0.06756355935507874,5.61650808510625
0.144797,0.07723702223053763,0.06755997776946238,0.06755997776946238,46.658409858494274
1.20294,1.1353824406449213,0.06755755935507857,0.06755755935507857,5.616037321018715
1.202936,1.1353824406449213,0.06755355935507867,0.06755355935507867,5.615723475684737
0.144789,0.07723702223053763,0.06755197776946237,0.06755197776946237,46.65546258542217
1.202928,1.1353824406449213,0.06754555935507867,0.06754555935507867,5.615095778755135
1.202926,1.1353824406449213,0.06754355935507861,0.06754355935507861,5.614938853218209
0.144773,0.07723702223053763,0.06753597776946238,0.06753597776946238,46.64956706209915
1.202895,1.1353824406449213,0.06751255935507872,0.06751255935507872,5.612506440667407
1.202893,1.1353824406449213,0.06751055935507866,0.06751055935507866,5.612349506520223
1.202893,1.1353824406449213,0.06751055935507866,0.06751055935507866,5.612349506520223
0.144744,0.07723702223053763,0.06750697776946238,0.06750697776946238,46.63887810397909
1.202889,1.1353824406449213,0.06750655935507877,0.06750655935507877,5.612035636660301
1.20288,1.1353824406449213,0.06749755935507862,0.06749755935507862,5.611329421843184
1.202878,1.1353824406449213,0.06749555935507856,0.06749555935507856,5.611172483782012
9.947564,9.88007128045389,0.06749271954610947,0.06749271954610947,0.6784848988700247
0.144713,0.07723702223053763,0.06747597776946238,0.06747597776946238,46.62744723890385
0.144705,0.07723702223053763,0.06746797776946237,0.06746797776946237,46.62449654320021
1.202848,1.1353824406449213,0.06746555935507859,0.06746555935507859,5.608818350237916
1.20284,1.1353824406449213,0.06745755935507858,0.06745755935507858,5.60819056146041
1.202838,1.1353824406449213,0.06745555935507874,0.06745555935507874,5.608033612961238
1.202838,1.1353824406449213,0.06745555935507874,0.06745555935507874,5.608033612961238
1.202835,1.1353824406449213,0.06745255935507877,0.06745255935507877,5.607798189233849
1.202827,1.1353824406449213,0.06744455935507876,0.06744455935507876,5.607170386886192
4.435102,4.36765804208178,0.06744395791821933,0.06744395791821933,1.5206856103128779
1.202819,1.1353824406449213,0.06743655935507875,0.06743655935507875,5.606542576187456
0.144663,0.07723702223053763,0.06742597776946238,0.06742597776946238,46.60900003653551
1.202803,1.1353824406449213,0.06742055935507874,0.06742055935507874,5.605286929736079
1.202799,1.1353824406449213,0.06741655935507862,0.06741655935507862,5.60497301290354
1.202762,1.1353824406449213,0.06737955935507878,0.06737955935507878,5.6020691832196805
1.20276,1.1353824406449213,0.06737755935507872,0.06737755935507872,5.601912214363365
1.202741,1.1353824406449213,0.06735855935507873,0.06735855935507873,5.600420984191801
1.202737,1.1353824406449213,0.06735455935507861,0.06735455935507861,5.600107034994227
7.504843,7.572091814980505,-0.06724881498050461,0.06724881498050461,0.8960722426786081
1.202631,1.1353824406449213,0.06724855935507867,0.06724855935507867,5.5917866202922495
1.202612,1.1353824406449213,0.06722955935507868,0.06722955935507868,5.590295070187923
4.434872,4.36765804208178,0.06721395791822005,0.06721395791822005,1.5155783056806253
0.144414,0.07723702223053763,0.06717697776946235,0.06717697776946235,46.51694276382166
0.144408,0.07723702223053763,0.06717097776946238,0.06717097776946238,46.514720599238025
0.144365,0.07723702223053763,0.06712797776946236,0.06712797776946236,46.49878968099163
0.144331,0.07723702223053763,0.06709397776946235,0.06709397776946235,46.48618642078013
0.144311,0.07723702223053763,0.06707397776946236,0.06707397776946236,46.47876996416323
0.144284,0.07723702223053763,0.06704697776946236,0.06704697776946236,46.46875448628649
0.144249,0.07723702223053763,0.06701197776946236,0.06701197776946236,46.45576587914411
0.144193,0.07723702223053763,0.06695597776946235,0.06695597776946235,46.43497099236952
0.144186,0.07723702223053763,0.06694897776946238,0.06694897776946238,46.432370495769355
0.144181,0.07723702223053763,0.06694397776946237,0.06694397776946237,46.43051284360065
0.144168,0.07723702223053763,0.06693097776946236,0.06693097776946236,46.42568234492861
0.144151,0.07723702223053763,0.06691397776946237,0.06691397776946237,46.41936422435016
4.532666,4.465786994210472,0.0668790057895281,0.0668790057895281,1.4754893872183084
0.144101,0.07723702223053763,0.06686397776946237,0.06686397776946237,46.40077287670564
0.144036,0.07723702223053763,0.06679897776946236,0.06679897776946236,46.37658482815809
7.505402,7.572091814980505,-0.06668981498050464,0.06668981498050464,0.8885575346878964
3.273366,3.2066853285939843,0.06668067140601597,0.06668067140601597,2.0370673919133666
1.202018,1.1353824406449213,0.0666355593550787,0.0666355593550787,5.543640723311553
4.649204,4.582606289982692,0.06659771001730785,0.06659771001730785,1.4324540290311072
1.201959,1.1353824406449213,0.06657655935507867,0.06657655935507867,5.539004188124525
1.201883,1.1353824406449213,0.0665005593550787,0.0665005593550787,5.533031031268906
1.201865,1.1353824406449213,0.06648255935507863,0.06648255935507863,5.531616225578332
1.201799,1.1353824406449213,0.06641655935507873,0.06641655935507873,5.526428242123043
1.201748,1.1353824406449213,0.06636555935507871,0.06636555935507871,5.52241895551782
1.201742,1.1353824406449213,0.06635955935507876,0.06635955935507876,5.521947252368379
1.201738,1.1353824406449213,0.06635555935507864,0.06635555935507864,5.52163278098529
1.201732,1.1353824406449213,0.06634955935507869,0.06634955935507869,5.521161069985448
1.201717,1.1353824406449213,0.06633455935507859,0.06633455935507859,5.519981771877956
1.201715,1.1353824406449213,0.06633255935507876,0.06633255935507876,5.51982452990592
1.201709,1.1353824406449213,0.06632655935507858,0.06632655935507858,5.5193528008493935
1.201707,1.1353824406449213,0.06632455935507875,0.06632455935507875,5.519195556783771
1.201707,1.1353824406449213,0.06632455935507875,0.06632455935507875,5.519195556783771
1.201705,1.1353824406449213,0.06632255935507869,0.06632255935507869,5.519038312194727
1.201697,1.1353824406449213,0.06631455935507868,0.06631455935507868,5.518409328604488
1.201674,1.1353824406449213,0.06629155935507858,0.06629155935507858,5.516600954132484
1.201666,1.1353824406449213,0.06628355935507857,0.06628355935507857,5.5159719380895025
1.201666,1.1353824406449213,0.06628355935507857,0.06628355935507857,5.5159719380895025
1.20166,1.1353824406449213,0.06627755935507862,0.06627755935507862,5.515500170560984
1.201656,1.1353824406449213,0.06627355935507873,0.06627355935507873,5.515185656257992
1.201637,1.1353824406449213,0.06625455935507873,0.06625455935507873,5.513691684723843
1.201631,1.1353824406449213,0.06624855935507856,0.06624855935507856,5.513219894423941
1.201627,1.1353824406449213,0.06624455935507867,0.06624455935507867,5.512905364939849
1.201625,1.1353824406449213,0.06624255935507861,0.06624255935507861,5.512748099412534
1.201615,1.1353824406449213,0.06623255935507877,0.06623255935507877,5.511961763923287
1.201607,1.1353824406449213,0.06622455935507876,0.06622455935507876,5.511332686108472
1.201603,1.1353824406449213,0.06622055935507865,0.06622055935507865,5.511018144059862
1.201603,1.1353824406449213,0.06622055935507865,0.06622055935507865,5.511018144059862
1.201594,1.1353824406449213,0.06621155935507872,0.06621155935507872,5.510310416793726
1.201588,1.1353824406449213,0.06620555935507877,0.06620555935507877,5.509838592726369
1.201588,1.1353824406449213,0.06620555935507877,0.06620555935507877,5.509838592726369
1.201586,1.1353824406449213,0.06620355935507871,0.06620355935507871,5.509681316990131
1.20158,1.1353824406449213,0.06619755935507876,0.06619755935507876,5.509209486640053
1.201576,1.1353824406449213,0.06619355935507865,0.06619355935507865,5.508894930455481
1.201576,1.1353824406449213,0.06619355935507865,0.06619355935507865,5.508894930455481
1.201568,1.1353824406449213,0.06618555935507864,0.06618555935507864,5.508265811803441
1.201543,1.1353824406449213,0.0661605593550787,0.0661605593550787,5.506299762020368
1.201531,1.1353824406449213,0.06614855935507857,0.06614855935507857,5.50535602906402
1.201525,1.1353824406449213,0.06614255935507862,0.06614255935507862,5.504884155516843
1.201523,1.1353824406449213,0.06614055935507857,0.06614055935507857,5.504726863287165
1.201511,1.1353824406449213,0.06612855935507866,0.06612855935507866,5.5037830989125265
1.201508,1.1353824406449213,0.06612555935507869,0.06612555935507869,5.503547154873304
1.201508,1.1353824406449213,0.06612555935507869,0.06612555935507869,5.503547154873304
1.201496,1.1353824406449213,0.06611355935507857,0.06611355935507857,5.5026033669338865
1.201492,1.1353824406449213,0.06610955935507867,0.06610955935507867,5.502288766764688
1.20149,1.1353824406449213,0.06610755935507862,0.06610755935507862,5.502131465894554
1.201461,1.1353824406449213,0.06607855935507856,0.06607855935507856,5.499850544427052
7.506015,7.572091814980505,-0.0660768149805051,0.0660768149805051,0.8803181845443259
1.201422,1.1353824406449213,0.06603955935507866,0.06603955935507866,5.496782924699387
1.201414,1.1353824406449213,0.06603155935507865,0.06603155935507865,5.496153644753806
1.201412,1.1353824406449213,0.0660295593550786,0.0660295593550786,5.495996323457948
1.201402,1.1353824406449213,0.06601955935507875,0.06601955935507875,5.495209709121804
1.201396,1.1353824406449213,0.06601355935507858,0.06601355935507858,5.494737734234494
1.201349,1.1353824406449213,0.06596655935507867,0.06596655935507867,5.491040434510507
1.201322,1.1353824406449213,0.06593955935507867,0.06593955935507867,5.488916322983326
1.201312,1.1353824406449213,0.0659295593550786,0.0659295593550786,5.488129590779954
1.201285,1.1353824406449213,0.0659025593550786,0.0659025593550786,5.486005348405467
1.201279,1.1353824406449213,0.06589655935507865,0.06589655935507865,5.485533281576813
1.20125,1.1353824406449213,0.0658675593550786,0.0658675593550786,5.483251558759238
7.506669,7.572091814980505,-0.06542281498050517,0.06542281498050517,0.8715292359318579
7.506934,7.572091814980505,-0.06515781498050455,0.06515781498050455,0.867968400676449
8.458448,8.523445409633732,-0.06499740963373135,0.06499740963373135,0.7684318640129125
1.27793,1.3426793221449014,-0.06474932214490137,0.06474932214490137,5.066734652119806
3.271062,3.2066853285939843,0.06437667140601588,0.06437667140601588,1.9680663773431324
7.507736,7.572091814980505,-0.06435581498050436,0.06435581498050436,0.8571933666773467
7.50844,7.572091814980505,-0.06365181498050454,0.06365181498050454,0.8477368798266591
1.198842,1.1353824406449213,0.06345955935507863,0.06345955935507863,5.293404748063984
3.270122,3.2066853285939843,0.06343667140601594,0.06343667140601594,1.9398869951664204
1.198752,1.1353824406449213,0.06336955935507871,0.06336955935507871,5.286294358615661
1.198729,1.1353824406449213,0.0633465593550786,0.0633465593550786,5.284477087798337
1.198713,1.1353824406449213,0.06333055935507859,0.06333055935507859,5.283212858273447
1.198682,1.1353824406449213,0.0632995593550787,0.0632995593550787,5.280763317526911
1.198653,1.1353824406449213,0.06327055935507864,0.06327055935507864,5.278471696963188
1.198643,1.1353824406449213,0.06326055935507857,0.06326055935507857,5.277681457264665
1.198639,1.1353824406449213,0.06325655935507868,0.06325655935507868,5.277365357693293
1.198615,1.1353824406449213,0.06323255935507865,0.06323255935507865,5.275468715959936
1.19861,1.1353824406449213,0.06322755935507862,0.06322755935507862,5.275073572705346
1.198586,1.1353824406449213,0.0632035593550786,0.0632035593550786,5.273176839192634
1.198567,1.1353824406449213,0.0631845593550786,0.0631845593550786,5.2716752046241
1.198561,1.1353824406449213,0.06317855935507866,0.06317855935507866,5.271200994343004
1.198557,1.1353824406449213,0.06317455935507876,0.06317455935507876,5.270884851517939
1.198549,1.1353824406449213,0.06316655935507876,0.06316655935507876,5.270252559537282
1.198541,1.1353824406449213,0.06315855935507875,0.06315855935507875,5.2696202591158015
1.19853,1.1353824406449213,0.06314755935507876,0.06314755935507876,5.268750832253678
1.198527,1.1353824406449213,0.06314455935507857,0.06314455935507857,5.2685137130669615
1.198518,1.1353824406449213,0.06313555935507864,0.06313555935507864,5.267802348384492
1.198506,1.1353824406449213,0.06312355935507874,0.06312355935507874,5.266853845521998
1.198494,1.1353824406449213,0.06311155935507862,0.06311155935507862,5.265905323665593
1.198486,1.1353824406449213,0.06310355935507861,0.06310355935507861,5.265272965208884
1.198481,1.1353824406449213,0.06309855935507858,0.06309855935507858,5.264877736886418
1.198457,1.1353824406449213,0.06307455935507877,0.06307455935507877,5.2629805950330955
1.198449,1.1353824406449213,0.06306655935507877,0.06306655935507877,5.262348197530009
1.198445,1.1353824406449213,0.06306255935507865,0.06306255935507865,5.262031995612366
1.198445,1.1353824406449213,0.06306255935507865,0.06306255935507865,5.262031995612366
1.19843,1.1353824406449213,0.06304755935507877,0.06304755935507877,5.260846219622166
1.198424,1.1353824406449213,0.0630415593550786,0.0630415593550786,5.260371900914721
1.198418,1.1353824406449213,0.06303555935507865,0.06303555935507865,5.259897577457845
1.198406,1.1353824406449213,0.06302355935507875,0.06302355935507875,5.258948916295463
1.198402,1.1353824406449213,0.06301955935507864,0.06301955935507864,5.2586326916860955
1.198389,1.1353824406449213,0.0630065593550786,0.0630065593550786,5.257604947126601
1.198387,1.1353824406449213,0.06300455935507876,0.06300455935507876,5.257446830599907
1.198377,1.1353824406449213,0.0629945593550787,0.0629945593550787,5.2566562400498364
1.198375,1.1353824406449213,0.06299255935507864,0.06299255935507864,5.256498120356494
1.198371,1.1353824406449213,0.06298855935507874,0.06298855935507874,5.256181879386481
1.198352,1.1353824406449213,0.06296955935507875,0.06296955935507875,5.254679705948175
1.198348,1.1353824406449213,0.06296555935507864,0.06296555935507864,5.254363452838764
1.198336,1.1353824406449213,0.06295355935507874,0.06295355935507874,5.253414680842878
1.198328,1.1353824406449213,0.06294555935507873,0.06294555935507873,5.252782155622329
1.198283,1.1353824406449213,0.06290055935507866,0.06290055935507866,5.249224043888583
1.198281,1.1353824406449213,0.0628985593550786,0.0628985593550786,5.2490658993866655
1.198279,1.1353824406449213,0.06289655935507876,0.06289655935507876,5.2489077543568605
7.509238,7.572091814980505,-0.06285381498050491,0.06285381498050491,0.8370198811073492
1.198213,1.1353824406449213,0.06283055935507864,0.06283055935507864,5.243688672200599
1.19817,1.1353824406449213,0.06278755935507863,0.06278755935507863,5.240288051765471
3.269425,3.2066853285939843,0.06273967140601577,0.06273967140601577,1.9189818210877077
18.513227,18.45067288224725,0.06255411775275022,0.06255411775275022,0.3378887848801958
5.410109,5.3478809235103135,0.06222807648968676,0.06222807648968676,1.1502185351263077
9.942233,9.88007128045389,0.062161719546109495,0.062161719546109495,0.6252289555624402
7.511176,7.572091814980505,-0.06091581498050491,0.06091581498050491,0.8110023647388094
18.511307,18.45067288224725,0.060634117752748296,0.060634117752748296,0.32755179173691384
0.165372,0.225844646499608,-0.06047264649960801,0.06047264649960801,36.56764534687878
0.165394,0.225844646499608,-0.06045064649960799,0.06045064649960799,36.549479704861426
0.165405,0.225844646499608,-0.06043964649960801,0.06043964649960801,36.54039869596905
0.165407,0.225844646499608,-0.060437646499608005,0.060437646499608005,36.53874773320915
0.165413,0.225844646499608,-0.060431646499608,0.060431646499608,36.5337950844699
0.165413,0.225844646499608,-0.060431646499608,0.060431646499608,36.5337950844699
0.165427,0.225844646499608,-0.06041764649960801,0.06041764649960801,36.52224030121188
0.165427,0.225844646499608,-0.06041764649960801,0.06041764649960801,36.52224030121188
0.165431,0.225844646499608,-0.06041364649960801,0.06041364649960801,36.51893929377751
0.165438,0.225844646499608,-0.060406646499608,0.060406646499608,36.51316291486529
0.165456,0.225844646499608,-0.06038864649960801,0.06038864649960801,36.49831161342574
0.165462,0.225844646499608,-0.060382646499608006,0.060382646499608006,36.49336189766511
7.51171,7.572091814980505,-0.06038181498050488,0.06038181498050488,0.8038358107501626
0.16548,0.225844646499608,-0.060364646499608016,0.060364646499608016,36.47851490399414
0.165489,0.225844646499608,-0.06035564649960801,0.06035564649960801,36.47109261832322
0.165493,0.225844646499608,-0.060351646499608,0.060351646499608,36.467794083822405
0.165499,0.225844646499608,-0.060345646499608,0.060345646499608,36.46284658103381
0.165513,0.225844646499608,-0.06033164649960801,0.06033164649960801,36.45130380281712
0.165513,0.225844646499608,-0.06033164649960801,0.06033164649960801,36.45130380281712
0.165517,0.225844646499608,-0.060327646499608006,0.060327646499608006,36.44800622483491
0.165519,0.225844646499608,-0.060325646499608004,0.060325646499608004,36.44635749561177
0.165528,0.225844646499608,-0.060316646499607995,0.060316646499607995,36.43893870714867
0.165538,0.225844646499608,-0.06030664649960801,0.06030664649960801,36.43069655497669
0.16554,0.225844646499608,-0.06030464649960801,0.06030464649960801,36.42904824403706
0.165546,0.225844646499608,-0.060298646499608005,0.060298646499608005,36.42410355018176
0.16555,0.225844646499608,-0.060294646499608,0.060294646499608,36.42080728673343
0.165552,0.225844646499608,-0.060292646499608,0.060292646499608,36.41915921474149
0.165556,0.225844646499608,-0.060288646499607995,0.060288646499607995,36.41586319021487
0.165564,0.225844646499608,-0.060280646499608015,0.060280646499608015,36.40927161895022
0.165568,0.225844646499608,-0.06027664649960801,0.06027664649960801,36.40597607218909
0.165571,0.225844646499608,-0.06027364649960801,0.06027364649960801,36.40350451661492
0.165575,0.225844646499608,-0.060269646499608004,0.060269646499608004,36.400209248502364
0.165575,0.225844646499608,-0.060269646499608004,0.060269646499608004,36.400209248502364
0.165585,0.225844646499608,-0.060259646499607994,0.060259646499607994,36.391971774747724
0.165587,0.225844646499608,-0.06025764649960799,0.06025764649960799,36.39032439938985
0.165589,0.225844646499608,-0.06025564649960802,0.06025564649960802,36.38867706382631
0.165597,0.225844646499608,-0.06024764649960801,0.06024764649960801,36.38208811948642
0.165599,0.225844646499608,-0.06024564649960801,0.06024564649960801,36.38044098287283
0.165601,0.225844646499608,-0.060243646499608006,0.060243646499608006,36.378793886044896
0.165608,0.225844646499608,-0.060236646499608,0.060236646499608,36.37302936043849
0.165624,0.225844646499608,-0.06022064649960801,0.06022064649960801,36.359855131652516
0.16564,0.225844646499608,-0.060204646499607994,0.060204646499607994,36.34668344799644
0.165644,0.225844646499608,-0.06020064649960799,0.06020064649960799,36.34339092467255
0.165657,0.225844646499608,-0.060187646499608005,0.060187646499608005,36.33269132199383
0.165669,0.225844646499608,-0.06017564649960799,0.06017564649960799,36.322816256079996
0.165669,0.225844646499608,-0.06017564649960799,0.06017564649960799,36.322816256079996
0.165683,0.225844646499608,-0.06016164649960801,0.06016164649960801,36.311297153779634
0.165694,0.225844646499608,-0.060150646499607996,0.060150646499607996,36.30224779612161
0.165695,0.225844646499608,-0.060149646499607995,0.060149646499607995,36.30142518682312
0.1657,0.225844646499608,-0.06014464649960802,0.06014464649960802,36.297312289264156
0.16571,0.225844646499608,-0.06013464649960801,0.06013464649960801,36.28908723874173
0.165714,0.225844646499608,-0.060130646499608004,0.060130646499608004,36.28579749648322
0.165716,0.225844646499608,-0.060128646499608,0.060128646499608,36.284152684909024
0.16572,0.225844646499608,-0.060124646499608,0.060124646499608,36.280863180863584
0.165724,0.225844646499608,-0.060120646499607994,0.060120646499607994,36.27757383561247
0.165736,0.225844646499608,-0.06010864649960801,0.06010864649960801,36.2677067525102
0.165737,0.225844646499608,-0.06010764649960801,0.06010764649960801,36.266884560080804
0.165738,0.225844646499608,-0.06010664649960801,0.06010664649960801,36.26606237757301
0.16574,0.225844646499608,-0.060104646499608005,0.060104646499608005,36.26441804232145
0.165741,0.225844646499608,-0.060103646499608004,0.060103646499608004,36.26359588957735
0.165741,0.225844646499608,-0.060103646499608004,0.060103646499608004,36.26359588957735
0.165743,0.225844646499608,-0.060101646499608,0.060101646499608,36.26195161385159
0.165747,0.225844646499608,-0.060097646499608,0.060097646499608,36.25866318144481
0.165753,0.225844646499608,-0.06009164649960799,0.06009164649960799,36.25373083042494
0.165753,0.225844646499608,-0.06009164649960799,0.06009164649960799,36.25373083042494
0.165757,0.225844646499608,-0.060087646499608016,0.060087646499608016,36.2504427947885
0.165757,0.225844646499608,-0.060087646499608016,0.060087646499608016,36.2504427947885
0.165757,0.225844646499608,-0.060087646499608016,0.060087646499608016,36.2504427947885
0.165759,0.225844646499608,-0.060085646499608014,0.060085646499608014,36.248798836479
0.165759,0.225844646499608,-0.060085646499608014,0.060085646499608014,36.248798836479
0.165769,0.225844646499608,-0.060075646499608004,0.060075646499608004,36.24057963996128
0.165777,0.225844646499608,-0.060067646499607996,0.060067646499607996,36.234004996696754
0.16578,0.225844646499608,-0.06006464649960799,0.06006464649960799,36.23153966906529
3.266747,3.2066853285939843,0.060061671406015815,0.060061671406015815,1.8385773800106722
0.165784,0.225844646499608,-0.06006064649960802,0.06006064649960802,36.2282527043501
0.165786,0.225844646499608,-0.060058646499608015,0.060058646499608015,36.22660928147214
0.165788,0.225844646499608,-0.06005664649960801,0.06005664649960801,36.22496589824537
0.165796,0.225844646499608,-0.060048646499608005,0.060048646499608005,36.21839276182152
0.165798,0.225844646499608,-0.060046646499608,0.060046646499608,36.21674957682918
0.165802,0.225844646499608,-0.060042646499608,0.060042646499608,36.21346332577082
0.165808,0.225844646499608,-0.06003664649960799,0.06003664649960799,36.20853424647753
0.16581,0.225844646499608,-0.06003464649960799,0.06003464649960799,36.20689129931915
0.165818,0.225844646499608,-0.06002664649960801,0.06002664649960801,36.200319907011114
0.16582,0.225844646499608,-0.06002464649960801,0.06002464649960801,36.19867715800828
7.512076,7.572091814980505,-0.060015814980504345,0.060015814980504345,0.7989244914415857
0.165829,0.225844646499608,-0.060015646499608,0.060015646499608,36.19128527785654
0.165835,0.225844646499608,-0.060009646499607994,0.060009646499607994,36.186357803492406
0.165837,0.225844646499608,-0.06000764649960799,0.06000764649960799,36.18471539127171
0.165837,0.225844646499608,-0.06000764649960799,0.06000764649960799,36.18471539127171
0.165837,0.225844646499608,-0.06000764649960799,0.06000764649960799,36.18471539127171
0.165841,0.225844646499608,-0.060003646499608015,0.060003646499608015,36.18143068567277
0.165841,0.225844646499608,-0.060003646499608015,0.060003646499608015,36.18143068567277
0.165841,0.225844646499608,-0.060003646499608015,0.060003646499608015,36.18143068567277
0.165847,0.225844646499608,-0.05999764649960801,0.05999764649960801,36.1765039243589
0.165849,0.225844646499608,-0.05999564649960801,0.05999564649960801,36.17486174980443
9.940066,9.88007128045389,0.059994719546109465,0.059994719546109465,0.6035645995258573
0.165853,0.225844646499608,-0.059991646499608,0.059991646499608,36.17157751951211
0.165868,0.225844646499608,-0.059976646499608016,0.059976646499608016,36.15926306668481
0.165872,0.225844646499608,-0.05997264649960801,0.05997264649960801,36.155979588750384
0.165872,0.225844646499608,-0.05997264649960801,0.05997264649960801,36.155979588750384
0.165876,0.225844646499608,-0.05996864649960801,0.05996864649960801,36.15269626917415
0.16588,0.225844646499608,-0.059964646499608004,0.059964646499608004,36.14941310794465
0.165884,0.225844646499608,-0.059960646499608,0.059960646499608,36.14613010505043
0.16589,0.225844646499608,-0.059954646499607994,0.059954646499607994,36.14120589756271
0.165894,0.225844646499608,-0.05995064649960799,0.05995064649960799,36.13792329045659
0.1659,0.225844646499608,-0.05994464649960801,0.05994464649960801,36.13299967659736
0.165923,0.225844646499608,-0.05992164649960802,0.05992164649960802,36.11412912223977
0.165943,0.225844646499608,-0.059901646499608,0.059901646499608,36.097724196567654
0.16599,0.225844646499608,-0.059854646499608005,0.059854646499608005,36.05918818214881
0.166011,0.225844646499608,-0.05983364649960801,0.05983364649960801,36.04197701571946
17.401197,17.341366673240962,0.05983032675903743,0.05983032675903743,0.3438287995859918
0.166052,0.225844646499608,-0.059792646499608,0.059792646499608,36.008386808710284
0.166242,0.225844646499608,-0.059602646499608,0.059602646499608,35.85294117236021
3.266183,3.2066853285939843,0.059497671406015584,0.059497671406015584,1.8216270002077029
0.166636,0.225844646499608,-0.059208646499608,0.059208646499608,35.5317257159775
0.166658,0.225844646499608,-0.059186646499608,0.059186646499608,35.513834597855585
0.166683,0.225844646499608,-0.059161646499608006,0.059161646499608006,35.49350951453627
0.166738,0.225844646499608,-0.05910664649960801,0.05910664649960801,35.44881578533939
0.166746,0.225844646499608,-0.059098646499608,0.059098646499608,35.44231733544773
18.509768,18.45067288224725,0.05909511775275078,0.05909511775275078,0.3192644972774997
0.166764,0.225844646499608,-0.05908064649960801,0.05908064649960801,35.42769810281614
0.166777,0.225844646499608,-0.059067646499607995,0.059067646499607995,35.4171417306888
0.166787,0.225844646499608,-0.05905764649960801,0.05905764649960801,35.409022564228025
0.166787,0.225844646499608,-0.05905764649960801,0.05905764649960801,35.409022564228025
0.166818,0.225844646499608,-0.05902664649960801,0.05902664649960801,35.383859334258986
0.166828,0.225844646499608,-0.059016646499608,0.059016646499608,35.375744158194216
0.166842,0.225844646499608,-0.059002646499608014,0.059002646499608014,35.36438454600378
0.166846,0.225844646499608,-0.05899864649960801,0.05899864649960801,35.36113929266921
0.166846,0.225844646499608,-0.05899864649960801,0.05899864649960801,35.36113929266921
0.166848,0.225844646499608,-0.05899664649960801,0.05899664649960801,35.35951672435299
0.166853,0.225844646499608,-0.058991646499608,0.058991646499608,35.35546047374188
0.166855,0.225844646499608,-0.058989646499608,0.058989646499608,35.353838041565524
0.166857,0.225844646499608,-0.058987646499608,0.058987646499608,35.35221564828313
0.166859,0.225844646499608,-0.058985646499608,0.058985646499608,35.35059329389328
0.166865,0.225844646499608,-0.05897964649960799,0.05897964649960799,35.345726464065116
0.166867,0.225844646499608,-0.058977646499608016,0.058977646499608016,35.34410426523154
0.166869,0.225844646499608,-0.058975646499608014,0.058975646499608014,35.34248210528351
0.166875,0.225844646499608,-0.05896964649960801,0.05896964649960801,35.337615858738815
0.166883,0.225844646499608,-0.058961646499608,0.058961646499608,35.33112807432565
0.166886,0.225844646499608,-0.058958646499608,0.058958646499608,35.328695315532336
0.166889,0.225844646499608,-0.058955646499607994,0.058955646499607994,35.32626264420167
0.166902,0.225844646499608,-0.05894264649960801,0.05894264649960801,35.315722078999826
0.166904,0.225844646499608,-0.05894064649960801,0.05894064649960801,35.314100599322906
0.166916,0.225844646499608,-0.058928646499607995,0.058928646499607995,35.304372537266424
3.265607,3.2066853285939843,0.058921671406015896,0.058921671406015896,1.804309930870787
0.086685,0.027764145576298915,0.05892085442370108,0.05892085442370108,67.97122265181966
0.166932,0.225844646499608,-0.05891264649960801,0.05891264649960801,35.2914039634801
0.166943,0.225844646499608,-0.058901646499607996,0.058901646499607996,35.28248951098609
0.166967,0.225844646499608,-0.058877646499608,0.058877646499608,35.26304387354684
0.166969,0.225844646499608,-0.058875646499608,0.058875646499608,35.261423656095786
0.166986,0.225844646499608,-0.05885864649960801,0.05885864649960801,35.24765337475019
0.167147,0.225844646499608,-0.058697646499608014,0.058697646499608014,35.117379590713945
0.168223,0.225844646499608,-0.05762164649960799,0.05762164649960799,34.25313213137018
9.937609,9.88007128045389,0.057537719546109756,0.057537719546109756,0.5789895692769836
3.264174,3.2066853285939843,0.05748867140601588,0.05748867140601588,1.7612011922236583
18.507727,18.45067288224725,0.05705411775274882,0.05705411775274882,0.3082718788343947
18.507691,18.45067288224725,0.057018117752750896,0.057018117752750896,0.3080779647360809
18.507516,18.45067288224725,0.05684311775274864,0.05684311775274864,0.30713531601129784
7.515691,7.572091814980505,-0.05640081498050442,0.05640081498050442,0.7504408440920998
18.506716,18.45067288224725,0.056043117752750504,0.056043117752750504,0.30282583767129556
18.50671,18.45067288224725,0.05603711775275144,0.05603711775275144,0.3027935151761099
18.506262,18.45067288224725,0.05558911775274922,0.05558911775274922,0.30038004299544036
7.51653,7.572091814980505,-0.05556181498050439,0.05556181498050439,0.7391950139195239
4.86605,4.810599633630513,0.05545036636948719,0.05545036636948719,1.1395354829553264
18.50593,18.45067288224725,0.055257117752748997,0.055257117752748997,0.29859141233350833
18.505889,18.45067288224725,0.05521611775274948,0.05521611775274948,0.29837052276954174
18.505835,18.45067288224725,0.05516211775275082,0.05516211775275082,0.2980795935576684
18.505787,18.45067288224725,0.05511411775275121,0.05511411775275121,0.29782098838840737
3.261452,3.2066853285939843,0.054766671406015544,0.054766671406015544,1.6792113268671849
7.517356,7.572091814980505,-0.054735814980504394,0.054735814980504394,0.7281258860133305
18.505097,18.45067288224725,0.05442411775274891,0.05442411775274891,0.29410339082499715
18.505074,18.45067288224725,0.05440111775275014,0.05440111775275014,0.2939794661315927
18.505048,18.45067288224725,0.05437511775274828,0.05437511775274828,0.2938393769767819
18.504997,18.45067288224725,0.054324117752749146,0.054324117752749146,0.2935645855681878
18.50499,18.45067288224725,0.054317117752749056,0.054317117752749056,0.2935268689821261
18.504962,18.45067288224725,0.054289117752748695,0.054289117752748695,0.2933760023525329
7.517871,7.572091814980505,-0.05422081498050435,0.05422081498050435,0.7212256632201207
3.26081,3.2066853285939843,0.054124671406015956,0.054124671406015956,1.6598535763922493
18.504751,18.45067288224725,0.05407811775274851,0.05407811775274851,0.29223909985309326
18.50475,18.45067288224725,0.054077117752751036,0.054077117752751036,0.29223371162787287
18.504673,18.45067288224725,0.05400011775275004,0.05400011775275004,0.2918188165360081
18.50461,18.45067288224725,0.05393711775274923,0.05393711775274923,0.29147935434714783
3.260591,3.2066853285939843,0.05390567140601554,0.05390567140601554,1.6532484879079374
18.504535,18.45067288224725,0.053862117752750294,0.053862117752750294,0.2910752296799634
18.504477,18.45067288224725,0.05380411775275107,0.05380411775275107,0.2907627043577633
18.504425,18.45067288224725,0.053752117752750905,0.053752117752750905,0.2904825075756768
18.504387,18.45067288224725,0.05371411775275092,0.05371411775275092,0.2902777473928785
18.504293,18.45067288224725,0.05362011775275022,0.05362011775275022,0.2897712317485486
3.260288,3.2066853285939843,0.05360267140601582,0.05360267140601582,1.644108477667363
18.504243,18.45067288224725,0.05357011775274856,0.05357011775274856,0.28950180643682133
18.50421,18.45067288224725,0.05353711775275016,0.05353711775275016,0.28932398493348727
18.504177,18.45067288224725,0.053504117752748215,0.053504117752748215,0.289146162795887
18.504128,18.45067288224725,0.053455117752751136,0.053455117752751136,0.2888821226942564
28.451459,28.398104123093105,0.05335487690689433,0.05335487690689433,0.18752949332653487
18.504003,18.45067288224725,0.05333011775275054,0.05333011775275054,0.28820854467253565
18.504001,18.45067288224725,0.05332811775274848,0.05332811775274848,0.2881977673502087
18.503991,18.45067288224725,0.05331811775274886,0.05331811775274886,0.28814388070368563
18.50397,18.45067288224725,0.05329711775274859,0.05329711775274859,0.28803071855639933
18.503892,18.45067288224725,0.05321911775275012,0.05321911775275012,0.2876103997605613
18.503888,18.45067288224725,0.05321511775274956,0.05321511775274956,0.2875888448549947
18.503867,18.45067288224725,0.05319411775274929,0.05319411775274929,0.28747568144789315
18.503861,18.45067288224725,0.05318811775275023,0.05318811775275023,0.2874433489986916
18.503837,18.45067288224725,0.05316411775275043,0.05316411775275043,0.2873140189921859
18.503806,18.45067288224725,0.053133117752750536,0.053133117752750536,0.2871469672372451
18.503774,18.45067288224725,0.053101117752749616,0.053101117752749616,0.28697452612890023
18.503774,18.45067288224725,0.053101117752749616,0.053101117752749616,0.28697452612890023
18.50375,18.45067288224725,0.053077117752749814,0.053077117752749814,0.2868451949062378
18.50364,18.45067288224725,0.052967117752750426,0.052967117752750426,0.2862524225096477
18.503624,18.45067288224725,0.05295111775274819,0.05295111775274819,0.2861662004830083
18.503605,18.45067288224725,0.052932117752749974,0.052932117752749974,0.2860638116327273
18.503561,18.45067288224725,0.05288811775275093,0.05288811775275093,0.28582669980370323
18.503561,18.45067288224725,0.05288811775275093,0.05288811775275093,0.28582669980370323
18.503546,18.45067288224725,0.05287311775274972,0.05287311775274972,0.2857458659678744
18.503539,18.45067288224725,0.05286611775274963,0.05286611775274963,0.28570814346630624
18.503531,18.45067288224725,0.05285811775274851,0.05285811775274851,0.2856650320009887
18.503509,18.45067288224725,0.052836117752750766,0.052836117752750766,0.28554647527917665
18.503481,18.45067288224725,0.052808117752750405,0.052808117752750405,0.28539558449820884
18.503421,18.45067288224725,0.052748117752749124,0.052748117752749124,0.285072245572665
18.503419,18.45067288224725,0.05274611775275062,0.05274611775275062,0.2850614675723744
18.503413,18.45067288224725,0.052740117752748006,0.052740117752748006,0.2850291335574847
18.503412,18.45067288224725,0.05273911775275053,0.05273911775275053,0.28502374455298035
18.503405,18.45067288224725,0.05273211775275044,0.05273211775275044,0.2849860215050444
18.503385,18.45067288224725,0.0527121177527512,0.0527121177527512,0.284878241210818
18.503385,18.45067288224725,0.0527121177527512,0.0527121177527512,0.284878241210818
18.503363,18.45067288224725,0.0526901177527499,0.0526901177527499,0.284759682618047
18.503322,18.45067288224725,0.052649117752750385,0.052649117752750385,0.2845387317610635
17.288718,17.341366673240962,-0.052648673240963006,0.052648673240963006,0.3045261843050392
18.503309,18.45067288224725,0.05263611775275123,0.05263611775275123,0.2844686739678117
18.503278,18.45067288224725,0.05260511775275134,0.05260511775275134,0.28430161267893744
18.503249,18.45067288224725,0.05257611775274995,0.05257611775274995,0.28414532903094913
18.50321,18.45067288224725,0.05253711775274894,0.05253711775274894,0.2839351536974666
18.503198,18.45067288224725,0.052525117752750816,0.052525117752750816,0.28387048418585237
18.503162,18.45067288224725,0.05248911775274934,0.05248911775274934,0.2836764751476838
18.50315,18.45067288224725,0.05247711775275121,0.05247711775275121,0.283611805300544
18.503149,18.45067288224725,0.052476117752750184,0.052476117752750184,0.28360641614282295
18.503149,18.45067288224725,0.052476117752750184,0.052476117752750184,0.28360641614282295
18.50314,18.45067288224725,0.05246711775274804,0.05246711775274804,0.2835579136971589
18.503136,18.45067288224725,0.05246311775275103,0.05246311775275103,0.2835363570395175
18.503124,18.45067288224725,0.052451117752749354,0.052451117752749354,0.2834716870106145
18.5031,18.45067288224725,0.05242711775274955,0.05242711775274955,0.28334234670118097
18.503087,18.45067288224725,0.0524141177527504,0.0524141177527504,0.28327228722681314
18.503074,18.45067288224725,0.05240111775275125,0.05240111775275125,0.28320222765399977
18.503074,18.45067288224725,0.05240111775275125,0.05240111775275125,0.28320222765399977
18.50304,18.45067288224725,0.05236711775274827,0.05236711775274827,0.28301899445964157
18.50303,18.45067288224725,0.05235711775274865,0.05235711775274865,0.28296510221550575
18.502963,18.45067288224725,0.05229011775275083,0.05229011775275083,0.2826040226771692
18.502886,18.45067288224725,0.05221311775274984,0.05221311775274984,0.2821890474408568
18.502885,18.45067288224725,0.05221211775274881,0.05221211775274881,0.2821836581293492
18.502874,18.45067288224725,0.05220111775274816,0.05220111775274816,0.28212437566437537
18.502852,18.45067288224725,0.052179117752750415,0.052179117752750415,0.2820058105229854
18.502827,18.45067288224725,0.052154117752749585,0.052154117752749585,0.2818710770655085
18.50281,18.45067288224725,0.05213711775274987,0.05213711775274987,0.2817794581064611
7.519957,7.572091814980505,-0.052134814980504984,0.052134814980504984,0.6932860783620398
18.502779,18.45067288224725,0.05210611775274998,0.05210611775274998,0.2816123878065472
18.502734,18.45067288224725,0.05206111775274991,0.05206111775274991,0.28136986540728814
18.502732,18.45067288224725,0.052059117752751405,0.052059117752751405,0.28135908660661596
18.502695,18.45067288224725,0.0520221177527489,0.0520221177527489,0.2811596783737058
18.502691,18.45067288224725,0.05201811775274834,0.05201811775274834,0.2811381206791337
18.502606,18.45067288224725,0.05193311775274978,0.05193311775274978,0.2806800174660213
7.520204,7.572091814980505,-0.0518878149805051,0.0518878149805051,0.6899788221146012
18.502508,18.45067288224725,0.051835117752748516,0.051835117752748516,0.2801518461846814
18.502506,18.45067288224725,0.05183311775275001,0.05183311775275001,0.280141067120691
18.502493,18.45067288224725,0.05182011775275086,0.05182011775275086,0.2800710031479044
18.502477,18.45067288224725,0.051804117752748624,0.051804117752748624,0.27998477043083825
18.502469,18.45067288224725,0.05179611775275106,0.05179611775275106,0.27994165401639703
18.502468,18.45067288224725,0.05179511775275003,0.05179511775275003,0.2799362644619631
18.50246,18.45067288224725,0.05178711775274891,0.05178711775274891,0.2798931480055572
18.502368,18.45067288224725,0.051695117752750264,0.051695117752750264,0.2793973060770971
18.502326,18.45067288224725,0.05165311775274972,0.05165311775274972,0.2791709418181831
18.502287,18.45067288224725,0.05161411775274871,0.05161411775274871,0.2789607455147018
18.502286,18.45067288224725,0.051613117752751236,0.051613117752751236,0.2789553558542565
18.502204,18.45067288224725,0.051531117752748656,0.051531117752748656,0.27851340171403444
18.502199,18.45067288224725,0.05152611775275062,0.05152611775275062,0.2784864531641463
18.50218,18.45067288224725,0.051507117752748854,0.051507117752748854,0.27838404854168797
18.502157,18.45067288224725,0.05148411775275008,0.05148411775275008,0.278260084769964
18.502141,18.45067288224725,0.0514681177527514,0.0514681177527514,0.2781738489209072
18.502135,18.45067288224725,0.05146211775274878,0.05146211775274878,0.278141510439042
18.502053,18.45067288224725,0.051380117752749754,0.051380117752749754,0.2776995490850235
18.502047,18.45067288224725,0.05137411775275069,0.05137411775275069,0.27766721029555824
18.502047,18.45067288224725,0.05137411775275069,0.05137411775275069,0.27766721029555824
18.502016,18.45067288224725,0.0513431177527508,0.0513431177527508,0.2775001262158313
18.501973,18.45067288224725,0.05130011775274923,0.05130011775274923,0.27726836350086537
18.501965,18.45067288224725,0.05129211775274811,0.05129211775274811,0.2772252447373611
18.501965,18.45067288224725,0.05129211775274811,0.05129211775274811,0.2772252447373611
18.501965,18.45067288224725,0.05129211775274811,0.05129211775274811,0.2772252447373611
17.290077,17.341366673240962,-0.05128967324096223,0.05128967324096223,0.29664224884982054
7.520851,7.572091814980505,-0.05124081498050437,0.05124081498050437,0.6813167150874688
18.501913,18.45067288224725,0.05124011775274795,0.05124011775274795,0.27694497186572553
18.50191,18.45067288224725,0.05123711775274842,0.05123711775274842,0.2769288022289131
18.501883,18.45067288224725,0.051210117752749085,0.051210117752749085,0.27678327526161695
18.501862,18.45067288224725,0.051189117752748814,0.051189117752748814,0.2766700873267358
18.501856,18.45067288224725,0.05118311775274975,0.05118311775274975,0.27663774786958195
18.501832,18.45067288224725,0.05115911775274995,0.05115911775274995,0.2765083898311986
7.52096,7.572091814980505,-0.05113181498050512,0.05113181498050512,0.6798575578094453
18.501757,18.45067288224725,0.05108411775275101,0.05108411775275101,0.2761041437982074
18.501736,18.45067288224725,0.05106311775275074,0.05106311775275074,0.27599095432166343
18.50171,18.45067288224725,0.051037117752748884,0.051037117752748884,0.2758508146137467
5.398821,5.3478809235103135,0.05094007648968635,0.05094007648968635,0.9435407561899682
18.501589,18.45067288224725,0.050916117752748846,0.050916117752748846,0.27519862079129337
18.501588,18.45067288224725,0.05091511775275137,0.05091511775275137,0.2751932307241745
7.521217,7.572091814980505,-0.05087481498050472,0.05087481498050472,0.6764173268744713
7.521227,7.572091814980505,-0.0508648149805051,0.0508648149805051,0.6762834705006088
18.501535,18.45067288224725,0.05086211775275018,0.05086211775275018,0.2749075563323545
18.501522,18.45067288224725,0.05084911775275103,0.05084911775275103,0.274837485005159
18.501519,18.45067288224725,0.050846117752747944,0.050846117752747944,0.27482131468488147
18.501454,18.45067288224725,0.05078111775274863,0.05078111775274863,0.2744709564582014
18.501442,18.45067288224725,0.0507691177527505,0.0507691177527505,0.27440627467024514
18.501414,18.45067288224725,0.05074111775275014,0.05074111775275014,0.27425535017202407
18.50141,18.45067288224725,0.05073711775274958,0.05073711775274958,0.2742337894921271
18.501405,18.45067288224725,0.050732117752747996,0.050732117752747996,0.27420683862914086
18.501376,18.45067288224725,0.05070311775275016,0.05070311775275016,0.27405052333662167
7.521441,7.572091814980505,-0.0506508149805045,0.0506508149805045,0.6734190294098042
17.290719,17.341366673240962,-0.05064767324096309,0.05064767324096309,0.292918260025336
18.501282,18.45067288224725,0.050609117752749455,0.050609117752749455,0.27354384281303273
18.501249,18.45067288224725,0.05057611775275106,0.05057611775275106,0.27336596438693245
18.501237,18.45067288224725,0.05056411775274938,0.05056411775274938,0.27330128116555713
18.501235,18.45067288224725,0.05056211775275088,0.05056211775275088,0.27329050062051313
18.501157,18.45067288224725,0.05048411775274886,0.05048411775274886,0.2728700575454605
7.521667,7.572091814980505,-0.050424814980504884,0.050424814980504884,0.670394142413304
18.501082,18.45067288224725,0.05040911775274992,0.05040911775274992,0.2724657820146814
7.521728,7.572091814980505,-0.05036381498050435,0.05036381498050435,0.6695777217659927
17.391658,17.341366673240962,0.05029132675903725,0.05029132675903725,0.2891692486061311
18.500838,18.45067288224725,0.05016511775275134,0.05016511775275134,0.271150516276507
18.500808,18.45067288224725,0.050135117752748926,0.050135117752748926,0.27098880088090177
18.500575,18.45067288224725,0.049902117752750996,0.049902117752750996,0.2697327934536157
18.500439,18.45067288224725,0.04976611775274975,0.04976611775274975,0.26899965861610503
7.522518,7.572091814980505,-0.04957381498050495,0.04957381498050495,0.6590056013138944
7.522548,7.572091814980505,-0.049543814980505196,0.049543814980505196,0.6586041721481418
17.29186,17.341366673240962,-0.049506673240962584,0.049506673240962584,0.28630045143018906
3.256183,3.2066853285939843,0.0494976714060158,0.0494976714060158,1.5201133168650436
17.291888,17.341366673240962,-0.04947867324096222,0.04947867324096222,0.28613806219815957
17.291939,17.341366673240962,-0.04942767324096309,0.04942767324096309,0.2858422831625606
3.255846,3.2066853285939843,0.049160671406015766,0.049160671406015766,1.5099200454968031
3.255775,3.2066853285939843,0.04908967140601561,0.04908967140601561,1.5077722325562375
18.499758,18.45067288224725,0.049085117752749596,0.049085117752749596,0.2653284316069663
7.523046,7.572091814980505,-0.049045814980504865,0.049045814980504865,0.6519409156856534
17.292343,17.341366673240962,-0.04902367324096346,0.04902367324096346,0.283499310883898
18.499664,18.45067288224725,0.04899111775274889,0.04899111775274889,0.2648216624501076
7.523142,7.572091814980505,-0.04894981498050477,0.04894981498050477,0.6506565339302929
3.255624,3.2066853285939843,0.04893867140601582,0.04893867140601582,1.5032040372141444
18.499584,18.45067288224725,0.04891111775274837,0.04891111775274837,0.264390365494078
3.255516,3.2066853285939843,0.048830671406015824,0.048830671406015824,1.4999364587523418
17.390169,17.341366673240962,0.04880232675903784,0.04880232675903784,0.2806316992017571
3.255475,3.2066853285939843,0.048789671406015866,0.048789671406015866,1.4986959323759872
3.255433,3.2066853285939843,0.04874767140601577,0.04874767140601577,1.4974251168590582
3.255377,3.2066853285939843,0.048691671406015935,0.048691671406015935,1.49573064516092
3.255362,3.2066853285939843,0.048676671406015615,0.048676671406015615,1.4952767589140727
17.292714,17.341366673240962,-0.04865267324096223,0.04865267324096223,0.2813478164311333
3.255229,3.2066853285939843,0.048543671406015676,0.048543671406015676,1.4912521178855442
3.255182,3.2066853285939843,0.04849667140601577,0.04849667140601577,1.4898297976741681
3.255172,3.2066853285939843,0.0484866714060157,0.0484866714060157,1.4895271710535165
7.52373,7.572091814980505,-0.04836181498050518,0.04836181498050518,0.6427904108715011
17.293007,17.341366673240962,-0.04835967324096302,0.04835967324096302,0.279648722981974
3.254972,3.2066853285939843,0.048286671406015724,0.048286671406015724,1.4834742481512053
17.389635,17.341366673240962,0.04826832675903603,0.04826832675903603,0.27756952206736063
3.25492,3.2066853285939843,0.04823467140601556,0.04823467140601556,1.4819003663541244
17.389599,17.341366673240962,0.0482323267590381,0.0482323267590381,0.27736307639273766
3.254862,3.2066853285939843,0.04817667140601589,0.04817667140601589,1.4801448234836299
3.25482,3.2066853285939843,0.048134671406015794,0.048134671406015794,1.4788735292439188
17.389355,17.341366673240962,0.04798832675903597,0.04798832675903597,0.2759638109565307
17.293381,17.341366673240962,-0.04798567324096226,0.04798567324096226,0.27747999792917755
17.293413,17.341366673240962,-0.047953673240961336,0.047953673240961336,0.27729444292277095
3.254621,3.2066853285939843,0.047935671406015956,0.047935671406015956,1.4728495700280648
3.254591,3.2066853285939843,0.04790567140601576,0.04790567140601576,1.47194137157461
4.513651,4.465786994210472,0.04786400578952854,0.04786400578952854,1.0604277067160954
3.254536,3.2066853285939843,0.04785067140601562,0.04785067140601562,1.4702762975903585
3.254533,3.2066853285939843,0.047847671406015646,0.047847671406015646,1.4701854737544668
7.524291,7.572091814980505,-0.047800814980504924,0.047800814980504924,0.6352866333833931
17.389111,17.341366673240962,0.04774432675903739,0.04774432675903739,0.2745645062520035
0.094362,0.04681552492162311,0.04754647507837689,0.04754647507837689,50.38731165934336
17.293872,17.341366673240962,-0.047494673240962015,0.047494673240962015,0.2746329638653934
17.388826,17.341366673240962,0.0474593267590393,0.0474593267590393,0.2729300227557995
17.293984,17.341366673240962,-0.047382673240964124,0.047382673240964124,0.27398356122389234
17.294111,17.341366673240962,-0.04725567324096147,0.04725567324096147,0.2732471951908267
17.294368,17.341366673240962,-0.04699867324096374,0.04699867324096374,0.2717571017379299
17.294489,17.341366673240962,-0.0468776732409637,0.0468776732409637,0.27105555556277294
17.294624,17.341366673240962,-0.046742673240963484,0.046742673240963484,0.270272850341778
17.294642,17.341366673240962,-0.046724673240962744,0.046724673240962744,0.2701684905688859
1.296134,1.3426793221449014,-0.04654532214490148,0.04654532214490148,3.5910887409257373
17.294866,17.341366673240962,-0.04650067324096341,0.04650067324096341,0.2688698093451233
17.387587,17.341366673240962,0.04622032675903753,0.04622032675903753,0.26582369801382855
1.296516,1.3426793221449014,-0.046163322144901375,0.046163322144901375,3.5605670999309535
1.296566,1.3426793221449014,-0.04611332214490127,0.04611332214490127,3.556573451821557
1.29662,1.3426793221449014,-0.04605932214490127,0.04605932214490127,3.5522606578140867
17.295318,17.341366673240962,-0.046048673240960625,0.046048673240960625,0.26624935858765
17.29534,17.341366673240962,-0.04602667324096288,0.04602667324096288,0.26612181801974844
7.618112,7.572091814980505,0.04602018501949523,0.04602018501949523,0.6040891105157176
0.092792,0.04681552492162311,0.04597647507837689,0.04597647507837689,49.54788670233318
1.296722,1.3426793221449014,-0.04595732214490145,0.04595732214490145,3.544115249171167
1.296726,1.3426793221449014,-0.04595332214490133,0.04595332214490133,3.543795847492649
17.295459,17.341366673240962,-0.045907673240961344,0.045907673240961344,0.26543194511747803
1.296842,1.3426793221449014,-0.04583732214490133,0.04583732214490133,3.5345340559117298
1.296875,1.3426793221449014,-0.04580432214490138,0.04580432214490138,3.531899538611622
17.295605,17.341366673240962,-0.04576167324096403,0.04576167324096403,0.2645855593990465
7.526338,7.572091814980505,-0.04575381498050479,0.04575381498050479,0.6079160274212622
17.295703,17.341366673240962,-0.045663673240962765,0.045663673240962765,0.26401744549324624
1.297062,1.3426793221449014,-0.04561732214490144,0.04561732214490144,3.5169731394015447
1.297139,1.3426793221449014,-0.045540322144901335,0.045540322144901335,3.5108282259180017
17.296031,17.341366673240962,-0.045335673240963104,0.045335673240963104,0.2621160498654344
1.297355,1.3426793221449014,-0.04532432214490134,0.04532432214490134,3.4935944395641703
17.296095,17.341366673240962,-0.04527167324096126,0.04527167324096126,0.2617450542489476
4.510996,4.465786994210472,0.0452090057895278,0.0452090057895278,1.002195652324356
1.297603,1.3426793221449014,-0.045076322144901315,0.045076322144901315,3.4738145751379657
17.296333,17.341366673240962,-0.04503367324096175,0.04503367324096175,0.2603654383891741
1.297649,1.3426793221449014,-0.045030322144901325,0.045030322144901325,3.4701465605438124
17.29634,17.341366673240962,-0.04502667324096166,0.04502667324096166,0.26032486202688737
1.297733,1.3426793221449014,-0.04494632214490135,0.04494632214490135,3.4634491179185476
17.296435,17.341366673240962,-0.04493167324096348,0.04493167324096348,0.2597741860718912
17.386204,17.341366673240962,0.044837326759036955,0.044837326759036955,0.2578902603396294
17.296551,17.341366673240962,-0.04481567324096147,0.04481567324096147,0.25910178995050737
1.297898,1.3426793221449014,-0.04478132214490138,0.04478132214490138,3.4502959509492337
1.297967,1.3426793221449014,-0.044712322144901284,0.044712322144901284,3.444796527296648
17.296677,17.341366673240962,-0.0446896732409634,0.0446896732409634,0.2583714388648469
1.298005,1.3426793221449014,-0.0446743221449013,0.0446743221449013,3.441768108863951
17.296753,17.341366673240962,-0.044613673240963436,0.044613673240963436,0.2579309147832863
17.296814,17.341366673240962,-0.04455267324096113,0.04455267324096113,0.25757733904465613
1.29813,1.3426793221449014,-0.04454932214490137,0.04454932214490137,3.431807456993488
1.29813,1.3426793221449014,-0.04454932214490137,0.04454932214490137,3.431807456993488
1.298256,1.3426793221449014,-0.0444233221449013,0.0444233221449013,3.421769061069583
1.29836,1.3426793221449014,-0.04431932214490142,0.04431932214490142,3.4134848687180703
7.527787,7.572091814980505,-0.04430481498050476,0.04430481498050476,0.5885503266752394
1.298462,1.3426793221449014,-0.04421732214490137,0.04421732214490137,3.4053612767640495
1.298604,1.3426793221449014,-0.044075322144901286,0.044075322144901286,3.3940540874282865
17.297307,17.341366673240962,-0.04405967324096238,0.04405967324096238,0.25471984304092926
1.298948,1.3426793221449014,-0.043731322144901386,0.043731322144901386,3.366672271833415
17.297679,17.341366673240962,-0.043687673240963676,0.043687673240963676,0.2525637875504056
17.297769,17.341366673240962,-0.04359767324096353,0.04359767324096353,0.2520421751539837
1.299091,1.3426793221449014,-0.04358832214490138,0.04358832214490138,3.35529398183392
17.297941,17.341366673240962,-0.043425673240960805,0.043425673240960805,0.2510453310062149
0.062465,0.019042457937869628,0.04342254206213037,0.04342254206213037,69.5149955857126
17.297955,17.341366673240962,-0.043411673240960624,0.043411673240960624,0.25096419340153014
0.070949,0.027764145576298915,0.04318485442370108,0.04318485442370108,60.86746023599152
17.298209,17.341366673240962,-0.043157673240962424,0.043157673240962424,0.24949214823750213
17.298271,17.341366673240962,-0.04309567324096264,0.04309567324096264,0.2491328366905196
7.529036,7.572091814980505,-0.04305581498050515,0.04305581498050515,0.5718635822691416
1.299875,1.3426793221449014,-0.042804322144901485,0.042804322144901485,3.292956795200195
17.298867,17.341366673240962,-0.042499673240961044,0.042499673240961044,0.2456789409428685
7.529862,7.572091814980505,-0.042229814980505154,0.042229814980505154,0.560831194249567
7.529934,7.572091814980505,-0.04215781498050486,0.04215781498050486,0.5598696479935281
17.299323,17.341366673240962,-0.042043673240961255,0.042043673240961255,0.2430365236877664
0.088709,0.04681552492162311,0.04189347507837689,0.04189347507837689,47.22573248616393
0.088652,0.04681552492162311,0.041836475078376886,0.041836475078376886,47.19180055857182
0.088644,0.04681552492162311,0.04182847507837689,0.04182847507837689,47.18703469066136
17.383091,17.341366673240962,0.04172432675903792,0.04172432675903792,0.24002823639822113
1.301075,1.3426793221449014,-0.041604322144901396,0.041604322144901396,3.1976882302483487
1.301195,1.3426793221449014,-0.041484322144901276,0.041484322144901276,3.188171038292731
1.301742,1.3426793221449014,-0.04093732214490142,0.04093732214490142,3.1448107337518967
0.068613,0.027764145576298915,0.04084885442370108,0.04084885442370108,59.535152761380395
0.06855,0.027764145576298915,0.040785854423701084,0.040785854423701084,59.49796406156547
17.300719,17.341366673240962,-0.040647673240961524,0.040647673240961524,0.23494788419329035
4.449196,4.408548953394554,0.0406470466054456,0.0406470466054456,0.9135818382586881
1.302177,1.3426793221449014,-0.04050232214490146,0.04050232214490146,3.1103545940214814
17.301052,17.341366673240962,-0.04031467324096383,0.04031467324096383,0.23301862361162093
0.087091,0.04681552492162311,0.04027547507837689,0.04027547507837689,46.24527796457914
0.087081,0.04681552492162311,0.0402654750783769,0.0402654750783769,46.23910500813931
0.087067,0.04681552492162311,0.0402514750783769,0.0402514750783769,46.230460486919775
0.087046,0.04681552492162311,0.04023047507837689,0.04023047507837689,46.21748849132574
0.087015,0.04681552492162311,0.04019947507837689,0.04019947507837689,46.198327911484874
0.059238,0.019042457937869628,0.04019554206213037,0.04019554206213037,67.85431985258795
0.087007,0.04681552492162311,0.04019147507837689,0.04019147507837689,46.19338102932352
0.086996,0.04681552492162311,0.040180475078376895,0.040180475078376895,46.186577580797184
0.086952,0.04681552492162311,0.04013647507837689,0.04013647507837689,46.15934657307198
0.086894,0.04681552492162311,0.04007847507837689,0.04007847507837689,46.12340901817558
0.086843,0.04681552492162311,0.040027475078376895,0.040027475078376895,46.09176909167708
4.622612,4.582606289982692,0.040005710017307905,0.040005710017307905,0.865435169909187
0.086693,0.04681552492162311,0.0398774750783769,0.0398774750783769,45.99849472550079
0.086672,0.04681552492162311,0.03985647507837689,0.03985647507837689,45.98541055057168
0.086671,0.04681552492162311,0.03985547507837689,0.03985547507837689,45.98478733647022
0.086665,0.04681552492162311,0.0398494750783769,0.0398494750783769,45.981047749836556
0.086657,0.04681552492162311,0.03984147507837689,0.03984147507837689,45.976060828785705
0.086654,0.04681552492162311,0.039838475078376887,0.039838475078376887,45.974190495998684
0.08663,0.04681552492162311,0.03981447507837689,0.03981447507837689,45.959223170284744
0.086627,0.04681552492162311,0.03981147507837689,0.03981147507837689,45.9573516714414
0.086626,0.04681552492162311,0.039810475078376886,0.039810475078376886,45.95672780968781
0.086624,0.04681552492162311,0.0398084750783769,0.0398084750783769,45.955480042968944
0.086622,0.04681552492162311,0.039806475078376896,0.039806475078376896,45.954232218631134
0.086621,0.04681552492162311,0.039805475078376895,0.039805475078376895,45.95360828485389
0.086618,0.04681552492162311,0.03980247507837689,0.03980247507837689,45.951736397082776
0.086617,0.04681552492162311,0.03980147507837689,0.03980147507837689,45.95111240567762
0.086613,0.04681552492162311,0.03979747507837689,0.03979747507837689,45.94861629596975
0.086612,0.04681552492162311,0.039796475078376886,0.039796475078376886,45.94799223251847
0.086611,0.04681552492162311,0.039795475078376885,0.039795475078376885,45.94736815465647
0.086608,0.04681552492162311,0.039792475078376896,0.039792475078376896,45.94549583460119
1.302887,1.3426793221449014,-0.03979232214490147,0.03979232214490147,3.054165260828246
0.086602,0.04681552492162311,0.03978647507837689,0.03978647507837689,45.94175080533376
0.086598,0.04681552492162311,0.039782475078376886,0.039782475078376886,45.93925383084787
0.086597,0.04681552492162311,0.039781475078376885,0.039781475078376885,45.93862955118337
0.086597,0.04681552492162311,0.039781475078376885,0.039781475078376885,45.93862955118337
0.086594,0.04681552492162311,0.039778475078376896,0.039778475078376896,45.93675662567861
0.086593,0.04681552492162311,0.039777475078376895,0.039777475078376895,45.93613228833828
0.086589,0.04681552492162311,0.03977347507837689,0.03977347507837689,45.933634794769844
0.086584,0.04681552492162311,0.039768475078376886,0.039768475078376886,45.93051260330589
0.086583,0.04681552492162311,0.039767475078376885,0.039767475078376885,45.929888121740994
0.086577,0.04681552492162311,0.03976147507837689,0.03976147507837689,45.92614092940475
0.086576,0.04681552492162311,0.03976047507837689,0.03976047507837689,45.925516346852916
0.08657,0.04681552492162311,0.039754475078376886,0.039754475078376886,45.92176854852157
0.08657,0.04681552492162311,0.039754475078376886,0.039754475078376886,45.92176854852157
0.086569,0.04681552492162311,0.039753475078376885,0.039753475078376885,45.921143864958296
0.086566,0.04681552492162311,0.039750475078376896,0.039750475078376896,45.91926972767325
0.086564,0.04681552492162311,0.039748475078376894,0.039748475078376894,45.91802023064886
0.086559,0.04681552492162311,0.03974347507837689,0.03974347507837689,45.91489623547175
0.086554,0.04681552492162311,0.0397384750783769,0.0397384750783769,45.91177187936447
0.086553,0.04681552492162311,0.039737475078376897,0.039737475078376897,45.91114696482589
0.086553,0.04681552492162311,0.039737475078376897,0.039737475078376897,45.91114696482589
0.086553,0.04681552492162311,0.039737475078376897,0.039737475078376897,45.91114696482589
0.086552,0.04681552492162311,0.039736475078376896,0.039736475078376896,45.91052203584709
0.086549,0.04681552492162311,0.03973347507837689,0.03973347507837689,45.90864716226444
0.086549,0.04681552492162311,0.03973347507837689,0.03973347507837689,45.90864716226444
0.086547,0.04681552492162311,0.03973147507837689,0.03973147507837689,45.90739717433244
0.086545,0.04681552492162311,0.03972947507837689,0.03972947507837689,45.90614712862759
0.086544,0.04681552492162311,0.03972847507837689,0.03972847507837689,45.90552208410909
0.086543,0.04681552492162311,0.039727475078376887,0.039727475078376887,45.90489702514587
0.086543,0.04681552492162311,0.039727475078376887,0.039727475078376887,45.90489702514587
0.086543,0.04681552492162311,0.039727475078376887,0.039727475078376887,45.90489702514587
0.086539,0.04681552492162311,0.039723475078376896,0.039723475078376896,45.902396644835854
0.086537,0.04681552492162311,0.039721475078376894,0.039721475078376894,45.90114636799952
0.086537,0.04681552492162311,0.039721475078376894,0.039721475078376894,45.90114636799952
0.086536,0.04681552492162311,0.03972047507837689,0.03972047507837689,45.90052120790928
0.086535,0.04681552492162311,0.03971947507837689,0.03971947507837689,45.89989603337031
0.086533,0.04681552492162311,0.03971747507837689,0.03971747507837689,45.8986456409442
0.08653,0.04681552492162311,0.03971447507837689,0.03971447507837689,45.896769943927104
0.086526,0.04681552492162311,0.0397104750783769,0.0397104750783769,45.89426881224444
0.086525,0.04681552492162311,0.039709475078376896,0.039709475078376896,45.8936434931907
0.086523,0.04681552492162311,0.039707475078376894,0.039707475078376894,45.89239281172001
0.086521,0.04681552492162311,0.03970547507837689,0.03970547507837689,45.89114207242837
0.086521,0.04681552492162311,0.03970547507837689,0.03970547507837689,45.89114207242837
0.08652,0.04681552492162311,0.03970447507837689,0.03970447507837689,45.89051668109845
0.08652,0.04681552492162311,0.03970447507837689,0.03970447507837689,45.89051668109845
0.086519,0.04681552492162311,0.03970347507837689,0.03970347507837689,45.88989127531178
0.067467,0.027764145576298915,0.039702854423701084,0.039702854423701084,58.84781354566421
0.086515,0.04681552492162311,0.039699475078376886,0.039699475078376886,45.887389507587706
0.086515,0.04681552492162311,0.039699475078376886,0.039699475078376886,45.887389507587706
0.086513,0.04681552492162311,0.0396974750783769,0.0396974750783769,45.8861385369722
0.086506,0.04681552492162311,0.03969047507837689,0.03969047507837689,45.88175968429373
0.086504,0.04681552492162311,0.03968847507837689,0.03968847507837689,45.88050845336214
0.086503,0.04681552492162311,0.03968747507837689,0.03968747507837689,45.87988281619945
0.086503,0.04681552492162311,0.03968747507837689,0.03968747507837689,45.87988281619945
0.086502,0.04681552492162311,0.03968647507837689,0.03968647507837689,45.8792571645715
0.0865,0.04681552492162311,0.039684475078376885,0.039684475078376885,45.87800581791779
0.086499,0.04681552492162311,0.0396834750783769,0.0396834750783769,45.87738012289104
0.086498,0.04681552492162311,0.0396824750783769,0.0396824750783769,45.87675441339701
0.086497,0.04681552492162311,0.039681475078376896,0.039681475078376896,45.876128689435205
0.086497,0.04681552492162311,0.039681475078376896,0.039681475078376896,45.876128689435205
0.086493,0.04681552492162311,0.03967747507837689,0.03967747507837689,45.87362564890022
0.086492,0.04681552492162311,0.03967647507837689,0.03967647507837689,45.872999852592024
0.086492,0.04681552492162311,0.03967647507837689,0.03967647507837689,45.872999852592024
0.086492,0.04681552492162311,0.03967647507837689,0.03967647507837689,45.872999852592024
0.086491,0.04681552492162311,0.03967547507837689,0.03967547507837689,45.87237404181304
0.086491,0.04681552492162311,0.03967547507837689,0.03967547507837689,45.87237404181304
0.086485,0.04681552492162311,0.0396694750783769,0.0396694750783769,45.868618873224584
0.086482,0.04681552492162311,0.039666475078376895,0.039666475078376895,45.86674109353409
0.086481,0.04681552492162311,0.039665475078376894,0.039665475078376894,45.86611513801966
0.086478,0.04681552492162311,0.03966247507837689,0.03966247507837689,45.8642371846165
0.086473,0.04681552492162311,0.039657475078376886,0.039657475078376886,45.861106972714936
0.086468,0.04681552492162311,0.039652475078376895,0.039652475078376895,45.85797639880524
0.086468,0.04681552492162311,0.039652475078376895,0.039652475078376895,45.85797639880524
0.086466,0.04681552492162311,0.03965047507837689,0.03965047507837689,45.856724067865024
0.086466,0.04681552492162311,0.03965047507837689,0.03965047507837689,45.856724067865024
39.159616,39.11996848786336,0.03964751213663931,0.03964751213663931,0.10124591654968747
0.086459,0.04681552492162311,0.039643475078376886,0.039643475078376886,45.85234045330683
0.086456,0.04681552492162311,0.0396404750783769,0.0396404750783769,45.85046154405297
0.086451,0.04681552492162311,0.03963547507837689,0.03963547507837689,45.84732973884578
0.08645,0.04681552492162311,0.03963447507837689,0.03963447507837689,45.846703334332204
0.086447,0.04681552492162311,0.03963147507837689,0.03963147507837689,45.84482403383816
0.086446,0.04681552492162311,0.03963047507837689,0.03963047507837689,45.844197571354016
0.086445,0.04681552492162311,0.039629475078376886,0.039629475078376886,45.84357109437598
0.086444,0.04681552492162311,0.039628475078376885,0.039628475078376885,45.84294460290355
0.058662,0.019042457937869628,0.03961954206213037,0.03961954206213037,67.5386826132619
0.086433,0.04681552492162311,0.03961747507837689,0.03961747507837689,45.83605223993248
0.086433,0.04681552492162311,0.03961747507837689,0.03961747507837689,45.83605223993248
0.086432,0.04681552492162311,0.03961647507837689,0.03961647507837689,45.835425574488
0.086428,0.04681552492162311,0.039612475078376896,0.039612475078376896,45.83291876769563
0.086426,0.04681552492162311,0.039610475078376894,0.039610475078376894,45.831665277283726
0.086422,0.04681552492162311,0.03960647507837689,0.03960647507837689,45.829158122408344
0.086416,0.04681552492162311,0.0396004750783769,0.0396004750783769,45.82539695490592
0.086415,0.04681552492162311,0.0395994750783769,0.0395994750783769,45.82477004287696
0.086415,0.04681552492162311,0.0395994750783769,0.0395994750783769,45.82477004287696
0.086411,0.04681552492162311,0.03959547507837689,0.03959547507837689,45.82226224966108
0.086406,0.04681552492162311,0.03959047507837689,0.03959047507837689,45.81912718162832
0.086403,0.04681552492162311,0.039587475078376885,0.039587475078376885,45.817245966644265
0.086393,0.04681552492162311,0.03957747507837689,0.03957747507837689,45.81097430644371
0.086391,0.04681552492162311,0.03957547507837689,0.03957547507837689,45.80971980017267
0.086389,0.04681552492162311,0.039573475078376885,0.039573475078376885,45.80846523581524
0.086356,0.04681552492162311,0.039540475078376894,0.039540475078376894,45.78775653410202
0.086344,0.04681552492162311,0.039528475078376896,0.039528475078376896,45.780222172469045
0.086337,0.04681552492162311,0.03952147507837689,0.03952147507837689,45.77582616097509
0.086335,0.04681552492162311,0.03951947507837689,0.03951947507837689,45.77457002675893
0.086334,0.04681552492162311,0.039518475078376886,0.039518475078376886,45.773941937826294
0.086331,0.04681552492162311,0.0395154750783769,0.0395154750783769,45.772057583724084
0.086327,0.04681552492162311,0.03951147507837689,0.03951147507837689,45.769544907858894
0.086324,0.04681552492162311,0.03950847507837689,0.03950847507837689,45.76766024814563
0.086322,0.04681552492162311,0.03950647507837689,0.03950647507837689,45.766403735560445
0.086321,0.04681552492162311,0.03950547507837689,0.03950547507837689,45.765775457433435
0.086319,0.04681552492162311,0.0395034750783769,0.0395034750783769,45.76451885750806
0.086319,0.04681552492162311,0.0395034750783769,0.0395034750783769,45.76451885750806
0.086308,0.04681552492162311,0.03949247507837689,0.03949247507837689,45.75760651691533
0.086302,0.04681552492162311,0.039486475078376895,0.039486475078376895,45.753835406622166
0.086299,0.04681552492162311,0.03948347507837689,0.03948347507837689,45.75194965483371
0.086291,0.04681552492162311,0.0394754750783769,0.0394754750783769,45.74692034236476
0.08629,0.04681552492162311,0.0394744750783769,0.0394744750783769,45.746291612736826
0.08629,0.04681552492162311,0.0394744750783769,0.0394744750783769,45.746291612736826
0.086288,0.04681552492162311,0.039472475078376895,0.039472475078376895,45.74503410976249
0.086288,0.04681552492162311,0.039472475078376895,0.039472475078376895,45.74503410976249
0.086288,0.04681552492162311,0.039472475078376895,0.039472475078376895,45.74503410976249
0.086277,0.04681552492162311,0.0394614750783769,0.0394614750783769,45.73811680127819
0.086276,0.04681552492162311,0.0394604750783769,0.0394604750783769,45.737487867587056
0.086274,0.04681552492162311,0.039458475078376895,0.039458475078376895,45.73622995646506
0.086253,0.04681552492162311,0.03943747507837689,0.03943747507837689,45.72301836765547
0.086249,0.04681552492162311,0.0394334750783769,0.0394334750783769,45.72050114512214
7.5327,7.572091814980505,-0.03939181498050459,0.03939181498050459,0.5229441631816167
0.086198,0.04681552492162311,0.03938247507837689,0.03938247507837689,45.68838607936206
0.086192,0.04681552492162311,0.039376475078376896,0.039376475078376896,45.684605337725415
0.086167,0.04681552492162311,0.039351475078376885,0.039351475078376885,45.66884658013862
17.302083,17.341366673240962,-0.03928367324096271,0.03928367324096271,0.22704591834830334
0.058252,0.019042457937869628,0.03920954206213037,0.03920954206213037,67.31020736596196
0.085991,0.04681552492162311,0.03917547507837689,0.03917547507837689,45.557645605725305
0.085963,0.04681552492162311,0.03914747507837689,0.03914747507837689,45.53991255870198
0.06691,0.027764145576298915,0.03914585442370108,0.03914585442370108,58.50523743117
0.085943,0.04681552492162311,0.0391274750783769,0.0391274750783769,45.52723902220036
0.085918,0.04681552492162311,0.039102475078376886,0.039102475078376886,45.511388804284906
0.085916,0.04681552492162311,0.0391004750783769,0.0391004750783769,45.51012038836396
0.085905,0.04681552492162311,0.03908947507837689,0.03908947507837689,45.50314304507741
0.085904,0.04681552492162311,0.039088475078376886,0.039088475078376886,45.50250865253583
0.085898,0.04681552492162311,0.039082475078376894,0.039082475078376894,45.498701987098876
0.085895,0.04681552492162311,0.03907947507837689,0.03907947507837689,45.49679845495092
0.085895,0.04681552492162311,0.03907947507837689,0.03907947507837689,45.49679845495092
0.085894,0.04681552492162311,0.03907847507837689,0.03907847507837689,45.49616391468639
0.085892,0.04681552492162311,0.03907647507837689,0.03907647507837689,45.49489478983141
0.085892,0.04681552492162311,0.03907647507837689,0.03907647507837689,45.49489478983141
0.08589,0.04681552492162311,0.039074475078376886,0.039074475078376886,45.49362560587177
0.066837,0.027764145576298915,0.03907285442370108,0.03907285442370108,58.459916461303116
0.085886,0.04681552492162311,0.039070475078376896,0.039070475078376896,45.491087060622
0.085886,0.04681552492162311,0.039070475078376896,0.039070475078376896,45.491087060622
0.085883,0.04681552492162311,0.03906747507837689,0.03906747507837689,45.48918299650421
0.085881,0.04681552492162311,0.03906547507837689,0.03906547507837689,45.48791354652249
0.08588,0.04681552492162311,0.03906447507837689,0.03906447507837689,45.48727879935912
0.085879,0.04681552492162311,0.03906347507837689,0.03906347507837689,45.48664403741339
0.085876,0.04681552492162311,0.039060475078376886,0.039060475078376886,45.48473966287688
0.085875,0.04681552492162311,0.0390594750783769,0.0390594750783769,45.48410484179656
0.085873,0.04681552492162311,0.039057475078376896,0.039057475078376896,45.48283515528054
0.085872,0.04681552492162311,0.039056475078376895,0.039056475078376895,45.48220028984383
0.08587,0.04681552492162311,0.039054475078376893,0.039054475078376893,45.48093051461042
0.085867,0.04681552492162311,0.03905147507837689,0.03905147507837689,45.479025740852556
0.085857,0.04681552492162311,0.039041475078376894,0.039041475078376894,45.47267553362477
0.085856,0.04681552492162311,0.03904047507837689,0.03904047507837689,45.47204043154218
0.085855,0.04681552492162311,0.03903947507837689,0.03903947507837689,45.47140531466483
0.085854,0.04681552492162311,0.03903847507837689,0.03903847507837689,45.4707701829922
0.085853,0.04681552492162311,0.03903747507837689,0.03903747507837689,45.47013503652378
0.085852,0.04681552492162311,0.03903647507837689,0.03903647507837689,45.46949987525904
0.08585,0.04681552492162311,0.03903447507837689,0.03903447507837689,45.46822950833857
0.08585,0.04681552492162311,0.03903447507837689,0.03903447507837689,45.46822950833857
0.085849,0.04681552492162311,0.039033475078376886,0.039033475078376886,45.467594302681796
0.085849,0.04681552492162311,0.039033475078376886,0.039033475078376886,45.467594302681796
0.085848,0.04681552492162311,0.039032475078376885,0.039032475078376885,45.46695908222665
0.085848,0.04681552492162311,0.039032475078376885,0.039032475078376885,45.46695908222665
0.085847,0.04681552492162311,0.0390314750783769,0.0390314750783769,45.46632384697261
0.085835,0.04681552492162311,0.039019475078376886,0.039019475078376886,45.458699869421785
0.08582,0.04681552492162311,0.039004475078376885,0.039004475078376885,45.44916689923995
0.085815,0.04681552492162311,0.038999475078376894,0.038999475078376894,45.44598850192963
0.066723,0.027764145576298915,0.03895885442370109,0.03895885442370109,58.388942891225135
0.066709,0.027764145576298915,0.03894485442370109,0.03894485442370109,58.38021011455857
0.066707,0.027764145576298915,0.03894285442370109,0.03894285442370109,58.37896227580632
0.066688,0.027764145576298915,0.03892385442370108,0.03892385442370108,58.367104074697075
0.066682,0.027764145576298915,0.03891785442370109,0.03891785442370109,58.363357975672194
0.06667,0.027764145576298915,0.03890585442370108,0.03890585442370108,58.3558637548301
0.066659,0.027764145576298915,0.03889485442370108,0.03889485442370108,58.348991682071585
0.066634,0.027764145576298915,0.03886985442370108,0.03886985442370108,58.33336489685104
0.066602,0.027764145576298915,0.03883785442370108,0.03883785442370108,58.31334549321002
0.066599,0.027764145576298915,0.03883485442370109,0.03883485442370109,58.311467687787534
0.066562,0.027764145576298915,0.03879785442370108,0.03879785442370108,58.288294169966036
0.066535,0.027764145576298915,0.03877085442370108,0.03877085442370108,58.271367498955016
0.066482,0.027764145576298915,0.038717854423701084,0.038717854423701084,58.238101088208815
0.06647,0.027764145576298915,0.038705854423701086,0.038705854423701086,58.23056170523624
0.057735,0.019042457937869628,0.038692542062130374,0.038692542062130374,67.01747985643524
0.066383,0.027764145576298915,0.03861885442370108,0.03861885442370108,58.17581966094523
0.06636,0.027764145576298915,0.03859585442370109,0.03859585442370109,58.16132363704003
0.066359,0.027764145576298915,0.038594854423701086,0.038594854423701086,58.16069314718485
0.066356,0.027764145576298915,0.03859185442370108,0.03859185442370108,58.1588015635998
0.066347,0.027764145576298915,0.03858285442370109,0.03858285442370109,58.15312578646806
0.06634,0.027764145576298915,0.03857585442370108,0.03857585442370108,58.14871022844797
0.066339,0.027764145576298915,0.03857485442370108,0.03857485442370108,58.148079358375924
0.066336,0.027764145576298915,0.03857185442370109,0.03857185442370109,58.14618663403718
0.066326,0.027764145576298915,0.03856185442370108,0.03856185442370108,58.13987631631821
0.066321,0.027764145576298915,0.03855685442370109,0.03855685442370109,58.13672044384791
39.081412,39.11996848786336,-0.03855648786336019,0.03855648786336019,0.09865684449492647
0.06632,0.027764145576298915,0.03855585442370109,0.03855585442370109,58.13608921225121
0.066318,0.027764145576298915,0.03855385442370109,0.03855385442370109,58.134826691948284
0.066313,0.027764145576298915,0.03854885442370108,0.03854885442370108,58.13167005801188
0.06631,0.027764145576298915,0.03854585442370108,0.03854585442370108,58.12977584914991
0.06631,0.027764145576298915,0.03854585442370108,0.03854585442370108,58.12977584914991
0.066308,0.027764145576298915,0.03854385442370109,0.03854385442370109,58.12851294801921
0.066304,0.027764145576298915,0.038539854423701086,0.038539854423701086,58.12598691719217
0.066291,0.027764145576298915,0.03852685442370109,0.03852685442370109,58.11777521169286
0.066289,0.027764145576298915,0.038524854423701085,0.038524854423701085,58.11651158651448
0.066286,0.027764145576298915,0.03852185442370108,0.03852185442370108,58.11461600577267
0.066282,0.027764145576298915,0.03851785442370108,0.03851785442370108,58.112088297862165
0.066282,0.027764145576298915,0.03851785442370108,0.03851785442370108,58.112088297862165
0.066282,0.027764145576298915,0.03851785442370108,0.03851785442370108,58.112088297862165
0.066279,0.027764145576298915,0.03851485442370109,0.03851485442370109,58.110192316707995
0.066274,0.027764145576298915,0.038509854423701084,0.038509854423701084,58.107031966674796
0.066271,0.027764145576298915,0.03850685442370108,0.03850685442370108,58.10513552775113
0.066271,0.027764145576298915,0.03850685442370108,0.03850685442370108,58.10513552775113
0.06627,0.027764145576298915,0.03850585442370108,0.03850585442370108,58.10450334328744
0.066267,0.027764145576298915,0.03850285442370109,0.03850285442370109,58.102606675416844
0.066265,0.027764145576298915,0.03850085442370109,0.03850085442370109,58.10134213476156
0.066264,0.027764145576298915,0.03849985442370109,0.03849985442370109,58.10070983580885
0.06626,0.027764145576298915,0.038495854423701084,0.038495854423701084,58.098180449144145
0.066258,0.027764145576298915,0.03849385442370108,0.03849385442370108,58.09691564128735
0.066258,0.027764145576298915,0.03849385442370108,0.03849385442370108,58.09691564128735
0.066258,0.027764145576298915,0.03849385442370108,0.03849385442370108,58.09691564128735
0.066258,0.027764145576298915,0.03849385442370108,0.03849385442370108,58.09691564128735
0.066257,0.027764145576298915,0.03849285442370108,0.03849285442370108,58.09628320872482
0.066255,0.027764145576298915,0.03849085442370108,0.03849085442370108,58.095018286327175
0.066254,0.027764145576298915,0.03848985442370108,0.03848985442370108,58.09438579649032
0.066252,0.027764145576298915,0.03848785442370109,0.03848785442370109,58.09312075953626
0.066248,0.027764145576298915,0.038483854423701086,0.038483854423701086,58.09059045648246
0.066247,0.027764145576298915,0.038482854423701085,0.038482854423701085,58.08995783297527
0.066243,0.027764145576298915,0.03847885442370108,0.03847885442370108,58.08742714794568
0.066241,0.027764145576298915,0.03847685442370108,0.03847685442370108,58.08616169081826
0.066239,0.027764145576298915,0.03847485442370109,0.03847485442370109,58.0848961572732
0.066238,0.027764145576298915,0.03847385442370109,0.03847385442370109,58.084263361841884
0.066236,0.027764145576298915,0.03847185442370109,0.03847185442370109,58.08299771365737
0.066228,0.027764145576298915,0.03846385442370108,0.03846385442370108,58.077934356500506
0.066228,0.027764145576298915,0.03846385442370108,0.03846385442370108,58.077934356500506
0.06622,0.027764145576298915,0.038455854423701086,0.038455854423701086,58.072869775941136
0.066218,0.027764145576298915,0.038453854423701084,0.038453854423701084,58.07160343959269
0.066217,0.027764145576298915,0.03845285442370108,0.03845285442370108,58.0709702427324
0.066217,0.027764145576298915,0.03845285442370108,0.03845285442370108,58.0709702427324
0.066216,0.027764145576298915,0.03845185442370108,0.03845185442370108,58.070337026746934
0.06621,0.027764145576298915,0.03844585442370109,0.03844585442370109,58.06653732915655
0.066209,0.027764145576298915,0.03844485442370109,0.03844485442370109,58.06590397927047
0.066191,0.027764145576298915,0.038426854423701085,0.038426854423701085,58.054500408887286
0.066181,0.027764145576298915,0.03841685442370109,0.03841685442370109,58.04816241164825
0.066177,0.027764145576298915,0.038412854423701084,0.038412854423701084,58.045626676421506
0.066174,0.027764145576298915,0.03840985442370108,0.03840985442370108,58.043724673825615
0.066171,0.027764145576298915,0.03840685442370108,0.03840685442370108,58.041822498767225
0.066163,0.027764145576298915,0.038398854423701084,0.038398854423701084,58.03674918861651
0.066163,0.027764145576298915,0.038398854423701084,0.038398854423701084,58.03674918861651
0.06616,0.027764145576298915,0.03839585442370108,0.03839585442370108,58.03484638099492
0.066158,0.027764145576298915,0.03839385442370108,0.03839385442370108,58.03357774670865
0.066153,0.027764145576298915,0.03838885442370109,0.03838885442370109,58.030405825390666
0.066152,0.027764145576298915,0.03838785442370109,0.03838785442370109,58.02977138358828
0.066144,0.027764145576298915,0.03837985442370108,0.03837985442370108,58.024695158557684
0.066143,0.027764145576298915,0.03837885442370108,0.03837885442370108,58.02406054408936
0.066114,0.027764145576298915,0.03834985442370109,0.03834985442370109,58.00564837355997
0.066114,0.027764145576298915,0.03834985442370109,0.03834985442370109,58.00564837355997
0.066106,0.027764145576298915,0.03834185442370108,0.03834185442370108,58.000566311228205
0.066103,0.027764145576298915,0.03833885442370108,0.03833885442370108,57.99866022071982
0.0661,0.027764145576298915,0.03833585442370109,0.03833585442370109,57.99675395719264
0.066096,0.027764145576298915,0.03833185442370109,0.03833185442370109,57.99421200330863
0.066076,0.027764145576298915,0.03831185442370108,0.03831185442370108,57.98149761747017
0.066074,0.027764145576298915,0.03830985442370108,0.03830985442370108,57.98022575554811
0.066068,0.027764145576298915,0.038303854423701086,0.038303854423701086,57.976409707762734
0.066043,0.027764145576298915,0.03827885442370109,0.03827885442370109,57.96050204524414
7.318948,7.357219936217001,-0.038271936217001645,0.038271936217001645,0.5229158099836033
0.066016,0.027764145576298915,0.03825185442370109,0.03825185442370109,57.94330823703009
39.081728,39.11996848786336,-0.038240487863362205,0.038240487863362205,0.09784748479715216
0.066003,0.027764145576298915,0.03823885442370109,0.03823885442370109,57.93502471973405
0.065996,0.027764145576298915,0.038231854423701084,0.038231854423701084,57.93056301256216
0.065991,0.027764145576298915,0.03822685442370108,0.03822685442370108,57.92737549934645
0.065975,0.027764145576298915,0.03821085442370109,0.03821085442370109,57.917172210358345
0.065972,0.027764145576298915,0.03820785442370109,0.03820785442370109,57.915258542693614
0.065971,0.027764145576298915,0.03820685442370109,0.03820685442370109,57.91462061479508
0.065962,0.027764145576298915,0.03819785442370109,0.03819785442370109,57.908878393305564
0.065941,0.027764145576298915,0.038176854423701084,0.038176854423701084,57.895473780812566
0.065937,0.027764145576298915,0.03817285442370108,0.03817285442370108,57.892919553222264
0.065923,0.027764145576298915,0.03815885442370108,0.03815885442370108,57.8839773156821
7.319065,7.357219936217001,-0.03815493621700128,0.03815493621700128,0.5213088859913113
0.065914,0.027764145576298915,0.038149854423701085,0.038149854423701085,57.87822672849905
1.304539,1.3426793221449014,-0.038140322144901484,0.038140322144901484,2.9236628526995228
0.065898,0.027764145576298915,0.03813385442370108,0.03813385442370108,57.8679995839526
0.06589,0.027764145576298915,0.03812585442370109,0.03812585442370109,57.86288414909425
17.303275,17.341366673240962,-0.038091673240963075,0.038091673240963075,0.22014140814812766
0.128188,0.09011614302536053,0.03807185697463947,0.03807185697463947,29.70001633923569
7.319274,7.357219936217001,-0.037945936217001375,0.037945936217001375,0.5184385256855111
7.319318,7.357219936217001,-0.03790193621700144,0.03790193621700144,0.5178342601931438
7.319343,7.357219936217001,-0.0378769362170015,0.0378769362170015,0.5174909307636493
0.127986,0.09011614302536053,0.03786985697463946,0.03786985697463946,29.589062041981467
39.082123,39.11996848786336,-0.03784548786335762,0.03784548786335762,0.09683580358022204
7.31939,7.357219936217001,-0.03782993621700115,0.03782993621700115,0.5168454777855026
0.065506,0.027764145576298915,0.03774185442370108,0.03774185442370108,57.61587391397004
1.304952,1.3426793221449014,-0.03772732214490149,0.03772732214490149,2.891088878518934
7.319519,7.357219936217001,-0.03770093621700177,0.03770093621700177,0.515073957953886
7.319523,7.357219936217001,-0.03769693621700121,0.03769693621700121,0.5150190281045116
7.319589,7.357219936217001,-0.037630936217001754,0.037630936217001754,0.5141126942576646
0.065383,0.027764145576298915,0.03761885442370108,0.03761885442370108,57.536139923473904
0.06537,0.027764145576298915,0.03760585442370108,0.03760585442370108,57.52769522131466
0.065369,0.027764145576298915,0.03760485442370108,0.03760485442370108,57.52704548971843
0.065365,0.027764145576298915,0.03760085442370109,0.03760085442370109,57.524446364532466
0.06534,0.027764145576298915,0.03757585442370108,0.03757585442370108,57.508194622272555
39.082401,39.11996848786336,-0.03756748786336317,0.03756748786336317,0.09612379716196824
0.065326,0.027764145576298915,0.03756185442370108,0.03756185442370108,57.4990882132719
7.319659,7.357219936217001,-0.03756093621700174,0.03756093621700174,0.5131514489471243
0.065325,0.027764145576298915,0.03756085442370108,0.03756085442370108,57.49843760612728
0.065324,0.027764145576298915,0.03755985442370108,0.03755985442370108,57.49778697906328
0.065321,0.027764145576298915,0.03755685442370109,0.03755685442370109,57.4958349783458
0.065321,0.027764145576298915,0.03755685442370109,0.03755685442370109,57.4958349783458
0.06532,0.027764145576298915,0.03755585442370109,0.03755585442370109,57.49518427159508
0.065317,0.027764145576298915,0.037552854423701085,0.037552854423701085,57.493232031795486
0.065314,0.027764145576298915,0.03754985442370108,0.03754985442370108,57.49127961265549
0.065309,0.027764145576298915,0.03754485442370109,0.03754485442370109,57.48802518215417
0.065308,0.027764145576298915,0.03754385442370109,0.03754385442370109,57.48737423625546
0.065305,0.027764145576298915,0.03754085442370109,0.03754085442370109,57.48542127894597
0.065304,0.027764145576298915,0.037539854423701086,0.037539854423701086,57.48477025330197
0.065299,0.027764145576298915,0.03753485442370108,0.03753485442370108,57.481514825984426
0.065298,0.027764145576298915,0.03753385442370108,0.03753385442370108,57.480863680695
0.065297,0.027764145576298915,0.03753285442370108,0.03753285442370108,57.48021251546146
0.065295,0.027764145576298915,0.03753085442370109,0.03753085442370109,57.4789101251584
7.319695,7.357219936217001,-0.03752493621700115,0.03752493621700115,0.5126571013749683
7.319698,7.357219936217001,-0.03752193621700162,0.03752193621700162,0.5126159059634564
0.065286,0.027764145576298915,0.03752185442370108,0.03752185442370108,57.47304838131918
0.065279,0.027764145576298915,0.03751485442370109,0.03751485442370109,57.468488129770066
0.065277,0.027764145576298915,0.037512854423701086,0.037512854423701086,57.467185021116016
1.30517,1.3426793221449014,-0.037509322144901436,0.037509322144901436,2.8739031805839494
0.065273,0.027764145576298915,0.03750885442370108,0.03750885442370108,57.4645785642402
0.065252,0.027764145576298915,0.03748785442370109,0.03748785442370109,57.450889422929876
7.319859,7.357219936217001,-0.03736093621700132,0.03736093621700132,0.5104051350782974
7.319859,7.357219936217001,-0.03736093621700132,0.03736093621700132,0.5104051350782974
7.319892,7.357219936217001,-0.037327936217001145,0.037327936217001145,0.5099520077139279
7.31991,7.357219936217001,-0.037309936217001294,0.037309936217001294,0.5097048490554063
7.319915,7.357219936217001,-0.03730493621700148,0.03730493621700148,0.5096361940882079
39.082667,39.11996848786336,-0.03730148786335974,0.03730148786335974,0.09544253431646386
7.319966,7.357219936217001,-0.03725393621700146,0.03725393621700146,0.5089359187801217
7.319972,7.357219936217001,-0.03724793621700151,0.03724793621700151,0.5088535340912869
7.319984,7.357219936217001,-0.03723593621700161,0.03723593621700161,0.5086887651187888
7.320001,7.357219936217001,-0.03721893621700101,0.03721893621700101,0.5084553433325016
39.082753,39.11996848786336,-0.037215487863363705,0.037215487863363705,0.09522227838778012
39.082842,39.11996848786336,-0.037126487863361035,0.037126487863361035,0.09499434013336604
7.320123,7.357219936217001,-0.03709693621700172,0.03709693621700172,0.5067802305575322
7.320127,7.357219936217001,-0.03709293621700116,0.03709293621700116,0.5067253097725549
7.320146,7.357219936217001,-0.03707393621700117,0.03707393621700117,0.5064644368636186
7.320189,7.357219936217001,-0.037030936217001376,0.037030936217001376,0.5058740452807367
7.320226,7.357219936217001,-0.03699393621700153,0.03699393621700153,0.5053660394705869
7.320275,7.357219936217001,-0.03694493621700179,0.03694493621700179,0.5046932829230746
7.320281,7.357219936217001,-0.03693893621700184,0.03693893621700184,0.5046109051892574
7.320308,7.357219936217001,-0.03691193621700162,0.03691193621700162,0.5042402070581917
7.320324,7.357219936217001,-0.03689593621700116,0.03689593621700116,0.5040205353820013
7.320347,7.357219936217001,-0.036872936217001495,0.036872936217001495,0.5037047590298355
7.320357,7.357219936217001,-0.036862936217001874,0.036862936217001874,0.5035674655825981
7.320365,7.357219936217001,-0.036854936217001644,0.036854936217001644,0.5034576310948728
7.320408,7.357219936217001,-0.03681193621700185,0.03681193621700185,0.5028672748363068
7.320414,7.357219936217001,-0.03680593621700101,0.03680593621700101,0.5027849000957899
7.320416,7.357219936217001,-0.03680393621700162,0.03680393621700162,0.5027574418789706
7.320435,7.357219936217001,-0.03678493621700163,0.03678493621700163,0.5024965895674114
39.083199,39.11996848786336,-0.036769487863359984,0.036769487863359984,0.09408003644549645
0.126877,0.09011614302536053,0.03676085697463946,0.03676085697463946,28.97361771295494
7.320463,7.357219936217001,-0.03675693621700127,0.03675693621700127,0.5021121781026576
7.320463,7.357219936217001,-0.03675693621700127,0.03675693621700127,0.5021121781026576
7.320474,7.357219936217001,-0.03674593621700151,0.03674593621700151,0.5019611601174945
7.320531,7.357219936217001,-0.03668893621700153,0.03668893621700153,0.5011786196452191
7.320539,7.357219936217001,-0.0366809362170013,0.0366809362170013,0.5010687903786898
7.320541,7.357219936217001,-0.036678936217001024,0.036678936217001024,0.5010413330995617
0.055702,0.019042457937869628,0.036659542062130374,0.036659542062130374,65.81369070467251
0.055673,0.019042457937869628,0.03663054206213037,0.03663054206213037,65.795883096536
7.320605,7.357219936217001,-0.03661493621700185,0.03661493621700185,0.5001627080890403
7.320652,7.357219936217001,-0.036567936217001495,0.036567936217001495,0.4995174776304348
7.320682,7.357219936217001,-0.03653793621700174,0.03653793621700174,0.49910563273343433
7.320691,7.357219936217001,-0.03652893621700137,0.03652893621700137,0.4989820799225427
7.320703,7.357219936217001,-0.03651693621700147,0.03651693621700147,0.49881734331392297
7.320752,7.357219936217001,-0.03646793621700173,0.03646793621700173,0.4981446744337683
7.320754,7.357219936217001,-0.03646593621700145,0.03646593621700145,0.4981172187523762
7.320758,7.357219936217001,-0.03646193621700178,0.03646193621700178,0.4980623074346087
7.320758,7.357219936217001,-0.03646193621700178,0.03646193621700178,0.4980623074346087
0.055484,0.019042457937869628,0.03644154206213037,0.03644154206213037,65.67937062297419
0.126548,0.09011614302536053,0.036431856974639465,0.036431856974639465,28.788963038412696
0.055472,0.019042457937869628,0.03642954206213037,0.03642954206213037,65.67194620071103
7.320799,7.357219936217001,-0.036420936217001376,0.036420936217001376,0.4974994698871514
7.320814,7.357219936217001,-0.036405936217001056,0.036405936217001056,0.49729355528638974
0.055447,0.019042457937869628,0.036404542062130375,0.036404542062130375,65.65646833277528
0.126512,0.09011614302536053,0.036395856974639484,0.036395856974639484,28.768699369127653
0.126473,0.09011614302536053,0.03635685697463947,0.03635685697463947,28.746734042754372
0.055394,0.019042457937869628,0.03635154206213037,0.03635154206213037,65.62360904882615
0.055386,0.019042457937869628,0.03634354206213037,0.03634354206213037,65.61864369427603
0.126459,0.09011614302536053,0.03634285697463946,0.03634285697463946,28.738845749136573
0.055375,0.019042457937869628,0.03633254206213037,0.03633254206213037,65.6118139891983
7.320888,7.357219936217001,-0.03633193621700137,0.03633193621700137,0.4962777222722857
0.126443,0.09011614302536053,0.03632685697463947,0.03632685697463947,28.729828417476366
0.055356,0.019042457937869628,0.036313542062130374,0.036313542062130374,65.60001083266559
7.320918,7.357219936217001,-0.03630193621700162,0.03630193621700162,0.49586590392770075
0.126401,0.09011614302536053,0.036284856974639484,0.036284856974639484,28.706147060492665
0.126396,0.09011614302536053,0.03627985697463948,0.03627985697463948,28.703326803012867
0.12637,0.09011614302536053,0.03625385697463948,0.03625385697463948,28.688657866543338
0.126366,0.09011614302536053,0.03624985697463948,0.03624985697463948,28.686400571319083
7.321,7.357219936217001,-0.0362199362170017,0.0362199362170017,0.49474028433966627
7.321004,7.357219936217001,-0.03621593621700114,0.03621593621700114,0.4946853767120802
0.055245,0.019042457937869628,0.036202542062130375,0.036202542062130375,65.53089328735537
7.321029,7.357219936217001,-0.0361909362170012,0.0361909362170012,0.49434220539908885
0.055232,0.019042457937869628,0.036189542062130375,0.036189542062130375,65.5227802661638
17.305179,17.341366673240962,-0.03618767324096339,0.03618767324096339,0.20911470052262554
1.318823,1.28267474835887,0.03614825164113,0.03614825164113,2.7409479238979797
7.321073,7.357219936217001,-0.03614693621700127,0.03614693621700127,0.4937382295806575
0.055172,0.019042457937869628,0.03612954206213037,0.03612954206213037,65.48528600856429
7.321113,7.357219936217001,-0.03610693621700101,0.03610693621700101,0.4931891669546395
0.055139,0.019042457937869628,0.03609654206213037,0.03609654206213037,65.46462938512802
39.083886,39.11996848786336,-0.03608248786336077,0.03608248786336077,0.09232062508643189
7.321166,7.357219936217001,-0.03605393621700159,0.03605393621700159,0.4924616682166356
0.055092,0.019042457937869628,0.036049542062130374,0.036049542062130374,65.43516662436507
0.055076,0.019042457937869628,0.03603354206213037,0.03603354206213037,65.4251252754471
1.318685,1.28267474835887,0.03601025164113003,0.03601025164113003,2.7307697925129397
0.055038,0.019042457937869628,0.03599554206213037,0.03599554206213037,65.40125367333319
0.126104,0.09011614302536053,0.035987856974639465,0.035987856974639465,28.538235857785025
0.055029,0.019042457937869628,0.035986542062130374,0.035986542062130374,65.39559504394916
0.055027,0.019042457937869628,0.03598454206213037,0.03598454206213037,65.39433731938146
0.1261,0.09011614302536053,0.03598385697463946,0.03598385697463946,28.535969029423864
0.1261,0.09011614302536053,0.03598385697463946,0.03598385697463946,28.535969029423864
0.055026,0.019042457937869628,0.03598354206213037,0.03598354206213037,65.39370842281224
0.126093,0.09011614302536053,0.03597685697463948,0.03597685697463948,28.532001733726275
0.055016,0.019042457937869628,0.035973542062130374,0.035973542062130374,65.38741819969273
0.055014,0.019042457937869628,0.03597154206213037,0.03597154206213037,65.38615988065621
0.126084,0.09011614302536053,0.03596785697463947,0.03596785697463947,28.526900277682
7.321262,7.357219936217001,-0.035957936217001496,0.035957936217001496,0.49114396147153805
7.321264,7.357219936217001,-0.035955936217001216,0.035955936217001216,0.4911165096151443
0.05499,0.019042457937869628,0.03594754206213037,0.03594754206213037,65.37105291281927
0.054989,0.019042457937869628,0.035946542062130375,0.035946542062130375,65.37042316965201
0.126061,0.09011614302536053,0.03594485697463948,0.03594485697463948,28.513859913950874
0.126058,0.09011614302536053,0.035941856974639474,0.035941856974639474,28.512158646121083
0.126057,0.09011614302536053,0.035940856974639473,0.035940856974639473,28.51159153884979
0.054983,0.019042457937869628,0.03594054206213037,0.03594054206213037,65.36664422960501
0.126053,0.09011614302536053,0.03593685697463947,0.03593685697463947,28.509323019785445
0.126052,0.09011614302536053,0.03593585697463947,0.03593585697463947,28.50875586752349
0.054977,0.019042457937869628,0.03593454206213037,0.03593454206213037,65.36286446471708
0.126047,0.09011614302536053,0.035930856974639463,0.035930856974639463,28.50591997122783
1.318605,1.28267474835887,0.03593025164112995,0.03593025164112995,2.7248684510073207
0.126045,0.09011614302536053,0.03592885697463946,0.03592885697463946,28.504785549712146
0.126044,0.09011614302536053,0.03592785697463946,0.03592785697463946,28.504218325454
0.126044,0.09011614302536053,0.03592785697463946,0.03592785697463946,28.504218325454
0.126043,0.09011614302536053,0.03592685697463946,0.03592685697463946,28.50365109219537
0.126037,0.09011614302536053,0.03592085697463948,0.03592085697463948,28.50024750362134
0.05496,0.019042457937869628,0.035917542062130374,0.035917542062130374,65.3521506491598
0.126032,0.09011614302536053,0.035915856974639476,0.035915856974639476,28.497410932256933
0.12603,0.09011614302536053,0.035913856974639474,0.035913856974639474,28.49627624069126
0.126029,0.09011614302536053,0.03591285697463947,0.03591285697463947,28.4957088814033
0.126025,0.09011614302536053,0.03590885697463947,0.03590885697463947,28.49343935421228
0.126021,0.09011614302536053,0.035904856974639465,0.035904856974639465,28.491169682948314
0.126015,0.09011614302536053,0.03589885697463946,0.03589885697463946,28.487764905885566
0.126012,0.09011614302536053,0.035895856974639484,0.035895856974639484,28.486062395766602
0.126003,0.09011614302536053,0.035886856974639475,0.035886856974639475,28.480954378989797
7.321336,7.357219936217001,-0.03588393621700181,0.03588393621700181,0.49012825277397026
0.054924,0.019042457937869628,0.03588154206213037,0.03588154206213037,65.32944067584468
0.125996,0.09011614302536053,0.03587985697463947,0.03587985697463947,28.476980972540783
0.125993,0.09011614302536053,0.035876856974639465,0.035876856974639465,28.475277948905248
0.125991,0.09011614302536053,0.03587485697463946,0.03587485697463946,28.474142554758135
0.12599,0.09011614302536053,0.03587385697463946,0.03587385697463946,28.47357484416691
0.125985,0.09011614302536053,0.035868856974639485,0.035868856974639485,28.47073615602551
0.125974,0.09011614302536053,0.035857856974639474,0.035857856974639474,28.4644902489204
0.054898,0.019042457937869628,0.035855542062130374,0.035855542062130374,65.31302050496804
0.12597,0.09011614302536053,0.03585385697463947,0.03585385697463947,28.4622187395231
0.125957,0.09011614302536053,0.035840856974639485,0.035840856974639485,28.454835337603022
0.054877,0.019042457937869628,0.035834542062130374,0.035834542062130374,65.29974670049498
0.12595,0.09011614302536053,0.03583385697463948,0.03583385697463948,28.45085902833554
0.125946,0.09011614302536053,0.035829856974639473,0.035829856974639473,28.448586653161577
0.125941,0.09011614302536053,0.03582485697463947,0.03582485697463947,28.445745981208443
0.125939,0.09011614302536053,0.035822856974639466,0.035822856974639466,28.444609649270564
0.125931,0.09011614302536053,0.03581485697463946,0.03581485697463946,28.440063960581107
0.12593,0.09011614302536053,0.03581385697463946,0.03581385697463946,28.439495708885858
0.125929,0.09011614302536053,0.035812856974639484,0.035812856974639484,28.438927448165675
0.125924,0.09011614302536053,0.03580785697463948,0.03580785697463948,28.43608600918283
0.125923,0.09011614302536053,0.03580685697463948,0.03580685697463948,28.435517694308395
0.125921,0.09011614302536053,0.035804856974639476,0.035804856974639476,28.434381037479923
0.125912,0.09011614302536053,0.03579585697463947,0.03579585697463947,28.429265634895962
0.125909,0.09011614302536053,0.035792856974639464,0.035792856974639464,28.427560338190204
0.125908,0.09011614302536053,0.03579185697463946,0.03579185697463946,28.426991887896296
0.125906,0.09011614302536053,0.03578985697463946,0.03578985697463946,28.425854960219215
0.125905,0.09011614302536053,0.03578885697463946,0.03578885697463946,28.42528648283561
0.125904,0.09011614302536053,0.03578785697463946,0.03578785697463946,28.424717996421673
0.1259,0.09011614302536053,0.03578385697463948,0.03578385697463948,28.422443960458327
0.1259,0.09011614302536053,0.03578385697463948,0.03578385697463948,28.422443960458327
1.318458,1.28267474835887,0.03578325164112983,0.03578325164112983,2.714022869019401
0.125899,0.09011614302536053,0.03578285697463948,0.03578285697463948,28.42187542888951
0.125896,0.09011614302536053,0.03577985697463948,0.03577985697463948,28.42016977999246
0.125896,0.09011614302536053,0.03577985697463948,0.03577985697463948,28.42016977999246
0.125893,0.09011614302536053,0.035776856974639476,0.035776856974639476,28.418464049805
0.125891,0.09011614302536053,0.035774856974639474,0.035774856974639474,28.417326851182484
0.125889,0.09011614302536053,0.03577285697463947,0.03577285697463947,28.416189616426596
0.125888,0.09011614302536053,0.03577185697463947,0.03577185697463947,28.4156209854981
0.125885,0.09011614302536053,0.03576885697463947,0.03576885697463947,28.413915038507803
0.125885,0.09011614302536053,0.03576885697463947,0.03576885697463947,28.413915038507803
0.125884,0.09011614302536053,0.03576785697463947,0.03576785697463947,28.413346371442056
0.125883,0.09011614302536053,0.035766856974639466,0.035766856974639466,28.412777695341457
0.12588,0.09011614302536053,0.03576385697463946,0.03576385697463946,28.411071612828405
0.125879,0.09011614302536053,0.03576285697463946,0.03576285697463946,28.410502900586245
0.125876,0.09011614302536053,0.03575985697463946,0.03575985697463946,28.40879670964335
0.125874,0.09011614302536053,0.035757856974639485,0.035757856974639485,28.40765920383226
0.125872,0.09011614302536053,0.03575585697463948,0.03575585697463948,28.406521661873136
0.125869,0.09011614302536053,0.03575285697463948,0.03575285697463948,28.40481528115315
0.054795,0.019042457937869628,0.035752542062130375,0.035752542062130375,65.24781822590118
0.125857,0.09011614302536053,0.03574085697463947,0.03574085697463947,28.397988944787716
0.125854,0.09011614302536053,0.035737856974639465,0.035737856974639465,28.3962821572959
0.125848,0.09011614302536053,0.03573185697463946,0.03573185697463946,28.392868338190986
0.125846,0.09011614302536053,0.035729856974639485,0.035729856974639485,28.39173032615081
0.125846,0.09011614302536053,0.035729856974639485,0.035729856974639485,28.39173032615081
0.125846,0.09011614302536053,0.035729856974639485,0.035729856974639485,28.39173032615081
0.125843,0.09011614302536053,0.03572685697463948,0.03572685697463948,28.390023240267197
0.125841,0.09011614302536053,0.03572485697463948,0.03572485697463948,28.388885137793395
7.321496,7.357219936217001,-0.03572393621700165,0.03572393621700165,0.4879321960500111
0.12584,0.09011614302536053,0.03572385697463948,0.03572385697463948,28.38831607299043
0.125837,0.09011614302536053,0.035720856974639476,0.035720856974639476,28.38660882431468
0.125831,0.09011614302536053,0.03571485697463947,0.03571485697463947,28.383194082742946
0.125817,0.09011614302536053,0.03570085697463948,0.03570085697463948,28.375225085850285
0.12581,0.09011614302536053,0.035693856974639476,0.035693856974639476,28.371239922317965
0.054734,0.019042457937869628,0.03569154206213037,0.03569154206213037,65.20908758161524
0.125807,0.09011614302536053,0.03569085697463947,0.03569085697463947,28.369531859332103
0.125807,0.09011614302536053,0.03569085697463947,0.03569085697463947,28.369531859332103
0.125807,0.09011614302536053,0.03569085697463947,0.03569085697463947,28.369531859332103
0.054729,0.019042457937869628,0.03568654206213037,0.03568654206213037,65.20590911020567
0.054727,0.019042457937869628,0.03568454206213037,0.03568454206213037,65.20463755902158
0.125799,0.09011614302536053,0.035682856974639465,0.035682856974639465,28.364976626423495
0.125788,0.09011614302536053,0.03567185697463948,0.03567185697463948,28.358712235094576
7.321549,7.357219936217001,-0.03567093621700135,0.03567093621700135,0.4872047734231396
7.321549,7.357219936217001,-0.03567093621700135,0.03567093621700135,0.4872047734231396
1.318342,1.28267474835887,0.03566725164112983,0.03566725164112983,2.7054627432353944
0.054707,0.019042457937869628,0.03566454206213037,0.03566454206213037,65.19191693373509
0.054705,0.019042457937869628,0.03566254206213037,0.03566254206213037,65.19064435963756
0.054689,0.019042457937869628,0.035646542062130374,0.035646542062130374,65.18046041607985
0.054689,0.019042457937869628,0.035646542062130374,0.035646542062130374,65.18046041607985
0.054688,0.019042457937869628,0.03564554206213037,0.03564554206213037,65.17982372174983
7.321578,7.357219936217001,-0.035641936217001735,0.035641936217001735,0.48680675417942587
0.054684,0.019042457937869628,0.035641542062130376,0.035641542062130376,65.17727671156663
0.054676,0.019042457937869628,0.035633542062130374,0.035633542062130374,65.17218157319151
0.054673,0.019042457937869628,0.03563054206213037,0.03563054206213037,65.1702705118799
0.054672,0.019042457937869628,0.03562954206213037,0.03562954206213037,65.169633444836
0.054669,0.019042457937869628,0.035626542062130374,0.035626542062130374,65.16772210386627
0.054656,0.019042457937869628,0.035613542062130375,0.035613542062130375,65.15943720171789
0.054656,0.019042457937869628,0.035613542062130375,0.035613542062130375,65.15943720171789
0.054654,0.019042457937869628,0.03561154206213037,0.03561154206213037,65.15816225156843
7.321612,7.357219936217001,-0.035607936217001424,0.035607936217001424,0.48634011494347257
0.054647,0.019042457937869628,0.03560454206213037,0.03560454206213037,65.15369919112975
0.054642,0.019042457937869628,0.035599542062130375,0.035599542062130375,65.15051059071752
7.321623,7.357219936217001,-0.03559693621700166,0.03559693621700166,0.4861891443538608
7.321625,7.357219936217001,-0.03559493621700138,0.03559493621700138,0.48616169520448294
0.054637,0.019042457937869628,0.03559454206213037,0.03559454206213037,65.147321406708
0.054636,0.019042457937869628,0.03559354206213037,0.03559354206213037,65.14668349986033
0.054636,0.019042457937869628,0.03559354206213037,0.03559354206213037,65.14668349986033
7.321631,7.357219936217001,-0.03558893621700143,0.03558893621700143,0.4860793478463385
0.054631,0.019042457937869628,0.03558854206213037,0.03558854206213037,65.14349361532258
0.05463,0.019042457937869628,0.03558754206213037,0.03558754206213037,65.14285556834616
0.054625,0.019042457937869628,0.03558254206213037,0.03558254206213037,65.13966498304936
7.321643,7.357219936217001,-0.03557693621700153,0.03557693621700153,0.4859146535349459
0.054619,0.019042457937869628,0.03557654206213037,0.03557654206213037,65.1358355096112
0.054618,0.019042457937869628,0.03557554206213037,0.03557554206213037,65.13519718223878
0.054615,0.019042457937869628,0.03557254206213037,0.03557254206213037,65.13328205986832
0.054614,0.019042457937869628,0.035571542062130375,0.035571542062130375,65.1326436389895
0.054614,0.019042457937869628,0.035571542062130375,0.035571542062130375,65.1326436389895
0.054612,0.019042457937869628,0.03556954206213037,0.03556954206213037,65.13136672709112
0.05461,0.019042457937869628,0.03556754206213037,0.03556754206213037,65.13008972166321
0.054605,0.019042457937869628,0.03556254206213037,0.03556254206213037,65.12689679883431
0.054604,0.019042457937869628,0.03556154206213037,0.03556154206213037,65.12625814409954
0.054601,0.019042457937869628,0.03555854206213037,0.03555854206213037,65.12434203953413
0.054599,0.019042457937869628,0.035556542062130374,0.035556542062130374,65.12306451951008
0.054598,0.019042457937869628,0.03555554206213037,0.03555554206213037,65.12242572440006
0.054597,0.019042457937869628,0.03555454206213037,0.03555454206213037,65.12178690588966
0.054596,0.019042457937869628,0.03555354206213037,0.03555354206213037,65.12114806397761
0.054595,0.019042457937869628,0.03555254206213037,0.03555254206213037,65.12050919866262
0.054594,0.019042457937869628,0.03555154206213037,0.03555154206213037,65.1198703099434
0.054593,0.019042457937869628,0.035550542062130375,0.035550542062130375,65.11923139781865
0.054593,0.019042457937869628,0.035550542062130375,0.035550542062130375,65.11923139781865
7.32167,7.357219936217001,-0.03554993621700131,0.03554993621700131,0.48554409330816284
0.054592,0.019042457937869628,0.035549542062130374,0.035549542062130374,65.11859246228711
0.054592,0.019042457937869628,0.035549542062130374,0.035549542062130374,65.11859246228711
0.054591,0.019042457937869628,0.03554854206213037,0.03554854206213037,65.11795350334747
0.054591,0.019042457937869628,0.03554854206213037,0.03554854206213037,65.11795350334747
0.054584,0.019042457937869628,0.03554154206213037,0.03554154206213037,65.1134801352354
0.054583,0.019042457937869628,0.03554054206213037,0.03554054206213037,65.11284098898471
0.054583,0.019042457937869628,0.03554054206213037,0.03554054206213037,65.11284098898471
0.054583,0.019042457937869628,0.03554054206213037,0.03554054206213037,65.11284098898471
0.054581,0.019042457937869628,0.03553854206213037,0.03553854206213037,65.11156262622306
0.054575,0.019042457937869628,0.03553254206213037,0.03553254206213037,65.10772697576299
7.321688,7.357219936217001,-0.03553193621700146,0.03553193621700146,0.4852970546753176
0.054574,0.019042457937869628,0.03553154206213037,0.03553154206213037,65.10708761868891
0.054574,0.019042457937869628,0.03553154206213037,0.03553154206213037,65.10708761868891
0.054573,0.019042457937869628,0.035530542062130376,0.035530542062130376,65.10644823818357
0.054573,0.019042457937869628,0.035530542062130376,0.035530542062130376,65.10644823818357
0.054572,0.019042457937869628,0.035529542062130375,0.035529542062130375,65.1058088342457
0.054568,0.019042457937869628,0.03552554206213037,0.03552554206213037,65.10325098414293
0.054564,0.019042457937869628,0.03552154206213037,0.03552154206213037,65.10069275901634
0.054563,0.019042457937869628,0.03552054206213037,0.03552054206213037,65.10005314412756
0.054556,0.019042457937869628,0.03551354206213037,0.03551354206213037,65.09557518336167
0.054548,0.019042457937869628,0.03550554206213037,0.03550554206213037,65.09045610662153
0.054548,0.019042457937869628,0.03550554206213037,0.03550554206213037,65.09045610662153
0.264494,0.228992123575674,0.03550187642432601,0.03550187642432601,13.422563994231792
0.054543,0.019042457937869628,0.03550054206213037,0.03550054206213037,65.0872559210955
0.054543,0.019042457937869628,0.03550054206213037,0.03550054206213037,65.0872559210955
0.054542,0.019042457937869628,0.03549954206213037,0.03549954206213037,65.08661581358174
0.054541,0.019042457937869628,0.03549854206213037,0.03549854206213037,65.08597568259546
0.054541,0.019042457937869628,0.03549854206213037,0.03549854206213037,65.08597568259546
0.05454,0.019042457937869628,0.03549754206213037,0.03549754206213037,65.08533552813537
7.321725,7.357219936217001,-0.035494936217001616,0.035494936217001616,0.48478925685568397
0.054536,0.019042457937869628,0.03549354206213037,0.03549354206213037,65.08277467553101
0.054536,0.019042457937869628,0.03549354206213037,0.03549354206213037,65.08277467553101
0.054535,0.019042457937869628,0.03549254206213037,0.03549254206213037,65.08213440368247
0.054535,0.019042457937869628,0.03549254206213037,0.03549254206213037,65.08213440368247
0.054527,0.019042457937869628,0.03548454206213037,0.03548454206213037,65.07701138344922
0.054526,0.019042457937869628,0.03548354206213037,0.03548354206213037,65.07637090022008
0.054524,0.019042457937869628,0.035481542062130375,0.035481542062130375,65.07508986328091
0.054519,0.019042457937869628,0.03547654206213037,0.03547654206213037,65.07188685973419
0.125589,0.09011614302536053,0.03547285697463948,0.03547285697463948,28.245194202035435
0.054513,0.019042457937869628,0.03547054206213037,0.03547054206213037,65.0680424798898
0.054511,0.019042457937869628,0.03546854206213037,0.03546854206213037,65.06676083187541
0.054511,0.019042457937869628,0.03546854206213037,0.03546854206213037,65.06676083187541
7.321754,7.357219936217001,-0.035465936217001115,0.035465936217001115,0.4843912567469041
0.125581,0.09011614302536053,0.03546485697463947,0.03546485697463947,28.240623140760817
0.054504,0.019042457937869628,0.03546154206213037,0.03546154206213037,65.0622743231104
0.054501,0.019042457937869628,0.03545854206213037,0.03545854206213037,65.06035118084075
0.0545,0.019042457937869628,0.03545754206213037,0.03545754206213037,65.05971008636818
0.054497,0.019042457937869628,0.03545454206213037,0.03545454206213037,65.05778666178429
0.12557,0.09011614302536053,0.03545385697463946,0.03545385697463946,28.23433698049305
7.32177,7.357219936217001,-0.03544993621700154,0.03544993621700154,0.48417167182959003
0.054492,0.019042457937869628,0.03544954206213037,0.03544954206213037,65.0545804835128
0.054482,0.019042457937869628,0.035439542062130375,0.035439542062130375,65.04816636151794
0.125554,0.09011614302536053,0.03543785697463947,0.03543785697463947,28.225191508366343
0.05448,0.019042457937869628,0.03543754206213037,0.03543754206213037,65.04688325455852
0.054479,0.019042457937869628,0.03543654206213037,0.03543654206213037,65.04624166575034
0.054477,0.019042457937869628,0.03543454206213037,0.03543454206213037,65.04495841747051
0.054477,0.019042457937869628,0.03543454206213037,0.03543454206213037,65.04495841747051
0.054476,0.019042457937869628,0.03543354206213037,0.03543354206213037,65.04431675799628
0.054475,0.019042457937869628,0.035432542062130375,0.035432542062130375,65.0436750749641
39.084539,39.11996848786336,-0.035429487863360976,0.035429487863360976,0.0906483452786032
0.05446,0.019042457937869628,0.035417542062130374,0.035417542062130374,65.03404700164585
0.125532,0.09011614302536053,0.035415856974639476,0.035415856974639476,28.212612677585685
0.125532,0.09011614302536053,0.035415856974639476,0.035415856974639476,28.212612677585685
0.054457,0.019042457937869628,0.03541454206213037,0.03541454206213037,65.03212075049719
0.125523,0.09011614302536053,0.03540685697463947,0.03540685697463947,28.207465521404046
0.054447,0.019042457937869628,0.035404542062130374,0.035404542062130374,65.02569838026828
0.054446,0.019042457937869628,0.03540354206213037,0.03540354206213037,65.02505601349101
39.084565,39.11996848786336,-0.03540348786336267,0.03540348786336267,0.09058176255325366
0.125515,0.09011614302536053,0.03539885697463946,0.03539885697463946,28.20288965178391
0.05444,0.019042457937869628,0.035397542062130374,0.035397542062130374,65.02120131724682
0.054433,0.019042457937869628,0.035390542062130374,0.035390542062130374,65.0167030975946
0.054428,0.019042457937869628,0.03538554206213037,0.03538554206213037,65.0134893751688
7.321844,7.357219936217001,-0.03537593621700186,0.03537593621700186,0.4831561040704869
0.054416,0.019042457937869628,0.03537354206213037,0.03537354206213037,65.00577403176382
0.125486,0.09011614302536053,0.03536985697463946,0.03536985697463946,28.18629723351861
0.054411,0.019042457937869628,0.03536854206213037,0.03536854206213037,65.00255830094616
7.32186,7.357219936217001,-0.0353599362170014,0.0353599362170014,0.4829365245513908
7.321864,7.357219936217001,-0.03535593621700173,0.03535593621700173,0.4828816298215707
7.321877,7.357219936217001,-0.035342936217001686,0.035342936217001686,0.48270322236386903
39.084634,39.11996848786336,-0.03533448786335924,0.03533448786335924,0.09040506267314372
0.125439,0.09011614302536053,0.035322856974639466,0.035322856974639466,28.159389780275735
7.321899,7.357219936217001,-0.035320936217001275,0.035320936217001275,0.4824013034940645
0.125433,0.09011614302536053,0.03531685697463946,0.03531685697463946,28.155953334834937
39.084654,39.11996848786336,-0.03531448786336,0.03531448786336,0.09035384543322207
7.32192,7.357219936217001,-0.035299936217001004,0.035299936217001004,0.4821131099017592
0.054297,0.019042457937869628,0.03525454206213037,0.03525454206213037,64.92907894948394
0.125369,0.09011614302536053,0.03525285697463948,0.03525285697463948,28.119277450183215
7.321983,7.357219936217001,-0.03523693621700108,0.03523693621700108,0.4812485390435874
7.321993,7.357219936217001,-0.03522693621700146,0.03522693621700146,0.48111130694225396
7.322012,7.357219936217001,-0.03520793621700147,0.03520793621700147,0.4808505669824171
39.084775,39.11996848786336,-0.03519348786335996,0.03519348786335996,0.09004398224953301
7.322038,7.357219936217001,-0.035181936217001386,0.035181936217001386,0.48049376712495745
7.322051,7.357219936217001,-0.035168936217001345,0.035168936217001345,0.4803153681464528
7.322055,7.357219936217001,-0.035164936217001674,0.035164936217001674,0.4802604762805171
0.125273,0.09011614302536053,0.03515685697463947,0.03515685697463947,28.06419335896424
7.322081,7.357219936217001,-0.03513893621700159,0.03513893621700159,0.47990368061377214
7.322106,7.357219936217001,-0.03511393621700165,0.03511393621700165,0.479560610246862
0.054156,0.019042457937869628,0.035113542062130375,0.035113542062130375,64.83776866329235
7.32212,7.357219936217001,-0.03509993621700147,0.03509993621700147,0.47936849186467995
7.322124,7.357219936217001,-0.0350959362170018,0.0350959362170018,0.479313601033286
0.125199,0.09011614302536053,0.035082856974639476,0.035082856974639476,28.02167505061366
39.084888,39.11996848786336,-0.03508048786336104,0.03508048786336104,0.08975460762039611
0.054111,0.019042457937869628,0.03506854206213037,0.03506854206213037,64.80852691194367
0.054109,0.019042457937869628,0.03506654206213037,0.03506654206213037,64.80722614966669
7.322155,7.357219936217001,-0.03506493621700102,0.03506493621700102,0.4788881991233746
39.08491,39.11996848786336,-0.035058487863359744,0.035058487863359744,0.08969826939161442
0.054099,0.019042457937869628,0.03505654206213037,0.03505654206213037,64.80072089563514
0.054094,0.019042457937869628,0.035051542062130375,0.035051542062130375,64.7974673666819
0.054093,0.019042457937869628,0.035050542062130374,0.035050542062130374,64.79681658871492
39.084918,39.11996848786336,-0.035050487863358626,0.035050487863358626,0.08967778277868958
0.054088,0.019042457937869628,0.03504554206213037,0.03504554206213037,64.79356233792488
0.054077,0.019042457937869628,0.03503454206213037,0.03503454206213037,64.78640086791792
1.307646,1.3426793221449014,-0.03503332214490129,0.03503332214490129,2.679113624193564
0.054043,0.019042457937869628,0.03500054206213037,0.03500054206213037,64.76424698363549
0.054025,0.019042457937869628,0.03498254206213037,0.03498254206213037,64.75250716775172
0.054016,0.019042457937869628,0.034973542062130374,0.034973542062130374,64.74663432572522
0.054009,0.019042457937869628,0.034966542062130374,0.034966542062130374,64.74206520651799
7.322255,7.357219936217001,-0.03496493621700125,0.03496493621700125,0.4775159594486089
0.053999,0.019042457937869628,0.03495654206213037,0.03495654206213037,64.73553583843189
0.053991,0.019042457937869628,0.03494854206213037,0.03494854206213037,64.73031060250793
0.053979,0.019042457937869628,0.03493654206213037,0.03493654206213037,64.72246984458381
0.053974,0.019042457937869628,0.03493154206213037,0.03493154206213037,64.71920183312552
0.053972,0.019042457937869628,0.03492954206213037,0.03492954206213037,64.71789445900184
0.053965,0.019042457937869628,0.03492254206213037,0.03492254206213037,64.71331788643946
0.125036,0.09011614302536053,0.03491985697463948,0.03491985697463948,27.927842338775736
0.125029,0.09011614302536053,0.03491285697463947,0.03491285697463947,27.923807234094223
0.125028,0.09011614302536053,0.03491185697463947,0.03491185697463947,27.923230753684162
0.125017,0.09011614302536053,0.03490085697463946,0.03490085697463946,27.91688886049303
0.053942,0.019042457937869628,0.03489954206213037,0.03489954206213037,64.69827221354807
0.053941,0.019042457937869628,0.034898542062130375,0.034898542062130375,64.6976177628015
0.053934,0.019042457937869628,0.034891542062130375,0.034891542062130375,64.69303592805528
0.125002,0.09011614302536053,0.03488585697463947,0.03488585697463947,27.908239025560576
0.124996,0.09011614302536053,0.03487985697463947,0.03487985697463947,27.904778510300083
0.124995,0.09011614302536053,0.034878856974639466,0.034878856974639466,27.904201725457234
0.124991,0.09011614302536053,0.034874856974639476,0.034874856974639476,27.901894493793616
0.124987,0.09011614302536053,0.03487085697463947,0.03487085697463947,27.899587114451812
0.124986,0.09011614302536053,0.03486985697463947,0.03486985697463947,27.899010246539984
0.124986,0.09011614302536053,0.03486985697463947,0.03486985697463947,27.899010246539984
0.124981,0.09011614302536053,0.034864856974639466,0.034864856974639466,27.89612576851149
0.12498,0.09011614302536053,0.034863856974639465,0.034863856974639465,27.89554884521037
0.124979,0.09011614302536053,0.03486285697463948,0.03486285697463948,27.894971912676937
0.124978,0.09011614302536053,0.03486185697463948,0.03486185697463948,27.894394970910945
0.124975,0.09011614302536053,0.034858856974639474,0.034858856974639474,27.89266409021549
1.317514,1.28267474835887,0.03483925164113,0.03483925164113,2.6443173763987082
1.307869,1.3426793221449014,-0.03481032214490143,0.03481032214490143,2.661606180912601
5.313079,5.3478809235103135,-0.034801923510313415,0.034801923510313415,0.6550236408993427
39.085214,39.11996848786336,-0.034754487863359884,0.034754487863359884,0.08891978399624717
39.085254,39.11996848786336,-0.0347144878633614,0.0347144878633614,0.08881735260892146
17.306699,17.341366673240962,-0.03466767324096409,0.03466767324096409,0.2003136082782961
1.317262,1.28267474835887,0.03458725164112986,0.03458725164112986,2.6256926593573766
1.317253,1.28267474835887,0.03457825164112993,0.03457825164112993,2.625027359095398
39.08546,39.11996848786336,-0.0345084878633628,0.0345084878633628,0.08828983428434643
1.317125,1.28267474835887,0.034450251641130025,0.034450251641130025,2.6155643267354622
39.085528,39.11996848786336,-0.034440487863363956,0.034440487863363956,0.08811570324258083
1.317097,1.28267474835887,0.034422251641129886,0.034422251641129886,2.613494043226611
1.317061,1.28267474835887,0.03438625164112996,0.03438625164112996,2.610832120799198
39.085584,39.11996848786336,-0.03438448786336323,0.03438448786336323,0.08797230166312793
1.317048,1.28267474835887,0.03437325164112992,0.03437325164112992,2.609870835271004
1.317045,1.28267474835887,0.034370251641129945,0.034370251641129945,2.6096489974541717
39.085604,39.11996848786336,-0.03436448786336399,0.03436448786336399,0.08792108691291062
1.308321,1.3426793221449014,-0.03435832214490131,0.03435832214490131,2.6261385502697863
1.317032,1.28267474835887,0.034357251641129904,0.034357251641129904,2.6086876885695425
39.085646,39.11996848786336,-0.03432248786336345,0.03432248786336345,0.08781353610805265
1.316995,1.28267474835887,0.03432025164112984,0.03432025164112984,2.6059515517161334
1.308368,1.3426793221449014,-0.0343113221449014,0.0343113221449014,2.622451951001473
1.316973,1.28267474835887,0.03429825164112987,0.03429825164112987,2.604324586648743
1.316968,1.28267474835887,0.03429325164112984,0.03429325164112984,2.603954814279913
1.316941,1.28267474835887,0.03426625164112984,0.03426625164112984,2.6019579949692417
1.308434,1.3426793221449014,-0.03424532214490128,0.03424532214490128,2.6172754714631385
39.085739,39.11996848786336,-0.03422948786336377,0.03422948786336377,0.08757538871985047
1.316892,1.28267474835887,0.034217251641129875,0.034217251641129875,2.5983339285629756
39.085769,39.11996848786336,-0.034199487863361355,0.034199487863361355,0.08749856722346656
39.085821,39.11996848786336,-0.03414748786335764,0.03414748786335764,0.08736541024242594
1.316779,1.28267474835887,0.034104251641129846,0.034104251641129846,2.5899753594597024
1.316773,1.28267474835887,0.034098251641129895,0.034098251641129895,2.58953150152231
1.316759,1.28267474835887,0.03408425164112994,0.03408425164112994,2.5884958172711516
1.308598,1.3426793221449014,-0.03408132214490145,0.03408132214490145,2.6044149648934996
39.085888,39.11996848786336,-0.03408048786336337,0.03408048786336337,0.08719384311615533
1.316726,1.28267474835887,0.03405125164112999,0.03405125164112999,2.5860544743966423
1.316718,1.28267474835887,0.03404325164112998,0.03404325164112998,2.5854626152710387
1.316714,1.28267474835887,0.034039251641129864,0.034039251641129864,2.585166683011246
39.085954,39.11996848786336,-0.03401448786335948,0.03401448786335948,0.08702483726832522
1.316683,1.28267474835887,0.03400825164112997,0.03400825164112997,2.5828731470328923
1.316636,1.28267474835887,0.03396125164112984,0.03396125164112984,2.5793956445479576
1.316632,1.28267474835887,0.03395725164112995,0.03395725164112995,2.579099675425696
39.086016,39.11996848786336,-0.03395248786335969,0.03395248786335969,0.08686607471908322
1.316618,1.28267474835887,0.03394325164112999,0.03394325164112999,2.578063769335671
1.316612,1.28267474835887,0.03393725164112982,0.03393725164112982,2.5776198028388166
1.316606,1.28267474835887,0.03393125164112987,0.03393125164112987,2.5771758322955156
1.316605,1.28267474835887,0.03393025164112995,0.03393025164112995,2.5771018368115604
1.316599,1.28267474835887,0.03392425164113,0.03392425164113,2.5766578615473152
1.316589,1.28267474835887,0.03391425164112993,0.03391425164112993,2.5759178937811282
1.316579,1.28267474835887,0.03390425164112987,0.03390425164112987,2.5751779147741756
0.262896,0.228992123575674,0.03390387642432602,0.03390387642432602,12.896307441509078
1.316577,1.28267474835887,0.03390225164113003,0.03390225164113003,2.575029917623884
1.316573,1.28267474835887,0.03389825164112992,0.03389825164112992,2.5747339219743366
1.316553,1.28267474835887,0.03387825164113001,0.03387825164113001,2.573253916747503
39.086094,39.11996848786336,-0.03387448786335767,0.03387448786335767,0.08666634190479867
1.316547,1.28267474835887,0.033872251641129836,0.033872251641129836,2.572809906411015
1.316542,1.28267474835887,0.033867251641130025,0.033867251641130025,2.5724398947057963
1.31654,1.28267474835887,0.03386525164112997,0.03386525164112997,2.5722918892367623
7.323357,7.357219936217001,-0.03386293621700176,0.03386293621700176,0.4623963602558139
1.316514,1.28267474835887,0.033839251641129886,0.033839251641129886,2.5703677772176765
39.086132,39.11996848786336,-0.03383648786336124,0.03383648786336124,0.08656903646355867
1.30885,1.3426793221449014,-0.03382932214490131,0.03382932214490131,2.5846599795482024
1.316503,1.28267474835887,0.0338282516411299,0.0338282516411299,2.5695537069463836
1.316491,1.28267474835887,0.03381625164113,0.03381625164113,2.56866561477149
1.316488,1.28267474835887,0.03381325164113003,0.03381325164113003,2.5684435891980466
1.316487,1.28267474835887,0.03381225164112989,0.03381225164112989,2.568369580448688
39.086157,39.11996848786336,-0.03381148786336041,0.03381148786336041,0.08650501982907632
1.316473,1.28267474835887,0.03379825164112993,0.03379825164112993,2.56733344615215
1.316467,1.28267474835887,0.03379225164112998,0.03379225164112998,2.5668893818502925
39.086187,39.11996848786336,-0.033781487863357995,0.033781487863357995,0.08642819997579085
1.316448,1.28267474835887,0.03377325164112999,0.03377325164112999,2.5654831515232277
1.316441,1.28267474835887,0.033766251641129896,0.033766251641129896,2.564965056433591
1.316433,1.28267474835887,0.03375825164112989,0.03375825164112989,2.5643729410129885
1.316423,1.28267474835887,0.03374825164112982,0.03374825164112982,2.5636327866169304
1.316422,1.28267474835887,0.033747251641129905,0.033747251641129905,2.5635587705588594
1.316414,1.28267474835887,0.0337392516411299,0.0337392516411299,2.5629666380460043
1.316412,1.28267474835887,0.03373725164112984,0.03373725164112984,2.562818603793267
1.31641,1.28267474835887,0.033735251641130004,0.033735251641130004,2.5626705690907343
1.316393,1.28267474835887,0.03371825164112985,0.03371825164112985,2.5614122559576384
1.316392,1.28267474835887,0.03371725164112993,0.03371725164112993,2.561338236525943
1.316387,1.28267474835887,0.0337122516411299,0.0337122516411299,2.560968137680555
1.316379,1.28267474835887,0.03370425164112989,0.03370425164112989,2.5603759736800353
1.316366,1.28267474835887,0.03369125164112985,0.03369125164112985,2.559413691828142
1.31636,1.28267474835887,0.0336852516411299,0.0336852516411299,2.5589695553321983
1.316358,1.28267474835887,0.03368325164112984,0.03368325164112984,2.5588215089338178
1.316357,1.28267474835887,0.03368225164112992,0.03368225164112992,2.5587474855659353
1.316352,1.28267474835887,0.03367725164112989,0.03367725164112989,2.558377367039478
0.262648,0.228992123575674,0.03365587642432599,0.03365587642432599,12.814061562057175
1.316327,1.28267474835887,0.03365225164112995,0.03365225164112995,2.556526732230929
1.30903,1.3426793221449014,-0.03364932214490146,0.03364932214490146,2.5705539324790805
1.316324,1.28267474835887,0.033649251641129974,0.033649251641129974,2.5563046513300427
16.403327,16.369679249295167,0.03364775070483361,0.03364775070483361,0.20512759822826485
1.316315,1.28267474835887,0.033640251641129826,0.033640251641129826,2.5556384025536585
39.086332,39.11996848786336,-0.03363648786336171,0.03363648786336171,0.08605690568067541
1.316308,1.28267474835887,0.03363325164112996,0.03363325164112996,2.555120202762183
1.316302,1.28267474835887,0.03362725164113001,0.03362725164113001,2.5546760271256392
1.316298,1.28267474835887,0.03362325164112989,0.03362325164112989,2.5543799077849783
1.316297,1.28267474835887,0.033622251641129974,0.033622251641129974,2.5543058776686163
39.086349,39.11996848786336,-0.033619487863361996,0.033619487863361996,0.08601337480580748
1.316281,1.28267474835887,0.03360625164112996,0.03360625164112996,2.5531213805089368
1.316272,1.28267474835887,0.03359725164113003,0.03359725164113003,2.5524550882019503
1.316268,1.28267474835887,0.03359325164112992,0.03359325164112992,2.5521589553630233
1.316266,1.28267474835887,0.03359125164112986,0.03359125164112986,2.552010888268621
1.316262,1.28267474835887,0.03358725164112997,0.03358725164112997,2.551714752729947
39.086383,39.11996848786336,-0.03358548786336257,0.03358548786336257,0.08592631316966998
1.316258,1.28267474835887,0.03358325164112985,0.03358325164112985,2.5514186153913925
1.316255,1.28267474835887,0.03358025164112988,0.03358025164112988,2.551196511206315
1.31624,1.28267474835887,0.03356525164113,0.03356525164113,2.550085975094201
1.316233,1.28267474835887,0.03355825164112991,0.03355825164112991,2.549567716246314
1.316227,1.28267474835887,0.03355225164112996,0.03355225164112996,2.5491234899892525
1.316224,1.28267474835887,0.033549251641129985,0.033549251641129985,2.5489013753419694
1.316216,1.28267474835887,0.03354125164112998,0.03354125164112998,2.548309064665805
1.316197,1.28267474835887,0.033522251641129985,0.033522251641129985,2.546902297952592
1.316196,1.28267474835887,0.033521251641129846,0.033521251641129846,2.546828256474189
1.316182,1.28267474835887,0.03350725164112989,0.03350725164112989,2.5457916639631977
1.316179,1.28267474835887,0.03350425164112991,0.03350425164112991,2.545569534127527
1.31617,1.28267474835887,0.033495251641129986,0.033495251641129986,2.544903138544799
1.316159,1.28267474835887,0.03348425164113,0.03348425164113,2.5440886426781195
1.316142,1.28267474835887,0.03346725164112985,0.03346725164112985,2.542829849559319
1.316131,1.28267474835887,0.033456251641129864,0.033456251641129864,2.5420153190364676
1.31613,1.28267474835887,0.033455251641129946,0.033455251641129946,2.541941270131978
39.08652,39.11996848786336,-0.0334484878633603,0.0334484878633603,0.085575507523501
39.086524,39.11996848786336,-0.03344448786336329,0.03344448786336329,0.08556526505983937
1.316101,1.28267474835887,0.03342625164112989,0.03342625164112989,2.5397938029520604
39.086591,39.11996848786336,-0.03337748786336192,0.03337748786336192,0.08539370410501271
16.40301,16.369679249295167,0.03333075070483105,0.03333075070483105,0.20319899033548022
1.315998,1.28267474835887,0.033323251641129925,0.033323251641129925,2.5321658268931837
1.31595,1.28267474835887,0.03327525164112988,0.03327525164112988,2.528610634036344
0.262262,0.228992123575674,0.033269876424325995,0.033269876424325995,12.685740370942131
1.315925,1.28267474835887,0.033250251641129935,0.033250251641129935,2.526758868370399
1.315901,1.28267474835887,0.03322625164112991,0.03322625164112991,2.524981107135334
39.086822,39.11996848786336,-0.033146487863362495,0.033146487863362495,0.0848022074122007
1.31582,1.28267474835887,0.033145251641129914,0.033145251641129914,2.518980684182558
39.086828,39.11996848786336,-0.03314048786336343,0.03314048786336343,0.08478684395489612
39.086836,39.11996848786336,-0.033132487863362314,0.033132487863362314,0.08476635935248775
39.086856,39.11996848786336,-0.03311248786336307,0.03311248786336307,0.08471514788316144
1.315786,1.28267474835887,0.033111251641129824,0.033111251641129824,2.5164617679936834
1.315786,1.28267474835887,0.033111251641129824,0.033111251641129824,2.5164617679936834
39.086884,39.11996848786336,-0.03308448786336271,0.03308448786336271,0.0846434519141461
39.08689,39.11996848786336,-0.03307848786336365,0.03307848786336365,0.08462808850558083
1.315739,1.28267474835887,0.033064251641129916,0.033064251641129916,2.5129795224293674
1.315695,1.28267474835887,0.03302025164112998,0.03302025164112998,2.509719322382487
1.31568,1.28267474835887,0.033005251641129885,0.033005251641129885,2.508607840707564
1.309677,1.3426793221449014,-0.0330023221449014,0.0330023221449014,2.5198825467944777
1.315676,1.28267474835887,0.03300125164112999,0.03300125164112999,2.5083114413139462
39.086982,39.11996848786336,-0.03298648786336145,0.03298648786336145,0.0843925168315043
1.315592,1.28267474835887,0.03291725164113002,0.03291725164113002,2.502086637698308
39.087052,39.11996848786336,-0.032916487863360544,0.032916487863360544,0.0842132782571485
1.315589,1.28267474835887,0.03291425164112982,0.03291425164112982,2.5018643085817804
1.309766,1.3426793221449014,-0.03291332214490139,0.03291332214490139,2.512916211169665
1.315544,1.28267474835887,0.03286925164112997,0.03286925164112997,2.498529250152898
1.31554,1.28267474835887,0.032865251641129856,0.032865251641129856,2.4982327894728877
16.40253,16.369679249295167,0.032850750704831455,0.032850750704831455,0.20027855888470367
39.087134,39.11996848786336,-0.03283448786336152,0.03283448786336152,0.08400331388655284
1.3155,1.28267474835887,0.032825251641129816,0.032825251641129816,2.495268083514599
1.315482,1.28267474835887,0.032807251641129964,0.032807251641129964,2.493933907011729
1.315478,1.28267474835887,0.03280325164112985,0.03280325164112985,2.4936374183860326
1.315471,1.28267474835887,0.03279625164112998,0.03279625164112998,2.49311855895241
1.315464,1.28267474835887,0.03278925164112989,0.03278925164112989,2.492599693996741
16.402444,16.369679249295167,0.03276475070483187,0.03276475070483187,0.19975529686083437
1.315432,1.28267474835887,0.03275725164112986,0.03275725164112986,2.490227669589886
39.087215,39.11996848786336,-0.032753487863359965,0.032753487863359965,0.08379591092196302
1.315421,1.28267474835887,0.032746251641129875,0.032746251641129875,2.4894122595458383
0.107647,0.14037362264530984,-0.03272662264530983,0.03272662264530983,30.401797184229967
0.107649,0.14037362264530984,-0.03272462264530984,0.03272462264530984,30.399374462289913
0.107651,0.14037362264530984,-0.03272262264530984,0.03272262264530984,30.396951830371194
1.315394,1.28267474835887,0.032719251641129876,0.032719251641129876,2.4874107407090547
0.107655,0.14037362264530984,-0.032718622645309836,0.032718622645309836,30.39210683657771
0.107657,0.14037362264530984,-0.032716622645309834,0.032716622645309834,30.389684474692913
1.315388,1.28267474835887,0.032713251641129926,0.032713251641129926,2.4869659475867927
0.107663,0.14037362264530984,-0.03271062264530984,0.03271062264530984,30.38241792902615
1.315382,1.28267474835887,0.032707251641129975,0.032707251641129975,2.4865211504067606
0.10767,0.14037362264530984,-0.032703622645309835,0.032703622645309835,30.37394131599879
0.107672,0.14037362264530984,-0.03270162264530983,0.03270162264530983,30.37151962900133
0.10768,0.14037362264530984,-0.03269362264530984,0.03269362264530984,30.361833780598076
0.107682,0.14037362264530984,-0.03269162264530984,0.03269162264530984,30.35941254336883
0.107684,0.14037362264530984,-0.032689622645309835,0.032689622645309835,30.356991396078197
1.315361,1.28267474835887,0.032686251641129926,0.032686251641129926,2.4849643283208915
0.10769,0.14037362264530984,-0.03268362264530984,0.03268362264530984,30.34972849378783
0.107694,0.14037362264530984,-0.03267962264530984,0.03267962264530984,30.344887008528755
0.107698,0.14037362264530984,-0.032675622645309835,0.032675622645309835,30.340045882903848
0.107702,0.14037362264530984,-0.03267162264530983,0.03267162264530983,30.33520511687306
0.107708,0.14037362264530984,-0.03266562264530984,0.03266562264530984,30.327944641978217
0.107712,0.14037362264530984,-0.032661622645309835,0.032661622645309835,30.323104774757436
1.315333,1.28267474835887,0.03265825164113001,0.03265825164113001,2.482888488211511
0.107719,0.14037362264530984,-0.03265462264530984,0.03265462264530984,30.31463587203298
0.107723,0.14037362264530984,-0.03265062264530984,0.03265062264530984,30.309796993214118
0.107723,0.14037362264530984,-0.03265062264530984,0.03265062264530984,30.309796993214118
0.107727,0.14037362264530984,-0.032646622645309833,0.032646622645309833,30.304958473739056
0.107727,0.14037362264530984,-0.032646622645309833,0.032646622645309833,30.304958473739056
0.107737,0.14037362264530984,-0.03263662264530984,0.03263662264530984,30.292863746917938
1.315311,1.28267474835887,0.03263625164112982,0.03263625164112982,2.481257408981493
0.107739,0.14037362264530984,-0.032634622645309835,0.032634622645309835,30.290445070976517
0.107741,0.14037362264530984,-0.03263262264530983,0.03263262264530983,30.288026484831036
1.315306,1.28267474835887,0.03263125164113001,0.03263125164113001,2.4808867015469493
0.107743,0.14037362264530984,-0.03263062264530983,0.03263062264530983,30.28560798847649
0.107755,0.14037362264530984,-0.03261862264530983,0.03261862264530983,30.27109889567884
0.107756,0.14037362264530984,-0.03261762264530983,0.03261762264530983,30.26988995048066
0.10776,0.14037362264530984,-0.03261362264530984,0.03261362264530984,30.26505439406532
1.315285,1.28267474835887,0.03261025164112996,0.03261025164112996,2.4793296995442535
0.107764,0.14037362264530984,-0.03260962264530984,0.03260962264530984,30.260219196623755
1.315282,1.28267474835887,0.032607251641129986,0.032607251641129986,2.4791072666280596
0.107768,0.14037362264530984,-0.032605622645309834,0.032605622645309834,30.255384358116
0.107772,0.14037362264530984,-0.03260162264530983,0.03260162264530983,30.2505498785021
0.107778,0.14037362264530984,-0.03259562264530984,0.03259562264530984,30.24329883191982
0.10778,0.14037362264530984,-0.032593622645309836,0.032593622645309836,30.240881995796027
0.107782,0.14037362264530984,-0.032591622645309834,0.032591622645309834,30.23846524936573
0.107784,0.14037362264530984,-0.03258962264530983,0.03258962264530983,30.236048592623938
39.08738,39.11996848786336,-0.03258848786335733,0.03258848786335733,0.08337342606046746
0.10779,0.14037362264530984,-0.03258362264530984,0.03258362264530984,30.228799160479674
1.310103,1.3426793221449014,-0.03257632214490136,0.03257632214490136,2.486546641173619
0.107801,0.14037362264530984,-0.03257262264530984,0.03257262264530984,30.215510630786667
1.315243,1.28267474835887,0.032568251641129864,0.032568251641129864,2.4762155463783992
1.315243,1.28267474835887,0.032568251641129864,0.032568251641129864,2.4762155463783992
1.315241,1.28267474835887,0.03256625164113003,0.03256625164113003,2.476067248409528
1.315236,1.28267474835887,0.032561251641129996,0.032561251641129996,2.4756965015141232
1.315231,1.28267474835887,0.03255625164112996,0.03255625164112996,2.4753257517998466
0.107819,0.14037362264530984,-0.03255462264530984,0.03255462264530984,30.193771612717672
1.315228,1.28267474835887,0.03255325164112999,0.03255325164112999,2.475103300618211
0.107823,0.14037362264530984,-0.032550622645309835,0.032550622645309835,30.188941705499655
1.315224,1.28267474835887,0.03254925164112987,0.03254925164112987,2.4748066974640874
1.315223,1.28267474835887,0.032548251641129955,0.032548251641129955,2.4747325463936702
1.315223,1.28267474835887,0.032548251641129955,0.032548251641129955,2.4747325463936702
16.402213,16.369679249295167,0.03253375070483244,0.03253375070483244,0.19834976356321002
0.107848,0.14037362264530984,-0.03252562264530984,0.03252562264530984,30.1587629025583
0.107848,0.14037362264530984,-0.03252562264530984,0.03252562264530984,30.1587629025583
1.315185,1.28267474835887,0.03251025164112997,0.03251025164112997,2.4719147221613733
0.10787,0.14037362264530984,-0.03250362264530984,0.03250362264530984,30.132217127262102
0.107874,0.14037362264530984,-0.03249962264530984,0.03249962264530984,30.127391785956252
1.315168,1.28267474835887,0.03249325164112982,0.03249325164112982,2.4706540638655414
1.315166,1.28267474835887,0.03249125164112998,0.03249125164112998,2.4705057489822178
0.107901,0.14037362264530984,-0.03247262264530984,0.03247262264530984,30.09483008981846
1.315136,1.28267474835887,0.03246125164113001,0.03246125164113001,2.4682809716000262
39.08755,39.11996848786336,-0.03241848786336021,0.03241848786336021,0.08293814235805845
1.315076,1.28267474835887,0.032401251641129836,0.032401251641129836,2.4638311123209617
39.087588,39.11996848786336,-0.03238048786336378,0.03238048786336378,0.08284084416587932
0.107995,0.14037362264530984,-0.03237862264530984,0.03237862264530984,29.981594162070703
0.108001,0.14037362264530984,-0.03237262264530984,0.03237262264530984,29.97437302926405
0.108009,0.14037362264530984,-0.03236462264530984,0.03236462264530984,29.96474610018156
0.10801,0.14037362264530984,-0.03236362264530984,0.03236362264530984,29.963542834317476
0.108024,0.14037362264530984,-0.03234962264530984,0.03234962264530984,29.946699451384085
0.108024,0.14037362264530984,-0.03234962264530984,0.03234962264530984,29.946699451384085
0.108032,0.14037362264530984,-0.032341622645309834,0.032341622645309834,29.937076621161097
0.108048,0.14037362264530984,-0.03232562264530983,0.03232562264530983,29.917835235628605
0.10805,0.14037362264530984,-0.032323622645309844,0.032323622645309844,29.915430463113758
0.108053,0.14037362264530984,-0.03232062264530984,0.03232062264530984,29.91182347125764
0.108057,0.14037362264530984,-0.032316622645309837,0.032316622645309837,29.907014460333738
0.108057,0.14037362264530984,-0.032316622645309837,0.032316622645309837,29.907014460333738
0.108061,0.14037362264530984,-0.03231262264530983,0.03231262264530983,29.90220580543177
0.108061,0.14037362264530984,-0.03231262264530983,0.03231262264530983,29.90220580543177
0.108073,0.14037362264530984,-0.032300622645309834,0.032300622645309834,29.887781976462257
16.401979,16.369679249295167,0.032299750704833485,0.032299750704833485,0.1969259362216996
0.108075,0.14037362264530984,-0.03229862264530983,0.03229862264530983,29.885378316377007
0.108081,0.14037362264530984,-0.03229262264530984,0.03229262264530984,29.878167869867667
0.108083,0.14037362264530984,-0.03229062264530984,0.03229062264530984,29.875764565596878
0.108087,0.14037362264530984,-0.032286622645309834,0.032286622645309834,29.870958223874172
0.108089,0.14037362264530984,-0.03228462264530983,0.03228462264530983,29.868555186412383
0.108089,0.14037362264530984,-0.03228462264530983,0.03228462264530983,29.868555186412383
0.108091,0.14037362264530984,-0.03228262264530983,0.03228262264530983,29.866152237877046
0.108098,0.14037362264530984,-0.03227562264530984,0.03227562264530984,29.857742618227995
39.087697,39.11996848786336,-0.03227148786336187,0.03227148786336187,0.08256175303262125
0.108118,0.14037362264530984,-0.03225562264530983,0.03225562264530983,29.833721133831652
0.108128,0.14037362264530984,-0.032245622645309835,0.032245622645309835,29.8217137240013
39.087727,39.11996848786336,-0.03224148786335945,0.03224148786335945,0.08248493923240144
0.108143,0.14037362264530984,-0.032230622645309834,0.032230622645309834,29.803706772982185
0.108147,0.14037362264530984,-0.032226622645309844,0.032226622645309844,29.798905762999382
0.108149,0.14037362264530984,-0.03222462264530984,0.03222462264530984,29.796505391185622
0.108153,0.14037362264530984,-0.03222062264530984,0.03222062264530984,29.791704913888783
0.108159,0.14037362264530984,-0.03221462264530983,0.03221462264530983,29.78450486369634
7.32503,7.357219936217001,-0.0321899362170015,0.0321899362170015,0.4394512543506587
0.108186,0.14037362264530984,-0.03218762264530983,0.03218762264530983,29.752114520878596
0.108196,0.14037362264530984,-0.032177622645309836,0.032177622645309836,29.740122200053342
0.108196,0.14037362264530984,-0.032177622645309836,0.032177622645309836,29.740122200053342
0.108198,0.14037362264530984,-0.032175622645309834,0.032175622645309834,29.737724001896627
0.10822,0.14037362264530984,-0.03215362264530984,0.03215362264530984,29.71134967251755
0.108247,0.14037362264530984,-0.03212662264530984,0.03212662264530984,29.678995829566503
39.087867,39.11996848786336,-0.03210148786335765,0.03210148786335765,0.08212647639042447
0.108313,0.14037362264530984,-0.03206062264530983,0.03206062264530983,29.599976563948793
0.108321,0.14037362264530984,-0.032052622645309836,0.032052622645309836,29.590405014465738
39.087921,39.11996848786336,-0.03204748786335898,0.03204748786335898,0.08198821283761035
39.087922,39.11996848786336,-0.032046487863361506,0.032046487863361506,0.08198565240505627
0.108348,0.14037362264530984,-0.03202562264530984,0.03202562264530984,29.558111470217934
39.087957,39.11996848786336,-0.0320114878633575,0.0320114878633575,0.0818960373479627
0.108366,0.14037362264530984,-0.03200762264530983,0.03200762264530983,29.536591380851227
1.310719,1.3426793221449014,-0.03196032214490141,0.03196032214490141,2.4383809300439703
39.088075,39.11996848786336,-0.031893487863356995,0.031893487863356995,0.08159390776669201
0.108511,0.14037362264530984,-0.03186262264530984,0.03186262264530984,29.363495512847866
16.401541,16.369679249295167,0.031861750704834435,0.031861750704834435,0.19426071431117461
0.260828,0.228992123575674,0.031835876424326004,0.031835876424326004,12.205697399098375
39.088136,39.11996848786336,-0.03183248786336179,0.03183248786336179,0.08143772285094472
39.088204,39.11996848786336,-0.031764487863362945,0.031764487863362945,0.08126361565059802
39.088278,39.11996848786336,-0.03169048786335793,0.03169048786335793,0.08107414673851034
1.311014,1.3426793221449014,-0.031665322144901475,0.031665322144901475,2.415330587048357
16.401308,16.369679249295167,0.03162875070483295,0.03162875070483295,0.19284285561029715
16.401234,16.369679249295167,0.03155475070483149,0.03155475070483149,0.1923925401261826
0.108995,0.14037362264530984,-0.03137862264530984,0.03137862264530984,28.78904776964154
39.0886,39.11996848786336,-0.03136848786336088,0.03136848786336088,0.08024970928424306
0.109009,0.14037362264530984,-0.03136462264530984,0.03136462264530984,28.772507422815856
0.109011,0.14037362264530984,-0.03136262264530984,0.03136262264530984,28.77014486294016
0.109031,0.14037362264530984,-0.031342622645309834,0.031342622645309834,28.74652403129689
0.109031,0.14037362264530984,-0.031342622645309834,0.031342622645309834,28.74652403129689
0.109035,0.14037362264530984,-0.03133862264530983,0.03133862264530983,28.741800904817744
0.109036,0.14037362264530984,-0.03133762264530984,0.03133762264530984,28.74062017734439
0.109038,0.14037362264530984,-0.03133562264530984,0.03133562264530984,28.73825878736916
0.109044,0.14037362264530984,-0.031329622645309835,0.031329622645309835,28.731175137172755
0.109046,0.14037362264530984,-0.03132762264530983,0.03132762264530983,28.728814093667825
0.109052,0.14037362264530984,-0.03132162264530984,0.03132162264530984,28.721731482767954
0.109054,0.14037362264530984,-0.03131962264530984,0.03131962264530984,28.719370785657077
0.109056,0.14037362264530984,-0.03131762264530984,0.03131762264530984,28.717010175132803
0.109056,0.14037362264530984,-0.03131762264530984,0.03131762264530984,28.717010175132803
0.109056,0.14037362264530984,-0.03131762264530984,0.03131762264530984,28.717010175132803
0.109056,0.14037362264530984,-0.03131762264530984,0.03131762264530984,28.717010175132803
0.109058,0.14037362264530984,-0.031315622645309835,0.031315622645309835,28.71464965119036
0.109064,0.14037362264530984,-0.03130962264530984,0.03130962264530984,28.70756859880646
0.10907,0.14037362264530984,-0.031303622645309837,0.031303622645309837,28.700488325487623
0.109074,0.14037362264530984,-0.03129962264530983,0.03129962264530983,28.69576857602551
0.109074,0.14037362264530984,-0.03129962264530983,0.03129962264530983,28.69576857602551
39.088671,39.11996848786336,-0.031297487863362505,0.031297487863362505,0.08006792521363143
0.109083,0.14037362264530984,-0.03129062264530984,0.03129062264530984,28.68515040531035
0.109085,0.14037362264530984,-0.031288622645309835,0.031288622645309835,28.682791049756656
0.109089,0.14037362264530984,-0.03128462264530983,0.03128462264530983,28.678072598182915
0.109089,0.14037362264530984,-0.03128462264530983,0.03128462264530983,28.678072598182915
17.310087,17.341366673240962,-0.031279673240963035,0.031279673240963035,0.18070199901815823
0.109101,0.14037362264530984,-0.03127262264530983,0.03127262264530983,28.663919319388377
0.109101,0.14037362264530984,-0.03127262264530983,0.03127262264530983,28.663919319388377
0.109111,0.14037362264530984,-0.03126262264530984,0.03126262264530984,28.652127298492097
0.109115,0.14037362264530984,-0.03125862264530983,0.03125862264530983,28.647411095323672
0.109118,0.14037362264530984,-0.03125562264530983,0.03125562264530983,28.64387416985828
0.109119,0.14037362264530984,-0.03125462264530984,0.03125462264530984,28.642695237921124
0.109119,0.14037362264530984,-0.03125462264530984,0.03125462264530984,28.642695237921124
0.109119,0.14037362264530984,-0.03125462264530984,0.03125462264530984,28.642695237921124
0.109122,0.14037362264530984,-0.03125162264530984,0.03125162264530984,28.639158571755175
0.109134,0.14037362264530984,-0.031239622645309842,0.031239622645309842,28.625013851489754
0.109136,0.14037362264530984,-0.03123762264530984,0.03123762264530984,28.62265670052704
0.10914,0.14037362264530984,-0.031233622645309836,0.031233622645309836,28.61794265777157
0.109142,0.14037362264530984,-0.031231622645309834,0.031231622645309834,28.615585765969332
0.109154,0.14037362264530984,-0.031219622645309836,0.031219622645309836,28.601446228913634
0.109156,0.14037362264530984,-0.031217622645309834,0.031217622645309834,28.599089941652995
0.109165,0.14037362264530984,-0.03120862264530984,0.03120862264530984,28.588487717419824
0.109199,0.14037362264530984,-0.031174622645309832,0.031174622645309832,28.548450642186634
0.109212,0.14037362264530984,-0.031161622645309833,0.031161622645309833,28.533148936725528
0.109273,0.14037362264530984,-0.03110062264530984,0.03110062264530984,28.46139724986817
39.088906,39.11996848786336,-0.031062487863358967,0.031062487863358967,0.07946625025340821
0.109359,0.14037362264530984,-0.03101462264530984,0.03101462264530984,28.360375110369944
0.10939,0.14037362264530984,-0.030983622645309836,0.030983622645309836,28.323999101367438
0.259973,0.228992123575674,0.03098087642432601,0.03098087642432601,11.916959227461717
16.400658,16.369679249295167,0.03097875070483269,0.03097875070483269,0.18888724284503589
0.259942,0.228992123575674,0.030949876424326006,0.030949876424326006,11.906454675435116
39.089021,39.11996848786336,-0.030947487863357992,0.030947487863357992,0.07917181620711047
0.10947,0.14037362264530984,-0.03090362264530984,0.03090362264530984,28.23022071533719
39.089094,39.11996848786336,-0.030874487863357558,0.030874487863357558,0.07898491549402134
16.400546,16.369679249295167,0.030866750704831247,0.030866750704831247,0.18820562867018603
0.259858,0.228992123575674,0.030865876424325978,0.030865876424325978,11.877978131305559
39.089122,39.11996848786336,-0.030846487863357197,0.030846487863357197,0.07891322773450445
16.400521,16.369679249295167,0.03084175070483397,0.03084175070483397,0.1880534813780972
39.089273,39.11996848786336,-0.030695487863361848,0.030695487863361848,0.07852662765890611
1.312022,1.3426793221449014,-0.030657322144901356,0.030657322144901356,2.336646957334916
16.400317,16.369679249295167,0.030637750704833877,0.030637750704833877,0.18681194213896637
16.400161,16.369679249295167,0.030481750704833388,0.030481750704833388,0.185862508939074
39.089551,39.11996848786336,-0.030417487863360293,0.030417487863360293,0.0778148816886704
16.400073,16.369679249295167,0.030393750704831746,0.030393750704831746,0.18532692326824657
39.089575,39.11996848786336,-0.03039348786335694,0.03039348786335694,0.07775343646810993
39.089684,39.11996848786336,-0.03028448786336213,0.03028448786336213,0.07747437370761211
39.089705,39.11996848786336,-0.030263487863358307,0.030263487863358307,0.07742060950135306
9.849819,9.88007128045389,-0.03025228045389028,0.03025228045389028,0.3071353946055571
16.399876,16.369679249295167,0.030196750704831743,0.030196750704831743,0.18412792087359453
1.312484,1.3426793221449014,-0.030195322144901393,0.030195322144901393,2.300624018471903
39.089812,39.11996848786336,-0.03015648786335845,0.03015648786335845,0.07714666896653609
39.089813,39.11996848786336,-0.030155487863360975,0.030155487863360975,0.07714410878170185
1.312566,1.3426793221449014,-0.030113322144901478,0.030113322144901478,2.294232986577989
16.399776,16.369679249295167,0.030096750704831976,0.030096750704831976,0.18351927919410888
16.399745,16.369679249295167,0.030065750704832084,0.030065750704832084,0.18333059876631472
1.312624,1.3426793221449014,-0.030055322144901364,0.030055322144901364,2.2897129827438514
1.312657,1.3426793221449014,-0.030022322144901414,0.030022322144901414,2.287141434709469
39.090005,39.11996848786336,-0.02996348786336256,0.02996348786336256,0.07665255571925843
16.399632,16.369679249295167,0.029952750704833164,0.029952750704833164,0.18264282213558528
16.399628,16.369679249295167,0.029948750704832605,0.029948750704832605,0.18261847588646518
16.399551,16.369679249295167,0.029871750704831612,0.029871750704831612,0.18214980827615015
1.31281,1.3426793221449014,-0.029869322144901345,0.029869322144901345,2.2752204921219463
16.399464,16.369679249295167,0.029784750704830998,0.029784750704830998,0.1816202694469123
16.399411,16.369679249295167,0.02973175070483336,0.02973175070483336,0.18129767407288022
16.39938,16.369679249295167,0.029700750704833467,0.029700750704833467,0.18110898524610297
16.399292,16.369679249295167,0.029612750704831825,0.029612750704831825,0.18057334856072602
16.39929,16.369679249295167,0.029610750704833322,0.029610750704833322,0.18056117493289503
16.399251,16.369679249295167,0.02957175070483231,0.02957175070483231,0.1803237885965157
1.313116,1.3426793221449014,-0.029563322144901427,0.029563322144901427,2.2513869408833678
16.399184,16.369679249295167,0.029504750704834493,0.029504750704834493,0.1799159684082731
0.258426,0.228992123575674,0.02943387642432599,0.02943387642432599,11.389673025522322
1.31327,1.3426793221449014,-0.02940932214490144,0.02940932214490144,2.2393964792207273
39.090604,39.11996848786336,-0.029364487863361433,0.029364487863361433,0.07511904360261691
16.399036,16.369679249295167,0.02935675070483157,0.02935675070483157,0.17901510006229976
1.31333,1.3426793221449014,-0.02934932214490127,0.02934932214490127,2.2347256319939803
16.399004,16.369679249295167,0.0293247507048342,0.0293247507048342,0.17882031557925948
16.398973,16.369679249295167,0.02929375070483431,0.02929375070483431,0.1786316173863795
39.090678,39.11996848786336,-0.029290487863363524,0.029290487863363524,0.07492959795501268
39.090701,39.11996848786336,-0.029267487863357644,0.029267487863357644,0.07487071634576922
39.090711,39.11996848786336,-0.029257487863361575,0.029257487863361575,0.07484511566772661
39.090765,39.11996848786336,-0.02920348786336291,0.02920348786336291,0.07470687223258027
16.398731,16.369679249295167,0.029051750704834234,0.029051750704834234,0.17715852955120173
16.398697,16.369679249295167,0.029017750704831258,0.029017750704831258,0.17695156331417253
16.398688,16.369679249295167,0.029008750704832664,0.029008750704832664,0.17689677799014025
16.398627,16.369679249295167,0.028947750704833908,0.028947750704833908,0.17652545365326858
16.398573,16.369679249295167,0.02889375070483169,0.02889375070483169,0.176196738000651
16.398569,16.369679249295167,0.02888975070483113,0.02888975070483113,0.17617238860692638
16.398543,16.369679249295167,0.028863750704832825,0.028863750704832825,0.17601411725820282
16.398536,16.369679249295167,0.028856750704832734,0.028856750704832734,0.17597150565548514
0.055177,0.08403250133649998,-0.02885550133649998,0.02885550133649998,52.296248951925136
0.055179,0.08403250133649998,-0.028853501336499977,0.028853501336499977,52.290728871870186
1.313833,1.3426793221449014,-0.02884632214490135,0.02884632214490135,2.195585142305435
0.257831,0.228992123575674,0.028838876424325977,0.028838876424325977,11.185185805097445
0.055214,0.08403250133649998,-0.028818501336499977,0.028818501336499977,52.19419220542939
0.055241,0.08403250133649998,-0.028791501336499978,0.028791501336499978,52.11980464578877
0.055243,0.08403250133649998,-0.028789501336499976,0.028789501336499976,52.11429734877845
0.055243,0.08403250133649998,-0.028789501336499976,0.028789501336499976,52.11429734877845
0.257776,0.228992123575674,0.028783876424326005,0.028783876424326005,11.16623596190482
0.055261,0.08403250133649998,-0.02877150133649998,0.02877150133649998,52.064749614439165
0.055263,0.08403250133649998,-0.028769501336499977,0.028769501336499977,52.05924630302504
0.055271,0.08403250133649998,-0.028761501336499976,0.028761501336499976,52.03723704015258
16.398438,16.369679249295167,0.02875875070483147,0.02875875070483147,0.17537493939761883
0.055276,0.08403250133649998,-0.028756501336499977,0.028756501336499977,52.0234844859912
0.055288,0.08403250133649998,-0.02874450133649998,0.02874450133649998,51.990488504755994
0.055292,0.08403250133649998,-0.028740501336499975,0.028740501336499975,51.979493027057224
0.055296,0.08403250133649998,-0.02873650133649998,0.02873650133649998,51.96849914013939
0.055302,0.08403250133649998,-0.02873050133649998,0.02873050133649998,51.95201129172177
0.05531,0.08403250133649998,-0.028722501336499978,0.028722501336499978,51.93003305834378
0.055321,0.08403250133649998,-0.028711501336499974,0.028711501336499974,51.899823366533774
0.055323,0.08403250133649998,-0.02870950133649998,0.02870950133649998,51.89433198598349
0.055323,0.08403250133649998,-0.02870950133649998,0.02870950133649998,51.89433198598349
0.055323,0.08403250133649998,-0.02870950133649998,0.02870950133649998,51.89433198598349
0.055341,0.08403250133649998,-0.028691501336499975,0.028691501336499975,51.84492742208317
0.055343,0.08403250133649998,-0.028689501336499973,0.028689501336499973,51.8394400098667
0.055345,0.08403250133649998,-0.028687501336499978,0.028687501336499978,51.83395299424704
0.055355,0.08403250133649998,-0.028677501336499975,0.028677501336499975,51.806523863595785
0.055372,0.08403250133649998,-0.02866050133649998,0.02866050133649998,51.75991707855967
0.055374,0.08403250133649998,-0.028658501336499977,0.028658501336499977,51.754435808765024
0.055376,0.08403250133649998,-0.028656501336499975,0.028656501336499975,51.748954934901434
0.055382,0.08403250133649998,-0.028650501336499976,0.028650501336499976,51.7325146884682
0.055382,0.08403250133649998,-0.028650501336499976,0.028650501336499976,51.7325146884682
0.055402,0.08403250133649998,-0.028630501336499976,0.028630501336499976,51.67773958489267
0.055406,0.08403250133649998,-0.02862650133649998,0.02862650133649998,51.66678930952098
0.055417,0.08403250133649998,-0.028615501336499975,0.028615501336499975,51.63668420315659
0.055435,0.08403250133649998,-0.028597501336499978,0.028597501336499978,51.58744707299094
0.055441,0.08403250133649998,-0.02859150133649998,0.02859150133649998,51.57104180106589
0.055452,0.08403250133649998,-0.028580501336499975,0.028580501336499975,51.540974689747884
17.312805,17.341366673240962,-0.028561673240961483,0.028561673240961483,0.16497426754819056
0.05548,0.08403250133649998,-0.028552501336499975,0.028552501336499975,51.46449402493778
16.398182,16.369679249295167,0.028502750704831215,0.028502750704831215,0.17381652859236105
0.055546,0.08403250133649998,-0.028486501336499978,0.028486501336499978,51.28452325138706
17.312908,17.341366673240962,-0.028458673240962185,0.028458673240962185,0.16437835423602903
1.314288,1.3426793221449014,-0.028391322144901476,0.028391322144901476,2.1602055365902504
0.055665,0.08403250133649998,-0.028367501336499977,0.028367501336499977,50.96110892937909
1.314341,1.3426793221449014,-0.028338322144901396,0.028338322144901396,2.156085988548277
0.055701,0.08403250133649998,-0.028331501336499976,0.028331501336499976,50.86354156233539
0.257267,0.228992123575674,0.028274876424326023,0.028274876424326023,10.990479312673425
0.257237,0.228992123575674,0.028244876424325993,0.028244876424325993,10.980098669066228
0.055796,0.08403250133649998,-0.028236501336499978,0.028236501336499978,50.60667661820435
0.05581,0.08403250133649998,-0.028222501336499978,0.028222501336499978,50.56889676748089
0.055814,0.08403250133649998,-0.028218501336499974,0.028218501336499974,50.558106005557505
0.055818,0.08403250133649998,-0.028214501336499977,0.028214501336499977,50.5473167901979
0.257203,0.228992123575674,0.028210876424326015,0.028210876424326015,10.968331012219018
0.055826,0.08403250133649998,-0.028206501336499976,0.028206501336499976,50.525742997840126
16.397885,16.369679249295167,0.028205750704831445,0.028205750704831445,0.17200846758383437
0.055835,0.08403250133649998,-0.028197501336499974,0.028197501336499974,50.50147987104593
0.055839,0.08403250133649998,-0.028193501336499976,0.028193501336499976,50.49069876969372
0.257185,0.228992123575674,0.028192876424325997,0.028192876424325997,10.962099816616014
0.055849,0.08403250133649998,-0.028183501336499973,0.028183501336499973,50.46375277271969
0.055853,0.08403250133649998,-0.028179501336499976,0.028179501336499976,50.45297707562172
0.055853,0.08403250133649998,-0.028179501336499976,0.028179501336499976,50.45297707562172
16.39784,16.369679249295167,0.028160750704831372,0.028160750704831372,0.1717345132325943
0.055878,0.08403250133649998,-0.02815450133649998,0.02815450133649998,50.385663921604774
0.055888,0.08403250133649998,-0.028144501336499976,0.028144501336499976,50.35875552201049
0.05589,0.08403250133649998,-0.028142501336499974,0.028142501336499974,50.35337499757845
0.055904,0.08403250133649998,-0.028128501336499974,0.028128501336499974,50.315722106082305
0.055914,0.08403250133649998,-0.028118501336499978,0.028118501336499978,50.28883872770887
0.055919,0.08403250133649998,-0.028113501336499973,0.028113501336499973,50.275400644189936
0.055933,0.08403250133649998,-0.02809950133649998,0.02809950133649998,50.237786791808404
0.055935,0.08403250133649998,-0.028097501336499978,0.028097501336499978,50.232414921368665
0.055941,0.08403250133649998,-0.02809150133649998,0.02809150133649998,50.21630161470778
0.055943,0.08403250133649998,-0.028089501336499977,0.028089501336499977,50.210931280569596
0.257069,0.228992123575674,0.02807687642432599,0.02807687642432599,10.921922290670626
0.05596,0.08403250133649998,-0.028072501336499973,0.028072501336499973,50.16529893912558
0.055972,0.08403250133649998,-0.028060501336499975,0.028060501336499975,50.13310456365123
0.055986,0.08403250133649998,-0.028046501336499975,0.028046501336499975,50.095561901911935
0.05599,0.08403250133649998,-0.028042501336499978,0.028042501336499978,50.08483887554053
39.091926,39.11996848786336,-0.02804248786335961,0.02804248786335961,0.07173473075562425
0.055994,0.08403250133649998,-0.028038501336499974,0.028038501336499974,50.07411738119415
0.055998,0.08403250133649998,-0.028034501336499977,0.028034501336499977,50.063397418544554
0.056003,0.08403250133649998,-0.02802950133649998,0.02802950133649998,50.049999618681106
0.056027,0.08403250133649998,-0.028005501336499976,0.028005501336499976,49.98572346638987
0.056033,0.08403250133649998,-0.027999501336499977,0.027999501336499977,49.969663031660474
0.056035,0.08403250133649998,-0.027997501336499975,0.027997501336499975,49.96431031772225
0.056039,0.08403250133649998,-0.027993501336499978,0.027993501336499978,49.95360603605769
0.056043,0.08403250133649998,-0.027989501336499974,0.027989501336499974,49.942903282402916
0.056048,0.08403250133649998,-0.027984501336499976,0.027984501336499976,49.92952698859986
0.056056,0.08403250133649998,-0.027976501336499975,0.027976501336499975,49.90812988188926
0.056064,0.08403250133649998,-0.027968501336499973,0.027968501336499973,49.88673888165888
0.05607,0.08403250133649998,-0.027962501336499974,0.027962501336499974,49.870699637291374
0.056074,0.08403250133649998,-0.027958501336499977,0.027958501336499977,49.86000871462705
0.056076,0.08403250133649998,-0.027956501336499975,0.027956501336499975,49.85466382524665
0.056091,0.08403250133649998,-0.027941501336499974,0.027941501336499974,49.814589304318666
0.056091,0.08403250133649998,-0.027941501336499974,0.027941501336499974,49.814589304318666
0.056095,0.08403250133649998,-0.027937501336499977,0.027937501336499977,49.803906385054056
0.056097,0.08403250133649998,-0.027935501336499975,0.027935501336499975,49.79856549673139
0.056107,0.08403250133649998,-0.02792550133649998,0.02792550133649998,49.771866766585475
0.056109,0.08403250133649998,-0.027923501336499977,0.027923501336499977,49.76652816256474
0.056109,0.08403250133649998,-0.027923501336499977,0.027923501336499977,49.76652816256474
0.056113,0.08403250133649998,-0.027919501336499973,0.027919501336499973,49.755852096206084
0.056123,0.08403250133649998,-0.027909501336499977,0.027909501336499977,49.7291685882273
0.056128,0.08403250133649998,-0.02790450133649998,0.02790450133649998,49.715830399772216
0.056136,0.08403250133649998,-0.027896501336499978,0.027896501336499978,49.694494240425904
16.397572,16.369679249295167,0.02789275070483299,0.02789275070483299,0.1701029317307641
0.05615,0.08403250133649998,-0.027882501336499978,0.027882501336499978,49.657170590993424
16.397554,16.369679249295167,0.027874750704832252,0.027874750704832252,0.16999334598722626
16.397554,16.369679249295167,0.027874750704832252,0.027874750704832252,0.16999334598722626
0.256838,0.228992123575674,0.02784587642432601,0.02784587642432601,10.841805501321534
0.056209,0.08403250133649998,-0.027823501336499974,0.027823501336499974,49.50008234802236
0.056214,0.08403250133649998,-0.027818501336499976,0.027818501336499976,49.48678494149712
39.092153,39.11996848786336,-0.02781548786335719,0.02781548786335719,0.07115363501029486
0.05625,0.08403250133649998,-0.027782501336499975,0.027782501336499975,49.39111339930464
0.056259,0.08403250133649998,-0.027773501336499973,0.027773501336499973,49.36721464500392
0.056261,0.08403250133649998,-0.027771501336499978,0.027771501336499978,49.361904849074975
0.256756,0.228992123575674,0.027763876424325984,0.027763876424325984,10.813331105607134
16.397439,16.369679249295167,0.027759750704831276,0.027759750704831276,0.16929320916920007
16.397439,16.369679249295167,0.027759750704831276,0.027759750704831276,0.16929320916920007
1.314926,1.3426793221449014,-0.027753322144901338,0.027753322144901338,2.1106375676494875
16.397415,16.369679249295167,0.027735750704831474,0.027735750704831474,0.1691470924207403
16.397406,16.369679249295167,0.02772675070483288,0.02772675070483288,0.16909229852980276
0.256671,0.228992123575674,0.027678876424325982,0.027678876424325982,10.783795759373746
39.092296,39.11996848786336,-0.02767248786336296,0.02767248786336296,0.07078757375440975
0.056402,0.08403250133649998,-0.027630501336499975,0.027630501336499975,48.98851332844839
0.056408,0.08403250133649998,-0.027624501336499976,0.027624501336499976,48.972665734518706
0.056412,0.08403250133649998,-0.02762050133649998,0.02762050133649998,48.96210254473849
16.397286,16.369679249295167,0.02760675070483387,0.02760675070483387,0.16836170756956675
17.313786,17.341366673240962,-0.027580673240962028,0.027580673240962028,0.15929891498487234
0.056461,0.08403250133649998,-0.02757150133649998,0.02757150133649998,48.83282493697801
0.256523,0.228992123575674,0.027530876424326,0.027530876424326,10.732322798966829
0.056502,0.08403250133649998,-0.02753050133649998,0.02753050133649998,48.72482617920632
0.256519,0.228992123575674,0.027526876424325997,0.027526876424325997,10.73093081354405
0.056521,0.08403250133649998,-0.027511501336499974,0.027511501336499974,48.67483110317429
0.056529,0.08403250133649998,-0.027503501336499973,0.027503501336499973,48.65379059924319
1.315183,1.3426793221449014,-0.027496322144901386,0.027496322144901386,2.0906841209786546
0.056543,0.08403250133649998,-0.027489501336499973,0.027489501336499973,48.616984043794965
0.056549,0.08403250133649998,-0.027483501336499974,0.027483501336499974,48.60121538470841
0.056551,0.08403250133649998,-0.02748150133649998,0.02748150133649998,48.59595990858521
16.397154,16.369679249295167,0.027474750704833184,0.027474750704833184,0.16755804516238385
0.056558,0.08403250133649998,-0.02747450133649998,0.02747450133649998,48.57756866919342
0.056562,0.08403250133649998,-0.027470501336499975,0.027470501336499975,48.56706143335263
0.056562,0.08403250133649998,-0.027470501336499975,0.027470501336499975,48.56706143335263
0.056564,0.08403250133649998,-0.027468501336499973,0.027468501336499973,48.56180837270731
0.056566,0.08403250133649998,-0.027466501336499978,0.027466501336499978,48.556555683526184
0.05657,0.08403250133649998,-0.027462501336499974,0.027462501336499974,48.546051419398836
0.056588,0.08403250133649998,-0.027444501336499977,0.027444501336499977,48.49880060790481
0.256436,0.228992123575674,0.027443876424325997,0.027443876424325997,10.702037316766742
0.256436,0.228992123575674,0.027443876424325997,0.027443876424325997,10.702037316766742
0.056594,0.08403250133649998,-0.027438501336499978,0.027438501336499978,48.48305701667478
0.056599,0.08403250133649998,-0.02743350133649998,0.02743350133649998,48.46993990711857
0.056601,0.08403250133649998,-0.027431501336499978,0.027431501336499978,48.46469371218757
16.397099,16.369679249295167,0.02741975070483349,0.02741975070483349,0.16722318200717254
0.056627,0.08403250133649998,-0.02740550133649998,0.02740550133649998,48.396526900777815
0.056633,0.08403250133649998,-0.027399501336499973,0.027399501336499973,48.380804986702394
16.397074,16.369679249295167,0.02739475070483266,0.02739475070483266,0.1670709707394477
0.056642,0.08403250133649998,-0.02739050133649998,0.02739050133649998,48.35722836083251
0.056656,0.08403250133649998,-0.027376501336499978,0.027376501336499978,48.32056849791621
0.256367,0.228992123575674,0.02737487642432601,0.02737487642432601,10.678003180459266
1.315309,1.3426793221449014,-0.027370322144901316,0.027370322144901316,2.0809043458852945
0.056678,0.08403250133649998,-0.027354501336499977,0.027354501336499977,48.26299673283634
0.056684,0.08403250133649998,-0.027348501336499978,0.027348501336499978,48.2473030983217
0.056699,0.08403250133649998,-0.027333501336499977,0.027333501336499977,48.20808354343444
16.397009,16.369679249295167,0.027329750704833344,0.027329750704833344,0.16667521927118947
0.056738,0.08403250133649998,-0.02729450133649998,0.02729450133649998,48.106209750773324
4.837853,4.810599633630513,0.02725336636948672,0.02725336636948672,0.5633359750476788
16.39688,16.369679249295167,0.02720075070483219,0.02720075070483219,0.16588979552613853
0.056854,0.08403250133649998,-0.027178501336499974,0.027178501336499974,47.804026609730094
0.056861,0.08403250133649998,-0.027171501336499974,0.027171501336499974,47.785830865996274
0.056875,0.08403250133649998,-0.027157501336499974,0.027157501336499974,47.74945281538553
0.056881,0.08403250133649998,-0.027151501336499975,0.027151501336499975,47.7338677040947
0.056883,0.08403250133649998,-0.027149501336499973,0.027149501336499973,47.72867339762547
0.056891,0.08403250133649998,-0.02714150133649998,0.02714150133649998,47.7078998238598
16.396814,16.369679249295167,0.027134750704831845,0.027134750704831845,0.1654879460404098
0.0569,0.08403250133649998,-0.027132501336499977,0.027132501336499977,47.68453653570376
0.056912,0.08403250133649998,-0.02712050133649998,0.02712050133649998,47.6533969792778
0.056916,0.08403250133649998,-0.027116501336499975,0.027116501336499975,47.64302004507863
0.056932,0.08403250133649998,-0.027100501336499973,0.027100501336499973,47.60152688979562
0.056941,0.08403250133649998,-0.027091501336499978,0.027091501336499978,47.57819723735407
0.056973,0.08403250133649998,-0.027059501336499973,0.027059501336499973,47.49530705598207
16.396733,16.369679249295167,0.027053750704833845,0.027053750704833845,0.16499476270467325
16.396722,16.369679249295167,0.027042750704833196,0.027042750704833196,0.16492778681414658
16.396698,16.369679249295167,0.027018750704833394,0.027018750704833394,0.1647816572865379
39.093045,39.11996848786336,-0.02692348786336396,0.02692348786336396,0.06887027568022673
16.39655,16.369679249295167,0.026870750704834023,0.026870750704834023,0.1638805157467281
16.396499,16.369679249295167,0.026819750704831335,0.026819750704831335,0.16356998347432444
1.315955,1.3426793221449014,-0.02672432214490139,0.02672432214490139,2.030793009097621
16.396382,16.369679249295167,0.026702750704831857,0.026702750704831857,0.1628575786089212
1.316056,1.3426793221449014,-0.026623322144901485,0.026623322144901485,2.0229627115319198
16.3963,16.369679249295167,0.02662075070483283,0.02662075070483283,0.16235828025024227
16.396298,16.369679249295167,0.026618750704834326,0.026618750704834326,0.16234610217911374
7.545492,7.572091814980505,-0.026599814980504455,0.026599814980504455,0.35252591852396015
1.31608,1.3426793221449014,-0.02659932214490146,0.02659932214490146,2.021102223487961
16.396231,16.369679249295167,0.026551750704832955,0.026551750704832955,0.16193813507915947
16.396132,16.369679249295167,0.026452750704834216,0.026452750704834216,0.1613353119179138
1.316259,1.3426793221449014,-0.02642032214490131,0.02642032214490131,2.007228223540662
39.093607,39.11996848786336,-0.026361487863361788,0.026361487863361788,0.06743171041570648
17.315095,17.341366673240962,-0.02627167324096291,0.02627167324096291,0.15172699451438867
16.395946,16.369679249295167,0.02626675070483131,0.02626675070483131,0.16020271538263856
1.316422,1.3426793221449014,-0.026257322144901396,0.026257322144901396,1.994597639883472
16.395907,16.369679249295167,0.026227750704833852,0.026227750704833852,0.15996523220504902
16.395872,16.369679249295167,0.0261927507048334,0.0261927507048334,0.1597521053145185
0.255178,0.228992123575674,0.026185876424326016,0.026185876424326016,10.261807998363576
16.395864,16.369679249295167,0.026184750704832283,0.026184750704832283,0.15970339046891693
1.316511,1.3426793221449014,-0.02616832214490139,0.02616832214490139,1.9877025063150773
1.316634,1.3426793221449014,-0.026045322144901295,0.026045322144901295,1.9781748111413742
1.316686,1.3426793221449014,-0.025993322144901354,0.025993322144901354,1.9741473778051264
0.079849,0.10581701075854788,-0.025968010758547877,0.025968010758547877,32.52139754540004
0.07986,0.10581701075854788,-0.02595701075854788,0.02595701075854788,32.503143909397366
16.395614,16.369679249295167,0.02593475070483109,0.02593475070483109,0.15818102758867653
16.395614,16.369679249295167,0.02593475070483109,0.02593475070483109,0.15818102758867653
0.079907,0.10581701075854788,-0.025910010758547874,0.025910010758547874,32.425207711618086
0.079913,0.10581701075854788,-0.025904010758547882,0.025904010758547882,32.41526500836237
0.079925,0.10581701075854788,-0.025892010758547884,0.025892010758547884,32.39538408026588
0.079925,0.10581701075854788,-0.025892010758547884,0.025892010758547884,32.39538408026588
0.079925,0.10581701075854788,-0.025892010758547884,0.025892010758547884,32.39538408026588
0.079927,0.10581701075854788,-0.025890010758547882,0.025890010758547882,32.3920711726398
0.079935,0.10581701075854788,-0.025882010758547874,0.025882010758547874,32.37882119993626
0.254873,0.228992123575674,0.025880876424326016,0.025880876424326016,10.154420599346182
0.079942,0.10581701075854788,-0.02587501075854788,0.02587501075854788,32.3672296492215
0.07995,0.10581701075854788,-0.025867010758547887,0.025867010758547887,32.353984648147474
0.07995,0.10581701075854788,-0.025867010758547887,0.025867010758547887,32.353984648147474
0.079952,0.10581701075854788,-0.025865010758547885,0.025865010758547885,32.35067381203373
0.079952,0.10581701075854788,-0.025865010758547885,0.025865010758547885,32.35067381203373
0.079956,0.10581701075854788,-0.02586101075854788,0.02586101075854788,32.34405263670497
0.079958,0.10581701075854788,-0.02585901075854788,0.02585901075854788,32.34074229746509
0.07996,0.10581701075854788,-0.025857010758547877,0.025857010758547877,32.337432123824975
0.07996,0.10581701075854788,-0.025857010758547877,0.025857010758547877,32.337432123824975
0.07997,0.10581701075854788,-0.02584701075854788,0.02584701075854788,32.320883739185945
0.079974,0.10581701075854788,-0.025843010758547877,0.025843010758547877,32.31426554409384
0.079976,0.10581701075854788,-0.025841010758547875,0.025841010758547875,32.31095669480459
0.079979,0.10581701075854788,-0.025838010758547886,0.025838010758547886,32.305993731156796
0.079981,0.10581701075854788,-0.025836010758547884,0.025836010758547884,32.302685295564196
0.079983,0.10581701075854788,-0.025834010758547882,0.025834010758547882,32.29937702542854
0.079987,0.10581701075854788,-0.025830010758547878,0.025830010758547878,32.29276098147839
0.079995,0.10581701075854788,-0.025822010758547884,0.025822010758547884,32.27953087851535
0.079995,0.10581701075854788,-0.025822010758547884,0.025822010758547884,32.27953087851535
0.079997,0.10581701075854788,-0.02582001075854788,0.02582001075854788,32.276223766230814
0.080001,0.10581701075854788,-0.025816010758547878,0.025816010758547878,32.269610037722366
0.080001,0.10581701075854788,-0.025816010758547878,0.025816010758547878,32.269610037722366
0.080003,0.10581701075854788,-0.025814010758547876,0.025814010758547876,32.26630342147366
0.080007,0.10581701075854788,-0.025810010758547886,0.025810010758547886,32.25969068492532
0.080009,0.10581701075854788,-0.025808010758547884,0.025808010758547884,32.25638456460086
0.080009,0.10581701075854788,-0.025808010758547884,0.025808010758547884,32.25638456460086
0.080013,0.10581701075854788,-0.02580401075854788,0.02580401075854788,32.24977281978942
0.080026,0.10581701075854788,-0.02579101075854788,0.02579101075854788,32.22828921390497
0.080026,0.10581701075854788,-0.02579101075854788,0.02579101075854788,32.22828921390497
0.08003,0.10581701075854788,-0.025787010758547876,0.025787010758547876,32.22168027780357
0.254777,0.228992123575674,0.025784876424325975,0.025784876424325975,10.120566775731486
0.080042,0.10581701075854788,-0.025775010758547878,0.025775010758547878,32.201857432780315
0.080046,0.10581701075854788,-0.025771010758547874,0.025771010758547874,32.19525113853612
16.395448,16.369679249295167,0.02576875070483098,0.02576875070483098,0.15717015298803555
0.08005,0.10581701075854788,-0.025767010758547884,0.025767010758547884,32.188645504508735
0.080062,0.10581701075854788,-0.025755010758547886,0.025755010758547886,32.1688325627377
0.080069,0.10581701075854788,-0.02574801075854788,0.02574801075854788,32.15727775592377
0.254734,0.228992123575674,0.025741876424326016,0.025741876424326016,10.105394809574152
0.254733,0.228992123575674,0.025740876424325987,0.025740876424325987,10.105041912206485
0.065137,0.0908241839765278,-0.025687183976527805,0.025687183976527805,39.4356263522916
0.065145,0.0908241839765278,-0.02567918397652781,0.02567918397652781,39.418503242166416
0.065159,0.0908241839765278,-0.02566518397652781,0.02566518397652781,39.388547916848424
0.080157,0.10581701075854788,-0.025660010758547874,0.025660010758547874,32.01218948630274
0.065165,0.0908241839765278,-0.025659183976527805,0.025659183976527805,39.37571386043442
0.065167,0.0908241839765278,-0.025657183976527803,0.025657183976527803,39.37143636680585
0.080161,0.10581701075854788,-0.025656010758547884,0.025656010758547884,32.005602133883414
0.080165,0.10581701075854788,-0.02565201075854788,0.02565201075854788,31.99901543884347
0.065178,0.0908241839765278,-0.025646183976527806,0.025646183976527806,39.34791484424176
0.080171,0.10581701075854788,-0.025646010758547874,0.025646010758547874,31.989136628654673
0.06518,0.0908241839765278,-0.025644183976527804,0.025644183976527804,39.34363905674159
0.080177,0.10581701075854788,-0.025640010758547882,0.025640010758547882,31.97925929701613
0.065186,0.0908241839765278,-0.025638183976527812,0.025638183976527812,39.33081326848863
0.065186,0.0908241839765278,-0.025638183976527812,0.025638183976527812,39.33081326848863
0.06519,0.0908241839765278,-0.025634183976527808,0.025634183976527808,39.32226405461811
0.080183,0.10581701075854788,-0.025634010758547876,0.025634010758547876,31.969383443595888
0.065192,0.0908241839765278,-0.025632183976527806,0.025632183976527806,39.31798984109985
0.080185,0.10581701075854788,-0.025632010758547874,0.025632010758547874,31.966091820891418
0.065196,0.0908241839765278,-0.025628183976527802,0.025628183976527802,39.30944220077667
0.080189,0.10581701075854788,-0.025628010758547884,0.025628010758547884,31.959509068062175
0.0652,0.0908241839765278,-0.025624183976527812,0.025624183976527812,39.30089560924374
0.065204,0.0908241839765278,-0.025620183976527808,0.025620183976527808,39.29235006630799
0.080198,0.10581701075854788,-0.025619010758547875,0.025619010758547875,31.944700275073163
0.065208,0.0908241839765278,-0.025616183976527804,0.025616183976527804,39.28380557177647
0.065208,0.0908241839765278,-0.025616183976527804,0.025616183976527804,39.28380557177647
0.080202,0.10581701075854788,-0.025615010758547885,0.025615010758547885,31.938119656130482
0.065214,0.0908241839765278,-0.02561018397652781,0.02561018397652781,39.27099079531515
0.065215,0.0908241839765278,-0.02560918397652781,0.02560918397652781,39.26885522848878
0.065216,0.0908241839765278,-0.02560818397652781,0.02560818397652781,39.26671972715452
0.065216,0.0908241839765278,-0.02560818397652781,0.02560818397652781,39.26671972715452
0.08021,0.10581701075854788,-0.025607010758547877,0.025607010758547877,31.924960387262086
0.065218,0.0908241839765278,-0.025606183976527808,0.025606183976527808,39.26244892095029
0.065219,0.0908241839765278,-0.025605183976527807,0.025605183976527807,39.2603136160743
0.06522,0.0908241839765278,-0.025604183976527806,0.025604183976527806,39.258178376678366
0.065221,0.0908241839765278,-0.025603183976527805,0.025603183976527805,39.256043202759486
0.065223,0.0908241839765278,-0.025601183976527803,0.025601183976527803,39.251773051340834
0.080218,0.10581701075854788,-0.025599010758547883,0.025599010758547883,31.91180374309517
1.317082,1.3426793221449014,-0.02559732214490129,0.02559732214490129,1.9434873563648887
0.065227,0.0908241839765278,-0.025597183976527813,0.025597183976527813,39.24323353409567
0.065227,0.0908241839765278,-0.025597183976527813,0.025597183976527813,39.24323353409567
0.080222,0.10581701075854788,-0.02559501075854788,0.02559501075854788,31.905226405029357
16.395274,16.369679249295167,0.025594750704833302,0.025594750704833302,0.15611053956571383
0.080226,0.10581701075854788,-0.025591010758547875,0.025591010758547875,31.898649722844496
1.317091,1.3426793221449014,-0.025588322144901365,0.025588322144901365,1.9427907519646384
16.395266,16.369679249295167,0.025586750704832184,0.025586750704832184,0.1560618211664033
16.395262,16.369679249295167,0.025582750704831625,0.025582750704831625,0.1560374619489191
0.065243,0.0908241839765278,-0.02558118397652781,0.02558118397652781,39.209085936144454
0.065243,0.0908241839765278,-0.02558118397652781,0.02558118397652781,39.209085936144454
0.065245,0.0908241839765278,-0.02557918397652781,0.02557918397652781,39.20481866399417
0.080241,0.10581701075854788,-0.025576010758547874,0.025576010758547874,31.873993004416544
0.080245,0.10581701075854788,-0.025572010758547883,0.025572010758547883,31.867419436326834
0.080245,0.10581701075854788,-0.025572010758547883,0.025572010758547883,31.867419436326834
0.080257,0.10581701075854788,-0.025560010758547885,0.025560010758547885,31.847702663568516
16.395239,16.369679249295167,0.02555975070483285,0.02555975070483285,0.15589739621774928
0.065268,0.0908241839765278,-0.0255561839765278,0.0255561839765278,39.15576383123741
0.065268,0.0908241839765278,-0.0255561839765278,0.0255561839765278,39.15576383123741
0.06527,0.0908241839765278,-0.02555418397652781,0.02555418397652781,39.15149982744954
0.065272,0.0908241839765278,-0.02555218397652781,0.02555218397652781,39.147236084968405
0.080265,0.10581701075854788,-0.025552010758547877,0.025552010758547877,31.834561423675723
0.080265,0.10581701075854788,-0.025552010758547877,0.025552010758547877,31.834561423675723
0.065284,0.0908241839765278,-0.02554018397652781,0.02554018397652781,39.12165911617878
0.080277,0.10581701075854788,-0.02554001075854788,0.02554001075854788,31.8148544747973
0.080278,0.10581701075854788,-0.025539010758547878,0.025539010758547878,31.813212494998215
0.065294,0.0908241839765278,-0.0255301839765278,0.0255301839765278,39.100352157054935
0.08029,0.10581701075854788,-0.02552701075854788,0.02552701075854788,31.793511927705033
0.08029,0.10581701075854788,-0.02552701075854788,0.02552701075854788,31.793511927705033
0.080292,0.10581701075854788,-0.025525010758547878,0.025525010758547878,31.790229072333048
0.065307,0.0908241839765278,-0.025517183976527802,0.025517183976527802,39.07266286532093
0.065315,0.0908241839765278,-0.025509183976527808,0.025509183976527808,39.05562877971703
0.080321,0.10581701075854788,-0.025496010758547877,0.025496010758547877,31.74264604126596
0.080325,0.10581701075854788,-0.025492010758547887,0.025492010758547887,31.736085560923506
0.080327,0.10581701075854788,-0.025490010758547885,0.025490010758547885,31.732805565768775
0.080335,0.10581701075854788,-0.025482010758547877,0.025482010758547877,31.71968721830857
0.080335,0.10581701075854788,-0.025482010758547877,0.025482010758547877,31.71968721830857
0.080339,0.10581701075854788,-0.025478010758547887,0.025478010758547887,31.713129024302965
0.080351,0.10581701075854788,-0.025466010758547875,0.025466010758547875,31.69345836001346
0.080359,0.10581701075854788,-0.02545801075854788,0.02545801075854788,31.68034784761823
0.080359,0.10581701075854788,-0.02545801075854788,0.02545801075854788,31.68034784761823
0.08036,0.10581701075854788,-0.02545701075854788,0.02545701075854788,31.678709217109475
0.080363,0.10581701075854788,-0.025454010758547876,0.025454010758547876,31.673793570267517
0.080378,0.10581701075854788,-0.025439010758547875,0.025439010758547875,31.649220840153593
0.080378,0.10581701075854788,-0.025439010758547875,0.025439010758547875,31.649220840153593
0.080392,0.10581701075854788,-0.025425010758547875,0.025425010758547875,31.62629456528209
0.080394,0.10581701075854788,-0.025423010758547887,0.025423010758547887,31.623020034983796
0.080394,0.10581701075854788,-0.025423010758547887,0.025423010758547887,31.623020034983796
0.080401,0.10581701075854788,-0.02541601075854788,0.02541601075854788,31.611560461855355
0.08041,0.10581701075854788,-0.025407010758547885,0.025407010758547885,31.596829656698244
1.317273,1.3426793221449014,-0.02540632214490146,0.02540632214490146,1.9287059055315607
0.080419,0.10581701075854788,-0.025398010758547876,0.025398010758547876,31.582102148703385
1.317295,1.3426793221449014,-0.025384322144901272,0.025384322144901272,1.9270036053408133
0.080458,0.10581701075854788,-0.02535901075854788,0.02535901075854788,31.518321020942054
0.080462,0.10581701075854788,-0.025355010758547875,0.025355010758547875,31.51178286276266
16.395027,16.369679249295167,0.02534775070483164,0.02534775070483164,0.15460633705987212
0.065495,0.0908241839765278,-0.025329183976527808,0.025329183976527808,38.67346200145713
0.065501,0.0908241839765278,-0.025323183976527802,0.025323183976527802,38.6607592828614
0.065509,0.0908241839765278,-0.025315183976527808,0.025315183976527808,38.64382594434961
0.080509,0.10581701075854788,-0.025308010758547883,0.025308010758547883,31.4350081694132
0.080509,0.10581701075854788,-0.025308010758547883,0.025308010758547883,31.4350081694132
0.065522,0.0908241839765278,-0.02530218397652781,0.02530218397652781,38.61631808844586
0.080515,0.10581701075854788,-0.025302010758547877,0.025302010758547877,31.425213596376654
0.065528,0.0908241839765278,-0.025296183976527803,0.025296183976527803,38.603625836168014
0.06553,0.0908241839765278,-0.0252941839765278,0.0252941839765278,38.59939560190509
0.065538,0.0908241839765278,-0.025286183976527807,0.025286183976527807,38.58247724670471
0.065553,0.0908241839765278,-0.025271183976527806,0.025271183976527806,38.55076646069141
0.065554,0.0908241839765278,-0.025270183976527805,0.025270183976527805,38.548652924274876
0.065556,0.0908241839765278,-0.025268183976527803,0.025268183976527803,38.54442604488281
0.065556,0.0908241839765278,-0.025268183976527803,0.025268183976527803,38.54442604488281
0.065559,0.0908241839765278,-0.0252651839765278,0.0252651839765278,38.53808620935297
0.065559,0.0908241839765278,-0.0252651839765278,0.0252651839765278,38.53808620935297
0.065563,0.0908241839765278,-0.02526118397652781,0.02526118397652781,38.52963399783137
0.065567,0.0908241839765278,-0.025257183976527806,0.025257183976527806,38.521182817586016
0.065571,0.0908241839765278,-0.0252531839765278,0.0252531839765278,38.51273266842822
0.065573,0.0908241839765278,-0.0252511839765278,0.0252511839765278,38.508507980448194
0.065573,0.0908241839765278,-0.0252511839765278,0.0252511839765278,38.508507980448194
0.065577,0.0908241839765278,-0.02524718397652781,0.02524718397652781,38.50005937756798
0.065581,0.0908241839765278,-0.025243183976527805,0.025243183976527805,38.49161180530366
0.065583,0.0908241839765278,-0.025241183976527803,0.025241183976527803,38.48738840559355
0.065585,0.0908241839765278,-0.0252391839765278,0.0252391839765278,38.4831652634667
0.065585,0.0908241839765278,-0.0252391839765278,0.0252391839765278,38.4831652634667
0.065587,0.0908241839765278,-0.0252371839765278,0.0252371839765278,38.47894237889956
0.065591,0.0908241839765278,-0.02523318397652781,0.02523318397652781,38.470497382350196
0.065593,0.0908241839765278,-0.025231183976527807,0.025231183976527807,38.46627527032082
0.065593,0.0908241839765278,-0.025231183976527807,0.025231183976527807,38.46627527032082
0.065593,0.0908241839765278,-0.025231183976527807,0.025231183976527807,38.46627527032082
0.065597,0.0908241839765278,-0.025227183976527803,0.025227183976527803,38.45783181863496
0.065599,0.0908241839765278,-0.0252251839765278,0.0252251839765278,38.453610478931374
0.065604,0.0908241839765278,-0.02522018397652781,0.02522018397652781,38.44305825572336
0.065608,0.0908241839765278,-0.025216183976527806,0.025216183976527806,38.43461763518655
0.065614,0.0908241839765278,-0.0252101839765278,0.0252101839765278,38.421958633989455
0.065614,0.0908241839765278,-0.0252101839765278,0.0252101839765278,38.421958633989455
0.065616,0.0908241839765278,-0.025208183976527812,0.025208183976527812,38.41773948139185
0.06562,0.0908241839765278,-0.025204183976527808,0.025204183976527808,38.409301947757555
0.065622,0.0908241839765278,-0.025202183976527806,0.025202183976527806,38.405083566673866
0.065622,0.0908241839765278,-0.025202183976527806,0.025202183976527806,38.405083566673866
0.065624,0.0908241839765278,-0.025200183976527804,0.025200183976527804,38.40086544271447
1.31748,1.3426793221449014,-0.025199322144901393,0.025199322144901393,1.9126910573965983
0.06563,0.0908241839765278,-0.025194183976527812,0.025194183976527812,38.38821261334695
0.065632,0.0908241839765278,-0.02519218397652781,0.02519218397652781,38.38399551764965
0.065634,0.0908241839765278,-0.025190183976527808,0.025190183976527808,38.37977867895913
0.065636,0.0908241839765278,-0.025188183976527806,0.025188183976527806,38.37556209725188
0.080634,0.10581701075854788,-0.025183010758547883,0.025183010758547883,31.231255707662562
0.065647,0.0908241839765278,-0.02517718397652781,0.02517718397652781,38.35237549038865
0.065661,0.0908241839765278,-0.02516318397652781,0.02516318397652781,38.32287649929933
0.065663,0.0908241839765278,-0.025161183976527807,0.025161183976527807,38.318663384568396
0.065665,0.0908241839765278,-0.025159183976527805,0.025159183976527805,38.31445052648041
0.065667,0.0908241839765278,-0.025157183976527803,0.025157183976527803,38.310237925011904
0.065667,0.0908241839765278,-0.025157183976527803,0.025157183976527803,38.310237925011904
0.254146,0.228992123575674,0.025153876424325983,0.025153876424325983,9.89741188703681
0.065673,0.0908241839765278,-0.02515118397652781,0.02515118397652781,38.297601660088944
0.065692,0.0908241839765278,-0.025132183976527805,0.025132183976527805,38.25760204936706
0.065704,0.0908241839765278,-0.025120183976527807,0.025120183976527807,38.232351056701965
0.254109,0.228992123575674,0.025116876424325973,0.025116876424325973,9.884292336926942
0.06571,0.0908241839765278,-0.0251141839765278,0.0251141839765278,38.21972901888308
0.06572,0.0908241839765278,-0.025104183976527805,0.025104183976527805,38.19869741072598
0.065726,0.0908241839765278,-0.0250981839765278,0.0250981839765278,38.186081517727715
0.065735,0.0908241839765278,-0.025089183976527804,0.025089183976527804,38.16716199644123
0.065737,0.0908241839765278,-0.025087183976527802,0.025087183976527802,38.16295836190402
39.094883,39.11996848786336,-0.025085487863357514,0.025085487863357514,0.06416565529379727
0.065763,0.0908241839765278,-0.025061183976527804,0.025061183976527804,38.10833438015217
0.06578,0.0908241839765278,-0.0250441839765278,0.0250441839765278,38.072642046906594
0.065794,0.0908241839765278,-0.0250301839765278,0.0250301839765278,38.04326221005645
0.253992,0.228992123575674,0.024999876424325995,0.024999876424325995,9.842781038175696
17.316448,17.341366673240962,-0.024918673240961198,0.024918673240961198,0.143901758841174
7.54722,7.572091814980505,-0.024871814980504503,0.024871814980504503,0.32954935698409416
16.3945,16.369679249295167,0.024820750704833472,0.024820750704833472,0.1513968142040445
16.394455,16.369679249295167,0.0247757507048334,0.0247757507048334,0.1511227467133386
16.394383,16.369679249295167,0.024703750704833993,0.024703750704833993,0.15068423559876154
16.394375,16.369679249295167,0.024695750704832875,0.024695750704832875,0.15063551190382213
1.318021,1.3426793221449014,-0.024658322144901268,0.024658322144901268,1.870859579857256
7.547457,7.572091814980505,-0.024634814980505126,0.024634814980505126,0.32639887819405566
0.081185,0.10581701075854788,-0.024632010758547887,0.024632010758547887,30.340593370951897
0.081185,0.10581701075854788,-0.024632010758547887,0.024632010758547887,30.340593370951897
16.394291,16.369679249295167,0.024611750704831792,0.024611750704831792,0.15012391023607957
0.081207,0.10581701075854788,-0.02461001075854788,0.02461001075854788,30.30528246117034
0.081211,0.10581701075854788,-0.024606010758547875,0.024606010758547875,30.29886435119505
0.081215,0.10581701075854788,-0.024602010758547885,0.024602010758547885,30.292446873429096
39.095373,39.11996848786336,-0.0245954878633583,0.0245954878633583,0.06291150582780061
16.394273,16.369679249295167,0.024593750704831052,0.024593750704831052,0.15001428062519784
0.081232,0.10581701075854788,-0.02458501075854788,0.02458501075854788,30.26517964383827
7.54751,7.572091814980505,-0.024581814980504824,0.024581814980504824,0.3256943678137442
0.081236,0.10581701075854788,-0.024581010758547878,0.024581010758547878,30.258765483639166
0.081248,0.10581701075854788,-0.02456901075854788,0.02456901075854788,30.239526792423632
0.081254,0.10581701075854788,-0.024563010758547874,0.024563010758547874,30.229909577765973
0.081263,0.10581701075854788,-0.02455401075854788,0.02455401075854788,30.215486418582127
7.596644,7.572091814980505,0.02455218501949563,0.02455218501949563,0.32319778337871874
0.081271,0.10581701075854788,-0.024546010758547884,0.024546010758547884,30.202668514408852
0.081275,0.10581701075854788,-0.02454201075854788,0.02454201075854788,30.196260508583972
0.066302,0.0908241839765278,-0.024522183976527806,0.024522183976527806,36.98558707058945
0.066304,0.0908241839765278,-0.024520183976527804,0.024520183976527804,36.98145502465364
0.081303,0.10581701075854788,-0.02451401075854788,0.02451401075854788,30.151422122672543
0.066312,0.0908241839765278,-0.02451218397652781,0.02451218397652781,36.964929333398004
0.066312,0.0908241839765278,-0.02451218397652781,0.02451218397652781,36.964929333398004
0.081308,0.10581701075854788,-0.024509010758547875,0.024509010758547875,30.14341851774051
0.066316,0.0908241839765278,-0.024508183976527806,0.024508183976527806,36.95666798294701
0.08131,0.10581701075854788,-0.024507010758547887,0.024507010758547887,30.140217351380734
0.081312,0.10581701075854788,-0.024505010758547885,0.024505010758547885,30.137016342496644
0.081314,0.10581701075854788,-0.024503010758547883,0.024503010758547883,30.133815491076653
0.081314,0.10581701075854788,-0.024503010758547883,0.024503010758547883,30.133815491076653
0.066322,0.0908241839765278,-0.0245021839765278,0.0245021839765278,36.94427782573433
0.066322,0.0908241839765278,-0.0245021839765278,0.0245021839765278,36.94427782573433
0.066324,0.0908241839765278,-0.024500183976527812,0.024500183976527812,36.940148271496994
16.394179,16.369679249295167,0.0244997507048339,0.0244997507048339,0.14944176652386473
0.081318,0.10581701075854788,-0.02449901075854788,0.02449901075854788,30.127414260582487
0.066329,0.0908241839765278,-0.024495183976527807,0.024495183976527807,36.92982547543003
0.081328,0.10581701075854788,-0.024489010758547883,0.024489010758547883,30.111413939155607
0.066341,0.0908241839765278,-0.02448318397652781,0.02448318397652781,36.90505711343325
0.066343,0.0908241839765278,-0.024481183976527807,0.024481183976527807,36.90092992422242
0.066345,0.0908241839765278,-0.024479183976527805,0.024479183976527805,36.89680298384355
0.066347,0.0908241839765278,-0.024477183976527803,0.024477183976527803,36.892676292274146
0.08134,0.10581701075854788,-0.024477010758547885,0.024477010758547885,30.09221874656463
0.066349,0.0908241839765278,-0.0244751839765278,0.0244751839765278,36.8885498494917
0.066353,0.0908241839765278,-0.02447118397652781,0.02447118397652781,36.88029771019776
0.066353,0.0908241839765278,-0.02447118397652781,0.02447118397652781,36.88029771019776
0.066355,0.0908241839765278,-0.02446918397652781,0.02446918397652781,36.87617201364123
0.081349,0.10581701075854788,-0.024468010758547876,0.024468010758547876,30.077826068507356
0.066359,0.0908241839765278,-0.024465183976527805,0.024465183976527805,36.867921366596676
0.066361,0.0908241839765278,-0.024463183976527803,0.024463183976527803,36.86379641606366
0.081355,0.10581701075854788,-0.024462010758547884,0.024462010758547884,30.06823271892281
0.066366,0.0908241839765278,-0.02445818397652781,0.02445818397652781,36.85348512743623
0.066372,0.0908241839765278,-0.024452183976527805,0.024452183976527805,36.84111363178252
0.081365,0.10581701075854788,-0.024452010758547874,0.024452010758547874,30.0522469470849
0.066378,0.0908241839765278,-0.0244461839765278,0.0244461839765278,36.8287443726823
0.081377,0.10581701075854788,-0.024440010758547875,0.024440010758547875,30.033069206919404
0.066388,0.0908241839765278,-0.024436183976527803,0.024436183976527803,36.80813390932047
0.066392,0.0908241839765278,-0.0244321839765278,0.0244321839765278,36.799891462417015
0.081385,0.10581701075854788,-0.02443201075854788,0.02443201075854788,30.02028718870504
0.066394,0.0908241839765278,-0.02443018397652781,0.02443018397652781,36.79577061139869
0.066398,0.0908241839765278,-0.024426183976527807,0.024426183976527807,36.787529654116504
0.066398,0.0908241839765278,-0.024426183976527807,0.024426183976527807,36.787529654116504
0.081392,0.10581701075854788,-0.024425010758547874,0.024425010758547874,30.009104983952682
0.066406,0.0908241839765278,-0.0244181839765278,0.0244181839765278,36.77105071794228
0.066406,0.0908241839765278,-0.0244181839765278,0.0244181839765278,36.77105071794228
0.066406,0.0908241839765278,-0.0244181839765278,0.0244181839765278,36.77105071794228
0.0814,0.10581701075854788,-0.02441701075854788,0.02441701075854788,29.996327676353264
0.066408,0.0908241839765278,-0.02441618397652781,0.02441618397652781,36.76693160426588
0.066408,0.0908241839765278,-0.02441618397652781,0.02441618397652781,36.76693160426588
0.066409,0.0908241839765278,-0.02441518397652781,0.02441518397652781,36.76487214046732
0.06641,0.0908241839765278,-0.02441418397652781,0.02441418397652781,36.762812738691466
0.08141,0.10581701075854788,-0.024407010758547884,0.024407010758547884,29.98035957323121
0.066419,0.0908241839765278,-0.0244051839765278,0.0244051839765278,36.74428091326807
0.081418,0.10581701075854788,-0.024399010758547876,0.024399010758547876,29.96758791493317
0.066429,0.0908241839765278,-0.024395183976527804,0.024395183976527804,36.72369588553811
0.066439,0.0908241839765278,-0.024385183976527808,0.024385183976527808,36.703117054478085
0.081432,0.10581701075854788,-0.024385010758547876,0.024385010758547876,29.945243551187044
0.066447,0.0908241839765278,-0.0243771839765278,0.0243771839765278,36.68665844935233
0.066448,0.0908241839765278,-0.024376183976527813,0.024376183976527813,36.68460140236458
0.081447,0.10581701075854788,-0.024370010758547875,0.024370010758547875,29.921311685668673
0.081449,0.10581701075854788,-0.024368010758547887,0.024368010758547887,29.91812143627272
5.323516,5.3478809235103135,-0.02436492351031383,0.02436492351031383,0.457684799103753
0.081453,0.10581701075854788,-0.024364010758547883,0.024364010758547883,29.91174140748179
0.081453,0.10581701075854788,-0.024364010758547883,0.024364010758547883,29.91174140748179
7.54773,7.572091814980505,-0.02436181498050516,0.02436181498050516,0.3227700908774213
0.066468,0.0908241839765278,-0.024356183976527807,0.024356183976527807,36.64347346073951
0.081465,0.10581701075854788,-0.024352010758547885,0.024352010758547885,29.892605080286362
0.081467,0.10581701075854788,-0.024350010758547883,0.024350010758547883,29.889416240512684
0.081469,0.10581701075854788,-0.02434801075854788,0.02434801075854788,29.88622755730604
0.066478,0.0908241839765278,-0.02434618397652781,0.02434618397652781,36.62291876997637
0.08148,0.10581701075854788,-0.024337010758547883,0.024337010758547883,29.86869259778988
0.081482,0.10581701075854788,-0.02433501075854788,0.02433501075854788,29.865504931987896
0.06649,0.0908241839765278,-0.024334183976527812,0.024334183976527812,36.59826130234555
0.0665,0.0908241839765278,-0.024324183976527802,0.024324183976527802,36.577720210451254
0.066503,0.0908241839765278,-0.0243211839765278,0.0243211839765278,36.57155908749416
0.066507,0.0908241839765278,-0.02431718397652781,0.02431718397652781,36.563345121512725
0.0815,0.10581701075854788,-0.024317010758547877,0.024317010758547877,29.836822980013565
0.066513,0.0908241839765278,-0.024311183976527803,0.024311183976527803,36.551026024952684
0.066519,0.0908241839765278,-0.02430518397652781,0.02430518397652781,36.538709150752574
0.081512,0.10581701075854788,-0.02430501075854788,0.02430501075854788,29.817708716176973
0.066529,0.0908241839765278,-0.0242951839765278,0.0242951839765278,36.518185964030145
0.081535,0.10581701075854788,-0.024282010758547884,0.024282010758547884,29.78108877018066
0.066546,0.0908241839765278,-0.024278183976527812,0.024278183976527812,36.48331070243817
0.06655,0.0908241839765278,-0.024274183976527808,0.024274183976527808,36.47510734793794
0.066554,0.0908241839765278,-0.024270183976527804,0.024270183976527804,36.466904979506715
0.066564,0.0908241839765278,-0.024260183976527808,0.024260183976527808,36.446403371313934
0.081572,0.10581701075854788,-0.024245010758547875,0.024245010758547875,29.72222175357433
0.066585,0.0908241839765278,-0.0242391839765278,0.0242391839765278,36.40337003848379
0.066611,0.0908241839765278,-0.024213183976527802,0.024213183976527802,36.35012826736976
0.066613,0.0908241839765278,-0.0242111839765278,0.0242111839765278,36.346034468019404
0.066634,0.0908241839765278,-0.024190183976527807,0.024190183976527807,36.30306441189895
0.066634,0.0908241839765278,-0.024190183976527807,0.024190183976527807,36.30306441189895
0.066638,0.0908241839765278,-0.024186183976527803,0.024186183976527803,36.294882709914646
0.066646,0.0908241839765278,-0.02417818397652781,0.02417818397652781,36.27852225227214
0.253149,0.228992123575674,0.024156876424326013,0.024156876424326013,9.542552573695119
0.066711,0.0908241839765278,-0.0241131839765278,0.0241131839765278,36.145738994141986
0.06672,0.0908241839765278,-0.024104183976527804,0.024104183976527804,36.12737401139153
0.066738,0.0908241839765278,-0.0240861839765278,0.0240861839765278,36.0906589056267
1.318618,1.3426793221449014,-0.02406132214490131,0.02406132214490131,1.8247378803471948
0.066767,0.0908241839765278,-0.0240571839765278,0.0240571839765278,36.031548430356686
0.253046,0.228992123575674,0.024053876424325993,0.024053876424325993,9.505732718486069
7.548038,7.572091814980505,-0.02405381498050474,0.02405381498050474,0.3186763895489936
0.081768,0.10581701075854788,-0.024049010758547887,0.024049010758547887,29.411274250485054
1.318739,1.3426793221449014,-0.02394032214490127,0.02394032214490127,1.8153950207801448
0.25282,0.228992123575674,0.02382787642432599,0.02382787642432599,9.424838388933294
7.548279,7.572091814980505,-0.023812814980504804,0.023812814980504804,0.3154734341455758
0.252788,0.228992123575674,0.023795876424326012,0.023795876424326012,9.41337263434682
7.548304,7.572091814980505,-0.023787814980504862,0.023787814980504862,0.3151411890696204
0.252699,0.228992123575674,0.023706876424326007,0.023706876424326007,9.381468234913687
0.252696,0.228992123575674,0.023703876424325976,0.023703876424325976,9.380392414183678
0.252644,0.228992123575674,0.02365187642432598,0.02365187642432598,9.36174079533424
0.252639,0.228992123575674,0.023646876424326002,0.023646876424326002,9.359946965815276
7.548458,7.572091814980505,-0.023633814980504653,0.023633814980504653,0.3130946079343829
0.252565,0.228992123575674,0.023572876424325984,0.023572876424325984,9.333389984753467
0.252544,0.228992123575674,0.02355187642432599,0.02355187642432599,9.325850709183406
16.393173,16.369679249295167,0.023493750704833616,0.023493750704833616,0.1433142363878567
1.319345,1.3426793221449014,-0.023334322144901387,0.023334322144901387,1.768629292803077
0.252316,0.228992123575674,0.023323876424325984,0.023323876424325984,9.243914938046762
0.252273,0.228992123575674,0.023280876424326025,0.023280876424326025,9.228445539196654
0.252235,0.228992123575674,0.023242876424325987,0.023242876424325987,9.21477051761699
0.252185,0.228992123575674,0.023192876424325992,0.023192876424325992,9.196770789352746
1.319501,1.3426793221449014,-0.023178322144901342,0.023178322144901342,1.7565975427941884
0.25217,0.228992123575674,0.023177876424326005,0.023177876424326005,9.191369478976338
0.252166,0.228992123575674,0.023173876424326,0.023173876424326,9.189929021016342
0.252156,0.228992123575674,0.02316387642432599,0.02316387642432599,9.186327676176518
0.252137,0.228992123575674,0.023144876424326,0.023144876424326,9.179484333971814
0.252111,0.228992123575674,0.023118876424325974,0.023118876424325974,9.170118088919507
0.252106,0.228992123575674,0.023113876424325996,0.023113876424325996,9.168316666464772
0.25209,0.228992123575674,0.02309787642432598,0.02309787642432598,9.162551634401774
7.548999,7.572091814980505,-0.023092814980504528,0.023092814980504528,0.30590565689833343
7.549034,7.572091814980505,-0.023057814980504965,0.023057814980504965,0.3054406031314672
0.25204,0.228992123575674,0.023047876424325986,0.023047876424325986,9.144531191549538
0.252032,0.228992123575674,0.023039876424325978,0.023039876424325978,9.141647257167476
0.251938,0.228992123575674,0.022945876424325995,0.022945876424325995,9.107747308948332
0.251919,0.228992123575674,0.022926876424326004,0.022926876424326004,9.100892118190812
1.319758,1.3426793221449014,-0.02292132214490139,0.02292132214490139,1.7367822087962042
7.54919,7.572091814980505,-0.022901814980504476,0.022901814980504476,0.3033678444998882
16.392518,16.369679249295167,0.022838750704831767,0.022838750704831767,0.13932423746426537
7.54937,7.572091814980505,-0.022721814980505073,0.022721814980505073,0.3009763063699898
7.549383,7.572091814980505,-0.022708814980505032,0.022708814980505032,0.3008035885873618
1.320148,1.3426793221449014,-0.022531322144901278,0.022531322144901278,1.7067269838832122
7.594622,7.572091814980505,0.02253018501949544,0.02253018501949544,0.2966597286764079
0.25148,0.228992123575674,0.02248787642432598,0.02248787642432598,8.942212667163897
7.549641,7.572091814980505,-0.022450814980504497,0.022450814980504497,0.29737592794421774
3.228641,3.2066853285939843,0.021955671406015842,0.021955671406015842,0.6800282659278567
39.098293,39.11996848786336,-0.021675487863362264,0.021675487863362264,0.055438450633399326
1.321012,1.3426793221449014,-0.021667322144901302,0.021667322144901302,1.6402063072296917
1.321116,1.3426793221449014,-0.02156332214490142,0.02156332214490142,1.632205055670298
17.319821,17.341366673240962,-0.02154567324096135,0.02154567324096135,0.12439893715320124
17.362761,17.341366673240962,0.02139432675903663,0.02139432675903663,0.12321961212801012
16.390881,16.369679249295167,0.02120175070483299,0.02120175070483299,0.1293508915396533
3.227714,3.2066853285939843,0.021028671406015942,0.021028671406015942,0.6515035534549974
0.249899,0.228992123575674,0.02090687642432601,0.02090687642432601,8.366130483099123
0.249898,0.228992123575674,0.02090587642432601,0.02090587642432601,8.365763798013687
0.249838,0.228992123575674,0.020845876424326004,0.020845876424326004,8.343757321136994
0.249813,0.228992123575674,0.020820876424326007,0.020820876424326007,8.334584835853786
0.249806,0.228992123575674,0.020813876424326,0.020813876424326,8.332016210977311
0.249761,0.228992123575674,0.02076887642432601,0.02076887642432601,8.315500184580662
0.249658,0.228992123575674,0.02066587642432599,0.02066587642432599,8.277674425032771
0.249652,0.228992123575674,0.020659876424326012,0.020659876424326012,8.275470020689015
0.249628,0.228992123575674,0.02063587642432599,0.02063587642432599,8.266651343623046
0.249051,0.228992123575674,0.020058876424325994,0.020058876424325994,8.054124021293578
17.361417,17.341366673240962,0.020050326759037063,0.020050326759037063,0.11548784732790865
1.322887,1.3426793221449014,-0.019792322144901453,0.019792322144901453,1.49614609134456
1.323065,1.3426793221449014,-0.01961432214490144,0.01961432214490144,1.4824911960802343
0.248548,0.228992123575674,0.01955587642432599,0.01955587642432599,7.868048190473447
1.323327,1.3426793221449014,-0.019352322144901457,0.019352322144901457,1.4623991004067067
1.32388,1.3426793221449014,-0.01879932214490143,0.01879932214490143,1.4200170818715756
1.323964,1.3426793221449014,-0.01871532214490146,0.01871532214490146,1.4135824043167244
28.416586,28.398104123093105,0.01848187690689329,0.01848187690689329,0.06503904764220535
0.247352,0.228992123575674,0.018359876424325988,0.018359876424325988,7.42257043278543
0.247343,0.228992123575674,0.018350876424326007,0.018350876424326007,7.419201843960332
0.247271,0.228992123575674,0.01827887642432599,0.01827887642432599,7.392244305613577
0.247186,0.228992123575674,0.01819387642432599,0.01819387642432599,7.3603992204111846
0.247185,0.228992123575674,0.018192876424325988,0.018192876424325988,7.360024442003343
0.247171,0.228992123575674,0.018178876424326,0.018178876424326,7.354777225876507
0.247164,0.228992123575674,0.018171876424325994,0.018171876424325994,7.352153394901297
0.247137,0.228992123575674,0.018144876424325995,0.018144876424325995,7.342031511665175
0.247104,0.228992123575674,0.01811187642432599,0.01811187642432599,7.329657317160521
17.359476,17.341366673240962,0.018109326759038424,0.018109326759038424,0.10431954719678235
0.247054,0.228992123575674,0.018061876424325995,0.018061876424325995,7.310902238787914
0.247048,0.228992123575674,0.01805587642432599,0.01805587642432599,7.308651119222717
0.246996,0.228992123575674,0.018003876424325993,0.018003876424325993,7.2891368350243955
0.246946,0.228992123575674,0.017953876424326,0.017953876424326,7.270365349937085
0.246932,0.228992123575674,0.017939876424326012,0.017939876424326012,7.265107971854966
0.246929,0.228992123575674,0.01793687642432601,0.01793687642432601,7.263981313277107
0.246893,0.228992123575674,0.017900876424326,0.017900876424326,7.25045927469614
1.324781,1.3426793221449014,-0.01789832214490139,0.01789832214490139,1.3510400695322737
0.246564,0.228992123575674,0.017571876424326005,0.017571876424326005,7.126699930727643
0.246558,0.228992123575674,0.017565876424326,0.017565876424326,7.1244398548015315
0.246528,0.228992123575674,0.017535876424325997,0.017535876424325997,7.113137824998726
0.246527,0.228992123575674,0.017534876424325996,0.017534876424325996,7.1127610432988
0.246517,0.228992123575674,0.017524876424325986,0.017524876424325986,7.108993058173267
0.246511,0.228992123575674,0.017518876424326008,0.017518876424326008,7.106732120359446
0.246509,0.228992123575674,0.017516876424326006,0.017516876424326006,7.105978449963297
0.246328,0.228992123575674,0.01733587642432599,0.01733587642432599,7.03772060719377
0.246328,0.228992123575674,0.01733587642432599,0.01733587642432599,7.03772060719377
0.246254,0.228992123575674,0.017261876424326,0.017261876424326,7.009785188186268
0.246188,0.228992123575674,0.01719587642432599,0.01719587642432599,6.984855645823977
1.325523,1.3426793221449014,-0.01715632214490137,0.01715632214490137,1.2943058810452224
0.246097,0.228992123575674,0.01710487642432601,0.01710487642432601,6.950461166684498
0.246067,0.228992123575674,0.017074876424326008,0.017074876424326008,6.93911675169238
0.246049,0.228992123575674,0.01705687642432599,0.01705687642432599,6.932308774834964
17.357954,17.341366673240962,0.01658732675903707,0.01658732675903707,0.09556037974833619
17.357802,17.341366673240962,0.01643532675903714,0.01643532675903714,0.09468552964794999
1.326327,1.3426793221449014,-0.016352322144901343,0.016352322144901343,1.2329027565350354
17.357053,17.341366673240962,0.01568632675903814,0.01568632675903814,0.09037436688675068
17.356863,17.341366673240962,0.015496326759038226,0.015496326759038226,0.0892806883303103
7.556932,7.572091814980505,-0.015159814980505004,0.015159814980505004,0.20060806396437597
17.356282,17.341366673240962,0.014915326759037839,0.014915326759037839,0.08593618586602766
1.328578,1.3426793221449014,-0.01410132214490134,0.01410132214490134,1.0613845889243956
4.422597,4.408548953394554,0.014048046605445563,0.014048046605445563,0.3176424757925699
1.328668,1.3426793221449014,-0.014011322144901417,0.014011322144901417,1.0545389927240574
7.585151,7.572091814980505,0.01305918501949499,0.01305918501949499,0.1721677659327128
17.328929,17.341366673240962,-0.012437673240963676,0.012437673240963676,0.07177404466768779
0.240572,0.228992123575674,0.011579876424326008,0.011579876424326008,4.813476389402146
1.331438,1.3426793221449014,-0.011241322144901478,0.011241322144901478,0.8442993323051602
17.352602,17.341366673240962,0.0112353267590386,0.0112353267590386,0.06474721634815259
1.331576,1.3426793221449014,-0.011103322144901284,0.011103322144901284,0.8338481726966718
1.331957,1.3426793221449014,-0.01072232214490132,0.01072232214490132,0.8050051273499306
0.204903,0.19531738727338244,0.009585612726617565,0.009585612726617565,4.678122195350698
0.204835,0.19531738727338244,0.009517612726617553,0.009517612726617553,4.6464777611106864
0.204827,0.19531738727338244,0.009509612726617572,0.009509612726617572,4.642753505140835
1.333598,1.3426793221449014,-0.009081322144901316,0.009081322144901316,0.6809639894646177
0.203693,0.19531738727338244,0.008375612726617576,0.008375612726617576,4.111880488041167
0.2036,0.19531738727338244,0.008282612726617566,0.008282612726617566,4.068080904985012
0.203417,0.19531738727338244,0.00809961272661755,0.00809961272661755,3.9817776894929
0.203351,0.19531738727338244,0.008033612726617567,0.008033612726617567,3.9506138266676603
0.203328,0.19531738727338244,0.008010612726617572,0.008010612726617572,3.9397489389940503
0.203311,0.19531738727338244,0.007993612726617555,0.007993612726617555,3.9317167898863503
0.203308,0.19531738727338244,0.007990612726617552,0.007990612726617552,3.93029921237101
0.203292,0.19531738727338244,0.007974612726617564,0.007974612726617564,3.922738092347375
0.203169,0.19531738727338244,0.007851612726617552,0.007851612726617552,3.8645722146355888
0.203119,0.19531738727338244,0.007801612726617557,0.007801612726617557,3.8409074103243173
0.203087,0.19531738727338244,0.007769612726617553,0.007769612726617553,3.8257558203094226
0.203047,0.19531738727338244,0.0077296127266175685,0.0077296127266175685,3.806809616892029
0.203002,0.19531738727338244,0.007684612726617551,0.007684612726617551,3.785486213353595
0.202924,0.19531738727338244,0.0076066127266175565,0.0076066127266175565,3.7485032440071424
0.202782,0.19531738727338244,0.007464612726617553,0.007464612726617553,3.681102229456486
0.202775,0.19531738727338244,0.007457612726617574,0.007457612726617574,3.677777202781307
0.202758,0.19531738727338244,0.007440612726617557,0.007440612726617557,3.6697011821717793
0.202739,0.19531738727338244,0.007421612726617566,0.007421612726617566,3.66067343873497
0.202738,0.19531738727338244,0.007420612726617565,0.007420612726617565,3.6601982474708077
0.202732,0.19531738727338244,0.007414612726617559,0.007414612726617559,3.6573470014404292
0.202731,0.19531738727338244,0.007413612726617558,0.007413612726617558,3.6568717773604855
0.202723,0.19531738727338244,0.00740561272661755,0.00740561272661755,3.653069815938241
0.20272,0.19531738727338244,0.0074026127266175745,0.0074026127266175745,3.6516440030415995
0.202717,0.19531738727338244,0.0073996127266175715,0.0073996127266175715,3.6502181479438587
0.202709,0.19531738727338244,0.0073916127266175635,0.0073916127266175635,3.6464156613525534
0.202707,0.19531738727338244,0.0073896127266175615,0.0073896127266175615,3.6454649928083867
0.202705,0.19531738727338244,0.0073876127266175595,0.0073876127266175595,3.6445143055045732
0.202704,0.19531738727338244,0.0073866127266175585,0.0073866127266175585,3.644038954817625
0.202691,0.19531738727338244,0.007373612726617573,0.007373612726617573,3.637858969061139
0.202691,0.19531738727338244,0.007373612726617573,0.007373612726617573,3.637858969061139
0.202689,0.19531738727338244,0.007371612726617571,0.007371612726617571,3.63690813166016
0.202689,0.19531738727338244,0.007371612726617571,0.007371612726617571,3.63690813166016
0.202686,0.19531738727338244,0.007368612726617568,0.007368612726617568,3.6354818403748093
0.202681,0.19531738727338244,0.007363612726617563,0.007363612726617563,3.633104594404241
0.202681,0.19531738727338244,0.007363612726617563,0.007363612726617563,3.633104594404241
0.202677,0.19531738727338244,0.007359612726617559,0.007359612726617559,3.6312027131773
0.202676,0.19531738727338244,0.007358612726617558,0.007358612726617558,3.630727231140752
0.202671,0.19531738727338244,0.007353612726617553,0.007353612726617553,3.6283497505756634
0.202661,0.19531738727338244,0.007343612726617571,0.007343612726617571,3.623594437505971
0.202661,0.19531738727338244,0.007343612726617571,0.007343612726617571,3.623594437505971
0.20266,0.19531738727338244,0.00734261272661757,0.00734261272661757,3.623118880388064
0.20266,0.19531738727338244,0.00734261272661757,0.00734261272661757,3.623118880388064
0.202657,0.19531738727338244,0.007339612726617567,0.007339612726617567,3.6216921808750127
0.202641,0.19531738727338244,0.007323612726617551,0.007323612726617551,3.6140824033652956
0.202637,0.19531738727338244,0.007319612726617575,0.007319612726617575,3.6121797712191728
0.202631,0.19531738727338244,0.007313612726617569,0.007313612726617569,3.609325682155368
0.202627,0.19531738727338244,0.007309612726617565,0.007309612726617565,3.6074228622099436
0.202624,0.19531738727338244,0.007306612726617562,0.007306612726617562,3.6059956979486962
0.202621,0.19531738727338244,0.007303612726617559,0.007303612726617559,3.604568491426353
0.202607,0.19531738727338244,0.0072896127266175725,0.0072896127266175725,3.597907635481333
0.202599,0.19531738727338244,0.0072816127266175645,0.0072816127266175645,3.5941010187727795
0.202596,0.19531738727338244,0.0072786127266175615,0.0072786127266175615,3.5926734600016226
0.202587,0.19531738727338244,0.0072696127266175525,0.0072696127266175525,3.5883905300089154
0.202583,0.19531738727338244,0.007265612726617576,0.007265612726617576,3.586486883416224
0.20258,0.19531738727338244,0.007262612726617573,0.007262612726617573,3.5850590991373847
0.202574,0.19531738727338244,0.007256612726617567,0.007256612726617567,3.5822034037119095
0.202574,0.19531738727338244,0.007256612726617567,0.007256612726617567,3.5822034037119095
0.202563,0.19531738727338244,0.007245612726617556,0.007245612726617556,3.57696752271668
0.202559,0.19531738727338244,0.007241612726617552,0.007241612726617552,3.57506342499839
0.202553,0.19531738727338244,0.007235612726617574,0.007235612726617574,3.572207137413599
0.202551,0.19531738727338244,0.007233612726617572,0.007233612726617572,3.571255003947804
0.202547,0.19531738727338244,0.007229612726617568,0.007229612726617568,3.569350680606584
0.202542,0.19531738727338244,0.007224612726617563,0.007224612726617563,3.566970170656255
0.202537,0.19531738727338244,0.007219612726617558,0.007219612726617558,3.5645895431713557
0.202534,0.19531738727338244,0.007216612726617555,0.007216612726617555,3.5631611102602005
0.202528,0.19531738727338244,0.007210612726617577,0.007210612726617577,3.5603041174836427
0.202524,0.19531738727338244,0.007206612726617573,0.007206612726617573,3.5583993615863667
0.202522,0.19531738727338244,0.007204612726617571,0.007204612726617571,3.557446955422188
0.202521,0.19531738727338244,0.00720361272661757,0.00720361272661757,3.556970745285969
0.202519,0.19531738727338244,0.007201612726617568,0.007201612726617568,3.556018310904927
0.202513,0.19531738727338244,0.007195612726617562,0.007195612726617562,3.5531608948879336
0.20251,0.19531738727338244,0.007192612726617559,0.007192612726617559,3.5517321233844386
0.202509,0.19531738727338244,0.007191612726617558,0.007191612726617558,3.5512558568094756
0.202509,0.19531738727338244,0.007191612726617558,0.007191612726617558,3.5512558568094756
0.202506,0.19531738727338244,0.007188612726617555,0.007188612726617555,3.5498270288622202
0.202504,0.19531738727338244,0.007186612726617553,0.007186612726617553,3.548874453378046
0.202495,0.19531738727338244,0.0071776127266175715,0.0071776127266175715,3.544587630841741
0.202484,0.19531738727338244,0.0071666127266175605,0.0071666127266175605,3.5393476635577197
0.202476,0.19531738727338244,0.0071586127266175525,0.0071586127266175525,3.53553642065332
0.202473,0.19531738727338244,0.0071556127266175495,0.0071556127266175495,3.534107126917388
0.202471,0.19531738727338244,0.007153612726617575,0.007153612726617575,3.5331542408959407
0.20247,0.19531738727338244,0.007152612726617574,0.007152612726617574,3.5326777908257503
0.202456,0.19531738727338244,0.00713861272661756,0.00713861272661756,3.5260069956393254
0.202439,0.19531738727338244,0.007121612726617571,0.007121612726617571,3.517905503929413
0.202435,0.19531738727338244,0.007117612726617567,0.007117612726617567,3.515999072838969
0.202431,0.19531738727338244,0.007113612726617563,0.007113612726617563,3.5140925664070575
0.20239,0.19531738727338244,0.00707261272661755,0.00707261272661755,3.4945465305217667
0.202277,0.19531738727338244,0.006959612726617576,0.006959612726617576,3.440634735129026
0.202272,0.19531738727338244,0.006954612726617571,0.006954612726617571,3.438247865833789
0.20225,0.19531738727338244,0.006932612726617576,0.006932612726617576,3.4277442389072093
0.202244,0.19531738727338244,0.00692661272661757,0.00692661272661757,3.4248792167840283
0.202229,0.19531738727338244,0.006911612726617555,0.006911612726617555,3.4177159176971847
0.202193,0.19531738727338244,0.006875612726617575,0.006875612726617575,3.4005196634982684
0.202189,0.19531738727338244,0.006871612726617571,0.006871612726617571,3.398608590585522
0.202189,0.19531738727338244,0.006871612726617571,0.006871612726617571,3.398608590585522
0.202173,0.19531738727338244,0.006855612726617555,0.006855612726617555,3.3909635427216247
0.202166,0.19531738727338244,0.006848612726617576,0.006848612726617576,3.3876184537607488
0.20215,0.19531738727338244,0.00683261272661756,0.00683261272661756,3.3799716662070676
0.202139,0.19531738727338244,0.006821612726617576,0.006821612726617576,3.3747137975565633
0.202138,0.19531738727338244,0.006820612726617575,0.006820612726617575,3.374235781121481
0.202128,0.19531738727338244,0.006810612726617565,0.006810612726617565,3.3694553566295165
0.202119,0.19531738727338244,0.006801612726617556,0.006801612726617556,3.3651525701455105
0.202086,0.19531738727338244,0.006768612726617551,0.006768612726617551,3.3493724074246503
0.20189,0.19531738727338244,0.006572612726617549,0.006572612726617549,3.255541494557436
0.201886,0.19531738727338244,0.006568612726617573,0.006568612726617573,3.2536246809407032
0.20187,0.19531738727338244,0.006552612726617557,0.006552612726617557,3.245956666850746
0.201864,0.19531738727338244,0.006546612726617551,0.006546612726617551,3.2430808481821773
0.201855,0.19531738727338244,0.00653761272661757,0.00653761272661757,3.238766799622899
0.201847,0.19531738727338244,0.006529612726617562,0.006529612726617562,3.234931766824689
0.201847,0.19531738727338244,0.006529612726617562,0.006529612726617562,3.234931766824689
0.201842,0.19531738727338244,0.006524612726617557,0.006524612726617557,3.2325347169494068
0.201839,0.19531738727338244,0.006521612726617554,0.006521612726617554,3.231096430019202
0.201837,0.19531738727338244,0.006519612726617552,0.006519612726617552,3.2301375483124577
0.201833,0.19531738727338244,0.006515612726617576,0.006515612726617576,3.228219727888579
0.201831,0.19531738727338244,0.006513612726617574,0.006513612726617574,3.227260789170302
0.201824,0.19531738727338244,0.006506612726617567,0.006506612726617567,3.2239043539884564
0.201823,0.19531738727338244,0.006505612726617566,0.006505612726617566,3.223424844241806
0.20182,0.19531738727338244,0.006502612726617563,0.006502612726617563,3.2219862864907225
0.201813,0.19531738727338244,0.006495612726617556,0.006495612726617556,3.218629485414184
0.201813,0.19531738727338244,0.006495612726617556,0.006495612726617556,3.218629485414184
0.201804,0.19531738727338244,0.006486612726617574,0.006486612726617574,3.2143132561313257
0.2018,0.19531738727338244,0.00648261272661757,0.00648261272661757,3.2123948084267466
0.201799,0.19531738727338244,0.006481612726617569,0.006481612726617569,3.211915184617195
0.201796,0.19531738727338244,0.006478612726617566,0.006478612726617566,3.2104762846672332
0.201794,0.19531738727338244,0.006476612726617564,0.006476612726617564,3.209516994265462
0.201792,0.19531738727338244,0.006474612726617562,0.006474612726617562,3.2085576848482615
0.201792,0.19531738727338244,0.006474612726617562,0.006474612726617562,3.2085576848482615
0.201788,0.19531738727338244,0.006470612726617558,0.006470612726617558,3.20663900896531
0.201784,0.19531738727338244,0.006466612726617554,0.006466612726617554,3.2047202570138538
0.201783,0.19531738727338244,0.006465612726617553,0.006465612726617553,3.2042405571397556
0.201782,0.19531738727338244,0.006464612726617552,0.006464612726617552,3.2037608525110226
0.20178,0.19531738727338244,0.00646261272661755,0.00646261272661755,3.2028014289893694
0.201777,0.19531738727338244,0.006459612726617575,0.006459612726617575,3.201362258045373
0.20177,0.19531738727338244,0.006452612726617568,0.006452612726617568,3.198004026078983
0.20177,0.19531738727338244,0.006452612726617568,0.006452612726617568,3.198004026078983
0.201764,0.19531738727338244,0.006446612726617562,0.006446612726617562,3.195125356070675
0.201763,0.19531738727338244,0.006445612726617561,0.006445612726617561,3.194645561090445
0.201757,0.19531738727338244,0.006439612726617555,0.006439612726617555,3.1917666913295637
0.201756,0.19531738727338244,0.006438612726617554,0.006438612726617554,3.1912868630555065
0.201746,0.19531738727338244,0.006428612726617572,0.006428612726617572,3.186488318693349
0.201742,0.19531738727338244,0.006424612726617568,0.006424612726617568,3.1845687677494023
0.201737,0.19531738727338244,0.006419612726617563,0.006419612726617563,3.182169222024415
0.201734,0.19531738727338244,0.00641661272661756,0.00641661272661756,3.1807294374953305
0.201734,0.19531738727338244,0.00641661272661756,0.00641661272661756,3.1807294374953305
0.201723,0.19531738727338244,0.006405612726617577,0.006405612726617577,3.1754498611671083
1.338549,1.3426793221449014,-0.004130322144901388,0.004130322144901388,0.3085671233995036
39.116512,39.11996848786336,-0.0034564878633602802,0.0034564878633602802,0.008836390789013713
4.807145,4.810599633630513,-0.0034546336305130154,0.0034546336305130154,0.07186456057475177
7.575487,7.572091814980505,0.003395185019495095,0.003395185019495095,0.044818042977966654
7.570485,7.572091814980505,-0.001606814980505078,0.001606814980505078,0.0212247297297842
17.339825,17.341366673240962,-0.0015416732409612166,0.0015416732409612166,0.00889093887021539
7.573274,7.572091814980505,0.0011821850194948524,0.0011821850194948524,0.015609959701434842
7.572708,7.572091814980505,0.0006161850194956742,0.0006161850194956742,0.00813691772464404
7.571523,7.572091814980505,-0.0005688149805047615,0.0005688149805047615,0.007512556991469867
7.571708,7.572091814980505,-0.0003838149805046598,0.0003838149805046598,0.005069067382149321
7.572337,7.572091814980505,0.0002451850194953309,0.0002451850194953309,0.003237904222858716
