actual,predicted,error,abs_error,rel_error_pct
103.85912,28.322304,75.53681622802735,75.53681622802735,72.73007534432664
84.313165,28.322304,55.99086122802734,55.99086122802734,66.40820710260483
84.310518,28.322304,55.988214228027346,55.988214228027346,66.40715245986382
84.30998,28.322304,55.98767622802734,55.98767622802734,66.40693809672466
84.305168,28.322304,55.98286422802734,55.98286422802734,66.40502066013431
84.296655,28.322304,55.974351228027345,55.974351228027345,66.40162795067128
84.253354,28.322304,55.931050228027345,55.931050228027345,66.38436047063593
84.237482,28.322304,55.915178228027344,55.915178228027344,66.37802662235435
78.183781,28.322304,49.86147722802734,49.86147722802734,63.77470696635095
78.146292,28.322304,49.823988228027346,49.823988228027346,63.75732866245731
30.297991,9.140823,21.157167635742187,21.157167635742187,69.83026576142412
30.297909,9.140823,21.157085635742188,21.157085635742188,69.83018410832365
30.297766,9.140823,21.156942635742187,21.156942635742187,69.83004171222511
30.297219,9.140823,21.156395635742186,21.156395635742186,69.82949700984885
30.296869,9.140823,21.15604563574219,21.15604563574219,69.82914846967309
30.296728,9.140823,21.15590463574219,21.15590463574219,69.82900805549815
30.296394,9.140823,21.155570635742187,21.155570635742187,69.82867543798235
30.296359,9.140823,21.155535635742186,21.155535635742186,69.82864058242893
30.296219,9.140823,21.155395635742188,21.155395635742188,69.8285011594099
30.295865,9.140823,21.155041635742187,21.155041635742187,69.82814861259898
30.295781,9.140823,21.15495763574219,21.15495763574219,69.82806495621408
30.290262,9.140823,21.149438635742186,21.149438635742186,69.82256751583186
30.284497,9.140823,21.14367363574219,21.14367363574219,69.81682289678568
45.024583,28.322304,16.702279228027344,16.702279228027344,37.095910978209936
13.293566,28.322304,-15.028737771972656,15.028737771972656,113.05271867503124
13.293847,28.322304,-15.028456771972657,15.028456771972657,113.04821525221112
13.294042,28.322304,-15.028261771972657,15.028261771972657,113.04509021304139
13.294159,28.322304,-15.028144771972656,15.028144771972656,113.04321523354439
13.294167,28.322304,-15.028136771972656,15.028136771972656,113.04308703102355
13.29421,28.322304,-15.028093771972657,15.028093771972657,113.04239794511757
13.294463,28.322304,-15.027840771972656,15.027840771972656,113.03834364622037
13.294965,28.322304,-15.027338771972657,15.027338771972657,113.03029960484761
13.295009,28.322304,-15.027294771972656,15.027294771972656,113.02959457838371
13.295197,28.322304,-15.027106771972656,15.027106771972656,113.02658224514937
13.295487,28.322304,-15.026816771972657,15.026816771972657,113.02193572796268
13.295724,28.322304,-15.026579771972656,15.026579771972656,113.01813855236193
13.295744,28.322304,-15.026559771972657,15.026559771972657,113.01781812179628
13.295759,28.322304,-15.026544771972656,15.026544771972656,113.01757779950464
13.295949,28.322304,-15.026354771972656,15.026354771972656,113.01453376407838
13.296105,28.322304,-15.026198771972656,15.026198771972656,113.0120345158198
13.296248,28.322304,-15.026055771972656,15.026055771972656,113.00974358976792
13.296307,28.322304,-15.025996771972656,15.025996771972656,113.00879839687552
13.29686,28.322304,-15.025443771972656,15.025443771972656,112.9999396237883
13.299173,28.322304,-15.023130771972657,15.023130771972657,112.96289454885424
13.300382,28.322304,-15.021921771972655,15.021921771972655,112.94353629737634
13.350073,28.322304,-14.972230771972656,14.972230771972656,112.15092810249432
13.350264,28.322304,-14.972039771972657,14.972039771972657,112.1478928945563
13.350596,28.322304,-14.971707771972657,14.971707771972657,112.1426172424101
13.350753,28.322304,-14.971550771972657,14.971550771972657,112.14012252238146
13.350833,28.322304,-14.971470771972657,14.971470771972657,112.13885135002826
13.351261,28.322304,-14.971042771972657,14.971042771972657,112.13205083670019
13.351379,28.322304,-14.970924771972657,14.970924771972657,112.13017600549371
13.351679,28.322304,-14.970624771972656,14.970624771972656,112.12540963470235
13.351825,28.322304,-14.970478771972656,14.970478771972656,112.1230900784015
13.352114,28.322304,-14.970189771972656,14.970189771972656,112.11849877750097
13.352492,28.322304,-14.969811771972656,14.969811771972656,112.11249384654597
13.371881,28.322304,-14.950422771972656,14.950422771972656,111.80493433841394
13.374043,28.322304,-14.948260771972656,14.948260771972656,111.7706947096019
18.957877,5.001977,13.95590003314209,13.95590003314209,73.61531058076005
18.957707,5.001977,13.955730033142089,13.955730033142089,73.61507398056357
18.95714,5.001977,13.955163033142089,13.955163033142089,73.61428481864077
18.956968,5.001977,13.95499103314209,13.95499103314209,73.61404541627373
18.956569,5.001977,13.954592033142088,13.954592033142088,73.61349004172895
18.956093,5.001977,13.954116033142089,13.954116033142089,73.61282745905751
18.955471,5.001977,13.95349403314209,13.95349403314209,73.611961597095
17.631189,3.6936755,13.93751348196411,13.93751348196411,79.05033223729303
17.630796,3.6936755,13.937120481964111,13.937120481964111,79.04986525784238
17.630212,3.6936755,13.936536481964112,13.936536481964112,79.04917128554702
17.630118,3.6936755,13.93644248196411,13.93644248196411,79.0490595802312
17.630085,3.6936755,13.936409481964112,13.936409481964112,79.04902036425273
17.630067,3.6936755,13.936391481964112,13.936391481964112,79.04899897365712
18.253275,4.4198008,13.833474241638182,13.833474241638182,75.7862588579989
18.253228,4.4198008,13.833427241638184,13.833427241638184,75.78619651035093
18.253124,4.4198008,13.833323241638183,13.833323241638183,75.78605854845668
18.25246,4.4198008,13.832659241638183,13.832659241638183,75.7851776777618
18.252257,4.4198008,13.832456241638184,13.832456241638184,75.78490836263373
18.252212,4.4198008,13.832411241638184,13.832411241638184,75.7848486614247
18.252169,4.4198008,13.832368241638182,13.832368241638182,75.78479161332771
18.251985,4.4198008,13.832184241638185,13.832184241638185,75.78454749750452
18.251964,4.4198008,13.832163241638185,13.832163241638185,75.78451963614656
18.250953,4.4198008,13.831152241638183,13.831152241638183,75.78317823492505
17.763881,4.171741,13.592139991241456,13.592139991241456,76.51559921598744
17.763627,4.171741,13.591885991241455,13.591885991241455,76.5152634153202
17.763527,4.171741,13.591785991241455,13.591785991241455,76.51513120769845
17.763447,4.171741,13.591705991241454,13.591705991241454,76.51502544052931
17.763418,4.171741,13.591676991241457,13.591676991241457,76.51498709969525
17.762718,4.171741,13.590976991241455,13.590976991241455,76.51406159330426
17.76265,4.171741,13.590908991241456,13.590908991241456,76.51397168308188
17.762511,4.171741,13.590769991241455,13.590769991241455,76.51378789386783
17.762382,4.171741,13.590640991241454,13.590640991241454,76.51361732432589
17.762349,4.171741,13.590607991241455,13.590607991241455,76.51357368985906
17.761264,4.171741,13.589522991241456,13.589522991241456,76.51213895117456
17.753627,4.171741,13.581885991241457,13.581885991241457,76.5020352808187
17.753622,4.171741,13.581880991241455,13.581880991241455,76.5020286630241
17.650604,4.086895,13.56370901098633,13.56370901098633,76.84557996377622
17.649562,4.086895,13.562667010986328,13.562667010986328,76.84421296635851
17.648406,4.086895,13.56151101098633,13.56151101098633,76.84269622372403
17.640983,4.086895,13.554088010986327,13.554088010986327,76.8329520577708
17.688636,4.268292,13.420344049774169,13.420344049774169,75.86986384760421
17.688519,4.268292,13.42022704977417,13.42022704977417,75.86970423978572
17.687837,4.268292,13.419545049774168,13.419545049774168,75.86877383423594
17.687681,4.268292,13.419389049774171,13.419389049774171,75.86856100411525
17.687531,4.268292,13.41923904977417,13.41923904977417,75.86835635622803
17.687435,4.268292,13.41914304977417,13.41914304977417,75.8682253797586
17.687132,4.268292,13.418840049774168,13.418840049774168,75.86781197595124
17.686706,4.268292,13.41841404977417,13.41841404977417,75.86723073080032
17.686501,4.268292,13.41820904977417,13.41820904977417,75.86695101364766
17.921585,4.828085,13.09350005432129,13.09350005432129,73.05994449848176
17.921247,4.828085,13.09316205432129,13.09316205432129,73.05943640109548
17.920395,4.828085,13.092310054321288,13.092310054321288,73.05815554985385
17.920389,4.828085,13.09230405432129,13.09230405432129,73.05814652934282
17.920387,4.828085,13.09230205432129,13.09230205432129,73.05814352250447
17.920182,4.828085,13.09209705432129,13.09209705432129,73.05783531801313
17.920094,4.828085,13.092009054321288,13.092009054321288,73.05770301343415
17.920088,4.828085,13.092003054321289,13.092003054321289,73.05769399262009
17.919756,4.828085,13.091671054321289,13.091671054321289,73.05719483149342
17.919148,4.828085,13.091063054321289,13.091063054321289,73.0562806571397
17.918921,4.828085,13.09083605432129,13.09083605432129,73.05593932942857
17.62294,4.633025,12.989914830627441,12.989914830627441,73.71025964199919
17.62287,4.633025,12.98984483062744,12.98984483062744,73.71015521622603
17.622595,4.633025,12.989569830627442,12.989569830627442,73.70974496408579
17.622438,4.633025,12.98941283062744,12.98941283062744,73.70951074166771
17.621957,4.633025,12.98893183062744,12.98893183062744,73.70879312980809
17.62182,4.633025,12.988794830627441,12.988794830627441,73.7085887300729
17.621496,4.633025,12.988470830627442,12.988470830627442,73.7081053195128
17.613427,4.633025,12.980401830627443,12.980401830627443,73.6960605710277
17.613248,4.633025,12.98022283062744,12.98022283062744,73.69579324922778
16.238912,3.6936755,12.54523648196411,12.54523648196411,77.25416876381162
16.73891,4.4198008,12.319109241638184,12.319109241638184,73.5956477546303
15.964686,3.6936755,12.271010481964112,12.271010481964112,76.86346278208822
15.954446,3.6936755,12.260770481964112,12.260770481964112,76.84861311942302
40.150995,28.322304,11.828691228027346,11.828691228027346,29.460518295992127
15.882324,4.086895,11.795429010986329,11.795429010986329,74.26765132679614
16.043362,4.633025,11.41033683062744,11.41033683062744,71.12185607079314
16.796899,9.140823,7.656075635742187,7.656075635742187,45.580292146167025
16.790635,9.140823,7.649811635742189,7.649811635742189,45.55999005217271
15.46651,9.140823,6.325686635742187,6.325686635742187,40.8992502878884
3.757332,9.140823,-5.383491364257813,5.383491364257813,143.2796293783603
3.757495,9.140823,-5.383328364257812,5.383328364257812,143.2690759166557
3.757558,9.140823,-5.383265364257813,5.383265364257813,143.2649972166643
3.757568,9.140823,-5.3832553642578125,5.3832553642578125,143.26434981654486
3.75769,9.140823,-5.383133364257812,5.383133364257812,143.2564518125379
3.75773,9.140823,-5.383093364257812,5.383093364257812,143.25386241466413
3.757736,9.140823,-5.383087364257813,5.383087364257813,143.25347400973777
3.757785,9.140823,-5.383038364257812,5.383038364257812,143.25030208259818
3.757801,9.140823,-5.383022364257812,5.383022364257812,143.2492663692027
3.757827,9.140823,-5.382996364257813,5.382996364257813,143.24758335374582
3.757833,9.140823,-5.382990364257813,5.382990364257813,143.24719496887076
3.757841,9.140823,-5.3829823642578125,5.3829823642578125,143.2466771243
3.757851,9.140823,-5.382972364257812,5.382972364257812,143.24602982168707
3.75788,9.140823,-5.382943364257812,5.382943364257812,143.2441526635914
3.757915,9.140823,-5.382908364257812,5.382908364257812,143.24188716654237
3.75793,9.140823,-5.3828933642578125,5.3828933642578125,143.24091625215402
3.757932,9.140823,-5.382891364257812,5.382891364257812,143.24078679748786
3.757933,9.140823,-5.382890364257813,5.382890364257813,143.2407220702065
3.757954,9.140823,-5.382869364257813,5.382869364257813,143.2393628052545
3.75798,9.140823,-5.382843364257813,5.382843364257813,143.2376799268377
3.758025,9.140823,-5.3827983642578126,5.3827983642578126,143.23476730768363
3.758083,9.140823,-5.382740364257812,5.382740364257812,143.23101336810765
3.758183,9.140823,-5.382640364257813,5.382640364257813,143.22454133060015
3.758193,9.140823,-5.382630364257812,5.382630364257812,143.22389414579263
3.758193,9.140823,-5.382630364257812,5.382630364257812,143.22389414579263
3.758202,9.140823,-5.382621364257813,5.382621364257813,143.22331168241064
3.758212,9.140823,-5.382611364257812,5.382611364257812,143.2226645041469
3.758244,9.140823,-5.382579364257813,5.382579364257813,143.2205935568471
3.758248,9.140823,-5.3825753642578125,5.3825753642578125,143.22033469091429
3.758259,9.140823,-5.382564364257813,5.382564364257813,143.21962281244035
3.758277,9.140823,-5.382546364257813,5.382546364257813,143.2184579293808
3.758281,9.140823,-5.382542364257812,5.382542364257812,143.21819906799396
3.758286,9.140823,-5.3825373642578125,5.3825373642578125,143.21787549203532
3.758286,9.140823,-5.3825373642578125,5.3825373642578125,143.21787549203532
3.758295,9.140823,-5.382528364257812,5.382528364257812,143.2172930574794
3.758309,9.140823,-5.382514364257812,5.382514364257812,143.21638705371473
3.758388,9.140823,-5.382435364257812,5.382435364257812,143.2112747304057
3.758403,9.140823,-5.382420364257813,5.382420364257813,143.21030406038423
3.758438,9.140823,-5.3823853642578126,5.3823853642578126,143.2080391937982
3.758466,9.140823,-5.382357364257812,5.382357364257812,143.2062273309006
3.758469,9.140823,-5.382354364257813,5.382354364257813,143.20603320433418
3.758483,9.140823,-5.3823403642578125,5.3823403642578125,143.2051272844551
3.758719,9.140823,-5.382104364257812,5.382104364257812,143.1898570793566
3.758753,9.140823,-5.382070364257812,5.382070364257812,143.18765729258146
3.759696,9.140823,-5.381127364257813,5.381127364257813,143.12666141397298
3.760523,9.140823,-5.380300364257812,5.380300364257812,143.07319391783375
3.761419,9.140823,-5.379404364257812,5.379404364257812,143.01529194473673
3.762053,9.140823,-5.378770364257813,5.378770364257813,142.9743377914888
3.762323,9.140823,-5.378500364257812,5.378500364257812,142.9569009389905
3.762935,9.140823,-5.377888364257812,5.377888364257812,142.91738667064124
3.764394,9.140823,-5.376429364257813,5.376429364257813,142.82323699684437
3.766997,9.140823,-5.373826364257813,5.373826364257813,142.6554458130749
8.842492,3.6936755,5.148816481964111,5.148816481964111,58.22811580610854
8.842228,3.6936755,5.148552481964112,5.148552481964112,58.226868634306705
8.83473,3.6936755,5.141054481964112,5.141054481964112,58.19141594486668
9.311996,4.4198008,4.892195241638184,4.892195241638184,52.536483494898924
8.859361,4.086895,4.772466010986328,4.772466010986328,53.8691900119259
8.943618,4.171741,4.771876991241456,4.771876991241456,53.355107420599815
8.857655,4.086895,4.7707600109863275,4.7707600109863275,53.86030513643247
8.856209,4.086895,4.769314010986328,4.769314010986328,53.85277166485655
8.922196,4.171741,4.750454991241455,4.750454991241455,53.2431140404023
8.820461,4.086895,4.733566010986328,4.733566010986328,53.66574389856338
8.887648,4.268292,4.61935604977417,4.61935604977417,51.97501127094812
8.886313,4.268292,4.618021049774169,4.618021049774169,51.96779642718191
0.063011,4.633025,-4.570014169372558,4.570014169372558,7252.724384821436
0.063213,4.633025,-4.569812169372558,4.569812169372558,7229.228421595763
0.063309,4.633025,-4.569716169372558,4.569716169372558,7218.114584268341
0.063566,4.633025,-4.569459169372559,4.569459169372559,7188.52714058464
0.063665,4.633025,-4.569360169372558,4.569360169372558,7177.193375002536
0.063684,4.633025,-4.569341169372558,4.569341169372558,7175.022238234935
0.063799,4.633025,-4.569226169372558,4.569226169372558,7161.908748116194
0.063829,4.633025,-4.5691961693725585,4.5691961693725585,7158.495608914543
0.063863,4.633025,-4.569162169372559,4.569162169372559,7154.631261008609
0.06397,4.633025,-4.569055169372558,4.569055169372558,7142.496736329626
0.063995,4.633025,-4.569030169372558,4.569030169372558,7139.667415005691
0.064017,4.633025,-4.569008169372559,4.569008169372559,7137.179440203977
0.064041,4.633025,-4.568984169372559,4.568984169372559,7134.467235424326
0.064113,4.633025,-4.568912169372559,4.568912169372559,7126.342804495524
0.064125,4.633025,-4.568900169372559,4.568900169372559,7124.990506428956
0.064169,4.633025,-4.568856169372559,4.568856169372559,7120.036407381324
0.064175,4.633025,-4.568850169372559,4.568850169372559,7119.361374761509
0.064192,4.633025,-4.568833169372558,4.568833169372558,7117.449467620746
0.064239,4.633025,-4.568786169372559,4.568786169372559,7112.168872897135
0.06437,4.633025,-4.568655169372558,4.568655169372558,7097.491319364715
0.064451,4.633025,-4.568574169372559,4.568574169372559,7088.445737512395
0.064481,4.633025,-4.568544169372559,4.568544169372559,7085.101289197529
0.064556,4.633025,-4.568469169372559,4.568469169372559,7076.753767730041
0.064571,4.633025,-4.568454169372559,4.568454169372559,7075.086590415933
0.064671,4.633025,-4.568354169372559,4.568354169372559,7063.991839168355
0.064692,4.633025,-4.568333169372559,4.568333169372559,7061.666299250128
0.064854,4.633025,-4.568171169372558,4.568171169372558,7043.777041244614
0.065124,4.633025,-4.567901169372559,4.567901169372559,7014.159391865364
0.065312,4.633025,-4.567713169372559,4.567713169372559,6993.681348571286
0.065466,4.633025,-4.567559169372559,4.567559169372559,6976.994412970955
0.065697,4.633025,-4.5673281693725585,4.5673281693725585,6952.1106936701035
0.066026,4.633025,-4.566999169372559,4.566999169372559,6916.970833392283
0.066141,4.633025,-4.566884169372559,4.566884169372559,6904.77035797431
32.862656,28.322304,4.540352228027345,4.540352228027345,13.816145073646904
4.627982,9.140823,-4.512841364257812,4.512841364257812,97.5120768438663
0.350153,4.828085,-4.477931945678711,4.477931945678711,1278.8500867905918
0.350238,4.828085,-4.477846945678711,4.477846945678711,1278.5154507506884
0.350246,4.828085,-4.477838945678711,4.477838945678711,1278.4839639568265
0.350249,4.828085,-4.477835945678711,4.477835945678711,1278.472156779959
0.350255,4.828085,-4.477829945678711,4.477829945678711,1278.448543033008
0.350263,4.828085,-4.477821945678711,4.477821945678711,1278.4170592955275
0.3503,4.828085,-4.477784945678711,4.477784945678711,1278.271465715227
0.350304,4.828085,-4.4777809456787105,4.4777809456787105,1278.255727710918
0.350305,4.828085,-4.477779945678711,4.477779945678711,1278.2517932659996
0.350313,4.828085,-4.477771945678711,4.477771945678711,1278.2203185152966
0.350331,4.828085,-4.477753945678711,4.477753945678711,1278.1495055820242
0.350335,4.828085,-4.477749945678711,4.477749945678711,1278.1337703628176
0.350336,4.828085,-4.4777489456787105,4.4777489456787105,1278.129836614159
0.350338,4.828085,-4.477746945678711,4.477746945678711,1278.1219691842134
0.350353,4.828085,-4.477731945678711,4.477731945678711,1278.0629663227223
0.350361,4.828085,-4.477723945678711,4.477723945678711,1278.0315001957065
0.350378,4.828085,-4.477706945678711,4.477706945678711,1277.9646394467534
0.350399,4.828085,-4.477685945678711,4.477685945678711,1277.8820557138656
0.350423,4.828085,-4.477661945678711,4.477661945678711,1277.7876864249558
0.350435,4.828085,-4.477649945678711,4.477649945678711,1277.7405066277543
0.350445,4.828085,-4.477639945678711,4.477639945678711,1277.7011925982708
0.350467,4.828085,-4.477617945678711,4.477617945678711,1277.6147096306063
0.350476,4.828085,-4.4776089456787105,4.4776089456787105,1277.5793333640909
0.350479,4.828085,-4.477605945678711,4.477605945678711,1277.5675416790002
0.350486,4.828085,-4.477598945678711,4.477598945678711,1277.540028532144
0.350487,4.828085,-4.477597945678711,4.477597945678711,1277.5360981723074
0.350496,4.828085,-4.477588945678711,4.477588945678711,1277.5007259430095
0.35051,4.828085,-4.477574945678711,4.477574945678711,1277.4457060857794
0.350517,4.828085,-4.477567945678711,4.477567945678711,1277.4181978053252
0.35053,4.828085,-4.477554945678711,4.477554945678711,1277.3671139136004
0.350546,4.828085,-4.477538945678711,4.477538945678711,1277.3042466327975
0.350547,4.828085,-4.477537945678711,4.477537945678711,1277.3003176182967
0.350568,4.828085,-4.477516945678711,4.477516945678711,1277.2178134916744
0.350588,4.828085,-4.477496945678711,4.477496945678711,1277.1392473220906
0.35059,4.828085,-4.4774949456787105,4.4774949456787105,1277.1313911981456
0.350615,4.828085,-4.477469945678711,4.477469945678711,1277.033197211094
0.350622,4.828085,-4.477462945678711,4.477462945678711,1277.0057054040265
0.35065,4.828085,-4.477434945678711,4.477434945678711,1276.8957491520932
0.350658,4.828085,-4.477426945678711,4.477426945678711,1276.8643363054161
0.350673,4.828085,-4.4774119456787105,4.4774119456787105,1276.80544108098
0.350681,4.828085,-4.477403945678711,4.477403945678711,1276.774032354743
0.350688,4.828085,-4.477396945678711,4.477396945678711,1276.7465508948023
0.350689,4.828085,-4.477395945678711,4.477395945678711,1276.7426250615126
0.350735,4.828085,-4.477349945678711,4.477349945678711,1276.562060929804
0.350742,4.828085,-4.477342945678711,4.477342945678711,1276.53458793135
0.350783,4.828085,-4.477301945678711,4.477301945678711,1276.3736966735382
0.35079,4.828085,-4.477294945678711,4.477294945678711,1276.3462311931255
0.350791,4.828085,-4.477293945678711,4.477293945678711,1276.3423076425474
0.350839,4.828085,-4.477245945678711,4.477245945678711,1276.1540035180117
0.350894,4.828085,-4.477190945678711,4.477190945678711,1275.9383017101384
0.350908,4.828085,-4.4771769456787105,4.4771769456787105,1275.883406591707
0.350959,4.828085,-4.477125945678711,4.477125945678711,1275.6834685541694
0.352213,4.828085,-4.475871945678711,4.475871945678711,1270.7855599900984
0.352484,4.828085,-4.4756009456787105,4.4756009456787105,1269.7316599927879
0.352517,4.828085,-4.475567945678711,4.475567945678711,1269.6034359787209
0.352549,4.828085,-4.475535945678711,4.475535945678711,1269.479120465306
9.059213,4.828085,4.231128054321289,4.231128054321289,46.70524971953506
8.837237,4.633025,4.204211830627441,4.204211830627441,47.573826871225336
8.836426,4.633025,4.203400830627441,4.203400830627441,47.56901523964409
8.826716,4.633025,4.193690830627441,4.193690830627441,47.511337518732105
0.669966,4.828085,-4.158118945678711,4.158118945678711,620.6462634011376
0.673548,4.828085,-4.154536945678711,4.154536945678711,616.8137898207547
0.674672,4.828085,-4.153412945678711,4.153412945678711,615.6195818209576
0.118799,4.268292,-4.14949295022583,4.14949295022583,3492.868582002341
0.118843,4.268292,-4.14944895022583,4.14944895022583,3491.5383714095838
0.118852,4.268292,-4.14943995022583,4.14943995022583,3491.2664042124356
0.118901,4.268292,-4.14939095022583,4.14939095022583,3489.786416208479
0.118905,4.268292,-4.14938695022583,4.14938695022583,3489.6656547127245
0.118914,4.268292,-4.14937795022583,4.14937795022583,3489.3939710517143
0.118922,4.268292,-4.14936995022583,4.14936995022583,3489.1525089862907
0.118963,4.268292,-4.14932895022583,4.14932895022583,3487.9155256154563
0.118986,4.268292,-4.1493059502258305,4.1493059502258305,3487.2219813579827
0.119007,4.268292,-4.14928495022583,4.14928495022583,3486.588979420741
0.119023,4.268292,-4.14926895022583,4.14926895022583,3486.1068421563255
0.119064,4.268292,-4.14922795022583,4.14922795022583,3484.8719568811384
0.119096,4.268292,-4.14919595022583,4.14919595022583,3483.9087347534105
0.119109,4.268292,-4.14918295022583,4.14918295022583,3483.517573602593
0.119121,4.268292,-4.14917095022583,4.14917095022583,3483.1565775494446
0.119329,4.268292,-4.1489629502258305,4.1489629502258305,3476.9108487869
0.119337,4.268292,-4.14895495022583,4.14895495022583,3476.671063248749
0.119357,4.268292,-4.14893495022583,4.14893495022583,3476.071740031802
0.119445,4.268292,-4.14884695022583,4.14884695022583,3473.437102224784
0.119507,4.268292,-4.1487849502258305,4.1487849502258305,3471.583209982886
0.1196,4.268292,-4.14869195022583,4.14869195022583,3468.8059755493514
0.11968,4.268292,-4.14861195022583,4.14861195022583,3466.4204100596676
0.119743,4.268292,-4.14854895022583,4.14854895022583,3464.5440207455017
0.120125,4.268292,-4.14816695022583,4.14816695022583,3453.208696584909
0.120138,4.268292,-4.14815395022583,4.14815395022583,3452.8242078051962
0.120775,4.268292,-4.14751695022583,4.14751695022583,3434.0856524874725
0.121218,4.268292,-4.14707395022583,4.14707395022583,3421.170079364995
0.082056,4.086895,-4.004838989013672,4.004838989013672,4880.616876441765
0.082104,4.086895,-4.004790989013672,4.004790989013672,4877.705086397699
0.082259,4.086895,-4.004635989013672,4.004635989013672,4868.325635061631
0.082325,4.086895,-4.004569989013672,4.004569989013672,4864.342525538208
0.082333,4.086895,-4.004561989013672,4.004561989013672,4863.86015832025
0.082356,4.086895,-4.004538989013672,4.004538989013672,4862.4738745825425
0.082433,4.086895,-4.004461989013672,4.004461989013672,4857.838467793036
0.082517,4.086895,-4.004377989013672,4.004377989013672,4852.791526789487
0.082575,4.086895,-4.004319989013672,4.004319989013672,4849.312726811213
0.082585,4.086895,-4.004309989013672,4.004309989013672,4848.713427577597
0.082613,4.086895,-4.004281989013672,4.004281989013672,4847.036161580666
0.082626,4.086895,-4.004268989013672,4.004268989013672,4846.257817354602
0.082665,4.086895,-4.004229989013671,4.004229989013671,4843.924253516902
0.082784,4.086895,-4.004110989013672,4.004110989013672,4836.817481852598
0.082789,4.086895,-4.004105989013672,4.004105989013672,4836.5193252450845
0.082794,4.086895,-4.004100989013672,4.004100989013672,4836.221204649432
0.082795,4.086895,-4.004099989013672,4.004099989013672,4836.161584851151
0.082797,4.086895,-4.004097989013672,4.004097989013672,4836.04234957502
0.082811,4.086895,-4.0040839890136715,4.0040839890136715,4835.207863905114
0.082863,4.086895,-4.004031989013672,4.004031989013672,4832.110814454656
0.082863,4.086895,-4.004031989013672,4.004031989013672,4832.110814454656
0.082875,4.086895,-4.004019989013672,4.004019989013672,4831.396662663379
0.08288,4.086895,-4.004014989013672,4.004014989013672,4831.099160451946
0.082887,4.086895,-4.0040079890136715,4.0040079890136715,4830.682717655349
0.082993,4.086895,-4.003901989013672,4.003901989013672,4824.385170061677
0.082994,4.086895,-4.003900989013672,4.003900989013672,4824.3258358307185
0.083016,4.086895,-4.003878989013672,4.003878989013672,4823.020844404273
0.083016,4.086895,-4.003878989013672,4.003878989013672,4823.020844404273
0.083029,4.086895,-4.003865989013672,4.003865989013672,4822.2500381691
0.083034,4.086895,-4.003860989013672,4.003860989013672,4821.953638499554
0.083036,4.086895,-4.003858989013672,4.003858989013672,4821.835088626424
0.083157,4.086895,-4.003737989013672,4.003737989013672,4814.673430016714
0.083191,4.086895,-4.003703989013672,4.003703989013672,4812.664812541028
0.083302,4.086895,-4.003592989013672,4.003592989013672,4806.118681673373
0.083385,4.086895,-4.003509989013672,4.003509989013672,4801.235215221487
0.083391,4.086895,-4.003503989013672,4.003503989013672,4800.8825703166885
0.083663,4.086895,-4.003231989013672,4.003231989013672,4784.949122346466
0.083852,4.086895,-4.003042989013672,4.003042989013672,4773.938587320199
0.083955,4.086895,-4.002939989013672,4.002939989013672,4767.9590069033575
0.084091,4.086895,-4.002803989013672,4.002803989013672,4760.086078478774
0.085113,4.086895,-4.001781989013672,4.001781989013672,4701.728272193372
0.085426,4.086895,-4.001468989013672,4.001468989013672,4684.1347883894105
0.193024,4.171741,-3.978717008758545,3.978717008758545,2061.255080558526
0.193026,4.171741,-3.978715008758545,3.978715008758545,2061.232687149561
0.193111,4.171741,-3.978630008758545,3.978630008758545,2060.281396035577
0.193115,4.171741,-3.9786260087585448,3.9786260087585448,2060.2366500263097
0.193152,4.171741,-3.978589008758545,3.978589008758545,2059.8228372984604
0.193153,4.171741,-3.978588008758545,3.978588008758545,2059.8116553709924
0.19317,4.171741,-3.978571008758545,3.978571008758545,2059.6215803172972
0.19318,4.171741,-3.978561008758545,3.978561008758545,2059.5097870892614
0.193187,4.171741,-3.978554008758545,3.978554008758545,2059.431538715914
0.193198,4.171741,-3.9785430087585447,3.9785430087585447,2059.308588442549
0.193202,4.171741,-3.978539008758545,3.978539008758545,2059.263882723409
0.193214,4.171741,-3.9785270087585447,3.9785270087585447,2059.129776672195
0.193224,4.171741,-3.978517008758545,3.978517008758545,2059.0180343536654
0.193259,4.171741,-3.978482008758545,3.978482008758545,2058.6270273052837
0.193267,4.171741,-3.978474008758545,3.978474008758545,2058.5376741502723
0.193273,4.171741,-3.978468008758545,3.978468008758545,2058.47066413833
0.193286,4.171741,-3.978455008758545,3.978455008758545,2058.3254900511256
0.19331,4.171741,-3.978431008758545,3.978431008758545,2058.0575276501404
0.193315,4.171741,-3.978426008758545,3.978426008758545,2058.0017105245547
0.193318,4.171741,-3.978423008758545,3.978423008758545,2057.9682216351175
0.193328,4.171741,-3.9784130087585448,3.9784130087585448,2057.8565995099975
0.19333,4.171741,-3.978411008758545,3.978411008758545,2057.8342764706517
0.193334,4.171741,-3.978407008758545,3.978407008758545,2057.7896317775226
0.193338,4.171741,-3.978403008758545,3.978403008758545,2057.7449889317154
0.193352,4.171741,-3.978389008758545,3.978389008758545,2057.588753517396
0.193356,4.171741,-3.978385008758545,3.978385008758545,2057.5441189831195
0.193357,4.171741,-3.978384008758545,3.978384008758545,2057.5329606381006
0.19338,4.171741,-3.978361008758545,3.978361008758545,2057.2763505539706
0.193384,4.171741,-3.978357008758545,3.978357008758545,2057.2317289441285
0.193403,4.171741,-3.978338008758545,3.978338008758545,2057.0198015033507
0.193417,4.171741,-3.9783240087585447,3.9783240087585447,2056.86367108459
0.193432,4.171741,-3.978309008758545,3.978309008758545,2056.6964135726503
0.193449,4.171741,-3.9782920087585447,3.9782920087585447,2056.5068864155605
0.193497,4.171741,-3.978244008758545,3.978244008758545,2055.9719306772577
0.193541,4.171741,-3.9782000087585447,3.9782000087585447,2055.481787684813
0.193553,4.171741,-3.978188008758545,3.978188008758545,2055.3481509990525
0.193561,4.171741,-3.978180008758545,3.978180008758545,2055.259069080696
0.193564,4.171741,-3.978177008758545,3.978177008758545,2055.225665259717
0.193604,4.171741,-3.978137008758545,3.978137008758545,2054.78037990112
0.193806,4.171741,-3.977935008758545,3.977935008758545,2052.534496716309
0.193865,4.171741,-3.9778760087585447,3.9778760087585447,2051.8794040732805
0.194256,4.171741,-3.9774850087585447,3.9774850087585447,2047.548084337676
0.194415,4.171741,-3.9773260087585447,3.9773260087585447,2045.7917376296853
0.194624,4.171741,-3.977117008758545,3.977117008758545,2043.4874459034124
0.408514,4.268292,-3.8597779502258303,3.8597779502258303,944.8337019737382
0.416025,4.268292,-3.85226695022583,3.85226695022583,925.9700617270261
0.680427,4.4198008,-3.7393737583618165,3.7393737583618165,549.5628124416364
0.680567,4.4198008,-3.7392337583618165,3.7392337583618165,549.429190338701
0.680579,4.4198008,-3.7392217583618166,3.7392217583618166,549.4177395735687
0.680611,4.4198008,-3.7391897583618166,3.7391897583618166,549.3872061739274
0.680676,4.4198008,-3.7391247583618163,3.7391247583618163,549.3251940442283
0.680709,4.4198008,-3.739091758361816,3.739091758361816,549.2937154955381
0.680851,4.4198008,-3.7389497583618163,3.7389497583618163,549.1582971623245
0.680866,4.4198008,-3.7389347583618164,3.7389347583618164,549.1439957073305
0.680873,4.4198008,-3.7389277583618163,3.7389277583618163,549.137321910647
0.680925,4.4198008,-3.738875758361816,3.738875758361816,549.0877494309548
0.680932,4.4198008,-3.7388687583618165,3.7388687583618165,549.081076790742
0.680941,4.4198008,-3.7388597583618166,3.7388597583618166,549.0724978834795
0.680946,4.4198008,-3.7388547583618164,3.7388547583618164,549.0677319218776
0.680949,4.4198008,-3.7388517583618164,3.7388517583618164,549.0648723785116
0.680959,4.4198008,-3.7388417583618163,3.7388417583618163,549.0553407492612
0.680966,4.4198008,-3.7388347583618167,3.7388347583618167,549.0486687753527
0.680968,4.4198008,-3.7388327583618164,3.7388327583618164,549.0467625222873
0.680974,4.4198008,-3.7388267583618164,3.7388267583618164,549.0410438302748
0.681011,4.4198008,-3.7387897583618166,3.7387897583618166,549.005780789563
0.68103,4.4198008,-3.7387707583618166,3.7387707583618166,548.9876742306254
0.68104,4.4198008,-3.7387607583618165,3.7387607583618165,548.9781448685596
0.681054,4.4198008,-3.7387467583618164,3.7387467583618164,548.9648042318012
0.681104,4.4198008,-3.7386967583618165,3.7386967583618165,548.9171635775004
0.681105,4.4198008,-3.7386957583618163,3.7386957583618163,548.9162108357596
0.68113,4.4198008,-3.7386707583618164,3.7386707583618164,548.8923932014335
0.681132,4.4198008,-3.7386687583618166,3.7386687583618166,548.8904878662178
0.681142,4.4198008,-3.7386587583618165,3.7386587583618165,548.8809613579746
0.681151,4.4198008,-3.7386497583618166,3.7386497583618166,548.8723877397147
0.681168,4.4198008,-3.7386327583618164,3.7386327583618164,548.85619374559
0.681184,4.4198008,-3.7386167583618164,3.7386167583618164,548.8409530777258
0.681228,4.4198008,-3.7385727583618165,3.7385727583618165,548.7990449325362
0.681246,4.4198008,-3.7385547583618166,3.7385547583618166,548.7819022516146
0.681249,4.4198008,-3.738551758361816,3.738551758361816,548.7790452262002
0.684308,4.4198008,-3.7354927583618163,3.7354927583618163,545.8788670914175
0.684751,4.4198008,-3.7350497583618165,3.7350497583618165,545.4610154371962
0.68488,4.4198008,-3.7349207583618163,3.7349207583618163,545.3394401671061
0.684935,4.4198008,-3.7348657583618166,3.7348657583618166,545.2876196743529
0.369482,4.086895,-3.717412989013672,3.717412989013672,1006.1147736581369
0.511805,4.171741,-3.659936008758545,3.659936008758545,715.1036054832293
0.068096,3.6936755,-3.6255795180358885,3.6255795180358885,5324.218034409761
0.068681,3.6936755,-3.6249945180358885,3.6249945180358885,5278.016500572025
0.068744,3.6936755,-3.6249315180358885,3.6249315180358885,5273.087851685676
0.068778,3.6936755,-3.6248975180358887,3.6248975180358887,5270.431697294857
0.068837,3.6936755,-3.624838518035889,3.624838518035889,5265.828715327601
0.068903,3.6936755,-3.6247725180358885,3.6247725180358885,5260.688958064525
0.069139,3.6936755,-3.624536518035889,3.624536518035889,5242.390709720271
0.069174,3.6936755,-3.624501518035889,3.624501518035889,5239.687617885624
0.069232,3.6936755,-3.6244435180358887,3.6244435180358887,5235.214225792516
0.069264,3.6936755,-3.6244115180358887,3.6244115180358887,5232.749354358886
0.069292,3.6936755,-3.6243835180358888,3.6243835180358888,5230.594459396892
0.069304,3.6936755,-3.624371518035889,3.624371518035889,5229.67146601382
0.069338,3.6936755,-3.6243375180358886,3.6243375180358886,5227.058053028399
0.069347,3.6936755,-3.6243285180358886,3.6243285180358886,5226.366696193811
0.06937,3.6936755,-3.6243055180358885,3.6243055180358885,5224.600710409814
0.069443,3.6936755,-3.6242325180358885,3.6242325180358885,5219.0033737264885
0.069526,3.6936755,-3.6241495180358885,3.6241495180358885,5212.653558126794
0.069556,3.6936755,-3.6241195180358887,3.6241195180358887,5210.362172674573
0.069768,3.6936755,-3.623907518035889,3.623907518035889,5194.225881266001
0.069865,3.6936755,-3.6238105180358886,3.6238105180358886,5186.875420953286
0.069968,3.6936755,-3.623707518035889,3.623707518035889,5179.092603557049
0.070127,3.6936755,-3.623548518035889,3.623548518035889,5167.123237652781
0.070172,3.6936755,-3.6235035180358888,3.6235035180358888,5163.745529373744
0.070206,3.6936755,-3.6234695180358885,3.6234695180358885,5161.196354833906
0.070225,3.6936755,-3.6234505180358885,3.6234505180358885,5159.772891244024
0.070295,3.6936755,-3.623380518035889,3.623380518035889,5154.535191523371
0.070344,3.6936755,-3.6233315180358887,3.6233315180358887,5150.875004101293
0.070355,3.6936755,-3.6233205180358885,3.6233205180358885,5150.054030112764
0.070377,3.6936755,-3.6232985180358885,3.6232985180358885,5148.412852050352
0.070652,3.6936755,-3.6230235180358887,3.6230235180358887,5127.984364077314
0.070834,3.6936755,-3.6228415180358886,3.6228415180358886,5114.551645991102
0.070976,3.6936755,-3.6226995180358887,3.6226995180358887,5104.1190161910645
0.071005,3.6936755,-3.6226705180358887,3.6226705180358887,5101.993539798458
0.071008,3.6936755,-3.6226675180358887,3.6226675180358887,5101.773762018526
0.071244,3.6936755,-3.6224315180358886,3.6224315180358886,5084.542576148653
1.379645,5.001977,-3.62233196685791,3.62233196685791,262.55536508271
1.379663,5.001977,-3.6223139668579103,3.6223139668579103,262.5506349445741
0.071362,3.6936755,-3.6223135180358885,3.6223135180358885,5075.969721924721
1.37977,5.001977,-3.6222069668579104,3.6222069668579104,262.5225194485594
1.379799,5.001977,-3.62217796685791,3.62217796685791,262.514900111929
1.379805,5.001977,-3.62217196685791,3.62217196685791,262.51332373744094
1.379841,5.001977,-3.6221359668579103,3.6221359668579103,262.5038657784053
0.071571,3.6936755,-3.6221045180358886,3.6221045180358886,5060.854973348191
1.379873,5.001977,-3.6221039668579103,3.6221039668579103,262.49545911800686
1.379894,5.001977,-3.62208296685791,3.62208296685791,262.48994245901645
0.071614,3.6936755,-3.622061518035889,3.622061518035889,5057.756183118012
1.379923,5.001977,-3.6220539668579104,3.6220539668579104,262.48232449168745
1.37994,5.001977,-3.62203696685791,3.62203696685791,262.47785893556477
1.379968,5.001977,-3.6220089668579103,3.6220089668579103,262.47050414179455
0.071668,3.6936755,-3.622007518035889,3.622007518035889,5053.869946115448
1.379984,5.001977,-3.62199296685791,3.62199296685791,262.4663015364992
1.380001,5.001977,-3.62197596685791,3.62197596685791,262.46183637515105
1.380008,5.001977,-3.62196896685791,3.62196896685791,262.4599978112772
1.380023,5.001977,-3.62195396685791,3.62195396685791,262.4560580943545
1.380033,5.001977,-3.62194396685791,3.62194396685791,262.453431663986
1.380037,5.001977,-3.6219399668579104,3.6219399668579104,262.4523811024964
1.380038,5.001977,-3.6219389668579103,3.6219389668579103,262.45211846307546
0.071738,3.6936755,-3.621937518035889,3.621937518035889,5048.84093923311
1.380049,5.001977,-3.62192796685791,3.62192796685791,262.4492294545672
1.380058,5.001977,-3.62191896685791,3.62191896685791,262.4468657545888
1.380104,5.001977,-3.62187296685791,3.62187296685791,262.4347851028238
1.380104,5.001977,-3.62187296685791,3.62187296685791,262.4347851028238
1.380105,5.001977,-3.6218719668579102,3.6218719668579102,262.4345224889031
1.380138,5.001977,-3.62183896685791,3.62183896685791,262.42585644301397
1.380154,5.001977,-3.62182296685791,3.62182296685791,262.42165487296984
0.071864,3.6936755,-3.6218115180358885,3.6218115180358885,5039.81341561293
1.38017,5.001977,-3.6218069668579105,3.6218069668579105,262.41745340034146
1.380176,5.001977,-3.62180096685791,3.62180096685791,262.4158778732201
1.38018,5.001977,-3.62179696685791,3.62179696685791,262.41482752941613
1.380234,5.001977,-3.6217429668579104,3.6217429668579104,262.4006484839172
1.380413,5.001977,-3.6215639668579103,3.6215639668579103,262.35365550712413
0.072181,3.6936755,-3.6214945180358886,3.6214945180358886,5017.240704643395
0.072198,3.6936755,-3.6214775180358885,3.6214775180358885,5016.035780797049
1.381812,5.001977,-3.62016496685791,3.62016496685791,261.9867946287862
0.073778,3.6936755,-3.6198975180358888,3.6198975180358888,4906.472814564527
12.514934,9.140823,3.3741106357421877,3.3741106357421877,26.960674628529617
1.046292,4.4198008,-3.373508758361816,3.373508758361816,322.42516984163035
0.338893,3.6936755,-3.3547825180358886,3.3547825180358886,989.9238157902242
0.342725,3.6936755,-3.3509505180358885,3.3509505180358885,977.737403766329
1.758939,5.001977,-3.2430379668579103,3.2430379668579103,184.37466942705436
1.759076,5.001977,-3.24290096685791,3.24290096685791,184.35252181676955
1.759435,5.001977,-3.2425419668579103,3.2425419668579103,184.29450173911601
6.411327,4.268292,2.14303504977417,2.14303504977417,33.42576427221297
10.000124,9.140823,0.8593006357421871,0.8593006357421871,8.592899805378355
9.997988,9.140823,0.8571646357421869,0.8571646357421869,8.573371319645648
9.997285,9.140823,0.8564616357421873,0.8564616357421873,8.566942282165812
9.996962,9.140823,0.8561386357421874,0.8561386357421874,8.56398809692008
9.996878,9.140823,0.8560546357421881,0.8560546357421881,8.563219794556108
9.996737,9.140823,0.855913635742187,0.855913635742187,8.561930115132819
9.995743,9.140823,0.8549196357421867,0.8549196357421867,8.552837300175023
9.995563,9.140823,0.8547396357421881,0.8547396357421881,8.551190520570346
9.995461,9.140823,0.8546376357421881,0.8546376357421881,8.550257319133532
9.995254,9.140823,0.8544306357421867,0.8544306357421867,8.54836341061106
9.99477,9.140823,0.8539466357421883,0.8539466357421883,8.543934835255282
9.994676,9.140823,0.8538526357421876,0.8538526357421876,8.543074690301562
9.994189,9.140823,0.8533656357421879,0.8533656357421879,8.538618148342495
9.991578,9.140823,0.850754635742188,0.850754635742188,8.514717452375123
9.991051,9.140823,0.8502276357421881,0.8502276357421881,8.509891859561904
9.990861,9.140823,0.8500376357421882,0.8500376357421882,8.508151957410677
9.98998,9.140823,0.8491566357421867,0.8491566357421867,8.500083440944692
9.9857,9.140823,0.8448766357421871,0.8448766357421871,8.4608653948519
9.983173,9.140823,0.8423496357421882,0.8423496357421882,8.437694465815133
9.980557,9.140823,0.8397336357421867,0.8397336357421867,8.413695104729857
9.979673,9.140823,0.8388496357421875,0.8388496357421875,8.405582384651101
9.974207,9.140823,0.8333836357421873,0.8333836357421873,8.355387408079979
9.973135,9.140823,0.8323116357421867,0.8323116357421867,8.345536641525872
9.971388,9.140823,0.8305646357421868,0.8305646357421868,8.329478661685387
9.968745,9.140823,0.8279216357421877,0.8279216357421877,8.305174179236028
9.964339,9.140823,0.8235156357421882,0.8235156357421882,8.264628850282227
9.964157,9.140823,0.8233336357421877,0.8233336357421877,8.262953260711615
9.963143,9.140823,0.822319635742188,0.822319635742188,8.253616712456445
9.962981,9.140823,0.8221576357421867,0.8221576357421867,8.252124898501108
9.962566,9.140823,0.8217426357421882,0.8217426357421882,8.248303054995468
9.96088,9.140823,0.820056635742187,0.820056635742187,8.232772965179326
9.959019,9.140823,0.8181956357421871,0.8181956357421871,8.215624809370999
9.958582,9.140823,0.8177586357421873,0.8177586357421873,8.211597150417356
9.954922,9.140823,0.8140986357421873,0.8140986357421873,8.177850471696408
9.948899,9.140823,0.8080756357421883,0.8080756357421883,8.12226192801903
9.947564,9.140823,0.8067406357421874,0.8067406357421874,8.109931594650483
9.942233,9.140823,0.8014096357421874,0.8014096357421874,8.060660374124472
9.940066,9.140823,0.7992426357421873,0.7992426357421873,8.040616991216625
9.937609,9.140823,0.7967856357421876,0.7967856357421876,8.01788071692265
4.468994,3.6936755,0.7753184819641117,0.7753184819641117,17.348836940635024
4.468908,3.6936755,0.7752324819641112,0.7752324819641112,17.347246395467618
4.468886,3.6936755,0.7752104819641117,0.7752104819641117,17.346839501986956
4.468834,3.6936755,0.7751584819641115,0.7751584819641115,17.3458777378342
4.468834,3.6936755,0.7751584819641115,0.7751584819641115,17.3458777378342
4.468804,3.6936755,0.7751284819641118,0.7751284819641118,17.345322863718486
4.467816,3.6936755,0.7741404819641113,0.7741404819641113,17.327044845776644
4.467786,3.6936755,0.7741104819641116,0.7741104819641116,17.326489718773125
4.467616,3.6936755,0.7739404819641109,0.7739404819641109,17.32334385826328
4.467589,3.6936755,0.7739134819641116,0.7739134819641116,17.32284419956242
4.467563,3.6936755,0.7738874819641115,0.7738874819641115,17.3223630410313
4.467552,3.6936755,0.7738764819641117,0.7738764819641117,17.322159472274514
4.467472,3.6936755,0.7737964819641112,0.7737964819641112,17.32067894206814
4.467382,3.6936755,0.7737064819641111,0.7737064819641111,17.319013282204033
4.467374,3.6936755,0.7736984819641117,0.7736984819641117,17.318865220301518
4.467372,3.6936755,0.7736964819641114,0.7736964819641114,17.318828204743024
4.467366,3.6936755,0.7736904819641115,0.7736904819641115,17.3187171578687
4.467343,3.6936755,0.773667481964111,0.773667481964111,17.318291475420462
4.467311,3.6936755,0.7736354819641109,0.7736354819641109,17.317699214287817
4.4673,3.6936755,0.7736244819641112,0.7736244819641112,17.317495622563822
4.467284,3.6936755,0.7736084819641116,0.7736084819641116,17.317199487357293
4.467278,3.6936755,0.7736024819641116,0.7736024819641116,17.317088436107948
4.467251,3.6936755,0.7735754819641114,0.7735754819641114,17.316588701794345
4.467122,3.6936755,0.7734464819641111,0.7734464819641111,17.314200998916014
4.467108,3.6936755,0.773432481964111,0.773432481964111,17.31394186007585
4.467106,3.6936755,0.7734304819641116,0.7734304819641116,17.313904840108957
4.467094,3.6936755,0.7734184819641117,0.7734184819641117,17.313682719611407
4.467055,3.6936755,0.7733794819641115,0.7733794819641115,17.31296081975258
4.467055,3.6936755,0.7733794819641115,0.7733794819641115,17.31296081975258
4.467053,3.6936755,0.7733774819641113,0.7733774819641113,17.312923798907207
4.466981,3.6936755,0.773305481964111,0.773305481964111,17.311591026395668
4.466971,3.6936755,0.7732954819641114,0.7732954819641114,17.3114059157044
4.466956,3.6936755,0.773280481964111,0.773280481964111,17.31112824811348
4.466889,3.6936755,0.7732134819641114,0.7732134819641114,17.30988797677313
4.466887,3.6936755,0.7732114819641112,0.7732114819641112,17.309850953176145
4.44119,3.6936755,0.7475144819641111,0.7475144819641111,16.831400636930187
4.440308,3.6936755,0.7466324819641112,0.7466324819641112,16.814880453051824
4.439957,3.6936755,0.746281481964111,0.746281481964111,16.808304268426536
4.439851,3.6936755,0.7461754819641113,0.7461754819641113,16.80631809372218
4.43972,3.6936755,0.7460444819641117,0.7460444819641117,16.803863350556064
4.439042,3.6936755,0.745366481964111,0.745366481964111,16.791156333896364
4.438118,3.6936755,0.7444424819641116,0.7444424819641116,16.773832555766603
4.438065,3.6936755,0.7443894819641113,0.7443894819641113,16.772838657102554
4.435409,3.6936755,0.7417334819641113,0.7417334819641113,16.723000786339846
4.435102,3.6936755,0.741426481964111,0.741426481964111,16.71723631040264
4.434872,3.6936755,0.7411964819641117,0.7411964819641117,16.71291712471969
9.849819,9.140823,0.7089956357421876,0.7089956357421876,7.198057504762163
9.802017,9.140823,0.6611936357421868,0.6611936357421868,6.745485502988226
28.941853,28.322304,0.619549228027342,0.619549228027342,2.1406688370133087
9.724445,9.140823,0.5836216357421868,0.5836216357421868,6.001593260450188
9.718153,9.140823,0.5773296357421867,0.5773296357421867,5.94073416765764
28.862202,28.322304,0.5398982280273437,0.5398982280273437,1.8706065047478813
28.846279,28.322304,0.5239752280273429,0.5239752280273429,1.8164395762293168
4.932307,4.4198008,0.5125062416381834,0.5125062416381834,10.390801741006644
4.932203,4.4198008,0.5124022416381839,0.5124022416381839,10.388912249309183
4.931891,4.4198008,0.5120902416381838,0.5120902416381838,10.383243296086645
4.931846,4.4198008,0.5120452416381838,0.5120452416381838,10.382425599416553
4.931826,4.4198008,0.5120252416381836,0.5120252416381836,10.382062173884513
4.930445,4.4198008,0.5106442416381833,0.5106442416381833,10.356960510214117
4.928944,4.4198008,0.509143241638184,0.509143241638184,10.32966172120954
4.928848,4.4198008,0.5090472416381839,0.5090472416381839,10.32791519697617
4.928791,4.4198008,0.508990241638184,0.508990241638184,10.326878166021993
4.928641,4.4198008,0.5088402416381834,0.5088402416381834,10.324149022577608
4.928627,4.4198008,0.5088262416381832,0.5088262416381832,10.32389429404699
4.928563,4.4198008,0.5087622416381832,0.5087622416381832,10.322729802335093
4.928559,4.4198008,0.5087582416381835,0.5087582416381835,10.322657020598939
4.928537,4.4198008,0.508736241638184,0.508736241638184,10.322256718938332
4.92851,4.4198008,0.5087092416381838,0.5087092416381838,10.321765434743197
4.928471,4.4198008,0.5086702416381836,0.5086702416381836,10.321055792513796
4.928467,4.4198008,0.508666241638184,0.508666241638184,10.320983008060375
4.928463,4.4198008,0.5086622416381834,0.5086622416381834,10.320910223488793
4.928461,4.4198008,0.508660241638184,0.508660241638184,10.320873831158716
4.92843,4.4198008,0.5086292416381832,0.5086292416381832,10.3203097462653
4.928416,4.4198008,0.508615241638184,0.508615241638184,10.320054995922906
4.928401,4.4198008,0.5086002416381836,0.5086002416381836,10.319782047521374
4.928399,4.4198008,0.5085982416381833,0.5085982416381833,10.31974565427563
4.928397,4.4198008,0.508596241638184,0.508596241638184,10.319709261000366
4.928393,4.4198008,0.5085922416381834,0.5085922416381834,10.319636474361191
4.928387,4.4198008,0.5085862416381834,0.5085862416381834,10.319527294180913
4.928383,4.4198008,0.5085822416381838,0.5085822416381838,10.319454507246379
4.928356,4.4198008,0.5085552416381836,0.5085552416381836,10.318963192347805
4.928311,4.4198008,0.5085102416381835,0.5085102416381835,10.318144322220439
4.928295,4.4198008,0.5084942416381839,0.5084942416381839,10.317853164793627
4.92824,4.4198008,0.5084392416381833,0.5084392416381833,10.316852296719853
4.928213,4.4198008,0.508412241638184,0.508412241638184,10.316360953308381
4.92816,4.4198008,0.5083592416381837,0.5083592416381837,10.315396448732757
4.928133,4.4198008,0.5083322416381835,0.5083322416381835,10.314905089368906
4.927564,4.4198008,0.5077632416381839,0.5077632416381839,10.304548893284375
4.927525,4.4198008,0.5077242416381837,0.5077242416381837,10.303838978551704
4.927373,4.4198008,0.5075722416381838,0.5075722416381838,10.301072024137055
4.927302,4.4198008,0.5075012416381837,0.5075012416381837,10.299779506672898
4.927255,4.4198008,0.5074542416381833,0.5074542416381833,10.29892387603005
4.927123,4.4198008,0.5073222416381835,0.5073222416381835,10.29652074096561
28.828833,28.322304,0.5065292280273432,0.5065292280273432,1.7570230054944864
28.827511,28.322304,0.505207228027345,0.505207228027345,1.752517683630725
4.89949,4.4198008,0.4796892416381837,0.4796892416381837,9.790595380915015
4.898218,4.4198008,0.47841724163818355,0.47841724163818355,9.767169236412434
4.89763,4.4198008,0.47782924163818397,0.47782924163818397,9.756336056999562
4.897565,4.4198008,0.47776424163818376,0.47776424163818376,9.755138351985703
4.897145,4.4198008,0.4773442416381837,0.4773442416381837,9.747398568521787
4.897092,4.4198008,0.47729124163818337,0.47729124163818337,9.746421787224683
4.896664,4.4198008,0.47686324163818394,0.47686324163818394,9.738533042668344
4.895775,4.4198008,0.475974241638184,0.475974241638184,9.722142901347834
4.895341,4.4198008,0.47554024163818376,0.47554024163818376,9.714139252576471
4.894298,4.4198008,0.47449724163818363,0.47449724163818363,9.694898872698163
5.453312,5.001977,0.4513350331420902,0.4513350331420902,8.276347165425596
5.452646,5.001977,0.4506690331420895,0.4506690331420895,8.265143806031501
5.452296,5.001977,0.45031903314208943,0.45031903314208943,8.25925505757263
5.4522,5.001977,0.4502230331420902,0.4502230331420902,8.257639725869053
28.771741,28.322304,0.44943722802734243,0.44943722802734243,1.5620786660973363
5.450738,5.001977,0.44876103314209015,0.44876103314209015,8.233032538600407
5.450078,5.001977,0.44810103314209027,0.44810103314209027,8.22191963369824
5.450045,5.001977,0.4480680331420901,0.4480680331420901,8.221363917800105
5.449947,5.001977,0.4479700331420897,0.4479700331420897,8.21971357031307
5.449808,5.001977,0.44783103314208983,0.44783103314208983,8.217372669530237
5.449746,5.001977,0.44776903314209004,0.44776903314209004,8.216328488224473
5.449685,5.001977,0.4477080331420895,0.4477080331420895,8.215301125365489
5.449656,5.001977,0.4476790331420899,0.4476790331420899,8.214812698890995
5.449652,5.001977,0.44767503314209023,0.44767503314209023,8.214745329314155
5.449118,5.001977,0.4471410331420902,0.4471410331420902,8.205750602829383
5.449075,5.001977,0.4470980331420895,0.4470980331420895,8.205026231679405
5.449034,5.001977,0.44705703314209,0.44705703314209,8.204335541563617
5.448972,5.001977,0.4469950331420902,0.4469950331420902,8.20329106359671
5.448569,5.001977,0.44659203314208984,0.44659203314208984,8.196501377405578
4.86605,4.4198008,0.446249241638184,0.446249241638184,9.17066700155184
5.448165,5.001977,0.4461880331420902,0.4461880331420902,8.189693835151845
5.448053,5.001977,0.44607603314208966,0.44607603314208966,8.187806416969547
5.447897,5.001977,0.44592003314209006,0.44592003314209006,8.18517738374835
5.44785,5.001977,0.4458730331420897,0.4458730331420897,8.184385273711746
5.447848,5.001977,0.4458710331420894,0.4458710331420894,8.184351566598501
5.447615,5.001977,0.4456380331420897,0.4456380331420897,8.180424518507811
5.447608,5.001977,0.4456310331420896,0.4456310331420896,8.180306533324522
5.447395,5.001977,0.44541803314209005,0.44541803314209005,8.17671626775575
5.447064,5.001977,0.44508703314208997,0.44508703314208997,8.17113647157292
5.446918,5.001977,0.44494103314209,0.44494103314209,8.168675077060483
5.446869,5.001977,0.44489203314209025,0.44489203314209025,8.167848963026692
5.446758,5.001977,0.44478103314208983,0.44478103314208983,8.165977506875171
5.446732,5.001977,0.44475503314208975,0.44475503314208975,8.165539136750702
5.446701,5.001977,0.44472403314208986,0.44472403314208986,8.165016459209435
5.438376,5.001977,0.4363990331420897,0.4363990331420897,8.0244365805907
5.433713,5.001977,0.43173603314208986,0.43173603314208986,7.945506748960505
5.433524,5.001977,0.4315470331420901,0.4315470331420901,7.942304720364681
5.433311,5.001977,0.4313340331420896,0.4313340331420896,7.938695817967183
5.431171,5.001977,0.4291940331420898,0.4291940331420898,7.9024216533448755
28.750027,28.322304,0.4277232280273431,0.4277232280273431,1.4877315698724576
5.428388,5.001977,0.42641103314208983,0.42641103314208983,7.855205507311464
5.425922,5.001977,0.42394503314208976,0.42394503314208976,7.813327083107284
5.422051,5.001977,0.4200740331420896,0.4200740331420896,7.747511654433757
4.837853,4.4198008,0.41805224163818355,0.41805224163818355,8.641276236163899
28.74018,28.322304,0.4178762280273425,0.4178762280273425,1.4539791609721602
28.737798,28.322304,0.41549422802734526,0.41549422802734526,1.4458109421810936
28.737327,28.322304,0.41502322802734426,0.41502322802734426,1.4441956554480524
5.416122,5.001977,0.4141450331420895,0.4141450331420895,7.646523345198705
28.736058,28.322304,0.41375422802734363,0.41375422802734363,1.4398433773550423
28.730788,28.322304,0.4084842280273442,0.4084842280273442,1.4217647912264795
5.410109,5.001977,0.4081320331420901,0.4081320331420901,7.543878194220231
28.721752,28.322304,0.39944822802734237,0.39944822802734237,1.3907516088362286
28.719682,28.322304,0.3973782280273426,0.3973782280273426,1.3836442479619342
5.398821,5.001977,0.3968440331420897,0.3968440331420897,7.350568450680976
4.483691,4.086895,0.39679601098632844,0.39679601098632844,8.849762639251425
4.48366,4.086895,0.39676501098632855,0.39676501098632855,8.849132427023445
4.483625,4.086895,0.3967300109863281,0.3967300109863281,8.848420886614731
4.483531,4.086895,0.3966360109863283,0.3966360109863283,8.84650983739115
4.483344,4.086895,0.3964490109863279,0.3964490109863279,8.842707830973604
4.567654,4.171741,0.3959129912414552,0.3959129912414552,8.66775353896743
4.567466,4.171741,0.39572499124145466,0.39572499124145466,8.663994241725954
4.5674,4.171741,0.3956589912414552,0.3956589912414552,8.662674415045595
4.567396,4.171741,0.39565499124145465,0.39565499124145465,8.662594424323885
4.567343,4.171741,0.39560199124145523,0.39560199124145523,8.6615345340342
4.567316,4.171741,0.395574991241455,0.395574991241455,8.660994580466822
4.482421,4.086895,0.39552601098632856,0.39552601098632856,8.82393713079393
4.482357,4.086895,0.3954620109863285,0.3954620109863285,8.822635300523938
4.482345,4.086895,0.3954500109863277,0.3954500109863277,8.822391203209602
4.482341,4.086895,0.39544601098632803,0.39544601098632803,8.822309837147726
4.482335,4.086895,0.3954400109863281,0.3954400109863281,8.822187787782616
4.567118,4.171741,0.39537699124145487,0.39537699124145487,8.657034725899306
4.482224,4.086895,0.39532901098632856,0.39532901098632856,8.819929815589505
4.482177,4.086895,0.3952820109863282,0.3952820109863282,8.818973703571038
4.482146,4.086895,0.3952510109863283,0.3952510109863283,8.818343065520622
4.482118,4.086895,0.39522301098632795,0.39522301098632795,8.817773449460951
4.482099,4.086895,0.39520401098632796,0.39520401098632796,8.817386920224443
4.482097,4.086895,0.39520201098632857,0.39520201098632857,8.81734623274577
4.482081,4.086895,0.3951860109863281,0.3951860109863281,8.81702073160907
4.482071,4.086895,0.3951760109863285,0.3951760109863285,8.816817292218522
4.482054,4.086895,0.3951590109863279,0.3951590109863279,8.816471443171176
4.48204,4.086895,0.3951450109863277,0.3951450109863277,8.816186624338728
4.482032,4.086895,0.39513701098632836,0.39513701098632836,8.81602386992133
4.482017,4.086895,0.39512201098632804,0.39512201098632804,8.815718703822684
4.481997,4.086895,0.3951020109863279,0.3951020109863279,8.815311812513766
4.481954,4.086895,0.3950590109863281,0.3950590109863281,8.814436983902862
4.481923,4.086895,0.3950280109863282,0.3950280109863282,8.813806283095769
4.481894,4.086895,0.3949990109863277,0.3949990109863277,8.81321626476473
4.481894,4.086895,0.3949990109863277,0.3949990109863277,8.81321626476473
4.481855,4.086895,0.3949600109863285,0.3949600109863285,8.812422779798009
4.481847,4.086895,0.39495201098632826,0.39495201098632826,8.812260011944094
4.481729,4.086895,0.39483401098632775,0.39483401098632775,8.809859118601725
4.481714,4.086895,0.3948190109863283,0.3948190109863283,8.809553911238394
4.481653,4.086895,0.3947580109863278,0.3947580109863278,8.808312713579554
4.481653,4.086895,0.3947580109863278,0.3947580109863278,8.808312713579554
4.481626,4.086895,0.39473101098632846,0.39473101098632846,8.807763320221738
4.481577,4.086895,0.3946820109863278,0.3946820109863278,8.806766256108531
4.56609,4.171741,0.39434899124145506,0.39434899124145506,8.636469960793997
4.565985,4.171741,0.3942439912414555,0.3942439912414555,8.634368952872624
4.565944,4.171741,0.3942029912414551,0.3942029912414551,8.633548533070522
4.565795,4.171741,0.3940539912414547,0.3940539912414547,8.630566883375714
4.480913,4.086895,0.39401801098632827,0.39401801098632827,8.793252870063199
4.565746,4.171741,0.39400499124145494,0.39400499124145494,8.62958629833603
4.565709,4.171741,0.3939679912414551,0.3939679912414551,8.628845842624361
4.565707,4.171741,0.3939659912414548,0.3939659912414548,8.628805817649402
4.565686,4.171741,0.39394499124145543,0.39394499124145543,8.628385553295322
4.56567,4.171741,0.393928991241455,0.393928991241455,8.62806534928777
4.565645,4.171741,0.39390399124145503,0.39390399124145503,8.627565026033068
4.565643,4.171741,0.39390199124145475,0.39390199124145475,8.627524999935984
4.565641,4.171741,0.39389999124145536,0.39389999124145536,8.62748497380385
4.565623,4.171741,0.3938819912414555,0.3938819912414555,8.627124737036509
4.5656,4.171741,0.39385899124145496,0.39385899124145496,8.626664430366837
4.565561,4.171741,0.39381999124145484,0.39381999124145484,8.62588389976235
4.565529,4.171741,0.3937879912414548,0.3937879912414548,8.625243454434955
4.565506,4.171741,0.39376499124145514,0.39376499124145514,8.624783128810483
4.565492,4.171741,0.39375099124145496,0.39375099124145496,8.624502928333474
4.565447,4.171741,0.3937059912414549,0.3937059912414549,8.623602272303923
4.565438,4.171741,0.3936969912414554,0.3936969912414554,8.623422138967433
4.56543,4.171741,0.3936889912414552,0.3936889912414552,8.62326201984987
4.565365,4.171741,0.393623991241455,0.393623991241455,8.621961031217285
4.565359,4.171741,0.393617991241455,0.393617991241455,8.621840938091248
4.56535,4.171741,0.39360899124145465,0.39360899124145465,8.62166079781031
4.565338,4.171741,0.39359699124145475,0.39359699124145475,8.621420609664243
4.56532,4.171741,0.3935789912414549,0.3935789912414549,8.621060325077625
4.565312,4.171741,0.39357099124145467,0.39357099124145467,8.620900197682738
4.565305,4.171741,0.39356399124145547,0.39356399124145547,8.620760085751876
4.565301,4.171741,0.3935599912414549,0.3935599912414549,8.62068002159845
4.565256,4.171741,0.39351499124145484,0.39351499124145484,8.619779290204868
4.565248,4.171741,0.3935069912414555,0.3935069912414555,8.619619158320333
4.565232,4.171741,0.39349099124145503,0.39349099124145503,8.619298892867564
4.565178,4.171741,0.3934369912414555,0.3934369912414555,8.618217980390627
4.565162,4.171741,0.393420991241455,0.393420991241455,8.617897705116206
4.565152,4.171741,0.3934109912414554,0.3934109912414554,8.617697531929663
4.565148,4.171741,0.39340699124145484,0.39340699124145484,8.617617462409482
4.565146,4.171741,0.39340499124145545,0.39340499124145545,8.61757742759679
4.56507,4.171741,0.3933289912414555,0.3933289912414555,8.616056078720357
4.807145,4.4198008,0.3873442416381838,0.3873442416381838,8.05767751191458
28.706703,28.322304,0.3843992280273447,0.3843992280273447,1.3390573902757335
28.706161,28.322304,0.38385722802734534,0.38385722802734534,1.3371945765440671
28.701651,28.322304,0.379347228027342,0.379347228027342,1.321691313248915
4.453083,4.086895,0.36618801098632847,0.36618801098632847,8.22324692753549
4.537866,4.171741,0.36612499124145526,0.36612499124145526,8.068219538289298
4.537311,4.171741,0.36556999124145495,0.36556999124145495,8.05697452154807
4.452407,4.086895,0.36551201098632813,0.36551201098632813,8.209312647700868
4.536728,4.171741,0.36498699124145517,0.36498699124145517,8.04515922562274
4.451613,4.086895,0.36471801098632817,0.36471801098632817,8.192940648213023
4.536375,4.171741,0.3646339912414547,0.3646339912414547,8.038003719564998
28.686578,28.322304,0.36427422802734455,0.36427422802734455,1.26984204259593
4.535986,4.171741,0.3642449912414554,0.3642449912414554,8.030117183638248
4.53497,4.171741,0.36322899124145547,0.36322899124145547,8.009512548780828
4.534647,4.171741,0.36290599124145473,0.36290599124145473,8.002960125307478
4.449788,4.086895,0.362893010986328,0.362893010986328,8.155287644673695
4.534274,4.171741,0.362532991241455,0.362532991241455,7.995392233320253
4.534176,4.171741,0.3624349912414555,0.3624349912414555,7.993403679818827
4.532666,4.171741,0.36092499124145494,0.36092499124145494,7.962752853033781
28.672625,28.322304,0.3503212280273438,0.3503212280273438,1.221796846386133
4.513651,4.171741,0.3419099912414554,0.3419099912414554,7.575020559495635
4.510996,4.171741,0.33925499124145464,0.33925499124145464,7.5206227457070245
5.323516,5.001977,0.32153903314208954,0.32153903314208954,6.039974955199714
5.313079,5.001977,0.31110203314208995,0.31110203314208995,5.855400101075752
28.631022,28.322304,0.3087182280273453,0.3087182280273453,1.0782647857497611
4.511795,4.268292,0.24350304977417014,0.24350304977417014,5.397032661474492
4.511754,4.268292,0.24346204977416974,0.24346204977416974,5.39617296884479
4.511621,4.268292,0.2433290497741698,0.2433290497741698,5.393384102272253
4.511427,4.268292,0.24313504977417022,0.24313504977417022,5.389315836625105
4.510489,4.268292,0.24219704977416967,0.24219704977416967,5.3696406258567535
4.510433,4.268292,0.24214104977416984,0.24214104977416984,5.368465727543262
4.510409,4.268292,0.24211704977417003,0.24211704977417003,5.367962190763677
4.510396,4.268292,0.24210404977417,0.24210404977417,5.367689439437298
4.510384,4.268292,0.2420920497741701,0.2420920497741701,5.367437667586676
4.510382,4.268292,0.2420900497741698,0.2420900497741698,5.367395705481319
4.510339,4.268292,0.24204704977417002,0.24204704977417002,5.366493511215089
4.510325,4.268292,0.24203304977416984,0.24203304977416984,5.366199769834848
4.510239,4.268292,0.24194704977417025,0.24194704977417025,5.364395318492121
4.510235,4.268292,0.2419430497741697,0.2419430497741697,5.364311388847929
4.51019,4.268292,0.24189804977416962,0.24189804977416962,5.363367170092752
4.510085,4.268292,0.24179304977417004,0.24179304977417004,5.361163919722331
4.510054,4.268292,0.24176204977417015,0.24176204977417015,5.360513416664404
4.509975,4.268292,0.24168304977416977,0.24168304977416977,5.358855642632408
4.509944,4.268292,0.24165204977416987,0.24165204977416987,5.358205107841953
4.509913,4.268292,0.24162104977416998,0.24162104977416998,5.357554564108275
4.509905,4.268292,0.24161304977416975,0.24161304977416975,5.357386680402633
4.509905,4.268292,0.24161304977416975,0.24161304977416975,5.357386680402633
4.509903,4.268292,0.24161104977417036,0.24161104977417036,5.357344709383173
4.509854,4.268292,0.24156204977416973,0.24156204977416973,5.3563164077775784
4.509825,4.268292,0.24153304977417012,0.24153304977417012,5.355707810587205
4.509786,4.268292,0.24149404977417,0.24149404977417,5.354889339955712
4.509776,4.268292,0.24148404977416948,0.24148404977416948,5.3546794734109815
4.50977,4.268292,0.24147804977416953,0.24147804977416953,5.354553553037405
4.509749,4.268292,0.24145704977417015,0.24145704977417015,5.354112829091287
4.509739,4.268292,0.24144704977416964,0.24144704977416964,5.35390295910286
4.5097,4.268292,0.24140804977416952,0.24140804977416952,5.353084457254727
4.509692,4.268292,0.24140004977417018,0.24140004977417018,5.35291655768991
4.509661,4.268292,0.24136904977417029,0.24136904977417029,5.352265941249642
4.509626,4.268292,0.24133404977416983,0.24133404977416983,5.351531363550288
4.509557,4.268292,0.24126504977416996,0.24126504977416996,5.35008316268804
4.396954,4.171741,0.2252129912414551,0.2252129912414551,5.122022910322307
38.872857,39.0922,-0.21934423291015293,0.21934423291015293,0.5642606431258413
4.484714,4.268292,0.21642204977417023,0.21642204977417023,4.825771493329216
4.484647,4.268292,0.21635504977416975,0.21635504977416975,4.824349603644287
4.484389,4.268292,0.2160970497741701,0.2160970497741701,4.818873870428083
4.484272,4.268292,0.21598004977416974,0.21598004977416974,4.816390481428275
4.483672,4.268292,0.21538004977417025,0.21538004977417025,4.803653116672374
4.483207,4.268292,0.21491504977417009,0.21491504977417009,4.79377931399055
4.481743,4.268292,0.21345104977416973,0.21345104977416973,4.762679380977604
4.481083,4.268292,0.21279104977416985,0.21279104977416985,4.748652273778933
4.480672,4.268292,0.21238004977417013,0.21238004977417013,4.739915123656234
4.480471,4.268292,0.21217904977416957,0.21217904977416957,4.735641627173436
4.480326,4.268292,0.21203404977416973,0.21203404977416973,4.7325585184970285
28.53384,28.322304,0.21153622802734517,0.21153622802734517,0.7413521209434265
4.478099,4.268292,0.2098070497741702,0.2098070497741702,4.685181139798048
4.622612,4.828085,-0.20547294567871077,0.20547294567871077,4.444953322369816
4.429556,4.633025,-0.20346916937255877,0.20346916937255877,4.593443888461176
4.429816,4.633025,-0.20320916937255884,0.20320916937255884,4.587304966345589
4.430873,4.633025,-0.20215216937255853,0.20215216937255853,4.562355304880013
4.432396,4.633025,-0.2006291693725588,0.2006291693725588,4.526427001739745
4.432452,4.633025,-0.20057316937255898,0.20057316937255898,4.525106405394438
4.432667,4.633025,-0.20035816937255824,0.20035816937255824,4.520036568685132
4.434776,4.633025,-0.19824916937255832,0.19824916937255832,4.470331068989459
28.516386,28.322304,0.19408222802734443,0.19408222802734443,0.6805989651937796
28.511756,28.322304,0.18945222802734207,0.18945222802734207,0.6644705714606902
28.510884,28.322304,0.18858022802734453,0.18858022802734453,0.6614324130626154
28.509243,28.322304,0.1869392280273452,0.1869392280273452,0.6557144573312224
28.504605,28.322304,0.18230122802734527,0.18230122802734527,0.6395500938416994
4.449196,4.268292,0.18090404977416963,0.18090404977416963,4.065994165465034
4.649204,4.828085,-0.17888094567871082,0.17888094567871082,3.847560693720113
28.499227,28.322304,0.17692322802734495,0.17692322802734495,0.6208000940752679
4.651612,4.828085,-0.17647294567871086,0.17647294567871086,3.7938019266206435
28.498403,28.322304,0.17609922802734346,0.17609922802734346,0.6179266537381956
4.653134,4.828085,-0.17495094567871128,0.17495094567871128,3.7598518691907743
28.496402,28.322304,0.17409822802734354,0.17409822802734354,0.6109481050510609
28.496398,28.322304,0.17409422802734298,0.17409422802734298,0.6109341539472184
4.654019,4.828085,-0.17406594567871103,0.17406594567871103,3.740121079758611
4.460562,4.633025,-0.17246316937255823,0.17246316937255823,3.86640000449925
4.460763,4.633025,-0.17226216937255856,0.17226216937255856,3.8617198306365266
4.460835,4.633025,-0.17219016937255827,0.17219016937255827,3.8600434530463064
4.460839,4.633025,-0.1721861693725586,0.1721861693725586,3.8599503225446745
4.460886,4.633025,-0.17213916937255824,0.17213916937255824,3.8588560516610233
4.460904,4.633025,-0.1721211693725584,0.1721211693725584,3.858436975301417
4.460949,4.633025,-0.17207616937255832,0.17207616937255832,3.8573892991984646
4.460962,4.633025,-0.17206316937255828,0.17206316937255828,3.857086641148281
4.46098,4.633025,-0.17204516937255843,0.17204516937255843,3.8566675790678677
4.461001,4.633025,-0.17202416937255816,0.17202416937255816,3.8561786775816
4.461023,4.633025,-0.17200216937255863,0.17200216937255863,3.855666500009145
4.461064,4.633025,-0.17196116937255823,0.17196116937255823,3.854712000740261
4.461087,4.633025,-0.17193816937255857,0.17193816937255857,3.854176557612626
4.461099,4.633025,-0.17192616937255867,0.17192616937255867,3.8538971981725756
4.461152,4.633025,-0.17187316937255837,0.17187316937255837,3.8526633786229585
4.46116,4.633025,-0.17186516937255902,0.17186516937255902,3.852477144256349
4.461306,4.633025,-0.17171916937255816,0.17171916937255816,3.8490784843879586
4.461306,4.633025,-0.17171916937255816,0.17171916937255816,3.8490784843879586
4.46133,4.633025,-0.17169516937255835,0.17169516937255835,3.8485198218627588
4.461373,4.633025,-0.17165216937255856,0.17165216937255856,3.84751889987031
4.46138,4.633025,-0.17164516937255847,0.17164516937255847,3.847355960906964
4.461412,4.633025,-0.17161316937255844,0.17161316937255844,3.8466111035858566
4.461418,4.633025,-0.1716071693725585,0.1716071693725585,3.8464714440277064
28.49391,28.322304,0.17160622802734338,0.17160622802734338,0.6022558084402637
4.461441,4.633025,-0.17158416937255883,0.17158416937255883,3.8459360858680616
4.461445,4.633025,-0.17158016937255827,0.17158016937255827,3.8458429806646146
4.461468,4.633025,-0.1715571693725586,0.1715571693725586,3.8453076289847488
4.461533,4.633025,-0.1714921693725584,0.1714921693725584,3.8437947084267807
4.46156,4.633025,-0.17146516937255818,0.17146516937255818,3.8431662774615827
4.461566,4.633025,-0.17145916937255823,0.17145916937255823,3.8430266271689177
4.461615,4.633025,-0.17141016937255849,0.17141016937255849,3.8418861638379065
4.461711,4.633025,-0.1713141693725584,0.1713141693725584,3.8396518593140327
4.461744,4.633025,-0.17128116937255822,0.17128116937255822,3.8388838393399376
4.461746,4.633025,-0.17127916937255883,0.17127916937255883,3.8388372930399894
4.461765,4.633025,-0.17126016937255883,0.17126016937255883,3.8383951052715783
4.462367,4.633025,-0.17065816937255818,0.17065816937255818,3.8243866846616106
4.462369,4.633025,-0.17065616937255879,0.17065616937255879,3.824340151357596
4.462416,4.633025,-0.17060916937255843,0.17060916937255843,3.82324663072056
4.462565,4.633025,-0.17046016937255892,0.17046016937255892,3.8197800898976073
4.462574,4.633025,-0.17045116937255855,0.17045116937255855,3.819570708939257
4.462672,4.633025,-0.17035316937255818,0.17035316937255818,3.817290837613449
4.462772,4.633025,-0.1702531693725584,0.1702531693725584,3.8149645415168743
28.491743,28.322304,0.16943922802734335,0.16943922802734335,0.5946959019907931
28.491213,28.322304,0.1689092280273421,0.1689092280273421,0.5928467419998905
28.48658,28.322304,0.16427622802734376,0.16427622802734376,0.5766793627973842
17.497021,17.337234,0.15978650292968766,0.15978650292968766,0.9132211873596908
28.48176,28.322304,0.15945622802734505,0.15945622802734505,0.5598538433958617
28.480629,28.322304,0.15832522802734417,0.15832522802734417,0.5559049557044132
28.480051,28.322304,0.1577472280273433,0.1577472280273433,0.5538867469963078
28.47839,28.322304,0.15608622802734473,0.15608622802734473,0.5480865597626714
28.477639,28.322304,0.15533522802734367,0.15533522802734367,0.5454638568414967
4.422597,4.268292,0.1543050497741696,0.1543050497741696,3.4890144810996926
28.476453,28.322304,0.1541492280273431,0.1541492280273431,0.5413217300160305
28.474823,28.322304,0.1525192280273444,0.1525192280273444,0.5356283620333963
28.47364,28.322304,0.15133622802734337,0.15133622802734337,0.5314958959473108
28.471662,28.322304,0.14935822802734222,0.14935822802734222,0.5245855616957579
4.681464,4.828085,-0.14662094567871087,0.14662094567871087,3.1319464525537075
4.681521,4.828085,-0.1465639456787109,0.1465639456787109,3.1306907664321106
4.681548,4.828085,-0.14653694567871067,0.14653694567871067,3.1300959784152713
4.681597,4.828085,-0.14648794567871093,0.14648794567871093,3.1290165658338793
4.681622,4.828085,-0.146462945678711,0.146462945678711,3.1284658538340455
4.681622,4.828085,-0.146462945678711,0.146462945678711,3.1284658538340455
4.681642,4.828085,-0.14644294567871086,0.14644294567871086,3.128025288468935
4.68165,4.828085,-0.14643494567871063,0.14643494567871063,3.12784906337686
4.68165,4.828085,-0.14643494567871063,0.14643494567871063,3.12784906337686
4.681785,4.828085,-0.1462999456787113,0.1462999456787113,3.1248753557796105
4.681841,4.828085,-0.14624394567871057,0.14624394567871057,3.123641868136635
4.68191,4.828085,-0.1461749456787107,0.1461749456787107,3.122122075725261
4.681927,4.828085,-0.146157945678711,0.146157945678711,3.1217476409945997
4.681929,4.828085,-0.1461559456787107,0.1461559456787107,3.1217035900285754
4.681947,4.828085,-0.14613794567871086,0.14613794567871086,3.1213071330279805
4.682007,4.828085,-0.14607794567871135,0.14607794567871135,3.119985631708611
4.682009,4.828085,-0.14607594567871107,0.14607594567871107,3.119941582247944
4.682054,4.828085,-0.146030945678711,0.146030945678711,3.1189504793321916
4.682082,4.828085,-0.14600294567871064,0.14600294567871064,3.1183338026884684
4.682082,4.828085,-0.14600294567871064,0.14600294567871064,3.1183338026884684
4.682119,4.828085,-0.1459659456787108,0.1459659456787108,3.1175189198649855
4.682119,4.828085,-0.1459659456787108,0.1459659456787108,3.1175189198649855
4.68214,4.828085,-0.14594494567871052,0.14594494567871052,3.1170564245322323
4.68216,4.828085,-0.14592494567871128,0.14592494567871128,3.1166159566438285
4.682177,4.828085,-0.14590794567871068,0.14590794567871068,3.1162415618972634
4.682195,4.828085,-0.14588994567871083,0.14588994567871083,3.115845146893604
4.682201,4.828085,-0.14588394567871088,0.14588394567871088,3.115713009236365
4.682236,4.828085,-0.14584894567871132,0.14584894567871132,3.114942212985343
4.682275,4.828085,-0.1458099456787112,0.1458099456787112,3.1140833393082876
4.682355,4.828085,-0.14572994567871067,0.14572994567871067,3.1123215919253955
4.682357,4.828085,-0.14572794567871128,0.14572794567871128,3.1122775490121537
4.682441,4.828085,-0.14564394567871108,0.14564394567871108,3.110427780629818
4.682465,4.828085,-0.14561994567871128,0.14561994567871128,3.109899287567582
4.682508,4.828085,-0.1455769456787106,0.1455769456787106,3.108952417712936
4.682607,4.828085,-0.14547794567871097,0.14547794567871097,3.1067724811329285
4.682646,4.828085,-0.14543894567871085,0.14543894567871085,3.1059137435459556
28.467141,28.322304,0.14483722802734533,0.14483722802734533,0.5087874051940676
4.684091,4.828085,-0.14399394567871138,0.14399394567871138,3.074106495275973
4.684204,4.828085,-0.14388094567871068,0.14388094567871068,3.0716199737594487
4.684278,4.828085,-0.143806945678711,0.143806945678711,3.069991697240023
4.684599,4.828085,-0.14348594567871054,0.14348594567871054,3.0629290933044127
28.451459,28.322304,0.12915522802734358,0.12915522802734358,0.4539494021269336
17.453645,17.337234,0.11641050292968913,0.11641050292968913,0.6669695810188769
7.618112,7.5150905,0.1030215344543457,0.1030215344543457,1.3523237050465178
17.439823,17.337234,0.10258850292968802,0.10258850292968802,0.5882427988466384
17.43874,17.337234,0.10150550292968674,0.10150550292968674,0.5820690194882467
17.438231,17.337234,0.10099650292968576,0.10099650292968576,0.579167135296617
17.437981,17.337234,0.10074650292968812,0.10074650292968812,0.5777417863289929
17.432523,17.337234,0.09528850292968727,0.09528850292968727,0.5466133785060296
28.416586,28.322304,0.09428222802734254,0.09428222802734254,0.33178590850783685
16.268655,16.357649,-0.08899384948730571,0.08899384948730571,0.5470264719902087
16.271128,16.357649,-0.08652084948730376,0.08652084948730376,0.5317446306535848
16.272394,16.357649,-0.08525484948730622,0.08525484948730622,0.5239232130612269
17.422375,17.337234,0.08514050292968633,0.08514050292968633,0.4886848258586884
17.422031,17.337234,0.08479650292968799,0.08479650292968799,0.48671996352894376
16.273228,16.357649,-0.0844208494873051,0.0844208494873051,0.5187713801268338
16.273273,16.357649,-0.08437584948730503,0.08437584948730503,0.5184934185445457
16.273351,16.357649,-0.08429784948730301,0.08429784948730301,0.518011622110191
16.273428,16.357649,-0.08422084948730557,0.08422084948730557,0.5175360070833758
16.273652,16.357649,-0.08399684948730624,0.08399684948730624,0.5161524253240152
16.273959,16.357649,-0.08368984948730329,0.08368984948730329,0.5142562389814859
16.274008,16.357649,-0.08364084948730621,0.08364084948730621,0.5139535969675834
16.274053,16.357649,-0.08359584948730614,0.08359584948730614,0.5136756620295663
17.420638,17.337234,0.08340350292968779,0.08340350292968779,0.4787626201130466
16.274248,16.357649,-0.08340084948730464,0.08340084948730464,0.512471295059484
16.274297,16.357649,-0.08335184948730401,0.08335184948730401,0.5121686637941525
16.274354,16.357649,-0.08329484948730581,0.08329484948730581,0.5118166256356105
16.274452,16.357649,-0.08319684948730455,0.08319684948730455,0.5112113728117749
16.27461,16.357649,-0.08303884948730555,0.08303884948730555,0.5102355723841944
16.274647,16.357649,-0.08300184948730305,0.08300184948730305,0.5100070648954355
16.274721,16.357649,-0.08292784948730514,0.08292784948730514,0.5095500530349836
16.275069,16.357649,-0.08257984948730623,0.08257984948730623,0.5074009178504795
16.275204,16.357649,-0.08244484948730602,0.08244484948730602,0.5065672263573437
16.27527,16.357649,-0.08237884948730567,0.08237884948730567,0.5061596488832415
16.275366,16.357649,-0.08228284948730291,0.08228284948730291,0.505566814821844
16.275761,16.357649,-0.08188784948730543,0.08188784948730543,0.5031276232601493
16.275808,16.357649,-0.0818408494873033,0.0818408494873033,0.5028373982219528
7.596644,7.5150905,0.0815535344543461,0.0815535344543461,1.073546877453683
16.276412,16.357649,-0.08123684948730414,0.08123684948730414,0.49910784690633925
16.276441,16.357649,-0.0812078494873063,0.0812078494873063,0.49892878600922275
16.276496,16.357649,-0.08115284948730306,0.08115284948730306,0.49858918950862935
17.418358,17.337234,0.08112350292968884,0.08112350292968884,0.4657356504512257
16.276594,16.357649,-0.08105484948730535,0.08105484948730535,0.4979840959773733
16.276881,16.357649,-0.0807678494873052,0.0807678494873052,0.4962120782649268
16.276888,16.357649,-0.08076084948730511,0.08076084948730511,0.49616885910137704
16.276984,16.357649,-0.0806648494873059,0.0806648494873059,0.4955761428948406
16.277115,16.357649,-0.08053384948730624,0.08053384948730624,0.4947673435176411
16.277115,16.357649,-0.08053384948730624,0.08053384948730624,0.4947673435176411
16.277158,16.357649,-0.08049084948730467,0.08049084948730467,0.4945018625905713
16.277178,16.357649,-0.08047084948730543,0.08047084948730543,0.49437838356753894
16.277207,16.357649,-0.08044184948730404,0.08044184948730404,0.4941993395231126
16.277234,16.357649,-0.08041484948730471,0.08041484948730471,0.4940326439173307
16.277305,16.357649,-0.08034384948730633,0.08034384948730633,0.49359429885237605
16.277525,16.357649,-0.080123849487304,0.080123849487304,0.4922360708204212
16.277535,16.357649,-0.08011384948730438,0.08011384948730438,0.492174334054955
16.277848,16.357649,-0.07980084948730592,0.07980084948730592,0.49024201163947284
7.594622,7.5150905,0.07953153445434591,0.07953153445434591,1.0472085964686417
16.27821,16.357649,-0.07943884948730329,0.07943884948730329,0.48800727774623426
16.278372,16.357649,-0.07927684948730374,0.07927684948730374,0.48700723565487214
16.27854,16.357649,-0.07910884948730512,0.07910884948730512,0.4859701759913307
16.278694,16.357649,-0.07895484948730314,0.07895484948730314,0.4850195567704517
16.278817,16.357649,-0.0788318494873046,0.0788318494873046,0.48426030888374966
16.278818,16.357649,-0.07883084948730357,0.07883084948730357,0.4842541361837162
16.278991,16.357649,-0.07865784948730337,0.07865784948730337,0.48318627049317847
17.415741,17.337234,0.07850650292968808,0.07850650292968808,0.4507789988909304
16.279558,16.357649,-0.07809084948730316,0.07809084948730316,0.4796865460771323
3.362725,3.2860546,0.0766703887939455,0.0766703887939455,2.2800076958914417
16.281139,16.357649,-0.0765098494873051,0.0765098494873051,0.4699293427003798
7.585151,7.5150905,0.07006053445434546,0.07006053445434546,0.923653786897872
39.159616,39.0922,0.06741476708984351,0.06741476708984351,0.1721538002049646
17.401197,17.337234,0.0639625029296873,0.0639625029296873,0.36757530490183943
7.575487,7.5150905,0.06039653445434556,0.06039653445434556,0.797262729822496
3.346043,3.2860546,0.05998838879394519,0.05998838879394519,1.792815836262486
3.227714,3.2860546,-0.05834061120605449,0.05834061120605449,1.8074901061322968
7.573274,7.5150905,0.05818353445434532,0.05818353445434532,0.7682745197595789
7.572708,7.5150905,0.05761753445434614,0.05761753445434614,0.7608577335028008
3.228641,3.2860546,-0.05741361120605459,0.05741361120605459,1.7782593730388832
7.572337,7.5150905,0.0572465344543458,0.0572465344543458,0.7559955988962166
7.571708,7.5150905,0.05661753445434581,0.05661753445434581,0.747751160683931
7.571523,7.5150905,0.056432534454345706,0.056432534454345706,0.7453260652262481
39.036065,39.0922,-0.05613623291015557,0.05613623291015557,0.14380607499759968
7.570485,7.5150905,0.05539453445434539,0.05539453445434539,0.731717115265583
17.391658,17.337234,0.05442350292968712,0.05442350292968712,0.3129287784371921
17.390169,17.337234,0.05293450292968771,0.05293450292968771,0.3043932633971718
17.389635,17.337234,0.0524005029296859,0.0524005029296859,0.3013318159316431
17.389599,17.337234,0.05236450292968797,0.05236450292968797,0.3011254194497921
17.389355,17.337234,0.05212050292968584,0.05212050292968584,0.2997264874366308
17.389111,17.337234,0.05187650292968726,0.05187650292968726,0.2983275161645063
17.388826,17.337234,0.05159150292968917,0.05159150292968917,0.29669342214012884
17.387587,17.337234,0.050352502929687404,0.050352502929687404,0.2895887907240828
17.386204,17.337234,0.048969502929686826,0.048969502929686826,0.28165724346387044
3.334617,3.2860546,0.04856238879394548,0.04856238879394548,1.45631083847078
17.288718,17.337234,-0.048516497070313136,0.048516497070313136,0.2806251861475936
3.333716,3.2860546,0.047661388793945214,0.047661388793945214,1.429677536794242
3.333322,3.2860546,0.04726738879394521,0.04726738879394521,1.4180264850658648
17.290077,17.337234,-0.04715749707031236,0.04715749707031236,0.27274312931075795
3.333099,3.2860546,0.047044388793945124,0.047044388793945124,1.4114308873673926
17.290719,17.337234,-0.046515497070313216,0.046515497070313216,0.2690200278545051
17.383091,17.337234,0.04585650292968779,0.04585650292968779,0.2637994757631079
16.403327,16.357649,0.04567815051269619,0.04567815051269619,0.2784688161884338
17.29186,17.337234,-0.045374497070312714,0.045374497070312714,0.2624037961795337
16.40301,16.357649,0.045361150512693627,0.045361150512693627,0.27654162566758844
17.291888,17.337234,-0.04534649707031235,0.04534649707031235,0.2622414456423157
17.291939,17.337234,-0.04529549707031322,0.04529549707031322,0.26194573708623003
17.292343,17.337234,-0.04489149707031359,0.04489149707031359,0.25960332310117834
16.40253,16.357649,0.044881150512694035,0.044881150512694035,0.2736233404994255
16.402444,16.357649,0.04479515051269445,0.04479515051269445,0.2731004630311273
16.402213,16.357649,0.04456415051269502,0.04456415051269502,0.2716959626876162
17.292714,17.337234,-0.04452049707031236,0.04452049707031236,0.25745234131585654
16.401979,16.357649,0.044330150512696065,0.044330150512696065,0.2702731817448723
7.470823,7.5150905,-0.04426746554565408,0.04426746554565408,0.592538004782894
17.293007,17.337234,-0.04422749707031315,0.04422749707031315,0.25575365273406414
7.470867,7.5150905,-0.04422346554565415,0.04422346554565415,0.5919455606031027
7.47091,7.5150905,-0.04418046554565436,0.04418046554565436,0.591366587806077
7.471118,7.5150905,-0.04397246554565459,0.04397246554565459,0.5885660692960013
7.471153,7.5150905,-0.04393746554565414,0.04393746554565414,0.5880948435277131
16.401541,16.357649,0.043892150512697015,0.043892150512697015,0.2676099185584416
17.293381,17.337234,-0.043853497070312386,0.043853497070312386,0.25358544445449277
17.293413,17.337234,-0.043821497070311466,0.043821497070311466,0.253399933662939
7.471375,7.5150905,-0.0437154655456542,0.0437154655456542,0.5851060286101165
7.4714,7.5150905,-0.043690465545654256,0.043690465545654256,0.5847694614807063
16.401308,16.357649,0.04365915051269553,0.04365915051269553,0.26619310186985906
7.471434,7.5150905,-0.043656465545653944,0.043656465545653944,0.5843117337992898
7.471437,7.5150905,-0.04365346554565441,0.04365346554565441,0.5842713462627088
16.401234,16.357649,0.04358515051269407,0.04358515051269407,0.26574311733146627
7.471508,7.5150905,-0.04358246554565426,0.04358246554565426,0.5833155173637095
7.471651,7.5150905,-0.0434394655456547,0.0434394655456547,0.5813904523253737
17.293872,17.337234,-0.043362497070312145,0.043362497070312145,0.25073908879435103
7.471746,7.5150905,-0.043344465545653854,0.043344465545653854,0.5801116037011127
7.471747,7.5150905,-0.0433434655456546,0.0433434655456546,0.5800981423096165
7.471809,7.5150905,-0.04328146554565393,0.04328146554565393,0.5792635430733664
17.293984,17.337234,-0.04325049707031425,0.04325049707031425,0.250089840895332
17.294111,17.337234,-0.0431234970703116,0.0431234970703116,0.24935365032676296
16.400658,16.357649,0.04300915051269527,0.04300915051269527,0.2622403961623554
16.400546,16.357649,0.04289715051269383,0.04289715051269383,0.2615592829191923
16.400521,16.357649,0.04287215051269655,0.04287215051269655,0.26140724744314614
17.294368,17.337234,-0.04286649707031387,0.04286649707031387,0.24786391193980611
17.294489,17.337234,-0.04274549707031383,0.04274549707031383,0.24716253293211887
16.400317,16.357649,0.04266815051269646,0.04266815051269646,0.26016662063566387
17.294624,17.337234,-0.04261049707031361,0.04261049707031361,0.24638001421752354
17.294642,17.337234,-0.042592497070312874,0.042592497070312874,0.24627567931193142
7.472534,7.5150905,-0.04255646554565473,0.04255646554565473,0.5695051443738527
16.400161,16.357649,0.04251215051269597,0.04251215051269597,0.25921788519293654
16.400073,16.357649,0.042424150512694325,0.042424150512694325,0.2586826931345711
17.294866,17.337234,-0.04236849707031354,0.04236849707031354,0.24497730754357142
7.472722,7.5150905,-0.04236846554565421,0.04236846554565421,0.5669749998071283
16.399876,16.357649,0.04222715051269432,0.04222715051269432,0.2574845719104025
16.399776,16.357649,0.042127150512694556,0.042127150512694556,0.25687637753367903
16.399745,16.357649,0.04209615051269466,0.04209615051269466,0.25668783577084875
7.473036,7.5150905,-0.04205446554565473,0.04205446554565473,0.5627494039248838
16.399632,16.357649,0.041983150512695744,0.041983150512695744,0.25600056460071635
16.399628,16.357649,0.041979150512695185,0.041979150512695185,0.2559762362441344
7.473113,7.5150905,-0.041977465545654624,0.041977465545654624,0.5617132451375071
17.295318,17.337234,-0.041916497070310754,0.041916497070310754,0.24235748119848616
16.399551,16.357649,0.04190215051269419,0.04190215051269419,0.25550791306688025
17.29534,17.337234,-0.04189449707031301,0.04189449707031301,0.24222997102150515
7.556932,7.5150905,0.041841534454345464,0.041841534454345464,0.5536841466059478
7.473264,7.5150905,-0.041826465545653946,0.041826465545653946,0.5596813593778336
16.399464,16.357649,0.04181515051269358,0.04181515051269358,0.2549787634061613
17.295459,17.337234,-0.041775497070311474,0.041775497070311474,0.2415402625051462
16.399411,16.357649,0.04176215051269594,0.04176215051269594,0.25465640511382565
16.39938,16.357649,0.04173115051269605,0.04173115051269605,0.2544678549581849
16.399292,16.357649,0.041643150512694405,0.041643150512694405,0.2539326119227615
16.39929,16.357649,0.0416411505126959,0.0416411505126959,0.2539204472415695
17.295605,17.337234,-0.04162949707031416,0.04162949707031416,0.24069407846717977
16.399251,16.357649,0.04160215051269489,0.04160215051269489,0.25368323536508597
16.399184,16.357649,0.04153515051269707,0.04153515051269707,0.25327571489193484
17.295703,17.337234,-0.041531497070312895,0.041531497070312895,0.24012609993402856
7.257473,7.2988825,-0.04140948443603509,0.04140948443603509,0.5705771752160086
16.399036,16.357649,0.04138715051269415,0.04138715051269415,0.25237550861185853
16.399004,16.357649,0.04135515051269678,0.04135515051269678,0.25218086727977257
16.398973,16.357649,0.04132415051269689,0.04132415051269689,0.25199230776491244
7.47378,7.5150905,-0.04131046554565465,0.04131046554565465,0.5527385813484196
17.296031,17.337234,-0.04120349707031323,0.04120349707031323,0.2382251573790254
17.296095,17.337234,-0.04113949707031139,0.04113949707031139,0.23785425016498546
16.398731,16.357649,0.04108215051269681,0.04108215051269681,0.2505203025310086
16.398697,16.357649,0.04104815051269384,0.04104815051269384,0.2503134883975448
16.398688,16.357649,0.041039150512695244,0.041039150512695244,0.2502587433363266
7.257862,7.2988825,-0.0410204844360349,0.0410204844360349,0.5651868888588638
16.398627,16.357649,0.04097815051269649,0.04097815051269649,0.24988769189302618
7.25792,7.2988825,-0.040962484436034785,0.040962484436034785,0.5643832452750981
16.398573,16.357649,0.04092415051269427,0.04092415051269427,0.24955921782001833
16.398569,16.357649,0.04092015051269371,0.04092015051269371,0.2495348863211429
17.296333,17.337234,-0.040901497070311876,0.040901497070311876,0.23647496304607113
17.29634,17.337234,-0.040894497070311786,0.040894497070311786,0.23643439635249625
16.398543,16.357649,0.040894150512695404,0.040894150512695404,0.24937673128915192
16.398536,16.357649,0.040887150512695314,0.040887150512695314,0.2493341510025406
17.296435,17.337234,-0.040799497070313606,0.040799497070313606,0.2358838516149584
16.398438,16.357649,0.04078915051269405,0.04078915051269405,0.24873802317297122
7.25812,7.2988825,-0.04076248443603525,0.04076248443603525,0.5616121590091324
7.258159,7.2988825,-0.04072348443603513,0.04072348443603513,0.5610718149805489
17.296551,17.337234,-0.0406834970703116,0.0406834970703116,0.23521161571504282
7.258247,7.2988825,-0.04063548443603526,0.04063548443603526,0.5598525985058845
7.474526,7.5150905,-0.040564465545654294,0.040564465545654294,0.5427028489179326
17.296677,17.337234,-0.04055749707031353,0.04055749707031353,0.23448143866061127
7.474553,7.5150905,-0.04053746554565407,0.04053746554565407,0.5423396629218059
16.398182,16.357649,0.040533150512693794,0.040533150512693794,0.2471807576745192
7.258372,7.2988825,-0.040510484436035554,0.040510484436035554,0.5581208077441806
7.258378,7.2988825,-0.040504484436034716,0.040504484436034716,0.5580376832878734
17.296753,17.337234,-0.040481497070313566,0.040481497070313566,0.23404101954904213
17.296814,17.337234,-0.040420497070311256,0.040420497070311256,0.2336875280619747
7.2586,7.2988825,-0.04028248443603477,0.04028248443603477,0.5549621750128098
7.258632,7.2988825,-0.04025048443603474,0.04025048443603474,0.5545188740175865
16.397885,16.357649,0.040236150512694024,0.040236150512694024,0.24537402544565143
16.39784,16.357649,0.04019115051269395,0.04019115051269395,0.24510027242886173
7.258767,7.2988825,-0.04011548443603541,0.04011548443603541,0.5526487409705086
7.258767,7.2988825,-0.04011548443603541,0.04011548443603541,0.5526487409705086
7.25879,7.2988825,-0.04009248443603486,0.04009248443603486,0.5523301326458339
7.258812,7.2988825,-0.040070484436035336,0.040070484436035336,0.5520253787463199
7.258954,7.2988825,-0.03992848443603503,0.03992848443603503,0.5500583752905028
7.258954,7.2988825,-0.03992848443603503,0.03992848443603503,0.5500583752905028
17.297307,17.337234,-0.03992749707031251,0.03992749707031251,0.2308307129548067
16.397572,16.357649,0.03992315051269557,0.03992315051269557,0.24346989000842384
16.397554,16.357649,0.03990515051269483,0.03990515051269483,0.2433603848016081
16.397554,16.357649,0.03990515051269483,0.03990515051269483,0.2433603848016081
7.259046,7.2988825,-0.03983648443603549,0.03983648443603549,0.5487840197663262
7.259077,7.2988825,-0.0398054844360356,0.0398054844360356,0.5483546246373644
16.397439,16.357649,0.039790150512693856,0.039790150512693856,0.24266076252792407
16.397439,16.357649,0.039790150512693856,0.039790150512693856,0.24266076252792407
16.397415,16.357649,0.039766150512694054,0.039766150512694054,0.24251475316354162
16.397406,16.357649,0.03975715051269546,0.03975715051269546,0.24245999954171416
7.259165,7.2988825,-0.039717484436034844,0.039717484436034844,0.5471357165113027
7.259169,7.2988825,-0.039713484436035174,0.039713484436035174,0.5470803122986679
16.397286,16.357649,0.03963715051269645,0.03963715051269645,0.24172994550716942
7.259308,7.2988825,-0.039574484436035284,0.039574484436035284,0.5451550538355739
17.297679,17.337234,-0.039555497070313805,0.039555497070313805,0.2286751712185498
7.259341,7.2988825,-0.03954148443603511,0.03954148443603511,0.5446979889151152
7.259355,7.2988825,-0.03952748443603493,0.03952748443603493,0.5445040838406501
16.397154,16.357649,0.039505150512695764,0.039505150512695764,0.2409268737273239
7.259386,7.2988825,-0.03949648443603504,0.03949648443603504,0.5440747252658967
7.259408,7.2988825,-0.03947448443603552,0.03947448443603552,0.543770021405213
7.259409,7.2988825,-0.03947348443603538,0.03947348443603538,0.5437561712736068
17.297769,17.337234,-0.03946549707031366,0.03946549707031366,0.22815368311419532
7.259431,7.2988825,-0.03945148443603497,0.03945148443603497,0.5434514693436926
16.397099,16.357649,0.03945015051269607,0.03945015051269607,0.24059225666964307
16.397074,16.357649,0.03942515051269524,0.03942515051269524,0.24044015726497792
7.259494,7.2988825,-0.03938848443603504,0.03938848443603504,0.54257892403372
7.259505,7.2988825,-0.03937748443603528,0.03937748443603528,0.5424265764055931
16.397009,16.357649,0.039360150512695924,0.039360150512695924,0.24004469664227107
7.259529,7.2988825,-0.03935348443603548,0.03935348443603548,0.542094183183143
7.475745,7.5150905,-0.039345465545654434,0.039345465545654434,0.5263082882726487
7.259572,7.2988825,-0.0393104844360348,0.0393104844360348,0.5414986508225732
17.297941,17.337234,-0.039293497070310934,0.039293497070310934,0.22715707649877973
17.297955,17.337234,-0.039279497070310754,0.039279497070310754,0.22707595822791582
16.39688,16.357649,0.03923115051269477,0.03923115051269477,0.23925985012060533
16.396814,16.357649,0.039165150512694424,0.039165150512694424,0.23885829596198122
7.259724,7.2988825,-0.03915848443603487,0.03915848443603487,0.5393935697210455
7.25973,7.2988825,-0.03915248443603492,0.03915248443603492,0.5393104762228844
7.259736,7.2988825,-0.03914648443603497,0.03914648443603497,0.539227382862073
7.259779,7.2988825,-0.039103484436035174,0.039103484436035174,0.5386318844622756
16.396733,16.357649,0.039084150512696425,0.039084150512696425,0.23836547507639516
16.396722,16.357649,0.039073150512695776,0.039073150512695776,0.23829854840777004
16.396698,16.357649,0.039049150512695974,0.039049150512695974,0.23815252627363034
17.298209,17.337234,-0.039025497070312554,0.039025497070312554,0.2256042638292031
17.298271,17.337234,-0.03896349707031277,0.03896349707031277,0.22524503790053657
7.476164,7.5150905,-0.03892646554565449,0.03892646554565449,0.5206743129917136
16.39655,16.357649,0.0389011505126966,0.0389011505126966,0.23725204700049313
7.259994,7.2988825,-0.03888848443603532,0.03888848443603532,0.5356544982750628
7.259998,7.2988825,-0.03888448443603476,0.03888448443603476,0.5355991067146184
7.260019,7.2988825,-0.03886348443603538,0.03886348443603538,0.5353083020237285
16.396499,16.357649,0.038850150512693915,0.038850150512693915,0.23694174294437478
7.260072,7.2988825,-0.038810484436035075,0.038810484436035075,0.5345743738560788
7.260105,7.2988825,-0.038777484436034904,0.038777484436034904,0.5341174051270716
7.260117,7.2988825,-0.038765484436035,0.038765484436035,0.5339512357101277
7.260142,7.2988825,-0.03874048443603506,0.03874048443603506,0.5336050511891015
16.396382,16.357649,0.038733150512694436,0.038733150512694436,0.23622986163934342
7.260168,7.2988825,-0.03871448443603498,0.03871448443603498,0.5332450218163235
7.260197,7.2988825,-0.03868548443603537,0.03868548443603537,0.5328434536349705
7.260222,7.2988825,-0.038660484436035425,0.038660484436035425,0.5324972767430931
16.3963,16.357649,0.03865115051269541,0.03865115051269541,0.23573093022486585
16.396298,16.357649,0.038649150512696906,0.038649150512696906,0.23571876110364173
7.260289,7.2988825,-0.03859348443603494,0.03859348443603494,0.5315695344290478
16.396231,16.357649,0.038582150512695534,0.038582150512695534,0.2353110938267473
7.260389,7.2988825,-0.038493484436035175,0.038493484436035175,0.5301848762580764
16.396132,16.357649,0.038483150512696795,0.038483150512696795,0.23470871369212012
17.298867,17.337234,-0.038367497070311174,0.038367497070311174,0.22179196516216573
16.395946,16.357649,0.03829715051269389,0.03829715051269389,0.2335769495243539
16.395907,16.357649,0.03825815051269643,0.03825815051269643,0.2333396408778306
16.395872,16.357649,0.03822315051269598,0.03822315051269598,0.23312667061845113
16.395864,16.357649,0.03821515051269486,0.03821515051269486,0.23307799157434944
16.395614,16.357649,0.03796515051269367,0.03796515051269367,0.2315567475085844
16.395614,16.357649,0.03796515051269367,0.03796515051269367,0.2315567475085844
17.299323,17.337234,-0.037911497070311384,0.037911497070311384,0.21915017755372415
16.395448,16.357649,0.03779915051269356,0.03779915051269356,0.23054661581960442
16.395274,16.357649,0.03762515051269588,0.03762515051269588,0.22948778112806406
16.395266,16.357649,0.037617150512694764,0.037617150512694764,0.2294390985328651
16.395262,16.357649,0.037613150512694205,0.037613150512694205,0.22941475721744972
16.395239,16.357649,0.03759015051269543,0.03759015051269543,0.22927479442334545
16.395027,16.357649,0.03737815051269422,0.03737815051269422,0.22798468409028078
16.3945,16.357649,0.03685115051269605,0.03685115051269605,0.22477751997603632
16.394455,16.357649,0.03680615051269598,0.03680615051269598,0.22450365390292923
16.394383,16.357649,0.03673415051269657,0.03673415051269657,0.22406546505881014
16.394375,16.357649,0.036726150512695455,0.036726150512695455,0.22401677717187413
16.394291,16.357649,0.03664215051269437,0.03664215051269437,0.22350555149027715
16.394273,16.357649,0.03662415051269363,0.03662415051269363,0.22339600244835645
16.394179,16.357649,0.03653015051269648,0.03653015051269648,0.2228239090989165
17.300719,17.337234,-0.03651549707031165,0.03651549707031165,0.21106346545539867
17.301052,17.337234,-0.03618249707031396,0.03618249707031396,0.2091346645863201
3.321604,3.2860546,0.03554938879394509,0.03554938879394509,1.0702476512213632
16.393173,16.357649,0.035524150512696195,0.035524150512696195,0.21670088220553455
3.321214,3.2860546,0.0351593887939452,0.0351593887939452,1.058630633042212
17.302083,17.337234,-0.03515149707031284,0.03515149707031284,0.20316338252515426
7.47997,7.5150905,-0.03512046554565451,0.03512046554565451,0.4695268235726211
3.320973,3.2860546,0.034918388793945265,0.034918388793945265,1.0514505475622298
16.392518,16.357649,0.03486915051269435,0.03486915051269435,0.21271381561076608
7.480494,7.5150905,-0.0345964655456541,0.0345964655456541,0.46248904878730746
7.549641,7.5150905,0.03455053445434597,0.03455053445434597,0.4576447337547352
7.549383,7.5150905,0.034292534454345436,0.034292534454345436,0.4542428759263001
7.54937,7.5150905,0.034279534454345395,0.034279534454345395,0.4540714583321698
7.54919,7.5150905,0.03409953445434599,0.03409953445434599,0.4516979232724874
17.303275,17.337234,-0.033959497070313205,0.033959497070313205,0.19626051756165783
7.549034,7.5150905,0.0339435344543455,0.0339435344543455,0.4496407679962212
7.548999,7.5150905,0.03390853445434594,0.03390853445434594,0.44917921507072345
3.319784,3.2860546,0.03372938879394516,0.03372938879394516,1.0160115475262592
7.548458,7.5150905,0.033367534454345815,0.033367534454345815,0.4420443811690251
16.390881,16.357649,0.03323215051269557,0.03323215051269557,0.20274779929457618
7.548304,7.5150905,0.033213534454345606,0.033213534454345606,0.4400132063296019
7.548279,7.5150905,0.033188534454345664,0.033188534454345664,0.43968346233500355
7.548038,7.5150905,0.03294753445434573,0.03294753445434573,0.4365046182055419
8.458448,8.425771,0.0326772404174811,0.0326772404174811,0.38632666911346825
7.54773,7.5150905,0.03263953445434531,0.03263953445434531,0.4324417335266745
7.482537,7.5150905,-0.032553465545654525,0.032553465545654525,0.4350591991087978
7.54751,7.5150905,0.032419534454345644,0.032419534454345644,0.4295394700227771
7.547457,7.5150905,0.03236653445434534,0.03236653445434534,0.4288402630702832
7.482831,7.5150905,-0.03225946554565429,0.03225946554565429,0.43111311140426894
7.54722,7.5150905,0.032129534454345965,0.032129534454345965,0.42571350051966483
17.305179,17.337234,-0.03205549707031352,0.03205549707031352,0.1852364374279416
3.318045,3.2860546,0.031990388793945446,0.031990388793945446,0.9641336628340276
3.317626,3.2860546,0.0315713887939455,0.0315713887939455,0.9516259154284983
3.254533,3.2860546,-0.03152161120605479,0.03152161120605479,0.9685448328557814
3.254536,3.2860546,-0.031518611206054814,0.031518611206054814,0.9684517610217359
3.254591,3.2860546,-0.031463611206054676,0.031463611206054676,0.9667454744724585
3.254621,3.2860546,-0.03143361120605448,0.03143361120605448,0.9658147970251731
3.25482,3.2860546,-0.03123461120605464,0.03123461120605464,0.959641737641252
3.254862,3.2860546,-0.031192611206054544,0.031192611206054544,0.9583389773543765
1.27793,1.3090732,-0.031143209762573232,0.031143209762573232,2.4370043554917897
3.25492,3.2860546,-0.031134611206054874,0.031134611206054874,0.9565399827061289
7.484005,7.5150905,-0.0310854655456545,0.0310854655456545,0.41535869558129823
3.254972,3.2860546,-0.03108261120605471,0.03108261120605471,0.9549271454593092
3.255172,3.2860546,-0.030882611206054733,0.030882611206054733,0.9487244055031812
3.255182,3.2860546,-0.030872611206054668,0.030872611206054668,0.9484142885130924
3.255229,3.2860546,-0.03082561120605476,0.03082561120605476,0.9469567641818073
3.255362,3.2860546,-0.03069261120605482,0.03069261120605482,0.9428325084925113
3.255377,3.2860546,-0.0306776112060545,0.0306776112060545,0.9423673880202549
3.255433,3.2860546,-0.030621611206054666,0.030621611206054666,0.940630976128645
3.255475,3.2860546,-0.03057961120605457,0.03057961120605457,0.9393287064135107
3.255516,3.2860546,-0.03053861120605461,0.03053861120605461,0.9380574755312692
17.306699,17.337234,-0.03053549707031422,0.03053549707031422,0.17643744234609843
3.255624,3.2860546,-0.030430611206054614,0.030430611206054614,0.9347090206092565
7.545492,7.5150905,0.030401534454346013,0.030401534454346013,0.40290990241515195
3.255775,3.2860546,-0.030279611206054824,0.030279611206054824,0.930027756989497
3.255846,3.2860546,-0.03020861120605467,0.03020861120605467,0.9278267831195591
3.256183,3.2860546,-0.029871611206054638,0.029871611206054638,0.9173812161397948
7.485449,7.5150905,-0.029641465545654277,0.029641465545654277,0.3959878097527388
8.45535,8.425771,0.029579240417479724,0.029579240417479724,0.3498286932785739
1.338549,1.3090732,0.029475790237426747,0.029475790237426747,2.202070319071224
17.310087,17.337234,-0.027147497070313165,0.027147497070313165,0.15683050622539527
7.488655,7.5150905,-0.02643546554565468,0.02643546554565468,0.3530068556409886
7.32503,7.2988825,0.026147515563964774,0.026147515563964774,0.3569612078531803
0.494455,0.46854284,0.025912155942916848,0.025912155942916848,5.240548874554064
3.260288,3.2860546,-0.025766611206054613,0.025766611206054613,0.7903170273688795
17.362761,17.337234,0.0255265029296865,0.0255265029296865,0.1470186851592295
3.260591,3.2860546,-0.025463611206054892,0.025463611206054892,0.7809507909846388
3.26081,3.2860546,-0.02524461120605448,0.02524461120605448,0.7741822186904571
3.261452,3.2860546,-0.024602611206054892,0.024602611206054892,0.7543453408267407
1.333598,1.3090732,0.02452479023742682,0.02452479023742682,1.8389942273149649
7.323357,7.2988825,0.024474515563964516,0.024474515563964516,0.3341980401014223
17.312805,17.337234,-0.024429497070311612,0.024429497070311612,0.14110652242759336
17.312908,17.337234,-0.024326497070312314,0.024326497070312314,0.14051075111224415
39.116512,39.0922,0.02431076708984392,0.02431076708984392,0.06214962901033142
0.492801,0.46854284,0.02425815594291686,0.02425815594291686,4.922505420645322
17.361417,17.337234,0.024182502929686933,0.024182502929686933,0.13928876271762639
7.491224,7.5150905,-0.023866465545654414,0.023866465545654414,0.31859233611671234
3.309801,3.2860546,0.023746388793945528,0.023746388793945528,0.7174566928110805
3.309754,3.2860546,0.023699388793945175,0.023699388793945175,0.7160468359046965
17.313786,17.337234,-0.023448497070312158,0.023448497070312158,0.13543252221193405
7.322255,7.2988825,0.023372515563965024,0.023372515563965024,0.31919832843360174
7.322155,7.2988825,0.023272515563965257,0.023272515563965257,0.3178369696304902
7.322124,7.2988825,0.023241515563964477,0.023241515563964477,0.31741494085113914
7.32212,7.2988825,0.023237515563964806,0.023237515563964806,0.3173604852644787
7.322106,7.2988825,0.023223515563964625,0.023223515563964625,0.31716989024260855
7.322081,7.2988825,0.023198515563964683,0.023198515563964683,0.31682954017645876
7.322055,7.2988825,0.023172515563964602,0.023172515563964602,0.31647557364221013
7.322051,7.2988825,0.02316851556396493,0.02316851556396493,0.31642111702921094
7.322038,7.2988825,0.02315551556396489,0.02315551556396489,0.3162441326260345
7.322012,7.2988825,0.02312951556396481,0.02312951556396481,0.3158901619343006
7.321993,7.2988825,0.023110515563964817,0.023110515563964817,0.31563148945443115
7.321983,7.2988825,0.023100515563965196,0.023100515563965196,0.3154953455047588
7.32192,7.2988825,0.023037515563965272,0.023037515563965272,0.3146376300704
7.321899,7.2988825,0.023016515563965,0.023016515563965,0.31435172164558195
7.321877,7.2988825,0.02299451556396459,0.02299451556396459,0.31405219677482343
7.321864,7.2988825,0.02298151556396455,0.02298151556396455,0.31387520395968393
7.32186,7.2988825,0.02297751556396488,0.02297751556396488,0.31382074450550895
7.321844,7.2988825,0.02296151556396442,0.02296151556396442,0.3136029060937493
7.492154,7.5150905,-0.022936465545654094,0.022936465545654094,0.30613980365790605
7.32177,7.2988825,0.022887515563964733,0.022887515563964733,0.31259539105506096
1.331957,1.3090732,0.022883790237426815,0.022883790237426815,1.7180577327728115
7.321754,7.2988825,0.02287151556396516,0.02287151556396516,0.3123775472878873
7.321725,7.2988825,0.02284251556396466,0.02284251556396466,0.3119827030331333
7.321688,7.2988825,0.022805515563964818,0.022805515563964818,0.3114789316842419
7.32167,7.2988825,0.022787515563964966,0.022787515563964966,0.3112338518897155
7.321643,7.2988825,0.022760515563964745,0.022760515563964745,0.3108662299384698
7.321631,7.2988825,0.022748515563964844,0.022748515563964844,0.31070284153427213
7.321625,7.2988825,0.022742515563964893,0.022742515563964893,0.31062114713133043
7.321623,7.2988825,0.022740515563964614,0.022740515563964614,0.31059391563392463
7.321612,7.2988825,0.022729515563964853,0.022729515563964853,0.3104441421322846
3.308759,3.2860546,0.022704388793945096,0.022704388793945096,0.6861904657685527
7.321578,7.2988825,0.02269551556396454,0.02269551556396454,0.3099812030091677
7.321549,7.2988825,0.02266651556396493,0.02266651556396493,0.3095863397712061
7.321549,7.2988825,0.02266651556396493,0.02266651556396493,0.3095863397712061
7.321496,7.2988825,0.022613515563964626,0.022613515563964626,0.3088646850815156
1.331576,1.3090732,0.02250279023742685,0.02250279023742685,1.6899366041245045
7.321336,7.2988825,0.022453515563964466,0.022453515563964466,0.3066860415046896
7.321264,7.2988825,0.02238151556396506,0.02238151556396506,0.305705620828034
7.321262,7.2988825,0.02237951556396478,0.02237951556396478,0.30567838664507707
1.331438,1.3090732,0.022364790237426657,0.022364790237426657,1.679747028081436
7.321166,7.2988825,0.022283515563964684,0.022283515563964684,0.304371128364803
7.492815,7.5150905,-0.022275465545654072,0.022275465545654072,0.29729101206097813
17.359476,17.337234,0.022241502929688295,0.022241502929688295,0.12812312381756322
7.321113,7.2988825,0.02223051556396527,0.02223051556396527,0.30364939816748654
7.321073,7.2988825,0.022190515563965008,0.022190515563965008,0.303104689212386
7.321029,7.2988825,0.022146515563965075,0.022146515563965075,0.30250550248691227
17.315095,17.337234,-0.02213949707031304,0.02213949707031304,0.12786240601154764
7.321004,7.2988825,0.022121515563965133,0.022121515563965133,0.302165052275111
7.321,7.2988825,0.022117515563964574,0.022117515563964574,0.30211058002544
7.320918,7.2988825,0.02203551556396466,0.02203551556396466,0.3009938857895098
7.320888,7.2988825,0.022005515563964906,0.022005515563964906,0.30058533286760186
7.320814,7.2988825,0.02193151556396522,0.02193151556396522,0.2995775546771936
7.320799,7.2988825,0.0219165155639649,0.0219165155639649,0.29937327283081433
3.264174,3.2860546,-0.021880611206054557,0.021880611206054557,0.6703261286127588
7.320758,7.2988825,0.021875515563964498,0.021875515563964498,0.2988148981794738
7.320758,7.2988825,0.021875515563964498,0.021875515563964498,0.2988148981794738
7.320754,7.2988825,0.021871515563964827,0.021871515563964827,0.29876042226888194
7.320752,7.2988825,0.021869515563964548,0.021869515563964548,0.29873318429125606
3.307914,3.2860546,0.02185938879394511,0.02185938879394511,0.6608209522159371
7.320703,7.2988825,0.021820515563964804,0.021820515563964804,0.2980658491905318
7.320691,7.2988825,0.021808515563964903,0.021808515563964903,0.2979024188244935
7.320682,7.2988825,0.021799515563964533,0.021799515563964533,0.29777984569834826
7.320652,7.2988825,0.02176951556396478,0.02176951556396478,0.29737126643456635
7.320605,7.2988825,0.02172251556396443,0.02172251556396443,0.296731152188483
3.307751,3.2860546,0.02169638879394542,0.02169638879394542,0.655925696743482
3.307732,3.2860546,0.02167738879394543,0.02167738879394543,0.6553550527458111
3.307724,3.2860546,0.0216693887939452,0.0216693887939452,0.6551147796276257
7.320541,7.2988825,0.021658515563965253,0.021658515563965253,0.29585949404107414
7.320539,7.2988825,0.021656515563964973,0.021656515563964973,0.2958322544783812
7.320531,7.2988825,0.021648515563964743,0.021648515563964743,0.29572329607878195
3.307673,3.2860546,0.021618388793945176,0.021618388793945176,0.6535830111770902
3.307649,3.2860546,0.021594388793945374,0.021594388793945374,0.6528621626204144
7.320474,7.2988825,0.02159151556396477,0.02159151556396477,0.2949469605884786
7.320463,7.2988825,0.021580515563965008,0.021580515563965008,0.2947971400670997
7.320463,7.2988825,0.021580515563965008,0.021580515563965008,0.2947971400670997
7.320435,7.2988825,0.021552515563964647,0.021552515563964647,0.29441577670821795
7.320416,7.2988825,0.021533515563964656,0.021533515563964656,0.29415699276749435
7.320414,7.2988825,0.021531515563965264,0.021531515563965264,0.2941297522745453
7.320408,7.2988825,0.021525515563964426,0.021525515563964426,0.29404803070635377
7.320365,7.2988825,0.021482515563964633,0.021482515563964633,0.29346235554745115
3.307536,3.2860546,0.021481388793945122,0.021481388793945122,0.649468026751505
7.320357,7.2988825,0.021474515563964403,0.021474515563964403,0.2933533919680563
7.320347,7.2988825,0.02146451556396478,0.02146451556396478,0.29321718715890877
7.320324,7.2988825,0.02144151556396512,0.02144151556396512,0.29290391468563703
3.307484,3.2860546,0.021429388793945403,0.021429388793945403,0.6479060456013543
7.320308,7.2988825,0.02142551556396466,0.02142551556396466,0.29268598484752245
7.320281,7.2988825,0.021398515563964438,0.021398515563964438,0.2923182260854757
7.320275,7.2988825,0.021392515563964487,0.021392515563964487,0.2922365015477185
7.320226,7.2988825,0.021343515563964743,0.021343515563964743,0.29156907947477545
3.307384,3.2860546,0.021329388793945192,0.021329388793945192,0.6449020976487849
3.307375,3.2860546,0.021320388793945266,0.021320388793945266,0.644631733423051
7.320189,7.2988825,0.0213065155639649,0.0213065155639649,0.29106510178458284
3.307329,3.2860546,0.021274388793945498,0.021274388793945498,0.6432498488448608
7.320146,7.2988825,0.021263515563965107,0.021263515563965107,0.29047939158146063
7.320127,7.2988825,0.021244515563965116,0.021244515563965116,0.29022058720668226
7.320123,7.2988825,0.021240515563964557,0.021240515563964557,0.29016610190394876
7.320001,7.2988825,0.021118515563965268,0.021118515563965268,0.2885042715660389
7.319984,7.2988825,0.021101515563964668,0.021101515563964668,0.28827270064629096
7.319972,7.2988825,0.021089515563964767,0.021089515563964767,0.28810923817299655
7.319966,7.2988825,0.021083515563964816,0.021083515563964816,0.2880275067353699
7.319915,7.2988825,0.021032515563964793,0.021032515563964793,0.28733278410579166
7.31991,7.2988825,0.021027515563964982,0.021027515563964982,0.2872646735230039
7.319892,7.2988825,0.02100951556396513,0.02100951556396513,0.28701947465451827
7.319859,7.2988825,0.02097651556396496,0.02097651556396496,0.2865699402635814
7.319859,7.2988825,0.02097651556396496,0.02097651556396496,0.2865699402635814
3.306976,3.2860546,0.02092138879394545,0.02092138879394545,0.6326441072845042
7.319698,7.2988825,0.02081551556396466,0.02081551556396466,0.2843766991982495
7.319695,7.2988825,0.020812515563965128,0.020812515563965128,0.2843358304366615
17.316448,17.337234,-0.020786497070311327,0.020786497070311327,0.12003903496947695
7.319659,7.2988825,0.020776515563964537,0.020776515563964537,0.2838454026844788
17.357954,17.337234,0.02071950292968694,0.02071950292968694,0.11936604354158084
7.319589,7.2988825,0.020706515563964523,0.020706515563964523,0.2828917793564862
3.306755,3.2860546,0.0207003887939452,0.0207003887939452,0.6260030995135472
3.306754,3.2860546,0.020699388793945506,0.020699388793945506,0.6259730476872344
7.319523,7.2988825,0.020640515563965067,0.020640515563965067,0.281992632083854
7.319519,7.2988825,0.020636515563964508,0.020636515563964508,0.28193813778859744
17.357802,17.337234,0.02056750292968701,0.02056750292968701,0.11849140190427637
7.31939,7.2988825,0.02050751556396513,0.02050751556396513,0.28018066483251947
3.306562,3.2860546,0.020507388793945314,0.020507388793945314,0.6202027602484124
3.306557,3.2860546,0.020502388793945503,0.020502388793945503,0.6200524833936161
7.319343,7.2988825,0.020460515563964776,0.020460515563964776,0.2795403298313146
3.265607,3.2860546,-0.02044761120605454,0.02044761120605454,0.6261503973205713
7.319318,7.2988825,0.020435515563964834,0.020435515563964834,0.2791997227567601
7.494677,7.5150905,-0.02041346554565404,0.02041346554565404,0.2723728526977436
7.319274,7.2988825,0.0203915155639649,0.0203915155639649,0.2786002486542559
0.086685,0.06631284,0.020372157928943632,0.020372157928943632,23.501364602229067
7.319065,7.2988825,0.020182515563964998,0.020182515563964998,0.2757526482370254
7.494953,7.5150905,-0.020137465545654543,0.020137465545654543,0.2686803445650141
7.318948,7.2988825,0.02006551556396463,0.02006551556396463,0.27415846599388977
3.3061,3.2860546,0.02004538879394513,0.02004538879394513,0.6063152594700347
3.266183,3.2860546,-0.01987161120605485,0.01987161120605485,0.6084047098844874
17.357053,17.337234,0.01981850292968801,0.01981850292968801,0.11418126642566472
0.488303,0.46854284,0.019760155942916857,0.019760155942916857,4.046699680090058
17.356863,17.337234,0.019628502929688096,0.019628502929688096,0.113087848475701
1.328668,1.3090732,0.019594790237426718,0.019594790237426718,1.4747694861283593
0.488093,0.46854284,0.01955015594291687,0.01955015594291687,4.005416168416972
1.328578,1.3090732,0.019504790237426795,0.019504790237426795,1.4680952293323162
3.266747,3.2860546,-0.01930761120605462,0.01930761120605462,0.5910347879852216
17.356282,17.337234,0.01904750292968771,0.01904750292968771,0.10974414295399193
0.487138,0.46854284,0.018595155942916886,0.018595155942916886,3.817225496491684
0.487112,0.46854284,0.01856915594291686,0.01856915594291686,3.812091662513912
3.125309,3.1434426,-0.01813363076782215,0.01813363076782215,0.5802188125155603
3.125502,3.1434426,-0.017940630767822263,0.017940630767822263,0.574007975910694
3.125543,3.1434426,-0.017899630767822305,0.017899630767822305,0.5726886741679643
3.12559,3.1434426,-0.017852630767822397,0.017852630767822397,0.5711763464578279
3.12567,3.1434426,-0.017772630767822317,0.017772630767822317,0.5686022762240964
3.30381,3.2860546,0.017755388793945226,0.017755388793945226,0.5374216069752136
0.486282,0.46854284,0.017739155942916862,0.017739155942916862,3.6479153946206004
7.497384,7.5150905,-0.017706465545654027,0.017706465545654027,0.23616858287394452
3.12574,3.1434426,-0.017702630767822303,0.017702630767822303,0.5663500728549384
3.125774,3.1434426,-0.017668630767822435,0.017668630767822435,0.5652561819010965
3.125797,3.1434426,-0.01764563076782233,0.01764563076782233,0.5645162103379654
7.5327,7.5150905,0.017609534454345876,0.017609534454345876,0.2337745357456437
3.125848,3.1434426,-0.017594630767822306,0.017594630767822306,0.5628754426721783
3.125873,3.1434426,-0.017569630767822364,0.017569630767822364,0.5620711643518561
0.486099,0.46854284,0.017556155942916873,0.017556155942916873,3.6116420604249813
3.125901,3.1434426,-0.017541630767822447,0.017541630767822447,0.5611703879061198
3.125918,3.1434426,-0.01752463076782229,0.01752463076782229,0.5606234957942489
3.125959,3.1434426,-0.017483630767822333,0.017483630767822333,0.5593045451735941
3.125977,3.1434426,-0.017465630767822482,0.017465630767822482,0.5587255046106788
3.125983,3.1434426,-0.017459630767822087,0.017459630767822087,0.5585324925715703
3.126012,3.1434426,-0.017430630767822475,0.017430630767822475,0.5575996114942897
3.126026,3.1434426,-0.017416630767822294,0.017416630767822294,0.5571492613070124
17.319821,17.337234,-0.01741349707031148,0.01741349707031148,0.10054086049856369
3.126073,3.1434426,-0.017369630767822386,0.017369630767822386,0.5556374008945648
3.126075,3.1434426,-0.017367630767822106,0.017367630767822106,0.5555730674173375
7.49774,7.5150905,-0.017350465545654004,0.017350465545654004,0.23140927193291033
3.126114,3.1434426,-0.01732863076782243,0.01732863076782243,0.5543185810648016
3.126114,3.1434426,-0.01732863076782243,0.01732863076782243,0.5543185810648016
3.12612,3.1434426,-0.017322630767822478,0.017322630767822478,0.5541255859425855
3.126169,3.1434426,-0.01727363076782229,0.01727363076782229,0.5525494868405945
1.326327,1.3090732,0.01725379023742679,0.01725379023742679,1.3008700144177054
3.126227,3.1434426,-0.017215630767822176,0.017215630767822176,0.5506839640010623
3.126247,3.1434426,-0.017195630767822045,0.017195630767822045,0.5500406963132473
3.126268,3.1434426,-0.01717463076782222,0.01717463076782222,0.5493652740991128
0.485704,0.46854284,0.017161155942916895,0.017161155942916895,3.533253985839861
3.12635,3.1434426,-0.017092630767822303,0.017092630767822303,0.5467279980576575
3.126385,3.1434426,-0.017057630767822296,0.017057630767822296,0.5456023735808831
3.126397,3.1434426,-0.017045630767822395,0.017045630767822395,0.5452164509906189
3.126403,3.1434426,-0.017039630767822445,0.017039630767822445,0.545023490806445
3.126405,3.1434426,-0.017037630767822165,0.017037630767822165,0.5449591709096295
3.12643,3.1434426,-0.017012630767822223,0.017012630767822223,0.5441551791429223
3.126434,3.1434426,-0.017008630767822108,0.017008630767822108,0.5440265416534646
3.126465,3.1434426,-0.016977630767822216,0.016977630767822216,0.5430296122707015
3.126473,3.1434426,-0.01696963076782243,0.01696963076782243,0.542772343381173
3.126477,3.1434426,-0.016965630767822315,0.016965630767822315,0.5426437094301244
3.126481,3.1434426,-0.0169616307678222,0.0169616307678222,0.5425150758082229
3.126491,3.1434426,-0.016951630767822135,0.016951630767822135,0.5421934931934856
0.485492,0.46854284,0.01694915594291685,0.01694915594291685,3.4911298104656145
3.126622,3.1434426,-0.016820630767822475,0.016820630767822475,0.5379809509203382
3.126651,3.1434426,-0.01679163076782242,0.01679163076782242,0.5370484511154385
3.126663,3.1434426,-0.016779630767822074,0.016779630767822074,0.5366625941870106
3.126673,3.1434426,-0.016769630767822452,0.016769630767822452,0.536341049009158
3.126702,3.1434426,-0.016740630767822395,0.016740630767822395,0.5354085796243769
3.126719,3.1434426,-0.01672363076782224,0.01672363076782224,0.5348619676820136
3.126729,3.1434426,-0.016713630767822174,0.016713630767822174,0.5345404340218687
3.126753,3.1434426,-0.016689630767822372,0.016689630767822372,0.5337687616287121
3.269425,3.2860546,-0.016629611206054662,0.016629611206054662,0.5086402411906076
3.126858,3.1434426,-0.01658463076782235,0.01658463076782235,0.5303928341898467
3.126888,3.1434426,-0.016554630767822154,0.016554630767822154,0.5294283251364528
3.126892,3.1434426,-0.016550630767822483,0.016550630767822483,0.5292997253276795
1.325523,1.3090732,0.016449790237426765,0.016449790237426765,1.241003757474277
3.270122,3.2860546,-0.015932611206054492,0.015932611206054492,0.487217639145184
1.324781,1.3090732,0.015707790237426744,0.015707790237426744,1.1856895770879152
0.483946,0.46854284,0.015403155942916857,0.015403155942916857,3.182825344095009
17.352602,17.337234,0.01536750292968847,0.01536750292968847,0.08856022243580479
0.483892,0.46854284,0.015349155942916859,0.015349155942916859,3.1720210170337264
0.483636,0.46854284,0.01509315594291688,0.01509315594291688,3.1207676723395514
3.301072,3.2860546,0.015017388793945319,0.015017388793945319,0.4549246061125112
3.301068,3.2860546,0.015013388793945204,0.015013388793945204,0.4548039844526196
3.271062,3.2860546,-0.014992611206054551,0.014992611206054551,0.4583407836842044
1.323964,1.3090732,0.014890790237426677,0.014890790237426677,1.1247126233267644
7.529934,7.5150905,0.014843534454345608,0.014843534454345608,0.19712701936230093
1.32388,1.3090732,0.014806790237426704,0.014806790237426704,1.1184390002347844
7.529862,7.5150905,0.014771534454345314,0.014771534454345314,0.1961727114540631
7.500767,7.5150905,-0.014323465545654557,0.014323465545654557,0.19096001176231175
1.323327,1.3090732,0.014253790237426678,0.014253790237426678,1.0771177672902887
1.323065,1.3090732,0.013991790237426693,0.013991790237426693,1.057528559546898
7.529036,7.5150905,0.01394553445434532,0.01394553445434532,0.18522337327328622
1.322887,1.3090732,0.013813790237426682,0.013813790237426682,1.0442154346049564
3.299663,3.2860546,0.013608388793945103,0.013608388793945103,0.4124175345643687
0.455181,0.46854284,-0.013361844057083128,0.013361844057083128,2.9355012740311275
0.455185,0.46854284,-0.013357844057083124,0.013357844057083124,2.9345967143356058
0.455221,0.46854284,-0.013321844057083143,0.013321844057083143,2.9264563924240505
0.455252,0.46854284,-0.01329084405708314,0.01329084405708314,2.9194477024073904
0.48174,0.46854284,0.013197155942916872,0.013197155942916872,2.7394768838330625
0.455408,0.46854284,-0.01313484405708315,0.01313484405708315,2.884192647955011
1.296134,1.3090732,-0.012939209762573345,0.012939209762573345,0.9982925964117176
7.527787,7.5150905,0.01269653445434571,0.01269653445434571,0.16866224368698327
3.273366,3.2860546,-0.012688611206054468,0.012688611206054468,0.38763191178948014
0.455899,0.46854284,-0.012643844057083131,0.012643844057083131,2.7733870998422336
1.296516,1.3090732,-0.01255720976257324,0.01255720976257324,0.9685348859254113
7.502539,7.5150905,-0.012551465545654672,0.012551465545654672,0.16729623858652887
1.296566,1.3090732,-0.012507209762573135,0.012507209762573135,0.9646411954045142
0.240572,0.25302657,-0.01245457485008239,0.01245457485008239,5.17706750781692
1.29662,1.3090732,-0.012453209762573136,0.012453209762573136,0.9604363469337738
1.296722,1.3090732,-0.012351209762573312,0.012351209762573312,0.9524948108862823
1.296726,1.3090732,-0.012347209762573197,0.012347209762573197,0.9521834035579615
1.296842,1.3090732,-0.012231209762573192,0.012231209762573192,0.9431534266803541
1.296875,1.3090732,-0.012198209762573242,0.012198209762573242,0.940584849089747
7.502995,7.5150905,-0.012095465545653994,0.012095465545653994,0.16120849801303058
3.661377,3.6493187,0.012058304931640507,0.012058304931640507,0.3293379767041517
1.321116,1.3090732,0.012042790237426715,0.012042790237426715,0.9115619095155273
1.297062,1.3090732,-0.012011209762573305,0.012011209762573305,0.9260320448557797
7.503114,7.5150905,-0.011976465545654236,0.011976465545654236,0.15961993307704794
1.321012,1.3090732,0.011938790237426833,0.011938790237426833,0.9037609224233445
1.297139,1.3090732,-0.0119342097625732,0.0119342097625732,0.9200409332888116
0.480465,0.46854284,0.011922155942916846,0.011922155942916846,2.4813786520215766
0.480388,0.46854284,0.011845155942916852,0.011845155942916852,2.4657476748901104
7.503256,7.5150905,-0.011834465545653927,0.011834465545653927,0.15772440052020353
1.297355,1.3090732,-0.011718209762573206,0.011718209762573206,0.9032384938332197
0.480242,0.46854284,0.011699155942916872,0.011699155942916872,2.4360959558890674
0.480178,0.46854284,0.011635155942916864,0.011635155942916864,2.4230922575573586
0.480137,0.46854284,0.01159415594291685,0.01159415594291685,2.414759941537955
0.456954,0.46854284,-0.011588844057083103,0.011588844057083103,2.536107366287853
3.274527,3.2860546,-0.011527611206054722,0.011527611206054722,0.3520389725203879
0.457044,0.46854284,-0.011498844057083124,0.011498844057083124,2.5159162038156517
0.457055,0.46854284,-0.01148784405708314,0.01148784405708314,2.5134489404053544
1.297603,1.3090732,-0.01147020976257318,0.01147020976257318,0.883953702456701
0.264494,0.25302657,0.01146742514991761,0.01146742514991761,4.335608802310071
1.297649,1.3090732,-0.01142420976257319,0.01142420976257319,0.88037749512332
3.274643,3.2860546,-0.011411611206054495,0.011411611206054495,0.34848413111615556
1.297733,1.3090732,-0.011340209762573217,0.011340209762573217,0.873847683745375
0.457244,0.46854284,-0.011298844057083146,0.011298844057083146,2.4710754115115936
0.457256,0.46854284,-0.011286844057083134,0.011286844057083134,2.4683862113596646
7.526338,7.5150905,0.011247534454345676,0.011247534454345676,0.14944232446371972
7.503898,7.5150905,-0.011192465545653896,0.011192465545653896,0.1491553529312997
1.297898,1.3090732,-0.011175209762573246,0.011175209762573246,0.8610237292693433
1.297967,1.3090732,-0.01110620976257315,0.01110620976257315,0.8556619514762307
0.457452,0.46854284,-0.011090844057083105,0.011090844057083105,2.424482580611435
1.320148,1.3090732,0.011074790237426857,0.011074790237426857,0.8389052012795498
1.298005,1.3090732,-0.011068209762573167,0.011068209762573167,0.8527093317606987
0.457496,0.46854284,-0.011046844057083116,0.011046844057083116,2.4146318338670687
3.297096,3.2860546,0.011041388793945117,0.011041388793945117,0.33488223556760965
0.457511,0.46854284,-0.011031844057083129,0.011031844057083129,2.41127405781978
0.457522,0.46854284,-0.011020844057083146,0.011020844057083146,2.408811828649624
0.479547,0.46854284,0.011004155942916871,0.011004155942916871,2.2946981089699596
7.504097,7.5150905,-0.010993465545654502,0.010993465545654502,0.1464995128062444
0.45756,0.46854284,-0.010982844057083108,0.010982844057083108,2.400306856954891
1.29813,1.3090732,-0.010943209762573236,0.010943209762573236,0.8429979864674755
1.29813,1.3090732,-0.010943209762573236,0.010943209762573236,0.8429979864674755
3.275137,3.2860546,-0.010917611206054723,0.010917611206054723,0.33334822957700316
0.457626,0.46854284,-0.010916844057083153,0.010916844057083153,2.38553842104636
1.298256,1.3090732,-0.010817209762573166,0.010817209762573166,0.8332108429878202
0.457726,0.46854284,-0.010816844057083108,0.010816844057083108,2.3631701180881004
39.081412,39.0922,-0.010789232910155988,0.010789232910155988,0.02760707036411167
0.457767,0.46854284,-0.01077584405708315,0.01077584405708315,2.35400193870007
0.479295,0.46854284,0.010752155942916897,0.010752155942916897,2.2433273747219493
1.29836,1.3090732,-0.010713209762573284,0.010713209762573284,0.8251339968689847
1.319758,1.3090732,0.010684790237426744,0.010684790237426744,0.809602232880357
0.457872,0.46854284,-0.010670844057083129,0.010670844057083129,2.330529941720087
0.457908,0.46854284,-0.010634844057083148,0.010634844057083148,2.3224848779144858
1.298462,1.3090732,-0.010611209762573237,0.010611209762573237,0.8172137314573721
0.457941,0.46854284,-0.010601844057083143,0.010601844057083143,2.3151113472626457
0.457955,0.46854284,-0.010587844057083129,0.010587844057083129,2.31198350378774
0.458064,0.46854284,-0.010478844057083103,0.010478844057083103,2.2876375473286408
0.458065,0.46854284,-0.01047784405708313,0.01047784405708313,2.287414243567117
39.081728,39.0922,-0.010473232910158004,0.010473232910158004,0.026798285147809242
1.298604,1.3090732,-0.01046920976257315,0.01046920976257315,0.8061895513772451
0.458074,0.46854284,-0.010468844057083149,0.010468844057083149,2.285404553586919
0.478976,0.46854284,0.010433155942916883,0.010433155942916883,2.1782210258423516
1.319501,1.3090732,0.010427790237426793,0.010427790237426793,0.7902828597050332
0.458147,0.46854284,-0.010395844057083103,0.010395844057083103,2.2691066524093784
1.319345,1.3090732,0.010271790237426748,0.010271790237426748,0.7785522540842763
0.478811,0.46854284,0.010268155942916857,0.010268155942916857,2.1445112874959738
7.504843,7.5150905,-0.010247465545654144,0.010247465545654144,0.13654470247435688
0.458369,0.46854284,-0.010173844057083103,0.010173844057083103,2.219575070492011
1.298948,1.3090732,-0.01012520976257325,0.01012520976257325,0.7794930791528034
39.082123,39.0922,-0.010078232910153417,0.010078232910153417,0.02578732201965494
1.299091,1.3090732,-0.009982209762573246,0.009982209762573246,0.7683995779976035
0.458607,0.46854284,-0.009935844057083143,0.009935844057083143,2.166526907551916
18.513227,18.503342,0.009885325195313044,0.009885325195313044,0.053396013538102506
0.458671,0.46854284,-0.009871844057083135,0.009871844057083135,2.152271247785638
0.262896,0.25302657,0.009869425149917621,0.009869425149917621,3.7541176534308254
3.659139,3.6493187,0.009820304931640766,0.009820304931640766,0.26837747708880116
39.082401,39.0922,-0.009800232910158968,0.009800232910158968,0.025075820981760803
0.458752,0.46854284,-0.009790844057083137,0.009790844057083137,2.134234631118535
0.478299,0.46854284,0.009756155942916844,0.009756155942916844,2.0397608903378606
0.458816,0.46854284,-0.009726844057083128,0.009726844057083128,2.1199879810126805
7.505402,7.5150905,-0.009688465545654168,0.009688465545654168,0.12908656385793968
1.318739,1.3090732,0.009665790237426863,0.009665790237426863,0.732957032187105
0.458881,0.46854284,-0.009661844057083147,0.009661844057083147,2.105522794575854
0.458891,0.46854284,-0.009651844057083137,0.009651844057083137,2.103297744993874
3.15307,3.1434426,0.009627369232177774,0.009627369232177774,0.30533319056895153
0.262648,0.25302657,0.009621425149917595,0.009621425149917595,3.6632394483317428
0.458976,0.46854284,-0.009566844057083135,0.009566844057083135,2.0843887381908304
0.478104,0.46854284,0.009561155942916844,0.009561155942916844,1.999806724251844
1.318618,1.3090732,0.009544790237426826,0.009544790237426826,0.7238480163855625
39.082667,39.0922,-0.009534232910155538,0.009534232910155538,0.024395041694905677
3.152929,3.1434426,0.009486369232177605,0.009486369232177605,0.30087481297158075
3.152898,3.1434426,0.009455369232177713,0.009455369232177713,0.29989454882072997
39.082753,39.0922,-0.009448232910159504,0.009448232910159504,0.024174942103324527
3.276625,3.2860546,-0.009429611206054567,0.009429611206054567,0.28778426599829954
3.152835,3.1434426,0.009392369232177789,0.009392369232177789,0.29790233969998065
39.082842,39.0922,-0.009359232910156834,0.009359232910156834,0.023947165638908467
3.152789,3.1434426,0.009346369232177576,0.009346369232177576,0.29644766052790494
3.152783,3.1434426,0.009340369232177625,0.009340369232177625,0.2962579166368687
3.152777,3.1434426,0.009334369232177675,0.009334369232177675,0.2960681720236352
0.477825,0.46854284,0.00928215594291687,0.00928215594291687,1.9425848251921278
3.152718,3.1434426,0.009275369232177866,0.009275369232177866,0.2942023115255999
3.152703,3.1434426,0.009260369232177545,0.009260369232177545,0.2937279290781218
0.262262,0.25302657,0.009235425149917598,0.009235425149917598,3.521449979942252
0.477765,0.46854284,0.009222155942916865,0.009222155942916865,1.9302703088310353
0.459335,0.46854284,-0.009207844057083137,0.009207844057083137,2.004603188321929
7.524291,7.5150905,0.009200534454345544,0.009200534454345544,0.1222777595154582
1.299875,1.3090732,-0.00919820976257335,0.00919820976257335,0.7076226377048354
8.434956,8.425771,0.009185240417480145,0.009185240417480145,0.10889494168518782
3.152607,3.1434426,0.009164369232177894,0.009164369232177894,0.29069177451827016
3.152603,3.1434426,0.009160369232177779,0.009160369232177779,0.29056526406551075
3.152603,3.1434426,0.009160369232177779,0.009160369232177779,0.29056526406551075
3.152579,3.1434426,0.009136369232177532,0.009136369232177532,0.2898061946072637
3.152564,3.1434426,0.009121369232177656,0.009121369232177656,0.28933177032689344
3.152562,3.1434426,0.00911936923217782,0.00911936923217782,0.28926851341507487
3.15256,3.1434426,0.009117369232177541,0.009117369232177541,0.2892052564229812
3.152558,3.1434426,0.009115369232177706,0.009115369232177706,0.28914199935064044
7.506015,7.5150905,-0.009075465545654637,0.009075465545654637,0.12090923806485504
3.152515,3.1434426,0.009072369232177913,0.009072369232177913,0.2877819528817509
3.152511,3.1434426,0.009068369232177798,0.009068369232177798,0.28765543504495755
3.152507,3.1434426,0.009064369232177683,0.009064369232177683,0.2875289168871046
3.152507,3.1434426,0.009064369232177683,0.009064369232177683,0.2875289168871046
3.152486,3.1434426,0.009043369232177856,0.009043369232177856,0.2868646912909682
3.152486,3.1434426,0.009043369232177856,0.009043369232177856,0.2868646912909682
3.277017,3.2860546,-0.00903761120605484,0.00903761120605484,0.2757877425042059
3.152468,3.1434426,0.00902536923217756,0.00902536923217756,0.2862953480222881
3.152445,3.1434426,0.009002369232177898,0.009002369232177898,0.2855678443840362
39.083199,39.0922,-0.009002232910155783,0.009002232910155783,0.0230335109214902
3.152437,3.1434426,0.008994369232177668,0.008994369232177668,0.2853147971519289
3.152425,3.1434426,0.008982369232177767,0.008982369232177767,0.2849352238956623
3.152419,3.1434426,0.008976369232177817,0.008976369232177817,0.2847454361838661
3.152407,3.1434426,0.008964369232177916,0.008964369232177916,0.2843658585929275
1.318021,1.3090732,0.008947790237426867,0.008947790237426867,0.6788807034749815
3.15238,3.1434426,0.008937369232177694,0.008937369232177694,0.28351179844733765
3.152378,3.1434426,0.008935369232177859,0.008935369232177859,0.28344853415086674
3.152357,3.1434426,0.008914369232177588,0.008914369232177588,0.2827842541912228
3.152345,3.1434426,0.008902369232177687,0.008902369232177687,0.28240466166917905
3.152316,3.1434426,0.00887336923217763,0.00887336923217763,0.28148730114291026
3.152308,3.1434426,0.008865369232177844,0.008865369232177844,0.2812342331998209
3.152245,3.1434426,0.00880236923217792,0.00880236923217792,0.2792412782603725
3.152232,3.1434426,0.00878936923217788,0.00878936923217788,0.27883002367525767
3.152231,3.1434426,0.00878836923217774,0.00878836923217774,0.2787983885666673
3.15223,3.1434426,0.0087873692321776,0.0087873692321776,0.2787667534380053
3.152228,3.1434426,0.008785369232177764,0.008785369232177764,0.27870348312048054
3.152163,3.1434426,0.00872036923217756,0.00872036923217756,0.2766471540939004
3.294759,3.2860546,0.008704388793945306,0.008704388793945306,0.2641889374513012
3.277366,3.2860546,-0.008688611206054908,0.008688611206054908,0.26510957902748117
3.152114,3.1434426,0.008671369232177817,0.008671369232177817,0.27509694230293447
3.152103,3.1434426,0.008660369232177612,0.008660369232177612,0.27474892895006486
7.52373,7.5150905,0.008639534454345288,0.008639534454345288,0.11483046911878095
3.152069,3.1434426,0.008626369232177744,0.008626369232177744,0.27367323595721005
3.294672,3.2860546,0.008617388793945135,0.008617388793945135,0.26155528664715577
3.152052,3.1434426,0.008609369232177588,0.008609369232177588,0.2731353807584536
3.277481,3.2860546,-0.00857361120605482,0.00857361120605482,0.26159148461251885
3.151999,3.1434426,0.00855636923217773,0.00855636923217773,0.27145850084045936
3.151974,3.1434426,0.008531369232177788,0.008531369232177788,0.2706675001731334
0.477066,0.46854284,0.00852315594291686,0.00852315594291686,1.7865779454268975
0.477059,0.46854284,0.008516155942916881,0.008516155942916881,1.7851368365614617
0.477051,0.46854284,0.008508155942916873,0.008508155942916873,1.7834898032146211
3.151915,3.1434426,0.008472369232177535,0.008472369232177535,0.268800688848168
3.151915,3.1434426,0.008472369232177535,0.008472369232177535,0.268800688848168
3.151913,3.1434426,0.008470369232177699,0.008470369232177699,0.268737405883632
3.151907,3.1434426,0.008464369232177749,0.008464369232177749,0.26854755650814577
7.506669,7.5150905,-0.008421465545654705,0.008421465545654705,0.1121864510815985
3.151854,3.1434426,0.00841136923217789,0.00841136923217789,0.2668705222992886
1.31748,1.3090732,0.008406790237426742,0.008406790237426742,0.6380962319571186
3.151849,3.1434426,0.008406369232177635,0.008406369232177635,0.2667123086134813
3.151841,3.1434426,0.00839836923217785,0.00839836923217785,0.26645916567210687
3.151839,3.1434426,0.00839636923217757,0.00839636923217757,0.26639587973596285
3.151817,3.1434426,0.008374369232177603,0.008374369232177603,0.2656997291375706
3.151815,3.1434426,0.008372369232177768,0.008372369232177768,0.2656364422376355
0.460196,0.46854284,-0.008346844057083136,0.008346844057083136,1.8137584975248324
39.083886,39.0922,-0.008315232910156567,0.008315232910156567,0.02127534838817023
3.294369,3.2860546,0.008314388793945415,0.008314388793945415,0.25238183074491755
17.328929,17.337234,-0.008305497070313805,0.008305497070313805,0.04792850770100032
3.151731,3.1434426,0.008288369232177573,0.008288369232177573,0.26297831991101384
3.151712,3.1434426,0.008269369232177581,0.008269369232177581,0.26237705830720587
0.476808,0.46854284,0.00826515594291688,0.00826515594291688,1.733434829361807
1.317295,1.3090732,0.008221790237426863,0.008221790237426863,0.6241419148180718
1.317273,1.3090732,0.008199790237426674,0.008199790237426674,0.6224822217417493
3.15163,3.1434426,0.008187369232177666,0.008187369232177666,0.2597820566474454
7.506934,7.5150905,-0.008156465545654079,0.008156465545654079,0.10865242115550004
0.385494,0.37738296,0.008111036104202274,0.008111036104202274,2.104062865335961
7.523142,7.5150905,0.008051534454345699,0.008051534454345699,0.1070235608239041
1.317091,1.3090732,0.00801779023742677,0.00801779023742677,0.6087499069402205
1.317082,1.3090732,0.008008790237426844,0.008008790237426844,0.6080707379509227
1.301075,1.3090732,-0.00799820976257326,0.00799820976257326,0.6147385632618044
3.15144,3.1434426,0.007997369232177753,0.007997369232177753,0.25376872895958624
3.15143,3.1434426,0.007987369232177688,0.007987369232177688,0.2534522179431
18.511307,18.503342,0.007965325195311124,0.007965325195311124,0.04302951269333978
3.294017,3.2860546,0.007962388793945507,0.007962388793945507,0.24172275958818015
7.523046,7.5150905,0.007955534454345603,0.007955534454345603,0.10574884766409581
3.151381,3.1434426,0.007938369232177944,0.007938369232177944,0.2519012849263876
0.094362,0.08645217,0.007909828793525697,0.007909828793525697,8.38243019980847
3.151327,3.1434426,0.007884369232177946,0.007884369232177946,0.2501920375742585
3.151323,3.1434426,0.00788036923217783,0.00788036923217783,0.2500654243290124
1.301195,1.3090732,-0.00787820976257314,0.00787820976257314,0.6054595784619277
3.151317,3.1434426,0.00787436923217788,0.00787436923217788,0.24987550385848217
3.151305,3.1434426,0.007862369232177535,0.007862369232177535,0.2494956607477867
3.151288,3.1434426,0.007845369232177823,0.007845369232177823,0.24895754472231243
3.151272,3.1434426,0.007829369232177807,0.007829369232177807,0.2484510772770283
0.47636,0.46854284,0.007817155942916876,0.007817155942916876,1.6410185450658865
0.260828,0.25302657,0.007801425149917607,0.007801425149917607,2.991022875966761
3.151227,3.1434426,0.007784369232177735,0.007784369232177735,0.2470266100135188
3.151221,3.1434426,0.007778369232177784,0.007778369232177784,0.24683667797120376
3.151208,3.1434426,0.0077653692321777434,0.0077653692321777434,0.24642515606495408
3.151194,3.1434426,0.007751369232177563,0.007751369232177563,0.24598197483022569
3.151186,3.1434426,0.007743369232177777,0.007743369232177777,0.2457287266423514
3.151172,3.1434426,0.007729369232177596,0.007729369232177596,0.2452855392194495
3.151134,3.1434426,0.007691369232177614,0.007691369232177614,0.24408258207786565
3.15112,3.1434426,0.0076773692321778775,0.0076773692321778775,0.24363938002787064
0.062465,0.054787792,0.007677207734584808,0.007677207734584808,12.290414988064345
39.084539,39.0922,-0.007662232910156774,0.007662232910156774,0.019604255560330824
3.1511,3.1434426,0.0076573692321777465,0.0076573692321777465,0.2430062274105785
3.151094,3.1434426,0.007651369232177796,0.007651369232177796,0.24281628005813155
39.084565,39.0922,-0.007636232910158469,0.007636232910158469,0.01953772009523179
3.151067,3.1434426,0.007624369232177575,0.007624369232177575,0.24196150802047728
1.316686,1.3090732,0.007612790237426781,0.007612790237426781,0.5781781105630805
3.151043,3.1434426,0.007600369232177773,0.007600369232177773,0.24120169835627667
3.151043,3.1434426,0.007600369232177773,0.007600369232177773,0.24120169835627667
3.151018,3.1434426,0.007575369232177831,0.007575369232177831,0.24041021764830986
3.151016,3.1434426,0.007573369232177551,0.007573369232177551,0.2403468986491089
39.084634,39.0922,-0.007567232910155042,0.007567232910155042,0.019361145636251013
1.316634,1.3090732,0.00756079023742684,0.00756079023742684,0.5742514804305971
3.150993,3.1434426,0.007550369232177889,0.007550369232177889,0.23961872438111637
39.084654,39.0922,-0.007547232910155799,0.007547232910155799,0.019309964750197067
3.150975,3.1434426,0.007532369232177594,0.007532369232177594,0.23904884145188537
3.150963,3.1434426,0.007520369232177693,0.007520369232177693,0.23866891588187558
3.150957,3.1434426,0.007514369232177742,0.007514369232177742,0.23847895201169877
3.293556,3.2860546,0.007501388793945463,0.007501388793945463,0.22775956424356236
3.150914,3.1434426,0.007471369232177949,0.007471369232177949,0.23711752310411616
3.150909,3.1434426,0.007466369232177694,0.007466369232177694,0.2369592150055979
3.150901,3.1434426,0.007458369232177908,0.007458369232177908,0.2367059210029513
7.522548,7.5150905,0.0074575344543452715,0.0074575344543452715,0.099135751001471
3.150889,3.1434426,0.007446369232177563,0.007446369232177563,0.23632597758731702
3.150881,3.1434426,0.007438369232177777,0.007438369232177777,0.23607268036913184
1.316511,1.3090732,0.007437790237426745,0.007437790237426745,0.5649622552991796
7.522518,7.5150905,0.007427534454345519,0.007427534454345519,0.09873734372249798
39.084775,39.0922,-0.007426232910155761,0.007426232910155761,0.019000321506614175
3.15086,3.1434426,0.0074173692321779505,0.0074173692321779505,0.23540776905170469
3.150858,3.1434426,0.007415369232177671,0.007415369232177671,0.235344443702075
3.150856,3.1434426,0.0074133692321778355,0.0074133692321778355,0.23528111827206807
3.150846,3.1434426,0.00740336923217777,0.00740336923217777,0.23496448991613064
3.150825,3.1434426,0.007382369232177943,0.007382369232177943,0.23429956382673245
3.150825,3.1434426,0.007382369232177943,0.007382369232177943,0.23429956382673245
3.150823,3.1434426,0.007380369232177664,0.007380369232177664,0.234236237070233
3.150803,3.1434426,0.007360369232177533,0.007360369232177533,0.23360296508362885
7.507736,7.5150905,-0.007354465545653888,0.007354465545653888,0.09795849968027551
3.150795,3.1434426,0.007352369232177747,0.007352369232177747,0.23334965403793004
1.316422,1.3090732,0.007348790237426739,0.007348790237426739,0.558239701012935
1.301742,1.3090732,-0.0073312097625732875,0.0073312097625732875,0.5631845451717854
3.150756,3.1434426,0.0073133692321776245,0.0073133692321776245,0.23211474426916937
39.084888,39.0922,-0.007313232910156842,0.007313232910156842,0.0187111522748591
8.433076,8.425771,0.007305240417480263,0.007305240417480263,0.08662604745164916
39.08491,39.0922,-0.007291232910155543,0.007291232910155543,0.018654854034810077
39.084918,39.0922,-0.007283232910154425,0.007283232910154425,0.018634381963231417
0.461313,0.46854284,-0.007229844057083157,0.007229844057083157,1.5672318047650784
3.293266,3.2860546,0.007211388793945339,0.007211388793945339,0.21897377235019477
3.150649,3.1434426,0.007206369232177767,0.007206369232177767,0.2287265014906148
3.150643,3.1434426,0.007200369232177817,0.007200369232177817,0.2285364997541543
3.150637,3.1434426,0.007194369232177866,0.007194369232177866,0.22834649729402404
1.316259,1.3090732,0.007185790237426826,0.007185790237426826,0.5459252500367253
3.150625,3.1434426,0.007182369232177521,0.007182369232177521,0.22796649020272344
3.150608,3.1434426,0.0071653692321778095,0.0071653692321778095,0.22742814186818483
3.150584,3.1434426,0.0071413692321775635,0.0071413692321775635,0.22666811079948657
3.150567,3.1434426,0.007124369232177852,0.007124369232177852,0.22612974845326958
3.150561,3.1434426,0.007118369232177901,0.007118369232177901,0.22593973682629734
0.475631,0.46854284,0.007088155942916896,0.007088155942916896,1.4902636584719313
3.150529,3.1434426,0.007086369232177869,0.007086369232177869,0.22492632925940192
3.150512,3.1434426,0.0070693692321777135,0.0070693692321777135,0.22438794811615778
1.31608,1.3090732,0.007006790237426674,0.007006790237426674,0.5323985044141903
3.293051,3.2860546,0.006996388793945485,0.006996388793945485,0.21245916913321494
39.085214,39.0922,-0.006987232910155683,0.006987232910155683,0.017876921206412752
1.316056,1.3090732,0.00698279023742665,0.00698279023742665,0.5305845827910108
0.246049,0.25302657,-0.0069775748500824075,0.0069775748500824075,2.835847675563225
0.246067,0.25302657,-0.0069595748500823895,0.0069595748500823895,2.8283251501640057
3.150401,3.1434426,0.006958369232177741,0.006958369232177741,0.22087249311934795
39.085254,39.0922,-0.006947232910157197,0.006947232910157197,0.017774562524627377
0.259973,0.25302657,0.006946425149917612,0.006946425149917612,2.6719794544993642
0.246097,0.25302657,-0.006929574850082387,0.006929574850082387,2.81579005321747
0.259942,0.25302657,0.006915425149917609,0.006915425149917609,2.6603723704738886
1.302177,1.3090732,-0.006896209762573324,0.006896209762573324,0.529590813080229
1.315955,1.3090732,0.006881790237426744,0.006881790237426744,0.5229502708606141
3.292936,3.2860546,0.006881388793945398,0.006881388793945398,0.20897426472110064
0.246188,0.25302657,-0.006838574850082407,0.006838574850082407,2.777785613963565
0.259858,0.25302657,0.00683142514991758,0.00683142514991758,2.6289069981638717
3.150264,3.1434426,0.0068213692321776875,0.0068213692321776875,0.21653325664011508
3.150252,3.1434426,0.0068093692321777866,0.0068093692321777866,0.21615315955554135
0.475319,0.46854284,0.006776155942916862,0.006776155942916862,1.425601741460211
0.246254,0.25302657,-0.006772574850082397,0.006772574850082397,2.750239528020725
39.08546,39.0922,-0.006741232910158601,0.006741232910158601,0.017247418631228476
0.246328,0.25302657,-0.006698574850082406,0.006698574850082406,2.719372075997464
0.246328,0.25302657,-0.006698574850082406,0.006698574850082406,2.719372075997464
0.461869,0.46854284,-0.006673844057083156,0.006673844057083156,1.444964709828586
39.085528,39.0922,-0.006673232910159754,0.006673232910159754,0.01707341118723708
7.50844,7.5150905,-0.006650465545654072,0.006650465545654072,0.08857319956696062
7.521728,7.5150905,0.006637534454346117,0.006637534454346117,0.08824480829747994
39.085584,39.0922,-0.006617232910159032,0.006617232910159032,0.016930111393863533
39.085604,39.0922,-0.006597232910159789,0.006597232910159789,0.016878932995746748
3.150029,3.1434426,0.006586369232177702,0.006586369232177702,0.2090891617813237
7.521667,7.5150905,0.006576534454345584,0.006576534454345584,0.08743453351840955
3.292614,3.2860546,0.006559388793945242,0.006559388793945242,0.19921523730829144
39.085646,39.0922,-0.006555232910159248,0.006555232910159248,0.01677145853017877
0.246509,0.25302657,-0.006517574850082392,0.006517574850082392,2.6439500575794153
0.246511,0.25302657,-0.00651557485008239,0.00651557485008239,2.6431172837882575
0.246517,0.25302657,-0.006509574850082411,0.006509574850082411,2.6406190434906285
0.246527,0.25302657,-0.006499574850082401,0.006499574850082401,2.6364555798942693
0.246528,0.25302657,-0.0064985748500824,0.0064985748500824,2.6360392521118743
3.292524,3.2860546,0.006469388793945097,0.006469388793945097,0.19648721751910114
0.246558,0.25302657,-0.006468574850082398,0.006468574850082398,2.623550989000092
0.246564,0.25302657,-0.006462574850082392,0.006462574850082392,2.6210537010517907
39.085739,39.0922,-0.006462232910159571,0.006462232910159571,0.016533480178392016
39.085769,39.0922,-0.006432232910157154,0.006432232910157154,0.01645671320971246
18.509768,18.503342,0.006426325195313609,0.006426325195313609,0.03471856154695667
39.085821,39.0922,-0.006380232910153438,0.006380232910153438,0.016323650743161094
0.462191,0.46854284,-0.006351844057083111,0.006351844057083111,1.374289861920466
7.521441,7.5150905,0.0063505344543459685,0.0063505344543459685,0.08443241732882749
0.092792,0.08645217,0.006339828793525695,0.006339828793525695,6.832301046095994
39.085888,39.0922,-0.006313232910159172,0.006313232910159172,0.016152205394803925
0.46228,0.46854284,-0.006262844057083106,0.006262844057083106,1.3547728769854488
39.085954,39.0922,-0.006247232910155276,0.006247232910155276,0.01598331950689829
1.315309,1.3090732,0.006235790237426819,0.006235790237426819,0.4740931778732393
1.302887,1.3090732,-0.006186209762573336,0.006186209762573336,0.4748078507267728
39.086016,39.0922,-0.0061852329101554915,0.0061852329101554915,0.015824669646913276
7.521227,7.5150905,0.006136534454345366,0.006136534454345366,0.08158953923693271
0.246893,0.25302657,-0.006133574850082396,0.006133574850082396,2.4843048800889824
7.521217,7.5150905,0.0061265344543457445,0.0061265344543457445,0.08145669050985084
1.315183,1.3090732,0.006109790237426749,0.006109790237426749,0.4645581821664507
39.086094,39.0922,-0.006107232910153471,0.006107232910153471,0.015625078602476482
0.246929,0.25302657,-0.006097574850082388,0.006097574850082388,2.4693636015263594
0.246932,0.25302657,-0.006094574850082385,0.006094574850082385,2.468118691629382
39.098293,39.0922,0.006091767089841937,0.006091767089841937,0.015580647190470328
0.246946,0.25302657,-0.006080574850082399,0.006080574850082399,2.4623095120472045
39.086132,39.0922,-0.006069232910157041,0.006069232910157041,0.015527842228393212
39.086157,39.0922,-0.006044232910156211,0.006044232910156211,0.01546387103275655
0.246996,0.25302657,-0.006030574850082404,0.006030574850082404,2.4415678179569045
39.086187,39.0922,-0.006014232910153794,0.006014232910153794,0.015387105706009149
0.462561,0.46854284,-0.00598184405708313,0.00598184405708313,1.2932011249953907
0.247048,0.25302657,-0.005978574850082408,0.005978574850082408,2.420005362383991
0.247054,0.25302657,-0.005972574850082402,0.005972574850082402,2.4175179708342642
0.46261,0.46854284,-0.005932844057083109,0.005932844057083109,1.2824720727612104
0.474469,0.46854284,0.005926155942916844,0.005926155942916844,1.2490080367037333
0.247104,0.25302657,-0.005922574850082407,0.005922574850082407,2.396794405467177
0.247137,0.25302657,-0.005889574850082402,0.005889574850082402,2.383121445877906
7.52096,7.5150905,0.005869534454345349,0.005869534454345349,0.07804235701648868
39.086332,39.0922,-0.005869232910157507,0.005869232910157507,0.015016074954647806
0.247164,0.25302657,-0.005862574850082403,0.005862574850082403,2.371937194619955
0.247171,0.25302657,-0.005855574850082396,0.005855574850082396,2.3690379727853825
1.314926,1.3090732,0.005852790237426797,0.005852790237426797,0.44510415316007845
7.509238,7.5150905,-0.0058524655456544394,0.0058524655456544394,0.07793687649234853
39.086349,39.0922,-0.005852232910157795,0.005852232910157795,0.01497257497788505
0.153524,0.14768054,0.005843464087486261,0.005843464087486261,3.8062218830150587
0.247185,0.25302657,-0.005841574850082409,0.005841574850082409,2.3632400217323744
0.247186,0.25302657,-0.005840574850082408,0.005840574850082408,2.362825907502683
39.086383,39.0922,-0.005818232910158372,0.005818232910158372,0.014885575137877267
7.520851,7.5150905,0.0057605344543461,0.0057605344543461,0.07659418401281326
0.247271,0.25302657,-0.005755574850082407,0.005755574850082407,2.327638440316401
3.280335,3.2860546,-0.005719611206054687,0.005719611206054687,0.17436058225395656
0.247343,0.25302657,-0.00568357485008239,0.00568357485008239,2.2978515049079773
39.08652,39.0922,-0.005681232910156098,0.005681232910156098,0.014535018492671034
39.086524,39.0922,-0.005677232910159091,0.005677232910159091,0.014524783299084274
0.247352,0.25302657,-0.005674574850082409,0.005674574850082409,2.2941293572674892
39.086591,39.0922,-0.00561023291015772,0.00561023291015772,0.014353344117790592
3.65482,3.6493187,0.005501304931640583,0.005501304931640583,0.15052191165337994
0.153095,0.14768054,0.005414464087486276,0.005414464087486276,3.5366694431232935
0.153089,0.14768054,0.00540846408748627,0.00540846408748627,3.5328887666346906
0.258426,0.25302657,0.005399425149917592,0.005399425149917592,2.089350586948775
0.153066,0.14768054,0.005385464087486275,0.005385464087486275,3.5183934276507394
0.473927,0.46854284,0.005384155942916857,0.005384155942916857,1.1360728428177302
39.086822,39.0922,-0.005379232910158294,0.005379232910158294,0.013762267267839096
39.086828,39.0922,-0.005373232910159231,0.005373232910159231,0.013746914715477768
39.086836,39.0922,-0.005365232910158113,0.005365232910158113,0.013726444652988506
0.153043,0.14768054,0.0053624640874862795,0.0053624640874862795,3.5038937318154932
39.086856,39.0922,-0.00534523291015887,0.00534523291015887,0.01367526953343394
0.153007,0.14768054,0.005326464087486271,0.005326464087486271,3.4811898043913554
0.153001,0.14768054,0.005320464087486265,0.005320464087486265,3.4774047777523416
0.152999,0.14768054,0.005318464087486263,0.005318464087486263,3.476143036235609
39.086884,39.0922,-0.005317232910158509,0.005317232910158509,0.013603624454036565
39.08689,39.0922,-0.005311232910159447,0.005311232910159447,0.013588271950379932
0.473815,0.46854284,0.005272155942916856,0.005272155942916856,1.112703469034149
1.314341,1.3090732,0.005267790237426739,0.005267790237426739,0.4007932672743182
39.086982,39.0922,-0.0052192329101572454,0.0052192329101572454,0.013352867484483433
1.314288,1.3090732,0.005214790237426659,0.005214790237426659,0.39677682798822494
39.087052,39.0922,-0.005149232910156343,0.005149232910156343,0.013173756133215597
3.280932,3.2860546,-0.005122611206054728,0.005122611206054728,0.15613280634583696
7.520204,7.5150905,0.00511353445434537,0.00511353445434537,0.06799728377418182
39.087134,39.0922,-0.0050672329101573155,0.0050672329101573155,0.012963940794800536
39.087215,39.0922,-0.004986232910155763,0.004986232910155763,0.01275668504431182
0.473438,0.46854284,0.004895155942916896,0.004895155942916896,1.0339592389886185
7.519957,7.5150905,0.004866534454345484,0.004866534454345484,0.06471492395875095
39.08738,39.0922,-0.004821232910153128,0.004821232910153128,0.012334500061505257
0.473357,0.46854284,0.004814155942916898,0.004814155942916898,1.017024347775542
0.257831,0.25302657,0.004804425149917579,0.004804425149917579,1.863400889751108
1.313833,1.3090732,0.004759790237426786,0.004759790237426786,0.3622827434738284
0.473299,0.46854284,0.004756155942916895,0.004756155942916895,1.004894568108532
0.257776,0.25302657,0.004749425149917608,0.004749425149917608,1.8424621175265135
0.152421,0.14768054,0.004740464087486268,0.004740464087486268,3.1101121790148047
8.430471,8.425771,0.004700240417481183,0.004700240417481183,0.0557529990604965
39.08755,39.0922,-0.004651232910156011,0.004651232910156011,0.011899525322370196
0.070949,0.06631284,0.004636157928943632,0.004636157928943632,6.534493681953429
39.087588,39.0922,-0.0046132329101595815,0.0046132329101595815,0.011802296192202445
0.473109,0.46854284,0.004566155942916872,0.004566155942916872,0.9651382539650977
1.304539,1.3090732,-0.004534209762573349,0.004534209762573349,0.34757180599627746
39.087697,39.0922,-0.004504232910157668,0.004504232910157668,0.011523403157126768
0.248548,0.25302657,-0.004478574850082406,0.004478574850082406,1.8018953474904287
39.087727,39.0922,-0.004474232910155251,0.004474232910155251,0.011446643879148575
0.473016,0.46854284,0.004473155942916862,0.004473155942916862,0.9456669419155368
0.059238,0.054787792,0.004450207734584807,0.004450207734584807,7.512420620332197
3.281609,3.2860546,-0.004445611206054689,0.004445611206054689,0.13547047213483443
0.472972,0.46854284,0.004429155942916874,0.004429155942916874,0.9364520398629139
0.100863,0.0964472,0.0044158004169464055,0.0044158004169464055,4.378018116225363
18.507727,18.503342,0.004385325195311651,0.004385325195311651,0.023694563872094922
3.290424,3.2860546,0.004369388793945106,0.004369388793945106,0.132791056526828
0.464186,0.46854284,-0.004356844057083142,0.004356844057083142,0.938598763457869
18.507691,18.503342,0.004349325195313725,0.004349325195313725,0.023500096231832617
39.087867,39.0922,-0.004334232910153446,0.004334232910153446,0.011088435473192633
39.087921,39.0922,-0.00428023291015478,0.00428023291015478,0.01095027005949953
39.087922,39.0922,-0.0042792329101573046,0.0042792329101573046,0.010947711444334025
0.464285,0.46854284,-0.004257844057083127,0.004257844057083127,0.9170755152904038
1.31333,1.3090732,0.004256790237426866,0.004256790237426866,0.32412190668778934
39.087957,39.0922,-0.0042442329101533005,0.0042442329101533005,0.010858159995781928
0.257267,0.25302657,0.004240425149917626,0.004240425149917626,1.6482584817599486
0.151919,0.14768054,0.004238464087486266,0.004238464087486266,2.789949963267475
0.100674,0.0964472,0.004226800416946411,0.004226800416946411,4.198502505858423
0.257237,0.25302657,0.004210425149917596,0.004210425149917596,1.636788311277463
1.31327,1.3090732,0.004196790237426695,0.004196790237426695,0.3195679667628993
0.257203,0.25302657,0.0041764251499176175,0.0041764251499176175,1.6237855500495062
18.507516,18.503342,0.004174325195311468,0.004174325195311468,0.022554756647455626
0.151839,0.14768054,0.004158464087486269,0.004158464087486269,2.738732529025834
0.257185,0.25302657,0.0041584251499175995,0.0041584251499175995,1.61690034344954
39.088075,39.0922,-0.004126232910152794,0.004126232910152794,0.0105562448653259
1.304952,1.3090732,-0.004121209762573352,0.004121209762573352,0.31581313046438025
0.464424,0.46854284,-0.004118844057083126,0.004118844057083126,0.8868714916103075
0.151793,0.14768054,0.004112464087486278,0.004112464087486278,2.7092580585251094
39.088136,39.0922,-0.00406523291015759,0.00406523291015759,0.010400170809237847
1.313116,1.3090732,0.004042790237426708,0.004042790237426708,0.3078776160764799
0.257069,0.25302657,0.0040424251499175945,0.0040424251499175945,1.5725058829905936
39.088204,39.0922,-0.003997232910158743,0.003997232910158743,0.01022618718974276
0.249051,0.25302657,-0.003975574850082403,0.003975574850082403,1.596289454162446
0.472486,0.46854284,0.003943155942916887,0.003943155942916887,0.8345550856707568
39.088278,39.0922,-0.003923232910153729,0.003923232910153729,0.01003685276221094
7.511176,7.5150905,-0.003914465545654444,0.003914465545654444,0.052115215321839464
1.30517,1.3090732,-0.003903209762573301,0.003903209762573301,0.29905757581573617
3.282159,3.2860546,-0.003895611206054639,0.003895611206054639,0.11869050847128212
0.058662,0.054787792,0.003874207734584807,0.003874207734584807,6.604288513825847
0.256838,0.25302657,0.0038114251499176133,0.0038114251499176133,1.4839802320659843
0.464776,0.46854284,-0.0037668440570831074,0.0037668440570831074,0.8104644078594082
18.499584,18.503342,-0.003757674804688804,0.003757674804688804,0.020312212451201565
1.31281,1.3090732,0.0037367902374267903,0.0037367902374267903,0.2846405981933524
0.256756,0.25302657,0.0037294251499175868,0.0037294251499175868,1.4525172336635053
18.499664,18.503342,-0.00367767480468828,0.00367767480468828,0.019879684326528316
0.144036,0.14768054,-0.0036445359125137355,0.0036445359125137355,2.5302951414809076
0.256671,0.25302657,0.003644425149917585,0.003644425149917585,1.419881929979508
39.0886,39.0922,-0.003601232910156682,0.003601232910156682,0.009213000491569074
1.312657,1.3090732,0.0035837902374267205,0.0035837902374267205,0.27301802657919794
18.499758,18.503342,-0.0035836748046875755,0.0035836748046875755,0.019371468560119565
0.144101,0.14768054,-0.003579535912513726,0.003579535912513726,2.48404654376422
0.151253,0.14768054,0.0035724640874862656,0.0035724640874862656,2.3619128778433174
0.151242,0.14768054,0.0035614640874862546,0.0035614640874862546,2.354811550449903
0.472102,0.46854284,0.0035591559429168917,0.0035591559429168917,0.7538955442177742
1.312624,1.3090732,0.003550790237426771,0.003550790237426771,0.2705108421875769
0.464994,0.46854284,-0.0035488440570831115,0.0035488440570831115,0.7632021179455883
39.088671,39.0922,-0.003530232910158304,0.003530232910158304,0.009031345450832218
0.144151,0.14768054,-0.0035295359125137316,0.0035295359125137316,2.448499080870221
0.151208,0.14768054,0.003527464087486276,0.003527464087486276,2.332855460791374
0.144168,0.14768054,-0.0035125359125137423,0.0035125359125137423,2.436418560344406
0.465035,0.46854284,-0.0035078440570831537,0.0035078440570831537,0.7543182892317429
0.472044,0.46854284,0.0035011559429168893,0.0035011559429168893,0.7417011850961325
0.144181,0.14768054,-0.0034995359125137293,0.0034995359125137293,2.4271824374130757
0.256523,0.25302657,0.0034964251499176036,0.0034964251499176036,1.3630064939808895
0.144186,0.14768054,-0.0034945359125137243,0.0034945359125137243,2.423630525911041
1.312566,1.3090732,0.0034927902374266573,0.0034927902374266573,0.26610397017449433
0.256519,0.25302657,0.0034924251499175996,0.0034924251499175996,1.361468409184556
0.099938,0.0964472,0.00349080041694641,0.00349080041694641,3.492966052405936
0.144193,0.14768054,-0.003487535912513745,0.003487535912513745,2.4186582636432328
0.151157,0.14768054,0.0034764640874862807,0.0034764640874862807,2.2999028064769593
0.09992,0.0964472,0.003472800416946406,0.003472800416946406,3.475580878173364
0.058252,0.054787792,0.0034642077345848066,0.0034642077345848066,5.946933545007679
0.099902,0.0964472,0.003454800416946416,0.003454800416946416,3.4581894391385823
0.144249,0.14768054,-0.0034315359125137446,0.0034315359125137446,2.3788975383779762
0.099877,0.0964472,0.0034298004169464047,0.0034298004169464047,3.434024263356309
1.312484,1.3090732,0.003410790237426742,0.003410790237426742,0.259872900329975
0.256436,0.25302657,0.0034094251499176,0.0034094251499176,1.3295423219002236
0.256436,0.25302657,0.0034094251499176,0.0034094251499176,1.3295423219002236
0.249628,0.25302657,-0.0033985748500824087,0.0033985748500824087,1.361455785697499
0.144284,0.14768054,-0.0033965359125137373,0.0033965359125137373,2.354062758282051
0.465147,0.46854284,-0.0033958440570831527,0.0033958440570831527,0.730058251768386
7.51171,7.5150905,-0.0033804655456544097,0.0033804655456544097,0.045002609866587065
0.249652,0.25302657,-0.0033745748500823847,0.0033745748500823847,1.3517115219307967
18.506716,18.503342,0.0033743251953133324,0.0033743251953133324,0.018232976586959566
0.144311,0.14768054,-0.003369535912513738,0.003369535912513738,2.334912730269228
0.249658,0.25302657,-0.0033685748500824064,0.0033685748500824064,1.3492757487174978
18.50671,18.503342,0.00336832519531427,0.00336832519531427,0.01820056182485201
0.144331,0.14768054,-0.003349535912513746,0.003349535912513746,2.3207321436094905
0.256367,0.25302657,0.003340425149917614,0.003340425149917614,1.3029856216340747
0.099773,0.0964472,0.0033258004169464117,0.0033258004169464117,3.3333671570595698
0.144365,0.14768054,-0.0033155359125137396,0.0033155359125137396,2.2966341635556438
39.088906,39.0922,-0.003295232910154766,0.003295232910154766,0.00843009755797805
0.144408,0.14768054,-0.0032725359125137243,0.0032725359125137243,2.26617355703808
0.144414,0.14768054,-0.003266535912513746,0.003266535912513746,2.261924681991927
0.249761,0.25302657,-0.0032655748500823867,0.0032655748500823867,1.307479890285075
0.150935,0.14768054,0.0032544640874862807,0.0032544640874862807,2.1562023952894145
3.652569,3.6493187,0.0032503049316408017,0.0032503049316408017,0.08898681808753824
0.249806,0.25302657,-0.003220574850082397,0.003220574850082397,1.2892303822939268
0.249813,0.25302657,-0.00321357485008239,0.00321357485008239,1.2863921608547186
0.076468,0.073260814,0.0032071860485076847,0.0032071860485076847,4.194154475484557
0.249838,0.25302657,-0.003188574850082393,0.003188574850082393,1.2762569540286648
39.089021,39.0922,-0.0031802329101537907,0.0031802329101537907,0.008135872500223667
39.095373,39.0922,0.0031717670898459005,0.0031717670898459005,0.008112896351795358
3.289191,3.2860546,0.0031363887939455104,0.0031363887939455104,0.09535441370994131
0.099577,0.0964472,0.00312980041694641,0.00312980041694641,3.143095708650908
0.249898,0.25302657,-0.0031285748500823884,0.0031285748500823884,1.25194073135057
0.249899,0.25302657,-0.0031275748500823874,0.0031275748500823874,1.2515355598985396
39.089094,39.0922,-0.003107232910153357,0.003107232910153357,0.007949104448789239
3.282948,3.2860546,-0.003106611206054488,0.003106611206054488,0.09462870584486441
0.150773,0.14768054,0.0030924640874862575,0.0030924640874862575,2.05107286147731
39.089122,39.0922,-0.003079232910152996,0.003079232910152996,0.007877467573063212
3.652396,3.6493187,0.003077304931640601,0.003077304931640601,0.08425441632167888
1.19817,1.2012366,-0.003066605644226117,0.003066605644226117,0.25594078002037907
3.282991,3.2860546,-0.003063611206054695,0.003063611206054695,0.09331768518285238
1.198213,1.2012366,-0.0030236056442261017,0.0030236056442261017,0.25234291765936095
0.099468,0.0964472,0.003020800416946412,0.003020800416946412,3.0369570252839657
0.144663,0.14768054,-0.003017535912513719,0.003017535912513719,2.0859071845792023
7.512076,7.5150905,-0.003014465545653877,0.003014465545653877,0.040128262089118225
0.076263,0.073260814,0.003002186048507688,0.003002186048507688,3.936622011422402
0.07626,0.073260814,0.002999186048507685,0.002999186048507685,3.932842964299557
0.099438,0.0964472,0.0029908004169464097,0.0029908004169464097,3.0077037087820613
0.099426,0.0964472,0.0029788004169464116,0.0029788004169464116,2.9959974392517195
0.144705,0.14768054,-0.0029755359125137326,0.0029755359125137326,2.05627719184372
0.144713,0.14768054,-0.0029675359125137246,0.0029675359125137246,2.0506353337040135
1.198279,1.2012366,-0.00295760564422598,0.00295760564422598,0.2468211196206525
0.465586,0.46854284,-0.00295684405708313,0.00295684405708313,0.6350801047385553
1.198281,1.2012366,-0.0029556056442261447,0.0029556056442261447,0.24665380190285008
1.198283,1.2012366,-0.002953605644226087,0.002953605644226087,0.24648648474355395
1.312022,1.3090732,0.0029487902374267794,0.0029487902374267794,0.22475158474492257
0.057735,0.054787792,0.00294720773458481,0.00294720773458481,5.104715907993581
0.144744,0.14768054,-0.0029365359125137214,0.0029365359125137214,2.0287790239905914
39.089273,39.0922,-0.0029282329101576465,0.0029282329101576465,0.007491141905223347
0.099368,0.0964472,0.002920800416946409,0.002920800416946409,2.9393772784065617
18.506262,18.503342,0.0029203251953120457,0.0029203251953120457,0.01578020021167033
1.198328,1.2012366,-0.0029086056442260144,0.0029086056442260144,0.24272199631347113
0.144773,0.14768054,-0.00290753591251372,0.00290753591251372,2.0083412725476286
18.500439,18.503342,-0.002902674804687422,0.002902674804687422,0.015689761765500444
0.099349,0.0964472,0.002901800416946418,0.002901800416946418,2.9208149191492647
1.198336,1.2012366,-0.0029006056442260064,0.0029006056442260064,0.242052783525151
0.144789,0.14768054,-0.002891535912513732,0.002891535912513732,1.9970687762997623
1.198348,1.2012366,-0.0028886056442261054,0.0028886056442261054,0.24104898109606362
0.099335,0.0964472,0.0028878004169464178,0.0028878004169464178,2.9071328474749936
1.198352,1.2012366,-0.0028846056442259904,0.0028846056442259904,0.2407143847538349
0.144797,0.14768054,-0.002883535912513724,0.002883535912513724,1.991433462379946
0.144806,0.14768054,-0.0028745359125137426,0.0028745359125137426,1.9850944784944327
0.144806,0.14768054,-0.0028745359125137426,0.0028745359125137426,1.9850944784944327
0.076128,0.073260814,0.0028671860485076917,0.0028671860485076917,3.7662700251437338
1.198371,1.2012366,-0.002865605644225999,0.002865605644225999,0.23912508263191232
0.144816,0.14768054,-0.0028645359125137326,0.0028645359125137326,1.9780520871558946
1.198375,1.2012366,-0.002861605644226106,0.002861605644226106,0.23879049913318584
1.198377,1.2012366,-0.0028596056442260487,0.0028596056442260487,0.23862320822140487
1.198387,1.2012366,-0.002849605644225983,0.002849605644225983,0.23778676203832283
1.198389,1.2012366,-0.0028476056442261477,0.0028476056442261477,0.23761947447686255
0.150527,0.14768054,0.0028464640874862612,0.0028464640874862612,1.890999013861475
1.198402,1.2012366,-0.002834605644226107,0.002834605644226107,0.23653211893751636
1.198406,1.2012366,-0.002830605644225992,0.002830605644225992,0.2361975527483836
0.144856,0.14768054,-0.0028245359125137204,0.0028245359125137204,1.949892245101223
0.144857,0.14768054,-0.0028235359125137194,0.0028235359125137194,1.9491884483073172
0.204903,0.2020803,0.002822705510139467,0.002822705510139467,1.3775813476434633
1.198418,1.2012366,-0.002818605644226091,0.002818605644226091,0.23519386758133615
1.198424,1.2012366,-0.0028126056442261405,0.0028126056442261405,0.23469203253535048
0.076072,0.073260814,0.002811186048507691,0.002811186048507691,3.6954280744718995
1.19843,1.2012366,-0.002806605644225968,0.002806605644225968,0.23419020251427095
1.198445,1.2012366,-0.0027916056442260917,0.0027916056442260917,0.23293564944516904
1.198445,1.2012366,-0.0027916056442260917,0.0027916056442260917,0.23293564944516904
1.198449,1.2012366,-0.0027876056442259767,0.0027876056442259767,0.23260110726391992
0.150462,0.14768054,0.0027814640874862795,0.0027814640874862795,1.8486156542101415
7.517871,7.5150905,0.0027805344543461175,0.0027805344543461175,0.03698566328564472
1.198457,1.2012366,-0.0027796056442259687,0.0027796056442259687,0.23193202960089818
0.144907,0.14768054,-0.002773535912513725,0.002773535912513725,1.9140109936716059
18.500575,18.503342,-0.0027666748046861755,0.0027666748046861755,0.014954534141080594
0.465786,0.46854284,-0.002756844057083152,0.002756844057083152,0.5918692396274863
1.198481,1.2012366,-0.0027556056442261667,0.0027556056442261667,0.22992485020590583
0.204835,0.2020803,0.0027547055101394546,0.0027547055101394546,1.344841217953286
1.198486,1.2012366,-0.002750605644226134,0.002750605644226134,0.22950669795029957
0.204827,0.2020803,0.0027467055101394744,0.0027467055101394744,1.3409880088066934
1.198494,1.2012366,-0.002742605644226126,0.002742605644226126,0.2288376615984134
1.198506,1.2012366,-0.002730605644226003,0.002730605644226003,0.2278341238173333
1.198518,1.2012366,-0.002718605644226102,0.002718605644226102,0.22683060613184544
0.357351,0.36006913,-0.0027181258907318373,0.0027181258907318373,0.7606319528897934
0.144963,0.14768054,-0.0027175359125137244,0.0027175359125137244,1.8746410536751328
1.198527,1.2012366,-0.0027096056442261762,0.0027096056442261762,0.22607798105508664
1.19853,1.2012366,-0.002706605644225979,0.002706605644225979,0.22582710854130908
0.150386,0.14768054,0.002705464087486259,0.002705464087486259,1.799013262994724
0.150381,0.14768054,0.002700464087486254,0.002700464087486254,1.795748190057591
0.15038,0.14768054,0.0026994640874862808,0.0026994640874862808,1.7950951494156038
1.198541,1.2012366,-0.0026956056442259957,0.0026956056442259957,0.22490725340235238
0.465852,0.46854284,-0.0026908440570831416,0.0026908440570831416,0.577617796318471
1.198549,1.2012366,-0.0026876056442259877,0.0026876056442259877,0.22423827845184044
0.150368,0.14768054,0.0026874640874862687,0.0026874640874862687,1.7872579842114082
0.144995,0.14768054,-0.00268553591251372,0.00268553591251372,1.8521575989941461
0.150366,0.14768054,0.0026854640874862667,0.0026854640874862667,1.7859516683959904
39.094883,39.0922,0.002681767089846687,0.002681767089846687,0.006859637077926099
0.150362,0.14768054,0.0026814640874862627,0.0026814640874862627,1.7833389325114881
1.198557,1.2012366,-0.0026796056442259797,0.0026796056442259797,0.22356931243173334
1.198561,1.2012366,-0.0026756056442260867,0.0026756056442260867,0.22323483277053496
0.145006,0.14768054,-0.002674535912513737,0.002674535912513737,1.8444312033083499
0.145007,0.14768054,-0.002673535912513736,0.002673535912513736,1.8437288618273646
1.198567,1.2012366,-0.0026696056442261362,0.0026696056442261362,0.2227331174647227
0.145012,0.14768054,-0.002668535912513731,0.002668535912513731,1.840217299722446
0.145029,0.14768054,-0.0026515359125137417,0.0026515359125137417,1.828279799685209
1.198586,1.2012366,-0.002650605644226145,0.002650605644226145,0.22114438546795978
39.089551,39.0922,-0.0026502329101560917,0.0026502329101560917,0.006779901130481932
0.357425,0.36006913,-0.002644125890731819,0.002644125890731819,0.7397708302418824
1.19861,1.2012366,-0.002626605644226121,0.002626605644226121,0.2191376380980455
39.089575,39.0922,-0.002626232910152737,0.002626232910152737,0.00671849952358402
1.198615,1.2012366,-0.002621605644226088,0.002621605644226088,0.21871957584440113
0.471164,0.46854284,0.0026211559429168974,0.0026211559429168974,0.5563149863658051
0.357456,0.36006913,-0.0026131258907318156,0.0026131258907318156,0.7310342783449658
0.357466,0.36006913,-0.0026031258907318056,0.0026031258907318056,0.7282163590393461
0.357468,0.36006913,-0.0026011258907318036,0.0026011258907318036,0.7276527940974159
0.35747,0.36006913,-0.0025991258907318016,0.0025991258907318016,0.7270892354616366
1.198639,1.2012366,-0.002597605644226064,0.002597605644226064,0.21671292557720476
0.357472,0.36006913,-0.0025971258907317996,0.0025971258907317996,0.7265256831319022
0.357474,0.36006913,-0.0025951258907317976,0.0025951258907317976,0.7259621371081072
0.357474,0.36006913,-0.0025951258907317976,0.0025951258907317976,0.7259621371081072
1.198643,1.2012366,-0.0025936056442261712,0.0025936056442261712,0.21637849167848916
0.357478,0.36006913,-0.0025911258907317936,0.0025911258907317936,0.7248350639779115
17.339825,17.337234,0.002590502929688654,0.002590502929688654,0.014939614036898956
18.50593,18.503342,0.0025883251953118247,0.0025883251953118247,0.013986463772951905
0.145093,0.14768054,-0.002587535912513733,0.002587535912513733,1.783363712053903
0.357482,0.36006913,-0.0025871258907317896,0.0025871258907317896,0.7237080160702025
1.198653,1.2012366,-0.0025836056442261057,0.0025836056442261057,0.21554241669695598
0.357495,0.36006913,-0.0025741258907318043,0.0025741258907318043,0.7200452845527235
0.357495,0.36006913,-0.0025741258907318043,0.0025741258907318043,0.7200452845527235
0.357497,0.36006913,-0.0025721258907318023,0.0025721258907318023,0.7194818110396228
0.357501,0.36006913,-0.0025681258907317983,0.0025681258907317983,0.7183548829271648
0.357509,0.36006913,-0.0025601258907317903,0.0025601258907317903,0.7161011023542594
1.318823,1.3162646,0.0025583706359864067,0.0025583706359864067,0.19398893072022685
1.198682,1.2012366,-0.002554605644226049,0.002554605644226049,0.21311787813723163
0.357515,0.36006913,-0.0025541258907317843,0.0025541258907317843,0.7144108331167569
0.357515,0.36006913,-0.0025541258907317843,0.0025541258907317843,0.7144108331167569
0.357517,0.36006913,-0.002552125890731838,0.002552125890731838,0.7138474226450743
18.505889,18.503342,0.002547325195312311,0.002547325195312311,0.013764943663601065
0.075806,0.073260814,0.002545186048507689,0.002545186048507689,3.3574994659396213
0.357529,0.36006913,-0.002540125890731826,0.002540125890731826,0.7104670921859091
0.35753,0.36006913,-0.002539125890731797,0.002539125890731797,0.7101854082235369
0.357534,0.36006913,-0.002535125890731793,0.002535125890731793,0.7090586881311244
18.500808,18.503342,-0.0025336748046882462,0.0025336748046882462,0.013694941348910554
0.357538,0.36006913,-0.002531125890731789,0.002531125890731789,0.7079319932493489
0.357542,0.36006913,-0.002527125890731785,0.002527125890731785,0.7068053235773643
0.357544,0.36006913,-0.0025251258907318386,0.0025251258907318386,0.7062419981947947
1.198713,1.2012366,-0.0025236056442261567,0.0025236056442261567,0.21052625974821584
0.357546,0.36006913,-0.0025231258907318366,0.0025231258907318366,0.70567867911434
0.357546,0.36006913,-0.0025231258907318366,0.0025231258907318366,0.70567867911434
0.357548,0.36006913,-0.0025211258907318346,0.0025211258907318346,0.70511536633591
0.1502,0.14768054,0.0025194640874862673,0.0025194640874862673,1.6774061822961792
0.150199,0.14768054,0.0025184640874862663,0.0025184640874862663,1.6767515667943957
39.089684,39.0922,-0.0025172329101579294,0.0025172329101579294,0.006439634841129669
0.357552,0.36006913,-0.0025171258907318306,0.0025171258907318306,0.7039887596847009
0.357552,0.36006913,-0.0025171258907318306,0.0025171258907318306,0.7039887596847009
0.357554,0.36006913,-0.0025151258907318286,0.0025151258907318286,0.7034254658117104
0.357554,0.36006913,-0.0025151258907318286,0.0025151258907318286,0.7034254658117104
0.357556,0.36006913,-0.0025131258907318266,0.0025131258907318266,0.7028621782403216
0.357558,0.36006913,-0.0025111258907318246,0.0025111258907318246,0.7022988969704287
3.283544,3.2860546,-0.0025106112060546693,0.0025106112060546693,0.07646041003191091
0.35756,0.36006913,-0.0025091258907318226,0.0025091258907318226,0.7017356220019261
1.198729,1.2012366,-0.0025076056442261407,0.0025076056442261407,0.2091887027023583
0.357564,0.36006913,-0.0025051258907318186,0.0025051258907318186,0.7006090909686684
18.500838,18.503342,-0.0025036748046858293,0.0025036748046858293,0.013532764324904075
3.288558,3.2860546,0.0025033887939454047,0.0025033887939454047,0.07612420987768136
0.357566,0.36006913,-0.0025031258907318166,0.0025031258907318166,0.7000458349037019
39.089705,39.0922,-0.002496232910154106,0.002496232910154106,0.00638590879656861
0.357573,0.36006913,-0.0024961258907318373,0.0024961258907318373,0.6980744882957501
18.505835,18.503342,0.002493325195313645,0.002493325195313645,0.013473183973055915
0.357577,0.36006913,-0.0024921258907318333,0.0024921258907318333,0.6969480391733488
0.357579,0.36006913,-0.0024901258907318313,0.0024901258907318313,0.6963848240627796
1.198752,1.2012366,-0.0024846056442260345,0.0024846056442260345,0.20726602700298047
0.357585,0.36006913,-0.0024841258907318253,0.0024841258907318253,0.6946952165323295
0.466062,0.46854284,-0.0024808440570831536,0.0024808440570831536,0.5322991483001949
0.362549,0.36006913,0.0024798741092681986,0.0024798741092681986,0.6840107429848621
0.357595,0.36006913,-0.0024741258907318153,0.0024741258907318153,0.6918793299794281
0.357603,0.36006913,-0.0024661258907318073,0.0024661258907318073,0.6896267341275606
0.357607,0.36006913,-0.0024621258907318033,0.0024621258907318033,0.6885004739961194
0.357607,0.36006913,-0.0024621258907318033,0.0024621258907318033,0.6885004739961194
0.35761,0.36006913,-0.002459125890731828,0.002459125890731828,0.6876557954319432
0.150139,0.14768054,0.0024584640874862618,0.0024584640874862618,1.6374586788567946
0.357612,0.36006913,-0.002457125890731826,0.002457125890731826,0.6870926842624782
0.357618,0.36006913,-0.00245112589073182,0.00245112589073182,0.6854033885448765
18.505787,18.503342,0.002445325195314041,0.002445325195314041,0.013213840596462216
0.357626,0.36006913,-0.002443125890731812,0.002443125890731812,0.6831510824293147
1.318685,1.3162646,0.002420370635986435,0.002420370635986435,0.18354426082065775
8.423351,8.425771,-0.0024197595825192764,0.0024197595825192764,0.028726804599387458
8.428186,8.425771,0.0024152404174806463,0.0024152404174806463,0.02865670522045894
0.362482,0.36006913,0.002412874109268215,0.002412874109268215,0.6656534968915866
8.423363,8.425771,-0.0024077595825193754,0.0024077595825193754,0.028584302759964056
8.423363,8.425771,-0.0024077595825193754,0.0024077595825193754,0.028584302759964056
0.362467,0.36006913,0.002397874109268172,0.002397874109268172,0.6615427359198573
1.198842,1.2012366,-0.002394605644226111,0.002394605644226111,0.19974322254528687
0.362461,0.36006913,0.002391874109268166,0.002391874109268166,0.6598983362646651
39.089812,39.0922,-0.0023892329101542487,0.0023892329101542487,0.006112162704052238
39.089813,39.0922,-0.0023882329101567734,0.0023882329101567734,0.006109604336430732
0.357687,0.36006913,-0.0023821258907318343,0.0023821258907318343,0.6659805612353409
0.362451,0.36006913,0.0023818741092682116,0.0023818741092682116,0.6571575491890086
0.362449,0.36006913,0.0023798741092682096,0.0023798741092682096,0.6566093736254205
0.362449,0.36006913,0.0023798741092682096,0.0023798741092682096,0.6566093736254205
0.362439,0.36006913,0.0023698741092681996,0.0023698741092681996,0.6538684050597013
0.357702,0.36006913,-0.0023671258907317916,0.0023671258907317916,0.661759199017627
0.15004,0.14768054,0.002359464087486274,0.002359464087486274,1.5725567088201258
0.36242,0.36006913,0.0023508741092682084,0.0023508741092682084,0.6486601480656553
3.288404,3.2860546,0.002349388793945195,0.002349388793945195,0.07144465199147522
0.07561,0.073260814,0.002349186048507687,0.002349186048507687,3.1069779730203804
0.075607,0.073260814,0.002346186048507684,0.002346186048507684,3.1031333678158783
1.318605,1.3162646,0.002340370635986355,0.002340370635986355,0.17748837868875567
0.362406,0.36006913,0.0023368741092681944,0.0023368741092681944,0.6448221355671186
0.362404,0.36006913,0.0023348741092681924,0.0023348741092681924,0.6442738238606414
8.423437,8.425771,-0.00233375958251969,0.00233375958251969,0.027705550388659458
0.362398,0.36006913,0.0023288741092681864,0.0023288741092681864,0.6426288524289752
0.362392,0.36006913,0.0023228741092681804,0.0023228741092681804,0.6409838265268539
0.362391,0.36006913,0.002321874109268207,0.002321874109268207,0.640709650247246
0.36239,0.36006913,0.0023208741092681784,0.0023208741092681784,0.640435472454467
0.362386,0.36006913,0.0023168741092681744,0.0023168741092681744,0.639338746151572
0.362385,0.36006913,0.002315874109268201,0.002315874109268201,0.6390645607928408
0.362385,0.36006913,0.002315874109268201,0.002315874109268201,0.6390645607928408
0.362383,0.36006913,0.002313874109268199,0.002313874109268199,0.6385161855356578
0.362381,0.36006913,0.002311874109268197,0.002311874109268197,0.6379678042254503
0.362379,0.36006913,0.002309874109268195,0.002309874109268195,0.6374194168621182
0.362377,0.36006913,0.002307874109268193,0.002307874109268193,0.6368710234455615
0.362375,0.36006913,0.002305874109268191,0.002305874109268191,0.6363226239756795
0.362375,0.36006913,0.002305874109268191,0.002305874109268191,0.6363226239756795
0.362375,0.36006913,0.002305874109268191,0.002305874109268191,0.6363226239756795
0.362373,0.36006913,0.002303874109268189,0.002303874109268189,0.6357742184523723
0.362371,0.36006913,0.002301874109268187,0.002301874109268187,0.6352258068755395
0.098749,0.0964472,0.0023018004169464146,0.0023018004169464146,2.3309607333901647
0.068613,0.06631284,0.0023001579289436275,0.0023001579289436275,3.3523646037795505
0.362369,0.36006913,0.002299874109268185,0.002299874109268185,0.634677389245081
0.362367,0.36006913,0.002297874109268183,0.002297874109268183,0.6341289655608966
0.362361,0.36006913,0.002291874109268177,0.002291874109268177,0.632483658184985
0.362361,0.36006913,0.002291874109268177,0.002291874109268177,0.632483658184985
0.362359,0.36006913,0.002289874109268175,0.002289874109268175,0.6319352102848942
0.362359,0.36006913,0.002289874109268175,0.002289874109268175,0.6319352102848942
0.362357,0.36006913,0.002287874109268173,0.002287874109268173,0.6313867563305763
0.362353,0.36006913,0.002283874109268169,0.002283874109268169,0.6302898302588579
0.362351,0.36006913,0.002281874109268167,0.002281874109268167,0.6297413581412569
0.357794,0.36006913,-0.0022751258907318106,0.0022751258907318106,0.6358759202490636
0.466269,0.46854284,-0.002273844057083141,0.002273844057083141,0.48766786052589234
0.362342,0.36006913,0.002272874109268186,0.002272874109268186,0.6272731586845888
0.362342,0.36006913,0.002272874109268186,0.002272874109268186,0.6272731586845888
0.362338,0.36006913,0.002268874109268182,0.002268874109268182,0.6261761417908157
7.517356,7.5150905,0.0022655344543460743,0.0022655344543460743,0.030137384132345693
0.362334,0.36006913,0.002264874109268178,0.002264874109268178,0.625079100675923
0.362332,0.36006913,0.002262874109268176,0.002262874109268176,0.6245305710353062
18.501082,18.503342,-0.0022596748046872506,0.0022596748046872506,0.012213744064671659
0.35781,0.36006913,-0.0022591258907317946,0.0022591258907317946,0.6313758391605653
0.362328,0.36006913,0.002258874109268172,0.002258874109268172,0.6234334935872299
8.423512,8.425771,-0.0022587595825189766,0.0022587595825189766,0.026814938739235624
0.362326,0.36006913,0.00225687410926817,0.00225687410926817,0.6228849457795701
0.362326,0.36006913,0.00225687410926817,0.00225687410926817,0.6228849457795701
0.088709,0.08645217,0.002256828793525692,0.002256828793525692,2.5440809737248884
0.362324,0.36006913,0.002254874109268168,0.002254874109268168,0.6223363919160286
0.36232,0.36006913,0.002250874109268164,0.002250874109268164,0.6212392660209
0.36232,0.36006913,0.002250874109268164,0.002250874109268164,0.6212392660209
0.362308,0.36006913,0.0022388741092682074,0.0022388741092682074,0.6179477429839417
0.362308,0.36006913,0.0022388741092682074,0.0022388741092682074,0.6179477429839417
0.06855,0.06631284,0.002237157928943634,0.002237157928943634,3.2635418317725637
0.362306,0.36006913,0.0022368741092682054,0.0022368741092682054,0.6173991346129531
0.362306,0.36006913,0.0022368741092682054,0.0022368741092682054,0.6173991346129531
0.362297,0.36006913,0.0022278741092681686,0.0022278741092681686,0.6149303219881033
0.362293,0.36006913,0.0022238741092681646,0.0022238741092681646,0.6138330325604777
0.362289,0.36006913,0.002219874109268216,0.002219874109268216,0.6127357189027214
0.362279,0.36006913,0.002209874109268206,0.002209874109268206,0.6099923287461358
0.362277,0.36006913,0.002207874109268204,0.002207874109268204,0.6094436325405036
8.42357,8.425771,-0.0022007595825197512,0.0022007595825197512,0.02612620993822839
0.088652,0.08645217,0.0021998287935256905,0.0021998287935256905,2.4814203752247783
39.090005,39.0922,-0.0021962329101583578,0.0021962329101583578,0.0056184001771111035
0.149874,0.14768054,0.0021934640874862743,0.0021934640874862743,1.4635387632429477
1.318458,1.3162646,0.002193370635986236,0.002193370635986236,0.16635877940896696
0.088644,0.08645217,0.0021918287935256964,0.0021918287935256964,2.472619456537472
0.362258,0.36006913,0.002188874109268213,0.002188874109268213,0.6042307164131592
18.501157,18.503342,-0.0021846748046883135,0.0021846748046883135,0.011808314499879687
0.36225,0.36006913,0.002180874109268205,0.002180874109268205,0.6020356407636078
8.423591,8.425771,-0.0021797595825194804,0.0021797595825194804,0.025876844952391488
0.149856,0.14768054,0.0021754640874862563,0.0021754640874862563,1.4517030255942727
0.357898,0.36006913,-0.0021711258907318176,0.0021711258907318176,0.6066325852967004
0.255178,0.25302657,0.0021514251499176185,0.0021514251499176185,0.8431076147138511
0.075407,0.073260814,0.0021461860485076922,0.0021461860485076922,2.8461363608969408
0.145543,0.14768054,-0.002137535912513727,0.002137535912513727,1.4686628082732005
0.362205,0.36006913,0.0021358741092681877,0.0021358741092681877,0.5896865335040933
0.357958,0.36006913,-0.002111125890731813,0.002111125890731813,0.5897691601087401
0.098555,0.0964472,0.002107800416946415,0.002107800416946415,2.1387046976893207
18.501235,18.503342,-0.0021066748046862926,0.0021066748046862926,0.011386671239378919
18.501237,18.503342,-0.0021046748046877894,0.0021046748046877894,0.011375859920482147
8.423667,8.425771,-0.0021037595825195154,0.0021037595825195154,0.024974391586164806
0.09854,0.0964472,0.0020928004169464137,0.0020928004169464137,2.12380801179481
18.501249,18.503342,-0.002092674804686112,0.002092674804686112,0.011310992056129838
0.10947,0.10738048,0.0020895204257965067,0.0020895204257965067,1.9087607781928801
1.318342,1.3162646,0.002077370635986231,0.002077370635986231,0.15757448642527178
0.094371,0.0964472,-0.0020761995830535923,0.0020761995830535923,2.2000398224598157
0.094382,0.0964472,-0.002065199583053595,0.002065199583053595,2.188128648328566
18.501282,18.503342,-0.0020596748046877167,0.0020596748046877167,0.011132605863077944
0.466495,0.46854284,-0.002047844057083137,0.002047844057083137,0.4389852102689528
1.203276,1.2012366,0.002039394355773938,0.002039394355773938,0.16948683058620392
8.427801,8.425771,0.0020302404174810107,0.0020302404174810107,0.02408980014427157
0.094432,0.0964472,-0.002015199583053587,0.002015199583053587,2.134021921509197
0.10939,0.10738048,0.00200952042579651,0.00200952042579651,1.8370238814877833
0.075262,0.073260814,0.002001186048507686,0.002001186048507686,2.6589594295244967
0.470536,0.46854284,0.00199315594291688,0.00199315594291688,0.42359265656470224
0.1457,0.14768054,-0.0019805359125137367,0.0019805359125137367,1.3593245786921153
0.109359,0.10738048,0.0019785204257965067,0.0019785204257965067,1.8091976188400674
1.203212,1.2012366,0.001975394355773874,0.001975394355773874,0.16417674986699743
0.094479,0.0964472,-0.0019681995830535953,0.0019681995830535953,2.0832138157372344
18.501376,18.503342,-0.001965674804687012,0.001965674804687012,0.010624478982949093
0.075219,0.073260814,0.0019581860485076846,0.0019581860485076846,2.60331305375553
0.09449,0.0964472,-0.0019571995830535843,0.0019571995830535843,2.071329856050645
0.128188,0.12623486,0.001953140771865841,0.001953140771865841,1.52365336095593
1.311014,1.3090732,0.0019407902374266595,0.0019407902374266595,0.14803733882922854
18.501405,18.503342,-0.0019366748046891757,0.0019366748046891757,0.010467717477017061
1.203171,1.2012366,0.0019343943557739163,0.0019343943557739163,0.16077468253582755
1.203169,1.2012366,0.0019323943557738588,0.0019323943557738588,0.16060872210082291
18.50141,18.503342,-0.0019316748046875887,0.0019316748046875887,0.010440689680825127
1.203167,1.2012366,0.0019303943557740233,0.0019303943557740233,0.16044276111409142
0.466613,0.46854284,-0.00192984405708313,0.00192984405708313,0.41358557448453953
18.501414,18.503342,-0.0019276748046870296,0.0019276748046870296,0.010419067454393542
0.075183,0.073260814,0.0019221860485076903,0.0019221860485076903,2.5566764374273623
0.379301,0.37738296,0.0019180361042022698,0.0019180361042022698,0.5056765217325009
8.423854,8.425771,-0.0019167595825191341,0.0019167595825191341,0.022753950656034402
1.203147,1.2012366,0.0019103943557738923,0.0019103943557738923,0.1587831209000321
1.203147,1.2012366,0.0019103943557738923,0.0019103943557738923,0.1587831209000321
18.501442,18.503342,-0.0018996748046866685,0.0018996748046866685,0.01026771213117551
0.109273,0.10738048,0.001892520425796504,0.001892520425796504,1.7319195263830813
18.501454,18.503342,-0.0018876748046885439,0.0018876748046885439,0.010202845704334055
1.203116,1.2012366,0.001879394355774,0.001879394355774,0.15621056952262205
1.20311,1.2012366,0.0018733943557738275,0.0018733943557738275,0.1557126410401472
0.094574,0.0964472,-0.0018731995830535836,0.0018731995830535836,1.9806707774577714
8.423898,8.425771,-0.0018727595825200893,0.0018727595825200893,0.022231508293403576
3.284192,3.2860546,-0.0018626112060546873,0.0018626112060546873,0.0567144431871819
8.42391,8.425771,-0.0018607595825201884,0.0018607595825201884,0.02208902495988323
1.203097,1.2012366,0.0018603943557740088,0.0018603943557740088,0.1546337789570895
0.071401,0.073260814,-0.0018598139514923034,0.0018598139514923034,2.6047449599971406
1.203092,1.2012366,0.001855394355773976,0.001855394355773976,0.15421882579385093
0.071413,0.073260814,-0.0018478139514923053,0.0018478139514923053,2.5875036042524493
0.071414,0.073260814,-0.0018468139514923043,0.0018468139514923043,2.5860670861543076
0.254873,0.25302657,0.0018464251499176187,0.0018464251499176187,0.7244490978617466
1.203075,1.2012366,0.0018383943557738203,0.0018383943557738203,0.15280795923953305
0.109212,0.10738048,0.0018315204257965123,0.0018315204257965123,1.6770322163493758
1.203065,1.2012366,0.0018283943557739768,0.0018283943557739768,0.15197801911135297
0.358242,0.36006913,-0.0018271258907318066,0.0018271258907318066,0.5100255944924886
18.501519,18.503342,-0.0018226748046892283,0.0018226748046892283,0.009851487354521416
1.203057,1.2012366,0.0018203943557739688,0.0018203943557739688,0.1513140570748231
18.501522,18.503342,-0.0018196748046861444,0.0018196748046861444,0.009835270874884288
0.109199,0.10738048,0.0018185204257965132,0.0018185204257965132,1.665326993957075
1.203055,1.2012366,0.0018183943557739113,0.0018183943557739113,0.15114806518594437
1.203044,1.2012366,0.001807394355773928,0.001807394355773928,0.15023509993181403
18.501535,18.503342,-0.0018066748046869918,0.0018066748046869918,0.009764999523970454
0.094642,0.0964472,-0.001805199583053585,0.001805199583053585,1.9073979640605514
1.203036,1.2012366,0.00179939435577392,0.00179939435577392,0.14957111471513312
1.203036,1.2012366,0.00179939435577392,0.00179939435577392,0.14957111471513312
1.203034,1.2012366,0.0017973943557738625,0.0017973943557738625,0.1494051170311444
1.203028,1.2012366,0.001791394355773912,0.001791394355773912,0.14890712066759917
0.109165,0.10738048,0.001784520425796507,0.001784520425796507,1.6347001549597462
1.20302,1.2012366,0.001783394355773904,0.001783394355773904,0.148243117789036
1.203018,1.2012366,0.0017813943557738465,0.0017813943557738465,0.14807711568952164
1.203014,1.2012366,0.0017773943557739535,0.0017773943557739535,0.14774510983464934
0.071485,0.073260814,-0.0017758139514923027,0.0017758139514923027,2.4841770287586566
0.109156,0.10738048,0.0017755204257965118,0.0017755204257965118,1.6265898568744934
0.109154,0.10738048,0.0017735204257965098,0.0017735204257965098,1.6247873867853881
0.071497,0.073260814,-0.0017638139514923046,0.0017638139514923046,2.4669761654689406
0.109142,0.10738048,0.0017615204257965117,0.0017615204257965117,1.6139711789984978
1.202997,1.2012366,0.0017603943557740198,0.0017603943557740198,0.14633406031999127
0.10914,0.10738048,0.0017595204257965097,0.0017595204257965097,1.6121682464580738
0.109136,0.10738048,0.0017555204257965057,0.0017555204257965057,1.6085621831365853
18.505097,18.503342,0.001755325195311741,0.001755325195311741,0.009485630879439625
18.501588,18.503342,-0.0017536748046858008,0.0017536748046858008,0.009478509653746059
0.109134,0.10738048,0.0017535204257965037,0.0017535204257965037,1.6067590523482551
18.501589,18.503342,-0.0017526748046883256,0.0017526748046883256,0.009473104200287082
0.127986,0.12623486,0.0017511407718658334,0.0017511407718658334,1.3682283769299806
0.254777,0.25302657,0.0017504251499175782,0.0017504251499175782,0.6870420600095519
1.202987,1.2012366,0.0017503943557739543,0.0017503943557739543,0.1455040125644292
1.202985,1.2012366,0.0017483943557738968,0.0017483943557738968,0.14533800135733685
0.47029,0.46854284,0.001747155942916856,0.001747155942916856,0.3715060797689404
0.109122,0.10738048,0.0017415204257965056,0.0017415204257965056,1.595938879603166
1.202977,1.2012366,0.0017403943557738888,0.0017403943557738888,0.14467395100897312
1.202977,1.2012366,0.0017403943557738888,0.0017403943557738888,0.14467395100897312
0.109119,0.10738048,0.0017385204257965026,0.0017385204257965026,1.5932334645692037
0.109119,0.10738048,0.0017385204257965026,0.0017385204257965026,1.5932334645692037
0.109119,0.10738048,0.0017385204257965026,0.0017385204257965026,1.5932334645692037
0.109118,0.10738048,0.0017375204257965154,0.0017375204257965154,1.592331626499921
0.109115,0.10738048,0.0017345204257965124,0.0017345204257965124,1.5896260131117506
18.505074,18.503342,0.001732325195312967,0.001732325195312967,0.00936135243395193
0.109111,0.10738048,0.0017305204257965084,0.0017305204257965084,1.5860182971565564
1.202967,1.2012366,0.0017303943557738233,0.0017303943557738233,0.14384387565327889
1.202966,1.2012366,0.0017293943557739055,0.0017293943557739055,0.14376086735869048
0.165372,0.16709742,-0.001725419500350961,0.001725419500350961,1.0433564928207946
1.20296,1.2012366,0.001723394355773955,0.001723394355773955,0.14326281469298166
0.109101,0.10738048,0.0017205204257965123,0.0017205204257965123,1.576997849900106
0.109101,0.10738048,0.0017205204257965123,0.0017205204257965123,1.576997849900106
1.202948,1.2012366,0.001711394355773832,0.001711394355773832,0.1422666944565821
1.202946,1.2012366,0.0017093943557739966,0.0017093943557739966,0.14210067248504055
0.109089,0.10738048,0.0017085204257965142,0.0017085204257965142,1.5661711302059265
0.109089,0.10738048,0.0017085204257965142,0.0017085204257965142,1.5661711302059265
0.254734,0.25302657,0.0017074251499176185,0.0017074251499176185,0.6702776815216425
0.254733,0.25302657,0.0017064251499175898,0.0017064251499175898,0.6698877449123993
18.505048,18.503342,0.0017063251953111092,0.0017063251953111092,0.009220863384422935
0.109085,0.10738048,0.0017045204257965102,0.0017045204257965102,1.562561694306228
0.165394,0.16709742,-0.001703419500350939,0.001703419500350939,1.0299161392317875
1.20294,1.2012366,0.001703394355773824,0.001703394355773824,0.14160260325803628
0.109083,0.10738048,0.0017025204257965082,0.0017025204257965082,1.5607568770896945
8.424069,8.425771,-0.0017017595825201681,0.0017017595825201681,0.020201159113249986
1.202936,1.2012366,0.001699394355773931,0.001699394355773931,0.14127055434642077
0.071565,0.073260814,-0.001695813951492306,0.001695813951492306,2.3696135668590688
0.109074,0.10738048,0.001693520425796513,0.001693520425796513,1.552634380552541
0.109074,0.10738048,0.001693520425796513,0.001693520425796513,1.552634380552541
0.071568,0.073260814,-0.001692813951492303,0.001692813951492303,2.3653224194150746
0.145988,0.14768054,-0.0016925359125137263,0.0016925359125137263,1.1593664625547029
0.165405,0.16709742,-0.0016924195003509557,0.0016924195003509557,1.0231973031817407
8.424079,8.425771,-0.0016917595825187703,0.0016917595825187703,0.020082427794168214
1.202928,1.2012366,0.001691394355773923,0.001691394355773923,0.14060644989835772
0.165407,0.16709742,-0.0016904195003509537,0.0016904195003509537,1.0219757926381456
0.10907,0.10738048,0.001689520425796509,0.001689520425796509,1.5490239518176265
1.202926,1.2012366,0.0016893943557738655,0.0016893943557738655,0.1404404224061518
0.071574,0.073260814,-0.0016868139514923108,0.0016868139514923108,2.3567412036990665
0.165413,0.16709742,-0.0016844195003509477,0.0016844195003509477,1.0183114382380078
0.165413,0.16709742,-0.0016844195003509477,0.0016844195003509477,1.0183114382380078
0.109064,0.10738048,0.001683520425796503,0.001683520425796503,1.54360781215882
0.109058,0.10738048,0.001677520425796511,0.001677520425796511,1.5381910765448843
0.109056,0.10738048,0.001675520425796509,0.001675520425796509,1.5363853655554245
0.109056,0.10738048,0.001675520425796509,0.001675520425796509,1.5363853655554245
0.109056,0.10738048,0.001675520425796509,0.001675520425796509,1.5363853655554245
0.109056,0.10738048,0.001675520425796509,0.001675520425796509,1.5363853655554245
8.424096,8.425771,-0.0016747595825190587,0.0016747595825190587,0.019880585198686934
0.109054,0.10738048,0.001673520425796507,0.001673520425796507,1.5345795883341533
0.109052,0.10738048,0.001671520425796505,0.001671520425796505,1.5327737448774268
0.165427,0.16709742,-0.0016704195003509614,0.0016704195003509614,1.0097623116789878
0.165427,0.16709742,-0.0016704195003509614,0.0016704195003509614,1.0097623116789878
0.165431,0.16709742,-0.0016664195003509574,0.0016664195003509574,1.0073199698627449
0.109046,0.10738048,0.0016655204257965128,0.0016655204257965128,1.5273558170580828
3.650983,3.6493187,0.0016643049316407144,0.0016643049316407144,0.04558511862682267
0.109044,0.10738048,0.0016635204257965108,0.0016635204257965108,1.525549708623089
0.071599,0.073260814,-0.0016618139514923136,0.0016618139514923136,2.321001618976958
0.165438,0.16709742,-0.0016594195003509504,0.0016594195003509504,1.0030461558698147
1.202895,1.2012366,0.0016583943557739733,0.0016583943557739733,0.13786692567814368
0.109038,0.10738048,0.0016575204257965048,0.0016575204257965048,1.520130985781447
1.202893,1.2012366,0.0016563943557739158,0.0016563943557739158,0.13770088907626987
1.202893,1.2012366,0.0016563943557739158,0.0016563943557739158,0.13770088907626987
0.109036,0.10738048,0.0016555204257965028,0.0016555204257965028,1.5183246123098595
18.504997,18.503342,0.001655325195311974,0.001655325195311974,0.00894528756369444
3.2844,3.2860546,-0.0016546112060544793,0.0016546112060544793,0.05037788351005058
0.109035,0.10738048,0.0016545204257965157,0.0016545204257965157,1.5174214007237075
1.202889,1.2012366,0.0016523943557740228,0.0016523943557740228,0.13736881421616243
0.109031,0.10738048,0.0016505204257965117,0.0016505204257965117,1.5138083886992721
0.109031,0.10738048,0.0016505204257965117,0.0016505204257965117,1.5138083886992721
18.50499,18.503342,0.0016483251953118838,0.0016483251953118838,0.008907463312884669
1.310719,1.3090732,0.0016457902374267253,0.0016457902374267253,0.12556392615817435
1.20288,1.2012366,0.001643394355773875,0.001643394355773875,0.13662163770594352
0.165456,0.16709742,-0.0016414195003509602,0.0016414195003509602,0.992058008992664
1.202878,1.2012366,0.0016413943557738175,0.0016413943557738175,0.13645559696306375
0.165462,0.16709742,-0.0016354195003509542,0.0016354195003509542,0.9883958246380186
18.50171,18.503342,-0.0016316748046882878,0.0016316748046882878,0.008819048642960401
0.109011,0.10738048,0.0016305204257965056,0.0016305204257965056,1.4957393513505668
0.109009,0.10738048,0.0016285204257965036,0.0016285204257965036,1.4939320829496388
0.074889,0.073260814,0.0016281860485076877,0.0016281860485076877,2.174132444462545
0.375756,0.37738296,-0.0016269638957977506,0.0016269638957977506,0.43298414273218966
0.071634,0.073260814,-0.0016268139514923063,0.0016268139514923063,2.2710081095866466
0.071638,0.073260814,-0.0016228139514923162,0.0016228139514923162,2.265297676131409
18.504962,18.503342,0.0016203251953115227,0.0016203251953115227,0.008756166023484765
0.094827,0.0964472,-0.0016201995830535942,0.0016201995830535942,1.7085846661235828
0.16548,0.16709742,-0.001617419500350964,0.001617419500350964,0.9774108649828094
0.375767,0.37738296,-0.0016159638957977118,0.0016159638957977118,0.4300441218541457
0.108995,0.10738048,0.0016145204257965035,0.0016145204257965035,1.4812793470482355
0.203693,0.2020803,0.0016127055101394783,0.0016127055101394783,0.7917333974892338
1.202848,1.2012366,0.001611394355773843,0.001611394355773843,0.13396491956089865
0.074871,0.073260814,0.0016101860485076835,0.0016101860485076835,2.1506137841848916
0.375774,0.37738296,-0.0016089638957977326,0.0016089638957977326,0.4281732890965206
0.165489,0.16709742,-0.001608419500350955,0.001608419500350955,0.9719192812688672
18.501736,18.503342,-0.00160567480468643,0.00160567480468643,0.008678508896017928
0.165493,0.16709742,-0.001604419500350951,0.001604419500350951,0.9694787691210336
1.20284,1.2012366,0.001603394355773835,0.001603394355773835,0.13330071793759224
1.202838,1.2012366,0.0016013943557739996,0.0016013943557739996,0.13313466615129094
1.202838,1.2012366,0.0016013943557739996,0.0016013943557739996,0.13313466615129094
0.149281,0.14768054,0.0016004640874862641,0.0016004640874862641,1.0721150624755655
8.424171,8.425771,-0.0015997595825201216,0.0015997595825201216,0.018990112884711523
0.165499,0.16709742,-0.001598419500350945,0.001598419500350945,0.965818222095074
1.202835,1.2012366,0.0015983943557740243,0.0015983943557740243,0.13288558743644294
39.090604,39.0922,-0.0015972329101572313,0.0015972329101572313,0.004085976543501721
1.202827,1.2012366,0.0015903943557740163,0.0015903943557740163,0.13222137145589472
0.074849,0.073260814,0.0015881860485076893,0.0015881860485076893,2.1218533933463855
18.501757,18.503342,-0.0015846748046861592,0.0015846748046861592,0.008564996311850783
0.165513,0.16709742,-0.0015844195003509587,0.0015844195003509587,0.9572779777985297
0.165513,0.16709742,-0.0015844195003509587,0.0015844195003509587,0.9572779777985297
1.202819,1.2012366,0.0015823943557740083,0.0015823943557740083,0.13155714663988938
0.165517,0.16709742,-0.0015804195003509547,0.0015804195003509547,0.9548381733574899
0.165519,0.16709742,-0.0015784195003509527,0.0015784195003509527,0.9536183153579554
0.071687,0.073260814,-0.0015738139514923088,0.0015738139514923088,2.1953965841741354
0.14611,0.14768054,-0.001570535912513743,0.001570535912513743,1.0748996724651587
0.165528,0.16709742,-0.0015694195003509437,0.0015694195003509437,0.9481293191501221
0.375814,0.37738296,-0.001568963895797748,0.001568963895797748,0.41748415316626414
1.202803,1.2012366,0.0015663943557739923,0.0015663943557739923,0.13022867050080217
0.375819,0.37738296,-0.0015639638957977153,0.0015639638957977153,0.4161481711625988
0.375819,0.37738296,-0.0015639638957977153,0.0015639638957977153,0.4161481711625988
1.202799,1.2012366,0.0015623943557738773,0.0015623943557738773,0.129896545943585
0.165538,0.16709742,-0.0015594195003509614,0.0015594195003509614,0.9420311344881117
0.16554,0.16709742,-0.0015574195003509594,0.0015574195003509594,0.9408115859672272
0.165546,0.16709742,-0.0015514195003509534,0.0015514195003509534,0.9371531172083893
0.375833,0.37738296,-0.0015499638957977568,0.0015499638957977568,0.41240761066360576
0.16555,0.16709742,-0.0015474195003509494,0.0015474195003509494,0.9347142853616642
0.074808,0.073260814,0.00154718604850769,0.00154718604850769,2.0682093445079146
0.25148,0.25302657,-0.0015465748500824161,0.0015465748500824161,0.6149892037010605
0.165552,0.16709742,-0.0015454195003509474,0.0015454195003509474,0.933494913632848
8.424227,8.425771,-0.0015437595825193995,0.0015437595825193995,0.018325237229493866
0.165556,0.16709742,-0.0015414195003509434,0.0015414195003509434,0.9310562585589691
0.165564,0.16709742,-0.0015334195003509632,0.0015334195003509632,0.9261793019163489
0.375853,0.37738296,-0.0015299638957977368,0.0015299638957977368,0.40706443619996974
0.165568,0.16709742,-0.0015294195003509592,0.0015294195003509592,0.9237410003305095
0.165571,0.16709742,-0.0015264195003509562,0.0015264195003509562,0.9219123514558972
1.202762,1.2012366,0.0015253943557740346,0.0015253943557740346,0.12682428906526896
1.20276,1.2012366,0.001523394355773977,0.001523394355773977,0.1266582157410721
39.090678,39.0922,-0.0015232329101593223,0.0015232329101593223,0.003896665363940287
0.165575,0.16709742,-0.0015224195003509522,0.0015224195003509522,0.9194742560359219
0.165575,0.16709742,-0.0015224195003509522,0.0015224195003509522,0.9194742560359219
0.2036,0.2020803,0.0015197055101394685,0.0015197055101394685,0.746417244299141
8.424255,8.425771,-0.0015157595825190384,0.0015157595825190384,0.01799280271669181
0.097962,0.0964472,0.0015148004169464047,0.0015148004169464047,1.5463143008514428
0.165585,0.16709742,-0.0015124195003509422,0.0015124195003509422,0.9133795328306082
0.165587,0.16709742,-0.0015104195003509402,0.0015104195003509402,0.9121606765258018
18.501832,18.503342,-0.0015096748046872221,0.0015096748046872221,0.008159596329050348
0.165589,0.16709742,-0.001508419500350966,0.001508419500350966,0.9109418496639414
0.375876,0.37738296,-0.0015069638957977416,0.0015069638957977416,0.40092048851132317
0.094942,0.0964472,-0.0015051995830535903,0.0015051995830535903,1.5853885334922393
0.375878,0.37738296,-0.0015049638957977396,0.0015049638957977396,0.400386267724462
1.202741,1.2012366,0.0015043943557739858,0.0015043943557739858,0.12508049161447937
0.37588,0.37738296,-0.0015029638957977376,0.0015029638957977376,0.39985205262261503
0.37588,0.37738296,-0.0015029638957977376,0.0015029638957977376,0.39985205262261503
0.094946,0.0964472,-0.0015011995830535863,0.0015011995830535863,1.5811088213010316
0.375882,0.37738296,-0.0015009638957977356,0.0015009638957977356,0.39931784320569164
0.165597,0.16709742,-0.001500419500350958,0.001500419500350958,0.90606683662439
1.202737,1.2012366,0.0015003943557738708,0.0015003943557738708,0.124748332814998
39.090701,39.0922,-0.0015002329101534428,0.0015002329101534428,0.0038378255487145265
0.071762,0.073260814,-0.0014988139514923032,0.0014988139514923032,2.0885899910868053
0.097946,0.0964472,0.0014988004169464164,0.0014988004169464164,1.5302313677089265
0.165599,0.16709742,-0.001498419500350956,0.001498419500350956,0.904848156961158
0.165601,0.16709742,-0.001496419500350954,0.001496419500350954,0.9036295067344549
8.424275,8.425771,-0.0014957595825197956,0.0014957595825197956,0.01775535084623947
0.375889,0.37738296,-0.0014939638957977563,0.0014939638957977563,0.3974481550139292
0.375889,0.37738296,-0.0014939638957977563,0.0014939638957977563,0.3974481550139292
0.375892,0.37738296,-0.0014909638957977256,0.0014909638957977256,0.39664688139175047
39.090711,39.0922,-0.0014902329101573741,0.0014902329101573741,0.00381224304196862
0.375893,0.37738296,-0.0014899638957977523,0.0014899638957977523,0.3963797930265721
3.647829,3.6493187,-0.0014896950683591648,0.0014896950683591648,0.04083785364715086
0.165608,0.16709742,-0.001489419500350947,0.001489419500350947,0.8993644627382629
0.375894,0.37738296,-0.0014889638957977236,0.0014889638957977236,0.3961127060824623
8.424284,8.425771,-0.0014867595825194257,0.0014867595825194257,0.017648497872362532
0.375897,0.37738296,-0.0014859638957977483,0.0014859638957977483,0.3953114537765497
18.501856,18.503342,-0.0014856748046874202,0.0014856748046874202,0.00802986902870388
0.094962,0.0964472,-0.0014851995830535841,0.0014851995830535841,1.563993577946537
0.375898,0.37738296,-0.0014849638957977196,0.0014849638957977196,0.3950443725166602
0.375901,0.37738296,-0.0014819638957977443,0.0014819638957977443,0.39424313726313615
18.501862,18.503342,-0.0014796748046883579,0.0014796748046883579,0.007997437256208918
0.375906,0.37738296,-0.0014769638957977116,0.0014769638957977116,0.3929077735936122
0.097921,0.0964472,0.0014738004169464053,0.0014738004169464053,1.5050912627948185
0.165624,0.16709742,-0.0014734195003509587,0.0014734195003509587,0.8896171445330034
0.094978,0.0964472,-0.001469199583053582,0.001469199583053582,1.5468841010620331
0.094985,0.0964472,-0.0014621995830535889,0.0014621995830535889,1.5394005174650611
0.074722,0.073260814,0.0014611860485076872,0.0014611860485076872,1.9554964355239302
0.375923,0.37738296,-0.0014599638957977223,0.0014599638957977223,0.3883678028238109
18.501883,18.503342,-0.001458674804688087,0.001458674804688087,0.007883926218105493
0.16564,0.16709742,-0.0014574195003509427,0.0014574195003509427,0.8798717094126243
0.074715,0.073260814,0.001454186048507694,0.001454186048507694,1.9463107094443999
0.165644,0.16709742,-0.0014534195003509387,0.0014534195003509387,0.8774356448005982
0.37593,0.37738296,-0.001452963895797743,0.001452963895797743,0.386498522440679
8.424318,8.425771,-0.0014527595825200024,0.0014527595825200024,0.017244833142608787
0.375931,0.37738296,-0.0014519638957977143,0.0014519638957977143,0.38623148806868357
0.097896,0.0964472,0.001448800416946408,0.001448800416946408,1.479938317670252
0.094999,0.0964472,-0.0014481995830535888,0.0014481995830535888,1.5244366588376217
0.097891,0.0964472,0.001443800416946417,0.001443800416946417,1.4749061869543785
3.647876,3.6493187,-0.0014426950683592565,0.0014426950683592565,0.03954890649571717
8.42433,8.425771,-0.0014407595825201014,0.0014407595825201014,0.017102364015927664
0.165657,0.16709742,-0.0014404195003509535,0.0014404195003509535,0.8695192472889369
0.375943,0.37738296,-0.0014399638957977023,0.0014399638957977023,0.38302718641248146
7.51653,7.5150905,0.0014395344543460808,0.0014395344543460808,0.019151582636228806
3.650755,3.6493187,0.0014363049316408194,0.0014363049316408194,0.039342682037043754
39.090765,39.0922,-0.001436232910158708,0.001436232910158708,0.0036740977316638184
0.375947,0.37738296,-0.0014359638957977539,0.0014359638957977539,0.38195913131792375
18.50191,18.503342,-0.001431674804688754,0.001431674804688754,0.007737983833458363
0.375953,0.37738296,-0.0014299638957977479,0.0014299638957977479,0.38035709128997264
18.501913,18.503342,-0.0014286748046892228,0.0014286748046892228,0.007721768039237355
0.165669,0.16709742,-0.0014284195003509415,0.0014284195003509415,0.8622129061494476
0.165669,0.16709742,-0.0014284195003509415,0.0014284195003509415,0.8622129061494476
0.097875,0.0964472,0.0014278004169464148,0.0014278004169464148,1.4587999136527356
3.647891,3.6493187,-0.0014276950683593803,0.0014276950683593803,0.03913754737518864
1.307646,1.3090732,-0.0014272097625731561,0.0014272097625731561,0.109143435032418
0.074688,0.073260814,0.0014271860485076948,0.0014271860485076948,1.9108639227142659
3.647896,3.6493187,-0.0014226950683595696,0.0014226950683595696,0.03900042842012407
3.6479,3.6493187,-0.0014186950683594546,0.0014186950683594546,0.03889073352670205
0.097865,0.0964472,0.0014178004169464048,0.0014178004169464048,1.4487308184720524
0.071845,0.073260814,-0.0014158139514923035,0.0014158139514923035,1.9706506361217242
0.146266,0.14768054,-0.0014145359125137258,0.0014145359125137258,0.9670982398825615
0.165683,0.16709742,-0.0014144195003509552,0.0014144195003509552,0.8536901791356175
0.095037,0.0964472,-0.0014101995830535924,0.0014101995830535924,1.483842694497669
0.097857,0.0964472,0.0014098004169464107,0.0014098004169464107,1.440674060624929
18.504751,18.503342,0.0014093251953113395,0.0014093251953113395,0.007616018152871789
0.097856,0.0964472,0.0014088004169464097,0.0014088004169464097,1.439666873269644
18.50475,18.503342,0.0014083251953138642,0.0014083251953138642,0.007610614546569143
39.093607,39.0922,0.0014057670898424135,0.0014057670898424135,0.0035959001937038394
0.165694,0.16709742,-0.0014034195003509442,0.0014034195003509442,0.8469947611283144
0.095044,0.0964472,-0.0014031995830535854,0.0014031995830535854,1.4763683994541654
0.074664,0.073260814,0.0014031860485076847,0.0014031860485076847,1.8793341458110342
0.37598,0.37738296,-0.0014029638957977486,0.0014029638957977486,0.37314854391845315
0.165695,0.16709742,-0.0014024195003509432,0.0014024195003509432,0.8463861308455637
0.1657,0.16709742,-0.001397419500350966,0.001397419500350966,0.8433430896243953
1.202631,1.2012366,0.0013943943557739313,0.0013943943557739313,0.1159453195251067
3.647931,3.6493187,-0.0013876950683595624,0.0013876950683595624,0.03804060625931581
0.16571,0.16709742,-0.001387419500350956,0.001387419500350956,0.8372575580916651
0.097833,0.0964472,0.0013858004169464144,0.0013858004169464144,1.4164958812771955
0.149066,0.14768054,0.0013854640874862711,0.0013854640874862711,0.9294299750156582
8.424387,8.425771,-0.0013837595825201277,0.0013837595825201277,0.016425641206935317
0.165714,0.16709742,-0.001383419500350952,0.001383419500350952,0.8348235511279242
0.165716,0.16709742,-0.00138141950035095,0.00138141950035095,0.8336065917095171
0.074639,0.073260814,0.0013781860485076874,0.0013781860485076874,1.8464690666557946
0.16572,0.16709742,-0.001377419500350946,0.001377419500350946,0.8311727609943115
18.501965,18.503342,-0.0013766748046890598,0.0013766748046890598,0.007440695108231041
18.501965,18.503342,-0.0013766748046890598,0.0013766748046890598,0.007440695108231041
18.501965,18.503342,-0.0013766748046890598,0.0013766748046890598,0.007440695108231041
1.202612,1.2012366,0.00137539435577394,0.00137539435577394,0.11436725690909227
0.165724,0.16709742,-0.001373419500350942,0.001373419500350942,0.8287390477674947
18.501973,18.503342,-0.0013686748046879416,0.0013686748046879416,0.00739745325906888
0.09781,0.0964472,0.0013628004169464053,0.0013628004169464053,1.3933139919773965
0.095085,0.0964472,-0.001362199583053586,0.001362199583053586,1.4326124852720972
0.165736,0.16709742,-0.0013614195003509577,0.0013614195003509577,0.8214386129323256
0.095086,0.0964472,-0.001361199583053585,0.001361199583053585,1.4315457392487214
0.165737,0.16709742,-0.0013604195003509567,0.0013604195003509567,0.8208302910817298
0.165738,0.16709742,-0.0013594195003509557,0.0013594195003509557,0.8202219765718989
0.149039,0.14768054,0.001358464087486272,0.001358464087486272,0.9114822875722393
0.16574,0.16709742,-0.0013574195003509537,0.0013574195003509537,0.8190053695740005
0.165741,0.16709742,-0.0013564195003509527,0.0013564195003509527,0.8183970770856671
0.165741,0.16709742,-0.0013564195003509527,0.0013564195003509527,0.8183970770856671
0.095091,0.0964472,-0.001356199583053594,0.001356199583053594,1.4262123456766485
0.165743,0.16709742,-0.0013544195003509507,0.0013544195003509507,0.817180514129568
0.074614,0.073260814,0.0013531860485076902,0.0013531860485076902,1.8135819641007163
0.074612,0.073260814,0.0013511860485076882,0.0013511860485076882,1.8109500438223587
0.165747,0.16709742,-0.0013504195003509467,0.0013504195003509467,0.8147474762959203
0.165753,0.16709742,-0.0013444195003509407,0.0013444195003509407,0.8110981397258828
0.165753,0.16709742,-0.0013444195003509407,0.0013444195003509407,0.8110981397258828
0.095104,0.0964472,-0.0013431995830535948,0.0013431995830535948,1.4123481469141643
0.074604,0.073260814,0.001343186048507694,0.001343186048507694,1.8004209515673064
8.427112,8.425771,0.0013412404174797388,0.0013412404174797388,0.015915777759496052
0.165757,0.16709742,-0.0013404195003509645,0.0013404195003509645,0.8086653954537661
0.165757,0.16709742,-0.0013404195003509645,0.0013404195003509645,0.8086653954537661
0.165757,0.16709742,-0.0013404195003509645,0.0013404195003509645,0.8086653954537661
0.165759,0.16709742,-0.0013384195003509625,0.0013384195003509625,0.8074490673468792
0.165759,0.16709742,-0.0013384195003509625,0.0013384195003509625,0.8074490673468792
0.203417,0.2020803,0.001336705510139452,0.001336705510139452,0.6571257611125552
0.46721,0.46854284,-0.0013328440570831157,0.0013328440570831157,0.28527729646151373
0.095115,0.0964472,-0.0013321995830535838,0.0013321995830535838,1.400619861907127
18.504673,18.503342,0.0013313251953128713,0.0013313251953128713,0.00719453510637922
0.165769,0.16709742,-0.0013284195003509525,0.0013284195003509525,0.8013678670617452
18.502016,18.503342,-0.001325674804686372,0.001325674804686372,0.007165028960515475
0.074583,0.073260814,0.001322186048507687,0.001322186048507687,1.7727713376170386
0.165777,0.16709742,-0.0013204195003509445,0.0013204195003509445,0.7965034350690632
0.16578,0.16709742,-0.0013174195003509415,0.0013174195003509415,0.7946793941104245
0.165784,0.16709742,-0.0013134195003509652,0.0013134195003509652,0.792247442189064
0.09776,0.0964472,0.0013128004169464108,0.0013128004169464108,1.342880948857948
3.648007,3.6493187,-0.0013116950683591533,0.0013116950683591533,0.0359564844125353
0.165786,0.16709742,-0.0013114195003509632,0.0013114195003509632,0.7910315102360463
0.165788,0.16709742,-0.0013094195003509612,0.0013094195003509612,0.7898156076200603
3.64801,3.6493187,-0.001308695068359178,0.001308695068359178,0.03587421822646604
0.095144,0.0964472,-0.0013031995830535825,0.0013031995830535825,1.3697128370510696
0.146379,0.14768054,-0.0013015359125137238,0.0013015359125137238,0.8891548047360407
0.165796,0.16709742,-0.0013014195003509532,0.0013014195003509532,0.7849522905051997
0.165798,0.16709742,-0.0012994195003509512,0.0012994195003509512,0.7837365345584473
0.165802,0.16709742,-0.0012954195003509472,0.0012954195003509472,0.7813051106558678
18.502047,18.503342,-0.0012946748046864798,0.0012946748046864798,0.0069974679270865675
18.502047,18.503342,-0.0012946748046864798,0.0012946748046864798,0.0069974679270865675
0.165808,0.16709742,-0.0012894195003509412,0.0012894195003509412,0.7776581947633907
18.502053,18.503342,-0.0012886748046874175,0.0012886748046874175,0.006965036824186227
8.424483,8.425771,-0.0012877595825191435,0.0012877595825191435,0.01528591822790618
0.16581,0.16709742,-0.0012874195003509392,0.0012874195003509392,0.7764426147846911
0.148964,0.14768054,0.0012834640874862802,0.0012834640874862802,0.8615934632694385
0.165818,0.16709742,-0.001279419500350959,0.001279419500350959,0.7715805881022436
0.16582,0.16709742,-0.001277419500350957,0.001277419500350957,0.7703651547344059
0.071986,0.073260814,-0.0012748139514923151,0.0012748139514923151,1.7709192755833023
0.146407,0.14768054,-0.0012735359125137236,0.0012735359125137236,0.8698599873256493
0.203351,0.2020803,0.0012707055101394693,0.0012707055101394693,0.6248828427273957
0.165829,0.16709742,-0.001268419500350948,0.001268419500350948,0.7648960673863148
18.50461,18.503342,0.001268325195312059,0.001268325195312059,0.006854103897921679
0.165835,0.16709742,-0.001262419500350942,0.001262419500350942,0.7612503389451513
0.165837,0.16709742,-0.00126041950035094,0.00126041950035094,0.7600351547549128
0.165837,0.16709742,-0.00126041950035094,0.00126041950035094,0.7600351547549128
0.165837,0.16709742,-0.00126041950035094,0.00126041950035094,0.7600351547549128
0.124975,0.12623486,-0.0012598592281341525,0.0012598592281341525,1.008088999500751
8.424513,8.425771,-0.0012577595825202792,0.0012577595825202792,0.01492976012388312
0.124978,0.12623486,-0.0012568592281341495,0.0012568592281341495,1.0056643786334276
0.165841,0.16709742,-0.0012564195003509637,0.0012564195003509637,0.7576048743033139
0.165841,0.16709742,-0.0012564195003509637,0.0012564195003509637,0.7576048743033139
0.165841,0.16709742,-0.0012564195003509637,0.0012564195003509637,0.7576048743033139
0.124979,0.12623486,-0.0012558592281341485,0.0012558592281341485,1.0048561975446213
0.12498,0.12623486,-0.0012548592281341614,0.0012548592281341614,1.004048029388793
0.124981,0.12623486,-0.0012538592281341604,0.0012538592281341604,1.0032398741656097
0.165847,0.16709742,-0.0012504195003509577,0.0012504195003509577,0.7539596734321381
1.317514,1.3162646,0.001249370635986402,0.001249370635986402,0.09482788311103899
8.42702,8.425771,0.00124924041748109,0.00124924041748109,0.014824225140871455
0.095198,0.0964472,-0.001249199583053584,0.001249199583053584,1.3122120020813168
0.124986,0.12623486,-0.0012488592281341554,0.0012488592281341554,0.9991992920286722
0.124986,0.12623486,-0.0012488592281341554,0.0012488592281341554,0.9991992920286722
0.165849,0.16709742,-0.0012484195003509557,0.0012484195003509557,0.7527446650858378
0.124987,0.12623486,-0.0012478592281341544,0.0012478592281341544,0.9983912143949076
8.424523,8.425771,-0.0012477595825188814,0.0012477595825188814,0.014811041319539043
0.203328,0.2020803,0.001247705510139474,0.001247705510139474,0.6136417559440078
0.165853,0.16709742,-0.0012444195003509517,0.0012444195003509517,0.7503147363030135
0.124991,0.12623486,-0.0012438592281341504,0.0012438592281341504,0.9951590331615807
0.074502,0.073260814,0.0012411860485076892,0.0012411860485076892,1.6659768151750458
0.124995,0.12623486,-0.0012398592281341603,0.0012398592281341603,0.9919270587961385
0.124996,0.12623486,-0.0012388592281341593,0.0012388592281341593,0.9911190975255532
8.427008,8.425771,0.001237240417481189,0.001237240417481189,0.014681846955248021
0.125002,0.12623486,-0.0012328592281341533,0.0012328592281341533,0.9862716013726833
0.203311,0.2020803,0.001230705510139457,0.001230705510139457,0.6053314919183544
0.165868,0.16709742,-0.0012294195003509645,0.0012294195003509645,0.7412035471638658
0.203308,0.2020803,0.001227705510139454,0.001227705510139454,0.6038648304717912
3.648091,3.6493187,-0.0012276950683594023,0.0012276950683594023,0.033653082347061776
0.165872,0.16709742,-0.0012254195003509605,0.0012254195003509605,0.7387741750338733
0.165872,0.16709742,-0.0012254195003509605,0.0012254195003509605,0.7387741750338733
0.095222,0.0964472,-0.0012251995830535878,0.0012251995830535878,1.286677009269823
0.165876,0.16709742,-0.0012214195003509565,0.0012214195003509565,0.736344920069577
0.125017,0.12623486,-0.001217859228134166,0.001217859228134166,0.9741548966620628
0.16588,0.16709742,-0.0012174195003509525,0.0012174195003509525,0.733915782262501
0.097663,0.0964472,0.001215800416946411,0.001215800416946411,1.2448935786341986
0.165884,0.16709742,-0.0012134195003509485,0.0012134195003509485,0.7314867616041701
0.203292,0.2020803,0.0012117055101394658,0.0012117055101394658,0.5960419050151624
0.16589,0.16709742,-0.0012074195003509425,0.0012074195003509425,0.7278434502520338
0.125028,0.12623486,-0.001206859228134155,0.001206859228134155,0.9652711609950442
3.648112,3.6493187,-0.0012066950683595756,0.0012066950683595756,0.03307724840483237
18.502135,18.503342,-0.0012066748046883902,0.0012066748046883902,0.006521813859221483
0.125029,0.12623486,-0.001205859228134154,0.001205859228134154,0.9644636261744798
1.307869,1.3090732,-0.001204209762573294,0.001204209762573294,0.09207418804797879
0.165894,0.16709742,-0.0012034195003509385,0.0012034195003509385,0.7254147224284926
3.650522,3.6493187,0.0012033049316406697,0.0012033049316406697,0.032962544304833856
0.095245,0.0964472,-0.0012021995830535925,0.0012021995830535925,1.2622180500723132
8.424569,8.425771,-0.001201759582519557,0.001201759582519557,0.014264938449733063
18.502141,18.503342,-0.0012006748046857751,0.0012006748046857751,0.006489383064799289
0.095247,0.0964472,-0.0012001995830535905,0.0012001995830535905,1.2600917423052682
0.095248,0.0964472,-0.0011991995830535895,0.0011991995830535895,1.2590286219076108
0.125036,0.12623486,-0.001198859228134147,0.001198859228134147,0.9588112441019672
8.426969,8.425771,0.0011982404174801786,0.0011982404174801786,0.014219115051520417
0.1659,0.16709742,-0.0011974195003509602,0.0011974195003509602,0.7217718502888417
0.095252,0.0964472,-0.0011951995830535855,0.0011951995830535855,1.254776363539673
3.648125,3.6493187,-0.0011936950683595349,0.0011936950683595349,0.03272078309616074
18.504535,18.503342,0.0011933251953131219,0.0011933251953131219,0.006448825627375522
0.072069,0.073260814,-0.0011918139514923154,0.0011918139514923154,1.6537123448897628
1.315076,1.3162646,-0.0011886293640137602,0.0011886293640137602,0.09038484193486729
8.424584,8.425771,-0.001186759582520125,0.001186759582520125,0.01408686271637909
0.074446,0.073260814,0.0011851860485076887,0.0011851860485076887,1.5920076927110671
18.502157,18.503342,-0.0011846748046870914,0.0011846748046870914,0.006402901049216525
0.095269,0.0964472,-0.0011781995830535824,0.0011781995830535824,1.2367082490808912
0.072084,0.073260814,-0.0011768139514923143,0.0011768139514923143,1.6325591668882904
0.165923,0.16709742,-0.001174419500350965,0.001174419500350965,0.7078099477728556
8.424597,8.425771,-0.001173759582519196,0.001173759582519196,0.013932530927061123
8.424608,8.425771,-0.001162759582520323,0.001162759582520323,0.013801942861988608
18.50218,18.503342,-0.0011616748046883174,0.0011616748046883174,0.006278583413857389
0.146525,0.14768054,-0.0011555359125137443,0.0011555359125137443,0.7886271364784967
0.165943,0.16709742,-0.001154419500350945,0.001154419500350945,0.6956723089586621
0.067467,0.06631284,0.0011541579289436332,0.0011541579289436332,1.7106999380925982
3.648167,3.6493187,-0.0011516950683594374,0.0011516950683594374,0.031569143307525895
3.648172,3.6493187,-0.0011466950683591826,0.0011466950683591826,0.031432045098963274
3.648176,3.6493187,-0.0011426950683595116,0.0011426950683595116,0.031322366802703304
18.502199,18.503342,-0.0011426748046865498,0.0011426748046865498,0.00617588646992919
0.072121,0.073260814,-0.001139813951492305,0.001139813951492305,1.5804189485890185
18.502204,18.503342,-0.0011376748046885155,0.0011376748046885155,0.006148860993438223
3.648182,3.6493187,-0.0011366950683595611,0.0011366950683595611,0.03115784980925851
18.504477,18.503342,0.0011353251953138965,0.0011353251953138965,0.006135408178830243
0.072128,0.073260814,-0.001132813951492312,0.001132813951492312,1.5705606004904493
0.108511,0.10738048,0.0011305204257965051,0.0011305204257965051,1.0418486833175038
1.315136,1.3162646,-0.0011286293640135892,0.0011286293640135892,0.08581845253477743
0.168223,0.16709742,0.0011255804996490593,0.0011255804996490593,0.6691002413343947
8.424647,8.425771,-0.0011237595825193125,0.0011237595825193125,0.013338951560890011
0.095326,0.0964472,-0.0011211995830535948,0.0011211995830535948,1.1761739524132147
0.361189,0.36006913,0.0011198741092681708,0.0011198741092681708,0.31005210816445644
0.254146,0.25302657,0.0011194251499175856,0.0011194251499175856,0.4404653818974606
0.361187,0.36006913,0.0011178741092681688,0.0011178741092681688,0.30950009523007993
8.424655,8.425771,-0.0011157595825199706,0.0011157595825199706,0.013243979516154985
0.095333,0.0964472,-0.0011141995830535878,0.0011141995830535878,1.1687449066795788
0.072147,0.073260814,-0.0011138139514923068,0.0011138139514923068,1.5438118701380443
8.424659,8.425771,-0.0011117595825194115,0.0011117595825194115,0.013196493561415543
0.361177,0.36006913,0.0011078741092682143,0.0011078741092682143,0.3067399388558724
0.251919,0.25302657,-0.0011075748500823934,0.0011075748500823934,0.4396551469491139
0.16599,0.16709742,-0.0011074195003509535,0.0011074195003509535,0.6671603709161955
0.074364,0.073260814,0.00110318604850769,0.00110318604850769,1.4834947649725612
1.315166,1.3162646,-0.0010986293640136147,0.0010986293640136147,0.08353541407929335
1.315168,1.3162646,-0.0010966293640137792,0.0010966293640137792,0.0833832152189223
3.648224,3.6493187,-0.0010946950683594636,0.0010946950683594636,0.030006246007083372
0.081768,0.08067886,0.0010891421370506221,0.0010891421370506221,1.3319906757149882
0.203169,0.2020803,0.0010887055101394538,0.0010887055101394538,0.5358620210778179
0.251938,0.25302657,-0.0010885748500824022,0.0010885748500824022,0.43208045219471525
0.166011,0.16709742,-0.0010864195003509602,0.0010864195003509602,0.6544262125380451
0.361155,0.36006913,0.0010858741092681923,0.0010858741092681923,0.30066705679487343
3.650403,3.6493187,0.0010843049316404674,0.0010843049316404674,0.02970370481316073
18.504425,18.503342,0.0010833251953137335,0.0010833251953137335,0.005854411554576157
0.254109,0.25302657,0.0010824251499175763,0.0010824251499175763,0.4259688360080153
1.315185,1.3162646,-0.0010796293640136234,0.0010796293640136234,0.08208954359512417
8.424703,8.425771,-0.0010677595825203667,0.0010677595825203667,0.012674151035445318
0.072194,0.073260814,-0.0010668139514923153,0.0010668139514923153,1.4777044491434344
0.467478,0.46854284,-0.0010648440570831252,0.0010648440570831252,0.2277848490956452
0.065252,0.06631284,-0.0010608420710563615,0.0010608420710563615,1.6257617688815666
0.469603,0.46854284,0.0010601559429168628,0.0010601559429168628,0.22575578577886152
0.361128,0.36006913,0.001058874109268193,0.001058874109268193,0.2932129629868025
0.361126,0.36006913,0.001056874109268191,0.001056874109268191,0.2926607635494343
18.502286,18.503342,-0.0010556748046859354,0.0010556748046859354,0.005705645262862274
18.502287,18.503342,-0.0010546748046884602,0.0010546748046884602,0.005700240217237794
0.146627,0.14768054,-0.0010535359125137256,0.0010535359125137256,0.7185142653093981
0.166052,0.16709742,-0.001045419500350947,0.001045419500350947,0.6295735671484676
18.504387,18.503342,0.001045325195313751,0.001045325195313751,0.0056490668688895344
0.074304,0.073260814,0.0010431860485076855,0.0010431860485076855,1.403943323513865
1.315223,1.3162646,-0.001041629364013641,0.001041629364013641,0.0791979279509591
1.315223,1.3162646,-0.001041629364013641,0.001041629364013641,0.0791979279509591
1.315224,1.3162646,-0.0010406293640137232,0.0010406293640137232,0.0791218350588646
0.065273,0.06631284,-0.0010398420710563683,0.0010398420710563683,1.593066152104702
0.072222,0.073260814,-0.001038813951492315,0.001038813951492315,1.4383622027276357
0.203119,0.2020803,0.0010387055101394593,0.0010387055101394593,0.5113778177462873
0.146642,0.14768054,-0.0010385359125137383,0.0010385359125137383,0.7082117754841905
1.315228,1.3162646,-0.0010366293640136082,0.0010366293640136082,0.0788174646475585
0.125199,0.12623486,-0.0010358592281341505,0.0010358592281341505,0.8273702084735343
0.065277,0.06631284,-0.0010358420710563643,0.0010358420710563643,1.5868408006947679
0.065279,0.06631284,-0.0010338420710563623,0.0010338420710563623,1.5837284110856997
1.315231,1.3162646,-0.001033629364013633,0.001033629364013633,0.07858918805404098
8.426804,8.425771,0.001033240417481096,0.001033240417481096,0.012261355757993597
8.424738,8.425771,-0.0010327595825199154,0.0010327595825199154,0.012258655195065494
0.074292,0.073260814,0.0010311860485076874,0.0010311860485076874,1.388017615785912
3.648288,3.6493187,-0.0010306950683593996,0.0010306950683593996,0.028251472151626957
0.072231,0.073260814,-0.001029813951492306,0.001029813951492306,1.4257229583787892
1.310103,1.3090732,0.0010297902374267753,0.0010297902374267753,0.07860376148655271
1.315236,1.3162646,-0.0010286293640136002,0.0010286293640136002,0.07820872937901574
0.065286,0.06631284,-0.0010268420710563692,0.0010268420710563692,1.572836549158369
0.361095,0.36006913,0.0010258741092681878,0.0010258741092681878,0.28410089006607314
1.315241,1.3162646,-0.0010236293640135674,0.0010236293640135674,0.07782827359668221
1.315243,1.3162646,-0.001021629364013732,0.001021629364013732,0.07767609209370861
1.315243,1.3162646,-0.001021629364013732,0.001021629364013732,0.07767609209370861
3.648299,3.6493187,-0.0010196950683591943,0.0010196950683591943,0.02794987659540088
0.065295,0.06631284,-0.0010178420710563602,0.0010178420710563602,1.5588361582012773
0.065297,0.06631284,-0.001015842071056372,0.001015842071056372,1.5557254843264572
18.502326,18.503342,-0.0010156748046874498,0.0010156748046874498,0.005489443893064906
0.065298,0.06631284,-0.001014842071056371,0.001014842071056371,1.5541702188462143
0.065299,0.06631284,-0.00101384207105637,0.00101384207105637,1.552615001001172
3.650329,3.6493187,0.001010304931640782,0.001010304931640782,0.0276770924377804
0.065304,0.06631284,-0.001008842071056365,0.001008842071056365,1.5448396262273758
0.072252,0.073260814,-0.0010088139514923128,0.0010088139514923128,1.3962436335271955
0.065305,0.06631284,-0.001007842071056364,0.001007842071056364,1.5432846941475835
8.426778,8.425771,0.0010072404174810146,0.0010072404174810146,0.011952853361855049
0.376376,0.37738296,-0.0010069638957977411,0.0010069638957977411,0.2675420046788847
0.203087,0.2020803,0.001006705510139455,0.001006705510139455,0.4957016006163632
0.065308,0.06631284,-0.001004842071056361,0.001004842071056361,1.5386201836187616
0.065309,0.06631284,-0.00100384207105636,0.00100384207105636,1.5370654420053813
0.065314,0.06631284,-0.000998842071056369,0.000998842071056369,1.5292924480617884
1.317262,1.3162646,0.000997370635986261,0.000997370635986261,0.07571543367306927
0.072264,0.073260814,-0.0009968139514923147,0.0009968139514923147,1.3794059976100255
0.065317,0.06631284,-0.000995842071056366,0.000995842071056366,1.52462922291553
0.252032,0.25302657,-0.0009945748500824192,0.0009945748500824192,0.3946224486127939
3.648325,3.6493187,-0.000993695068359557,0.000993695068359557,0.027237021601209322
0.06532,0.06631284,-0.000992842071056363,0.000992842071056363,1.5199664261120582
0.065321,0.06631284,-0.000991842071056362,0.000991842071056362,1.5184122556879864
0.065321,0.06631284,-0.000991842071056362,0.000991842071056362,1.5184122556879864
0.065324,0.06631284,-0.0009888420710563728,0.0009888420710563728,1.5137500299164517
1.317253,1.3162646,0.0009883706359863353,0.0009883706359863353,0.0750327109455285
0.376395,0.37738296,-0.00098796389579775,0.00098796389579775,0.26248061093672054
0.065325,0.06631284,-0.0009878420710563718,0.0009878420710563718,1.5121960498188687
0.361056,0.36006913,0.0009868741092681765,0.0009868741092681765,0.27332992915083715
0.065326,0.06631284,-0.0009868420710563708,0.0009868420710563708,1.510642117297445
0.25204,0.25302657,-0.0009865748500824112,0.0009865748500824112,0.39143582355617185
0.108366,0.10738048,0.0009855204257965128,0.0009855204257965128,0.9094369312211171
8.424787,8.425771,-0.0009837595825192835,0.0009837595825192835,0.011676966818361183
3.648335,3.6493187,-0.0009836950683594914,0.0009836950683594914,0.026962849308863595
1.315282,1.3162646,-0.0009826293640136097,0.0009826293640136097,0.07470864528967179
8.424789,8.425771,-0.000981759582519004,0.000981759582519004,0.011653224579361582
1.315285,1.3162646,-0.0009796293640136344,0.0009796293640136344,0.07448038743992018
0.074236,0.073260814,0.0009751860485076869,0.0009751860485076869,1.3136295694731093
0.376408,0.37738296,-0.0009749638957977091,0.0009749638957977091,0.25901784646944037
0.056973,0.055998374,0.0009746262233257322,0.0009746262233257322,1.7106808867622405
18.502368,18.503342,-0.0009736748046869081,0.0009736748046869081,0.005262433460850232
0.146707,0.14768054,-0.0009735359125137288,0.0009735359125137288,0.6635919975530389
0.469516,0.46854284,0.000973155942916859,0.000973155942916859,0.20726789773076768
0.06534,0.06631284,-0.0009728420710563707,0.0009728420710563707,1.4888920562710113
8.4248,8.425771,-0.000970759582520131,0.000970759582520131,0.01152264246639218
3.64835,3.6493187,-0.0009686950683591711,0.0009686950683591711,0.026551593688451475
0.108348,0.10738048,0.0009675204257965087,0.0009675204257965087,0.8929748817731142
0.361036,0.36006913,0.000966874109268212,0.000966874109268212,0.26780545679666473
0.203047,0.2020803,0.0009667055101394706,0.0009667055101394706,0.4760993807657198
0.376417,0.37738296,-0.0009659638957977279,0.0009659638957977279,0.25662068810417893
0.253992,0.25302657,0.0009654251499175981,0.0009654251499175981,0.3801006132230533
0.125273,0.12623486,-0.0009618592281341598,0.0009618592281341598,0.7678104837964679
0.36103,0.36006913,0.000960874109268206,0.000960874109268206,0.26614799573499653
0.36103,0.36006913,0.000960874109268206,0.000960874109268206,0.26614799573499653
0.14864,0.14768054,0.0009594640874862614,0.0009594640874862614,0.6454952145053594
1.315306,1.3162646,-0.0009586293640135857,0.0009586293640135857,0.07288261164631675
0.072303,0.073260814,-0.0009578139514923034,0.0009578139514923034,1.3247222800818514
0.072306,0.073260814,-0.0009548139514923143,0.0009548139514923143,1.320518283644229
3.648364,3.6493187,-0.0009546950683594346,0.0009546950683594346,0.02616775816045951
1.315311,1.3162646,-0.000953629364013775,0.000953629364013775,0.07250219635822044
18.504293,18.503342,0.0009513251953130464,0.0009513251953130464,0.005141105338679545
0.361017,0.36006913,0.0009478741092681653,0.0009478741092681653,0.2625566411015572
0.065365,0.06631284,-0.0009478420710563595,0.0009478420710563595,1.450075835089549
8.424825,8.425771,-0.000945759582519301,0.000945759582519301,0.011225866205031857
3.648373,3.6493187,-0.0009456950683595089,0.0009456950683595089,0.025921008305170218
0.361013,0.36006913,0.0009438741092681613,0.0009438741092681613,0.26145155687100186
0.065369,0.06631284,-0.0009438420710563694,0.0009438420710563694,1.4438679949402646
0.06537,0.06631284,-0.0009428420710563684,0.0009428420710563684,1.4423161536087692
0.056941,0.055998374,0.0009426262233257279,0.0009426262233257279,1.6554437429449502
0.361011,0.36006913,0.0009418741092682148,0.0009418741092682148,0.26089900557249385
3.648377,3.6493187,-0.0009416950683593939,0.0009416950683593939,0.0258113420935825
0.108321,0.10738048,0.0009405204257965094,0.0009405204257965094,0.868271549310141
0.361009,0.36006913,0.0009398741092682128,0.0009398741092682128,0.2603464481516711
0.072323,0.073260814,-0.0009378139514923112,0.0009378139514923112,1.2967022250122493
0.25209,0.25302657,-0.0009365748500824167,0.0009365748500824167,0.3715239992506219
8.424836,8.425771,-0.0009347595825186517,0.0009347595825186517,0.0110952852080154
0.056932,0.055998374,0.0009336262233257328,0.0009336262233257328,1.6398971082797646
0.108313,0.10738048,0.0009325204257965153,0.0009325204257965153,0.8609496781878128
0.361001,0.36006913,0.0009318741092682048,0.0009318741092682048,0.2581361572433507
1.315333,1.3162646,-0.0009316293640135864,0.0009316293640135864,0.07082840344937426
0.376453,0.37738296,-0.0009299638957977474,0.0009299638957977474,0.24703320083801014
0.360999,0.36006913,0.0009298741092682028,0.0009298741092682028,0.25758356920950454
0.065383,0.06631284,-0.0009298420710563693,0.0009298420710563693,1.4221465360020538
0.376454,0.37738296,-0.0009289638957977187,0.0009289638957977187,0.2467669079226019
0.072335,0.073260814,-0.000925813951492313,0.000925813951492313,1.2798976293805426
0.376458,0.37738296,-0.0009249638957977147,0.0009249638957977147,0.24570175040828268
0.066767,0.06584242,0.0009245801372528145,0.0009245801372528145,1.3847861007204583
0.203002,0.2020803,0.0009217055101394533,0.0009217055101394533,0.45403764972040456
0.252106,0.25302657,-0.0009205748500824007,0.0009205748500824007,0.36515388357169076
8.424851,8.425771,-0.0009197595825192195,0.0009197595825192195,0.010917220761628927
0.360987,0.36006913,0.0009178741092681908,0.0009178741092681908,0.2542679124217556
0.360987,0.36006913,0.0009178741092681908,0.0009178741092681908,0.2542679124217556
0.056916,0.055998374,0.0009176262233257307,0.0009176262233257307,1.612246506629918
0.252111,0.25302657,-0.0009155748500824235,0.0009155748500824235,0.3631633882374272
0.055702,0.054787792,0.0009142077345848099,0.0009142077345848099,1.6412475906494601
0.056912,0.055998374,0.0009136262233257267,0.0009136262233257267,1.6053314269756733
0.360981,0.36006913,0.0009118741092681848,0.0009118741092681848,0.25261000136172673
0.072351,0.073260814,-0.0009098139514923109,0.0009098139514923109,1.257500173093407
0.360974,0.36006913,0.0009048741092682056,0.0009048741092682056,0.2506757021329874
0.072356,0.073260814,-0.0009048139514923059,0.0009048139514923059,1.2505029993943875
1.315361,1.3162646,-0.0009036293640136694,0.0009036293640136694,0.06869820254249374
0.360972,0.36006913,0.0009028741092682036,0.0009028741092682036,0.250123031431269
8.426673,8.425771,0.0009022404174796606,0.0009022404174796606,0.01070695893229693
0.376481,0.37738296,-0.0009019638957977194,0.0009019638957977194,0.23957753394145834
0.0569,0.055998374,0.0009016262233257286,0.0009016262233257286,1.5845803545538635
18.504243,18.503342,0.0009013251953113866,0.0009013251953113866,0.004870910932733188
0.376482,0.37738296,-0.0009009638957977462,0.0009009638957977462,0.23931128063451507
0.360968,0.36006913,0.0008988741092681996,0.0008988741092681996,0.24901767165487848
0.376485,0.37738296,-0.0008979638957977154,0.0008979638957977154,0.2385125292001548
0.097344,0.0964472,0.0008968004169464111,0.0008968004169464111,0.921269329414388
0.066738,0.06584242,0.0008955801372528133,0.0008955801372528133,1.3419343341288006
0.081572,0.08067886,0.0008931421370506343,0.0008931421370506343,1.0949126366347788
0.360962,0.36006913,0.0008928741092681935,0.0008928741092681935,0.24735958605638098
0.056891,0.055998374,0.0008926262233257265,0.0008926262233257265,1.5690113054028145
0.36096,0.36006913,0.0008908741092681915,0.0008908741092681915,0.2468068786074315
0.252137,0.25302657,-0.0008895748500823975,0.0008895748500823975,0.352814085092463
0.360958,0.36006913,0.0008888741092681895,0.0008888741092681895,0.2462541650335871
0.376497,0.37738296,-0.0008859638957977034,0.0008859638957977034,0.23531765075482294
0.055673,0.054787792,0.0008852077345848086,0.0008852077345848086,1.5900126326851363
0.376498,0.37738296,-0.0008849638957977302,0.0008849638957977302,0.23505142007731214
0.360954,0.36006913,0.0008848741092681855,0.0008848741092681855,0.2451487195108066
0.360954,0.36006913,0.0008848741092681855,0.0008848741092681855,0.2451487195108066
0.056883,0.055998374,0.0008846262233257324,0.0008846262233257324,1.555168014645086
0.3765,0.37738296,-0.0008829638957977282,0.0008829638957977282,0.2345189629649958
8.424888,8.425771,-0.000882759582520265,0.000882759582520265,0.010477997838188318
1.315382,1.3162646,-0.0008826293640136207,0.0008826293640136207,0.06710061137726683
0.056881,0.055998374,0.0008826262233257304,0.0008826262233257304,1.5517065835235382
0.376501,0.37738296,-0.0008819638957977549,0.0008819638957977549,0.23425273653018244
18.50246,18.503342,-0.0008816748046882594,0.0008816748046882594,0.00476517611541111
0.360948,0.36006913,0.0008788741092681795,0.0008788741092681795,0.24349050528737906
0.360948,0.36006913,0.0008788741092681795,0.0008788741092681795,0.24349050528737906
0.06672,0.06584242,0.0008775801372528091,0.0008775801372528091,1.3153179495465996
0.376506,0.37738296,-0.0008769638957977222,0.0008769638957977222,0.23292162556899504
1.315388,1.3162646,-0.0008766293640136702,0.0008766293640136702,0.06664416612794294
0.056875,0.055998374,0.0008766262233257313,0.0008766262233257313,1.5413208295110514
18.502468,18.503342,-0.0008736748046871412,0.0008736748046871412,0.004721936579933117
0.146807,0.14768054,-0.0008735359125137399,0.0008735359125137399,0.5950233380688363
8.426644,8.425771,0.0008732404174800479,0.0008732404174800479,0.010362849284598769
18.502469,18.503342,-0.0008726748046861132,0.0008726748046861132,0.004716531640622647
0.36094,0.36006913,0.0008708741092681715,0.0008708741092681715,0.24127946723192
0.07239,0.073260814,-0.0008708139514923136,0.0008708139514923136,1.2029478523129795
1.315394,1.3162646,-0.0008706293640137197,0.0008706293640137197,0.06618772504265125
0.252156,0.25302657,-0.0008705748500824062,0.0008705748500824062,0.34525248248590307
8.424901,8.425771,-0.000869759582519336,0.000869759582519336,0.010323677186343345
0.360938,0.36006913,0.0008688741092681695,0.0008688741092681695,0.24072669240352718
0.066711,0.06584242,0.000868580137252814,0.000868580137252814,1.3020043710194864
18.50421,18.503342,0.0008683251953129911,0.0008683251953129911,0.004692581824937669
0.108247,0.10738048,0.0008665204257965048,0.0008665204257965048,0.8005029469601946
0.125369,0.12623486,-0.0008658592281341471,0.0008658592281341471,0.6906485873250152
8.424906,8.425771,-0.0008647595825195253,0.0008647595825195253,0.010264323216297737
18.502477,18.503342,-0.0008646748046885477,0.0008646748046885477,0.004673292147229122
0.056861,0.055998374,0.0008626262233257312,0.0008626262233257312,1.5170788797394563
0.376521,0.37738296,-0.0008619638957977349,0.0008619638957977349,0.22892850480286794
0.252166,0.25302657,-0.0008605748500823962,0.0008605748500823962,0.34127314933064845
1.317125,1.3162646,0.0008603706359864294,0.0008603706359864294,0.06532186663536926
0.376524,0.37738296,-0.0008589638957977042,0.0008589638957977042,0.22812991882843436
8.426628,8.425771,0.0008572404174795878,0.0008572404174795878,0.010172994672001837
0.25217,0.25302657,-0.0008565748500823922,0.0008565748500823922,0.3396815044385576
0.081535,0.08067886,0.000856142137050625,0.000856142137050625,1.0500302152457164
0.056854,0.055998374,0.0008556262233257311,0.0008556262233257311,1.5049534277637064
0.166242,0.16709742,-0.0008554195003509513,0.0008554195003509513,0.5145628059313462
0.053934,0.054787792,-0.0008537922654151889,0.0008537922654151889,1.5830316012759245
0.360921,0.36006913,0.0008518741092681803,0.0008518741092681803,0.23602785901406467
0.097299,0.0964472,0.0008518004169464077,0.0008518004169464077,0.8754462184307767
0.469394,0.46854284,0.000851155942916848,0.000851155942916848,0.18133081009461505
18.502493,18.503342,-0.0008486748046863113,0.0008486748046863113,0.004586813272577509
0.376536,0.37738296,-0.0008469638957977477,0.0008469638957977477,0.22493570218327383
0.053941,0.054787792,-0.0008467922654151888,0.0008467922654151888,1.5698490273545906
0.360915,0.36006913,0.0008458741092681743,0.0008458741092681743,0.23436934154407685
0.053942,0.054787792,-0.0008457922654151948,0.0008457922654151948,1.5679660818049546
8.424926,8.425771,-0.0008447595825202825,0.0008447595825202825,0.010026908040619653
0.360913,0.36006913,0.0008438741092681723,0.0008438741092681723,0.23381649013317776
39.093045,39.0922,0.0008437670898402416,0.0008437670898402416,0.002158356019179584
0.202924,0.2020803,0.0008437055101394586,0.0008437055101394586,0.4157741369792062
1.315421,1.3162646,-0.0008436293640137205,0.0008436293640137205,0.06413379168719266
0.252185,0.25302657,-0.000841574850082405,0.000841574850082405,0.3337132857817442
3.648478,3.6493187,-0.0008406950683594872,0.0008406950683594872,0.02304234994253617
0.376543,0.37738296,-0.0008399638957977129,0.0008399638957977129,0.2230725031602341
0.360909,0.36006913,0.0008398741092681683,0.0008398741092681683,0.23271076892941367
0.10822,0.10738048,0.0008395204257965055,0.0008395204257965055,0.775753488283822
0.360905,0.36006913,0.0008358741092681643,0.0008358741092681643,0.2316050232156826
0.360905,0.36006913,0.0008358741092681643,0.0008358741092681643,0.2316050232156826
0.360905,0.36006913,0.0008358741092681643,0.0008358741092681643,0.2316050232156826
18.502506,18.503342,-0.0008356748046871587,0.0008356748046871587,0.004516549297066258
18.504177,18.503342,0.000835325195311043,0.000835325195311043,0.00451425208106542
18.502508,18.503342,-0.0008336748046886555,0.0008336748046886555,0.004505739463450846
0.081512,0.08067886,0.0008331421370506298,0.0008331421370506298,1.0221097949118167
1.315432,1.3162646,-0.0008326293640137372,0.0008326293640137372,0.06329702819685398
1.317097,1.3162646,0.0008323706359862904,0.0008323706359862904,0.06319736784178333
0.360901,0.36006913,0.0008318741092682158,0.0008318741092682158,0.23049925299118498
0.360901,0.36006913,0.0008318741092682158,0.0008318741092682158,0.23049925299118498
0.079849,0.08067886,-0.000829857862949368,0.000829857862949368,1.0392839758921013
3.64849,3.6493187,-0.0008286950683595862,0.0008286950683595862,0.02271337096543701
0.360897,0.36006913,0.0008278741092682118,0.0008278741092682118,0.22939345825507507
8.426598,8.425771,0.0008272404174807235,0.0008272404174807235,0.009817015330159414
0.360895,0.36006913,0.0008258741092682098,0.0008258741092682098,0.22884055169491657
8.426595,8.425771,0.0008242404174811924,0.0008242404174811924,0.009781417256571733
0.053965,0.054787792,-0.0008227922654151926,0.0008227922654151926,1.5246775945344482
0.055177,0.055998374,-0.0008213737766742737,0.0008213737766742737,1.488616226300193
0.0815,0.08067886,0.0008211421370506317,0.0008211421370506317,1.0075363632430616
0.36089,0.36006913,0.0008208741092681771,0.0008208741092681771,0.2274582584833935
0.055179,0.055998374,-0.0008193737766742717,0.0008193737766742717,1.4849377030923614
0.07986,0.08067886,-0.0008188578629493709,0.0008188578629493709,1.0253667191635416
0.376565,0.37738296,-0.0008179638957977464,0.0008179638957977464,0.21721718576621016
3.648501,3.6493187,-0.0008176950683593809,0.0008176950683593809,0.022411808804135427
0.108198,0.10738048,0.0008175204257965113,0.0008175204257965113,0.7555781299478116
0.053972,0.054787792,-0.0008157922654151925,0.0008157922654151925,1.5115101606456725
0.108196,0.10738048,0.0008155204257965093,0.0008155204257965093,0.7537435996180688
0.108196,0.10738048,0.0008155204257965093,0.0008155204257965093,0.7537435996180688
0.053974,0.054787792,-0.0008137922654151905,0.0008137922654151905,1.5077486640001516
0.148492,0.14768054,0.00081146408748628,0.00081146408748628,0.5464699020417328
3.65013,3.6493187,0.0008113049316404997,0.0008113049316404997,0.022226740735762095
3.650129,3.6493187,0.000810304931640804,0.000810304931640804,0.02219935053305252
3.650129,3.6493187,0.000810304931640804,0.000810304931640804,0.02219935053305252
8.424961,8.425771,-0.0008097595825198312,0.0008097595825198312,0.009611434195484344
0.053979,0.054787792,-0.0008087922654151924,0.0008087922654151924,1.4983461418641442
0.065506,0.06631284,-0.0008068420710563712,0.0008068420710563712,1.2317071257971242
0.074067,0.073260814,0.0008061860485076844,0.0008061860485076844,1.088455111479106
0.108186,0.10738048,0.0008055204257965132,0.0008055204257965132,0.7445699305380948
0.360874,0.36006913,0.000804874109268161,0.000804874109268161,0.22303466280339576
0.066646,0.06584242,0.0008035801372528045,0.0008035801372528045,1.2057439847058498
0.081482,0.08067886,0.0008031421370506275,0.0008031421370506275,0.9856681672822948
0.074063,0.073260814,0.0008021860485076943,0.0008021860485076943,1.0831130894300545
0.125433,0.12623486,-0.0008018592281341663,0.0008018592281341663,0.6392729405299191
0.469344,0.46854284,0.0008011559429168535,0.0008011559429168535,0.17069696059737774
0.08148,0.08067886,0.0008011421370506255,0.0008011421370506255,0.983237771314909
1.315464,1.3162646,-0.0008006293640137052,0.0008006293640137052,0.06086288670407114
0.376584,0.37738296,-0.0007989638957977552,0.0007989638957977552,0.21216087130244365
0.360866,0.36006913,0.0007968741092682086,0.0007968741092682086,0.2208227178640786
0.053991,0.054787792,-0.0007967922654151943,0.0007967922654151943,1.4757871940497622
1.317061,1.3162646,0.0007963706359863654,0.0007963706359863654,0.060465736661088565
0.125439,0.12623486,-0.0007958592281341603,0.0007958592281341603,0.6344591614248368
0.066638,0.06584242,0.0007955801372528104,0.0007955801372528104,1.1938835740252212
1.315471,1.3162646,-0.000793629364013615,0.000793629364013615,0.06033043403870435
0.066634,0.06584242,0.0007915801372528064,0.0007915801372528064,1.1879523007246362
0.066634,0.06584242,0.0007915801372528064,0.0007915801372528064,1.1879523007246362
0.252235,0.25302657,-0.0007915748500824105,0.0007915748500824105,0.31382435021649896
0.081469,0.08067886,0.0007901421370506284,0.0007901421370506284,0.9698684604951087
0.053999,0.054787792,-0.0007887922654151933,0.0007887922654151933,1.46075346572055
0.081467,0.08067886,0.0007881421370506264,0.0007881421370506264,0.9674372888202453
1.315478,1.3162646,-0.0007866293640137467,0.0007866293640137467,0.059797987039992215
18.504128,18.503342,0.0007863251953139638,0.0007863251953139638,0.00424945825769101
0.081465,0.08067886,0.0007861421370506244,0.0007861421370506244,0.9650059977728085
3.648534,3.6493187,-0.0007846950683592091,0.0007846950683592091,0.021507133230434523
0.055214,0.055998374,-0.0007843737766742714,0.0007843737766742714,1.4206066853581787
1.317048,1.3162646,0.0007833706359863246,0.0007833706359863246,0.059479277591009995
1.315482,1.3162646,-0.0007826293640136317,0.0007826293640136317,0.059493734156312136
0.376601,0.37738296,-0.0007819638957977104,0.0007819638957977104,0.2076372329308932
1.202018,1.2012366,0.0007813943557739567,0.0007813943557739567,0.0650068764119131
1.317045,1.3162646,0.0007803706359863494,0.0007803706359863494,0.05925163042470817
0.376603,0.37738296,-0.0007799638957977084,0.0007799638957977084,0.2071050670309592
0.054009,0.054787792,-0.0007787922654151902,0.0007787922654151902,1.4419675683186555
0.108159,0.10738048,0.0007785204257965139,0.0007785204257965139,0.7197925508526535
0.081453,0.08067886,0.0007741421370506263,0.0007741421370506263,0.950415744171744
0.081453,0.08067886,0.0007741421370506263,0.0007741421370506263,0.950415744171744
8.424997,8.425771,-0.0007737595825201282,0.0007737595825201282,0.009184093270430176
0.108153,0.10738048,0.0007725204257965079,0.0007725204257965079,0.7142847864434858
0.079907,0.08067886,-0.0007718578629493655,0.0007718578629493655,0.965945238819403
0.054016,0.054787792,-0.0007717922654151901,0.0007717922654151901,1.428821578766233
0.066613,0.06584242,0.0007705801372528132,0.0007705801372528132,1.1568014292945996
0.081449,0.08067886,0.0007701421370506223,0.0007701421370506223,0.9455513709254515
0.066611,0.06584242,0.0007685801372528112,0.0007685801372528112,1.1538336552506006
0.108149,0.10738048,0.0007685204257965039,0.0007685204257965039,0.7106126039869914
0.081447,0.08067886,0.0007681421370506342,0.0007681421370506342,0.943119005129121
1.317032,1.3162646,0.0007673706359863086,0.0007673706359863086,0.05826514738655124
0.108147,0.10738048,0.0007665204257965019,0.0007665204257965019,0.7087764108923277
0.079913,0.08067886,-0.0007658578629493734,0.0007658578629493734,0.9583645489357288
1.3155,1.3162646,-0.0007646293640137802,0.0007646293640137802,0.05812461907682673
0.054025,0.054787792,-0.000762792265415195,0.000762792265415195,1.4119245978774093
0.108143,0.10738048,0.0007625204257965118,0.0007625204257965118,0.7051038209513404
3.648559,3.6493187,-0.0007596950683592674,0.0007596950683592674,0.02082178384229077
8.42653,8.425771,0.0007592404174801004,0.0007592404174801004,0.009010119437907305
0.055241,0.055998374,-0.0007573737766742722,0.0007573737766742722,1.3710355991079752
0.055243,0.055998374,-0.0007553737766742702,0.0007553737766742702,1.3673655943864464
0.055243,0.055998374,-0.0007553737766742702,0.0007553737766742702,1.3673655943864464
0.079925,0.08067886,-0.0007538578629493753,0.0007538578629493753,0.943206583679911
0.079925,0.08067886,-0.0007538578629493753,0.0007538578629493753,0.943206583679911
0.079925,0.08067886,-0.0007538578629493753,0.0007538578629493753,0.943206583679911
0.252273,0.25302657,-0.0007535748500823725,0.0007535748500823725,0.2987140319351093
0.074014,0.073260814,0.0007531860485076869,0.0007531860485076869,1.0176264591699684
0.081432,0.08067886,0.000753142137050633,0.000753142137050633,0.9248724532441308
1.308321,1.3090732,-0.000752209762573175,0.000752209762573175,0.05749428179442817
0.079927,0.08067886,-0.0007518578629493733,0.0007518578629493733,0.9406806986483826
8.425021,8.425771,-0.0007497595825203263,0.0007497595825203263,0.008899201349307344
0.125486,0.12623486,-0.0007488592281341688,0.0007488592281341688,0.5967671513454901
0.108128,0.10738048,0.0007475204257965107,0.0007475204257965107,0.691329188651581
3.648572,3.6493187,-0.0007466950683592266,0.0007466950683592266,0.02046540587218126
0.054043,0.054787792,-0.0007447922654151909,0.0007447922654151909,1.3781475196362958
0.079935,0.08067886,-0.0007438578629493653,0.0007438578629493653,0.9305784224917582
0.066585,0.06584242,0.0007425801372528129,0.0007425801372528129,1.1152363687580935
3.650061,3.6493187,0.0007423049316406249,0.0007423049316406249,0.02033678153927532
0.056738,0.055998374,0.0007396262233257261,0.0007396262233257261,1.3035817653462307
0.081418,0.08067886,0.0007391421370506329,0.0007391421370506329,0.9078362722528146
0.108118,0.10738048,0.0007375204257965146,0.0007375204257965146,0.6821439770568921
0.055261,0.055998374,-0.000737373776674273,0.000737373776674273,1.3343475060891505
0.079942,0.08067886,-0.0007368578629493722,0.0007368578629493722,0.9217405894618995
18.502606,18.503342,-0.0007356748046873918,0.0007356748046873918,0.003976060478634284
0.055263,0.055998374,-0.000735373776674271,0.000735373776674271,1.330680157326947
0.08141,0.08067886,0.0007311421370506249,0.0007311421370506249,0.898098680939106
1.316995,1.3162646,0.0007303706359862439,0.0007303706359862439,0.05545735829906617
0.07995,0.08067886,-0.000728857862949378,0.000728857862949378,0.9116421038620839
0.07995,0.08067886,-0.000728857862949378,0.000728857862949378,0.9116421038620839
0.055271,0.055998374,-0.0007273737766742699,0.0007273737766742699,1.3160134163634754
0.079952,0.08067886,-0.000726857862949376,0.000726857862949376,0.9091177982292605
0.079952,0.08067886,-0.000726857862949376,0.000726857862949376,0.9091177982292605
1.31554,1.3162646,-0.0007246293640137402,0.0007246293640137402,0.055082275260247344
0.079956,0.08067886,-0.000722857862949372,0.000722857862949372,0.9040695658178279
1.201959,1.2012366,0.0007223943557739254,0.0007223943557739254,0.060101414084325996
0.055276,0.055998374,-0.0007223737766742719,0.0007223737766742719,1.3068488591204555
8.425049,8.425771,-0.0007217595825199652,0.0007217595825199652,0.008566829492759014
0.066564,0.06584242,0.0007215801372528058,0.0007215801372528058,1.0840396252760744
3.65004,3.6493187,0.0007213049316407982,0.0007213049316407982,0.019761562383454334
0.0814,0.08067886,0.0007211421370506288,0.0007211421370506288,0.8859240002023402
0.079958,0.08067886,-0.00072085786294937,0.00072085786294937,0.9015456390202662
1.315544,1.3162646,-0.0007206293640136252,0.0007206293640136252,0.054778051054077036
0.125515,0.12623486,-0.0007198592281341676,0.0007198592281341676,0.57352446126809
0.07996,0.08067886,-0.000718857862949368,0.000718857862949368,0.8990218384821738
0.07996,0.08067886,-0.000718857862949368,0.000718857862949368,0.8990218384821738
0.108098,0.10738048,0.0007175204257965084,0.0007175204257965084,0.6637684555983829
0.148395,0.14768054,0.0007144640874862662,0.0007144640874862662,0.48146102429650944
3.648605,3.6493187,-0.0007136950683594989,0.0007136950683594989,0.019560765507363447
0.081392,0.08067886,0.0007131421370506347,0.0007131421370506347,0.8761821016493667
0.125523,0.12623486,-0.0007118592281341596,0.0007118592281341596,0.5671145746732033
0.066554,0.06584242,0.0007115801372528097,0.0007115801372528097,1.0691771135974284
0.054077,0.054787792,-0.0007107922654151916,0.0007107922654151916,1.3144077225082453
0.252316,0.25302657,-0.0007105748500824127,0.0007105748500824127,0.2816210029489972
0.108091,0.10738048,0.0007105204257965153,0.0007105204257965153,0.6573354165834158
0.055288,0.055998374,-0.0007103737766742738,0.0007103737766742738,1.2848606847587418
0.07997,0.08067886,-0.0007088578629493719,0.0007088578629493719,0.8864047293522161
0.108089,0.10738048,0.0007085204257965133,0.0007085204257965133,0.6554972523948006
0.108089,0.10738048,0.0007085204257965133,0.0007085204257965133,0.6554972523948006
1.316973,1.3162646,0.0007083706359862774,0.0007083706359862774,0.053787787291955845
0.06655,0.06584242,0.0007075801372528057,0.0007075801372528057,1.0632308582863634
0.073968,0.073260814,0.0007071860485076964,0.0007071860485076964,0.9560702568024364
0.108087,0.10738048,0.0007065204257965113,0.0007065204257965113,0.6536590201808288
0.055292,0.055998374,-0.0007063737766742698,0.0007063737766742698,1.2775334142312382
0.081385,0.08067886,0.0007061421370506277,0.0007061421370506277,0.8676563693346087
0.065137,0.06584242,-0.0007054198627471919,0.0007054198627471919,1.0829787396782369
1.308368,1.3090732,-0.0007052097625732667,0.0007052097625732667,0.05389995494534923
0.079974,0.08067886,-0.0007048578629493679,0.0007048578629493679,0.8813587691849966
0.066546,0.06584242,0.0007035801372528017,0.0007035801372528017,1.0572838881307935
1.316968,1.3162646,0.0007033706359862446,0.0007033706359862446,0.05340833155648704
0.125532,0.12623486,-0.0007028592281341506,0.0007028592281341506,0.5599044288103798
0.125532,0.12623486,-0.0007028592281341506,0.0007028592281341506,0.5599044288103798
0.079976,0.08067886,-0.0007028578629493659,0.0007028578629493659,0.8788359783816769
0.108083,0.10738048,0.0007025204257965073,0.0007025204257965073,0.649982351661709
0.055296,0.055998374,-0.0007023737766742727,0.0007023737766742727,1.2702072037833938
0.202782,0.2020803,0.0007017055101394554,0.0007017055101394554,0.3460393475719818
0.056699,0.055998374,0.0007006262233257288,0.0007006262233257288,1.2356941429126345
0.108081,0.10738048,0.0007005204257965053,0.0007005204257965053,0.6481439153490082
0.079979,0.08067886,-0.0006998578629493768,0.0006998578629493768,0.875052028750453
0.054088,0.054787792,-0.0006997922654151945,0.0006997922654151945,1.293803180227391
0.081377,0.08067886,0.0006981421370506335,0.0006981421370506335,0.8579108792321205
0.079981,0.08067886,-0.0006978578629493748,0.0006978578629493748,0.8725295533649807
0.065145,0.06584242,-0.0006974198627471978,0.0006974198627471978,1.0705654488857663
0.055302,0.055998374,-0.0006963737766742736,0.0006963737766742736,1.2592198752577732
0.055484,0.054787792,0.000696207734584807,0.000696207734584807,1.2547900896294732
0.079983,0.08067886,-0.0006958578629493728,0.0006958578629493728,0.8700072041300848
0.054093,0.054787792,-0.0006947922654151895,0.0006947922654151895,1.2844402494421627
8.425076,8.425771,-0.0006947595825188557,0.0006947595825188557,0.008246330151925151
0.202775,0.2020803,0.0006947055101394761,0.0006947055101394761,0.3425991911216259
0.108075,0.10738048,0.0006945204257965132,0.0006945204257965132,0.642628198153028
0.054094,0.054787792,-0.0006937922654151885,0.0006937922654151885,1.2825678709886874
1.309766,1.3090732,0.0006927902374267436,0.0006927902374267436,0.052894199221376136
0.108073,0.10738048,0.0006925204257965112,0.0006925204257965112,0.6407894896558083
0.079987,0.08067886,-0.0006918578629493688,0.0006918578629493688,0.8649628840741694
0.097138,0.0964472,0.0006908004169464133,0.0006908004169464133,0.7111536332179577
0.148371,0.14768054,0.00069046408748627,0.00069046408748627,0.4653632360912218
0.054099,0.054787792,-0.0006887922654151904,0.0006887922654151904,1.2732070170280103
0.05531,0.055998374,-0.0006883737766742726,0.0006883737766742726,1.2445738120225975
0.066529,0.06584242,0.0006865801372528124,0.0006865801372528124,1.0320012869888489
0.081365,0.08067886,0.0006861421370506354,0.0006861421370506354,0.8432890508294062
0.056684,0.055998374,0.0006856262233257276,0.0006856262233257276,1.209558644619591
0.055472,0.054787792,0.0006842077345848088,0.0006842077345848088,1.233428997244339
0.079995,0.08067886,-0.0006838578629493747,0.0006838578629493747,0.8548757573529584
0.079995,0.08067886,-0.0006838578629493747,0.0006838578629493747,0.8548757573529584
0.065159,0.06584242,-0.0006834198627471977,0.0006834198627471977,1.0488495245451102
0.079997,0.08067886,-0.0006818578629493727,0.0006818578629493727,0.8523542909071822
0.148362,0.14768054,0.000681464087486261,0.000681464087486261,0.45932522278409277
0.125554,0.12623486,-0.0006808592281341563,0.0006808592281341563,0.5422839794764582
0.108061,0.10738048,0.0006805204257965131,0.0006805204257965131,0.6297558093731849
0.108061,0.10738048,0.0006805204257965131,0.0006805204257965131,0.6297558093731849
0.376703,0.37738296,-0.0006799638957977194,0.0006799638957977194,0.18050397677141286
0.056678,0.055998374,0.0006796262233257286,0.0006796262233257286,1.1991005718737922
0.054109,0.054787792,-0.0006787922654151943,0.0006787922654151943,1.254490499104962
0.080001,0.08067886,-0.0006778578629493687,0.0006778578629493687,0.8473117362308683
0.080001,0.08067886,-0.0006778578629493687,0.0006778578629493687,0.8473117362308683
0.202758,0.2020803,0.0006777055101394591,0.0006777055101394591,0.3342435365338066
0.065165,0.06584242,-0.0006774198627471917,0.0006774198627471917,1.039545556215217
0.055321,0.055998374,-0.0006773737766742685,0.0006773737766742685,1.224442391586967
0.054111,0.054787792,-0.0006767922654151923,0.0006767922654151923,1.2507480256591899
0.066519,0.06584242,0.0006765801372528024,0.0006765801372528024,1.017123132091101
0.108057,0.10738048,0.0006765204257965091,0.0006765204257965091,0.6260773713599598
0.108057,0.10738048,0.0006765204257965091,0.0006765204257965091,0.6260773713599598
1.316941,1.3162646,0.0006763706359862454,0.0006763706359862454,0.051359220795380064
0.081355,0.08067886,0.0006761421370506254,0.0006761421370506254,0.8311008988009645
0.376707,0.37738296,-0.0006759638957977154,0.0006759638957977154,0.17944022691860653
0.080003,0.08067886,-0.0006758578629493667,0.0006758578629493667,0.8447906479814207
1.315589,1.3162646,-0.0006756293640137745,0.0006756293640137745,0.05135565620892383
0.065167,0.06584242,-0.0006754198627471897,0.0006754198627471897,1.0364446141616848
0.055323,0.055998374,-0.0006753737766742735,0.0006753737766742735,1.2207829934267673
0.055323,0.055998374,-0.0006753737766742735,0.0006753737766742735,1.2207829934267673
0.055323,0.055998374,-0.0006753737766742735,0.0006753737766742735,1.2207829934267673
1.315592,1.3162646,-0.0006726293640135772,0.0006726293640135772,0.05112750487707812
0.108053,0.10738048,0.0006725204257965051,0.0006725204257965051,0.6223986610034951
0.080007,0.08067886,-0.0006718578629493765,0.0006718578629493765,0.8397488496126936
0.066513,0.06584242,0.0006705801372528103,0.0006705801372528103,1.0081940917484045
0.081349,0.08067886,0.0006701421370506333,0.0006701421370506333,0.8237865692594215
0.080009,0.08067886,-0.0006698578629493745,0.0006698578629493745,0.8372281394744923
0.080009,0.08067886,-0.0006698578629493745,0.0006698578629493745,0.8372281394744923
0.10805,0.10738048,0.0006695204257965021,0.0006695204257965021,0.6196394494927003
3.64865,3.6493187,-0.0006686950683594262,0.0006686950683594262,0.018327191381499977
0.108048,0.10738048,0.0006675204257965139,0.0006675204257965139,0.6177998900291667
0.080013,0.08067886,-0.0006658578629493705,0.0006658578629493705,0.8321870972431774
0.12557,0.12623486,-0.0006648592281341681,0.0006648592281341681,0.5294729852709207
0.066507,0.06584242,0.0006645801372528043,0.0006645801372528043,0.9992634403198775
0.065178,0.06584242,-0.0006644198627471926,0.0006644198627471926,1.0193928345880507
0.376719,0.37738296,-0.0006639638957977034,0.0006639638957977034,0.17624911289885942
0.06518,0.06584242,-0.0006624198627471906,0.0006624198627471906,1.016293129381555
0.376721,0.37738296,-0.0006619638957977569,0.0006619638957977569,0.17571728032736153
0.148342,0.14768054,0.0006614640874862687,0.0006614640874862687,0.44590479233147984
18.504003,18.503342,0.000661325195313367,0.000661325195313367,0.003573957458339112
0.08134,0.08067886,0.0006611421370506243,0.0006611421370506243,0.8128130516815975
0.066503,0.06584242,0.0006605801372528142,0.0006605801372528142,0.9933087774378682
0.072601,0.073260814,-0.0006598139514923107,0.0006598139514923107,0.9088221244659009
18.504001,18.503342,0.0006593251953113111,0.0006593251953113111,0.0035631493713589187
0.055447,0.054787792,0.0006592077345848116,0.0006592077345848116,1.1888970248992994
0.202739,0.2020803,0.0006587055101394679,0.0006587055101394679,0.3249032055078523
0.202738,0.2020803,0.0006577055101394669,0.0006577055101394669,0.3244115606423341
0.056656,0.055998374,0.0006576262233257274,0.0006576262233257274,1.1607353540048575
0.0665,0.06584242,0.0006575801372528112,0.0006575801372528112,0.9888423101713818
0.055341,0.055998374,-0.0006573737766742693,0.0006573737766742693,1.1878603124020328
8.425114,8.425771,-0.0006567595825188732,0.0006567595825188732,0.007795260485627588
0.065186,0.06584242,-0.0006564198627471984,0.0006564198627471984,1.00699515500292
0.065186,0.06584242,-0.0006564198627471984,0.0006564198627471984,1.00699515500292
0.055343,0.055998374,-0.0006553737766742673,0.0006553737766742673,1.184203558697692
0.125581,0.12623486,-0.0006538592281341571,0.0006538592281341571,0.5206673203856393
0.055345,0.055998374,-0.0006533737766742723,0.0006533737766742723,1.1805470692812814
0.080026,0.08067886,-0.0006528578629493714,0.0006528578629493714,0.8158071903300981
0.080026,0.08067886,-0.0006528578629493714,0.0006528578629493714,0.8158071903300981
0.46789,0.46854284,-0.0006528440570831573,0.0006528440570831573,0.13952938873316975
0.06519,0.06584242,-0.0006524198627471944,0.0006524198627471944,1.0007974562761115
0.376731,0.37738296,-0.0006519638957977469,0.0006519638957977469,0.17305820217202425
0.202732,0.2020803,0.0006517055101394609,0.0006517055101394609,0.32146158959513016
0.108032,0.10738048,0.0006515204257965118,0.0006515204257965118,0.6030809623013837
0.202731,0.2020803,0.0006507055101394599,0.0006507055101394599,0.3209699107775772
18.502691,18.503342,-0.0006506748046888333,0.0006506748046888333,0.0035166495764606173
0.065192,0.06584242,-0.0006504198627471924,0.0006504198627471924,0.9976988921178881
18.503991,18.503342,0.0006493251953116896,0.0006493251953116896,0.003509108901469854
0.081328,0.08067886,0.0006491421370506262,0.0006491421370506262,0.7981779168951018
0.08003,0.08067886,-0.0006488578629493674,0.0006488578629493674,0.8107682895646623
0.06649,0.06584242,0.0006475801372528012,0.0006475801372528012,0.9739511750321104
18.502695,18.503342,-0.0006466748046882742,0.0006466748046882742,0.003495030343875739
0.065196,0.06584242,-0.0006464198627471884,0.0006464198627471884,0.9915023341243115
1.201883,1.2012366,0.0006463943557739604,0.0006463943557739604,0.05378180369638131
0.125589,0.12623486,-0.0006458592281341491,0.0006458592281341491,0.5142641693300248
0.056642,0.055998374,0.0006436262233257273,0.0006436262233257273,1.1363056074810596
0.108024,0.10738048,0.0006435204257965038,0.0006435204257965038,0.5957198633644227
0.108024,0.10738048,0.0006435204257965038,0.0006435204257965038,0.5957198633644227
0.055355,0.055998374,-0.0006433737766742692,0.0006433737766742692,1.1622685855153114
0.202723,0.2020803,0.0006427055101394519,0.0006427055101394519,0.31703630561032325
0.0652,0.06584242,-0.0006424198627471983,0.0006424198627471983,0.9853065364446195
0.126877,0.12623486,0.0006421407718658345,0.0006421407718658345,0.506112826879357
0.376742,0.37738296,-0.0006409638957977082,0.0006409638957977082,0.17013337924297656
0.20272,0.2020803,0.0006397055101394766,0.0006397055101394766,0.3155611236305818
1.308434,1.3090732,-0.0006392097625731452,0.0006392097625731452,0.048853038252161904
0.0739,0.073260814,0.0006391860485076839,0.0006391860485076839,0.8649337586505416
0.081318,0.08067886,0.0006391421370506301,0.0006391421370506301,0.7859786717143208
0.376744,0.37738296,-0.0006389638957977062,0.0006389638957977062,0.16960161160578657
0.087091,0.08645217,0.0006388287935256975,0.0006388287935256975,0.7335187250027889
3.64868,3.6493187,-0.0006386950683592296,0.0006386950683592296,0.017504825535309337
0.065204,0.06584242,-0.0006384198627471943,0.0006384198627471943,0.9791114989388425
8.426409,8.425771,0.0006382404174800627,0.0006382404174800627,0.007574287190100652
0.085815,0.08645217,-0.0006371712064743018,0.0006371712064743018,0.7424939762649978
0.080042,0.08067886,-0.0006368578629493693,0.0006368578629493693,0.7956546090224066
8.425134,8.425771,-0.0006367595825196304,0.0006367595825196304,0.007557857032446874
0.202717,0.2020803,0.0006367055101394736,0.0006367055101394736,0.3140858979885198
0.066478,0.06584242,0.000635580137252803,0.000635580137252803,0.95607589923994
0.081314,0.08067886,0.0006351421370506261,0.0006351421370506261,0.7810981334942666
0.081314,0.08067886,0.0006351421370506261,0.0006351421370506261,0.7810981334942666
0.056633,0.055998374,0.0006346262233257322,0.0006346262233257322,1.1205943923245065
0.065208,0.06584242,-0.0006344198627471903,0.0006344198627471903,0.97291722146711
0.065208,0.06584242,-0.0006344198627471903,0.0006344198627471903,0.97291722146711
0.081312,0.08067886,0.0006331421370506241,0.0006331421370506241,0.7786576843171568
0.080046,0.08067886,-0.0006328578629493653,0.0006328578629493653,0.7906177225079923
0.08582,0.08645217,-0.0006321712064743107,0.0006321712064743107,0.7366245697246402
0.376751,0.37738296,-0.0006319638957977269,0.0006319638957977269,0.16774046933650777
0.054156,0.054787792,-0.0006317922654151889,0.0006317922654151889,1.1666154521171679
0.08131,0.08067886,0.000631142137050622,0.000631142137050622,0.7762171150835138
0.376752,0.37738296,-0.0006309638957977537,0.0006309638957977537,0.16747459751515031
3.648688,3.6493187,-0.0006306950683594437,0.0006306950683594437,0.017285530260251307
0.10801,0.10738048,0.0006295204257965037,0.0006295204257965037,0.582835316372251
0.081308,0.08067886,0.0006291421370506339,0.0006291421370506339,0.7737764257844953
0.376754,0.37738296,-0.0006289638957977517,0.0006289638957977517,0.16694285810656526
0.08005,0.08067886,-0.0006288578629493752,0.0006288578629493752,0.7855813393676376
0.087081,0.08645217,0.0006288287935257014,0.0006288287935257014,0.7221193978061597
0.202709,0.2020803,0.0006287055101394656,0.0006287055101394656,0.31015174946811136
0.056627,0.055998374,0.0006286262233257262,0.0006286262233257262,1.110117474377256
0.108009,0.10738048,0.0006285204257965027,0.0006285204257965027,0.5819148637748595
0.065214,0.06584242,-0.0006284198627471982,0.0006284198627471982,0.9636272300174366
1.201865,1.2012366,0.0006283943557738869,0.0006283943557738869,0.05228493680418366
18.50397,18.503342,0.0006283251953114188,0.0006283251953114188,0.003395623724573826
3.648691,3.6493187,-0.0006276950683594684,0.0006276950683594684,0.017203294780025635
0.065215,0.06584242,-0.0006274198627471972,0.0006274198627471972,0.9620790643028725
1.316892,1.3162646,0.0006273706359862796,0.0006273706359862796,0.04764024961338055
0.202707,0.2020803,0.0006267055101394636,0.0006267055101394636,0.3091681638178728
0.065216,0.06584242,-0.0006264198627471962,0.0006264198627471962,0.9605309460664029
0.065216,0.06584242,-0.0006264198627471962,0.0006264198627471962,0.9605309460664029
0.055372,0.055998374,-0.000626373776674273,0.000626373776674273,1.131210314857803
0.066468,0.06584242,0.0006255801372528069,0.0006255801372528069,0.9411749056863936
0.202705,0.2020803,0.0006247055101394616,0.0006247055101394616,0.30818455875843076
0.065218,0.06584242,-0.0006244198627471942,0.0006244198627471942,0.9574348520190121
0.055374,0.055998374,-0.000624373776674271,0.000624373776674271,1.127557654398659
0.081303,0.08067886,0.0006241421370506289,0.0006241421370506289,0.7676741771926678
0.202704,0.2020803,0.0006237055101394606,0.0006237055101394606,0.30769274895007886
0.065219,0.06584242,-0.0006234198627471932,0.0006234198627471932,0.9558868762037234
3.649942,3.6493187,0.0006233049316404227,0.0006233049316404227,0.017077118804171287
0.09707,0.0964472,0.0006228004169464146,0.0006228004169464146,0.6415992750641963
0.06522,0.06584242,-0.0006224198627471922,0.0006224198627471922,0.954338947857794
0.055376,0.055998374,-0.000622373776674269,0.000622373776674269,1.123905257783812
0.065221,0.06584242,-0.0006214198627471912,0.0006214198627471912,0.9527910669790408
0.108001,0.10738048,0.0006205204257965086,0.0006205204257965086,0.5745506293663559
0.065223,0.06584242,-0.0006194198627471892,0.0006194198627471892,0.949695447614329
0.097065,0.0964472,0.0006178004169464096,0.0006178004169464096,0.6364811377014665
0.148298,0.14768054,0.0006174640874862802,0.0006174640874862802,0.41636710344705463
0.085835,0.08645217,-0.0006171712064743096,0.0006171712064743096,0.7190204529099892
0.080062,0.08067886,-0.0006168578629493771,0.0006168578629493771,0.7704752094363143
0.055382,0.055998374,-0.00061637377667427,0.00061637377667427,1.1129496507192234
0.055382,0.055998374,-0.00061637377667427,0.00061637377667427,1.1129496507192234
0.065227,0.06584242,-0.0006154198627471991,0.0006154198627471991,0.9435047783949811
0.065227,0.06584242,-0.0006154198627471991,0.0006154198627471991,0.9435047783949811
0.087067,0.08645217,0.0006148287935257013,0.0006148287935257013,0.7061559406199195
0.107995,0.10738048,0.0006145204257965026,0.0006145204257965026,0.5690267375595869
3.285442,3.2860546,-0.0006126112060544919,0.0006126112060544919,0.01864623408466336
8.425159,8.425771,-0.0006117595825188005,0.0006117595825188005,0.007261104300957872
0.376772,0.37738296,-0.0006109638957977337,0.0006109638957977337,0.16215745746381796
0.202691,0.2020803,0.0006107055101394754,0.0006107055101394754,0.30129877983638964
0.202691,0.2020803,0.0006107055101394754,0.0006107055101394754,0.30129877983638964
0.376773,0.37738296,-0.0006099638957977049,0.0006099638957977049,0.16189161527917692
0.080069,0.08067886,-0.0006098578629493701,0.0006098578629493701,0.7616653913346048
18.502732,18.503342,-0.000609674804685767,0.000609674804685767,0.0032950528856088485
0.202689,0.2020803,0.0006087055101394734,0.0006087055101394734,0.3003150194826351
0.202689,0.2020803,0.0006087055101394734,0.0006087055101394734,0.3003150194826351
0.376775,0.37738296,-0.0006079638957977029,0.0006079638957977029,0.16135993514334626
18.502734,18.503342,-0.0006076748046872638,0.0006076748046872638,0.0032842433160633427
0.055394,0.054787792,0.0006062077345848071,0.0006062077345848071,1.0943563084277192
8.425165,8.425771,-0.0006057595825197382,0.0006057595825197382,0.007189883907467074
0.202686,0.2020803,0.0006057055101394704,0.0006057055101394704,0.2988393425498707
0.066448,0.06584242,0.0006055801372528008,0.0006055801372528008,0.9113594635526148
0.085847,0.08645217,-0.0006051712064742976,0.0006051712064742976,0.7049415888375319
0.376778,0.37738296,-0.0006049638957977277,0.0006049638957977277,0.16056242552303085
0.066447,0.06584242,0.0006045801372528137,0.0006045801372528137,0.9098682203003077
0.085848,0.08645217,-0.0006041712064743104,0.0006041712064743104,0.7037685278288859
0.085848,0.08645217,-0.0006041712064743104,0.0006041712064743104,0.7037685278288859
1.309677,1.3090732,0.0006037902374267379,0.0006037902374267379,0.04610222500514521
0.085849,0.08645217,-0.0006031712064743094,0.0006031712064743094,0.7025954941486959
0.085849,0.08645217,-0.0006031712064743094,0.0006031712064743094,0.7025954941486959
8.425168,8.425771,-0.000602759582520207,0.000602759582520207,0.007154273748761482
8.425168,8.425771,-0.000602759582520207,0.000602759582520207,0.007154273748761482
0.056601,0.055998374,0.0006026262233257279,0.0006026262233257279,1.0646918292274625
0.08585,0.08645217,-0.0006021712064743084,0.0006021712064743084,0.7014224877960233
0.08585,0.08645217,-0.0006021712064743084,0.0006021712064743084,0.7014224877960233
0.202681,0.2020803,0.0006007055101394654,0.0006007055101394654,0.29637978391812037
0.202681,0.2020803,0.0006007055101394654,0.0006007055101394654,0.29637978391812037
0.056599,0.055998374,0.0006006262233257259,0.0006006262233257259,1.0611958201815053
7.515691,7.5150905,0.0006005344543460467,0.0006005344543460467,0.007990409056706246
0.085852,0.08645217,-0.0006001712064743064,0.0006001712064743064,0.6990765570694101
0.065243,0.06584242,-0.0005994198627471969,0.0005994198627471969,0.918749692424394
0.065243,0.06584242,-0.0005994198627471969,0.0005994198627471969,0.918749692424394
0.085853,0.08645217,-0.0005991712064743054,0.0005991712064743054,0.6979036326935597
0.055386,0.054787792,0.0005982077345848061,0.0005982077345848061,1.0800702948484018
0.085854,0.08645217,-0.0005981712064743044,0.0005981712064743044,0.6967307356414072
0.072663,0.073260814,-0.0005978139514923042,0.0005978139514923042,0.8227212620860451
0.065245,0.06584242,-0.0005974198627471949,0.0005974198627471949,0.9156561603671376
0.085855,0.08645217,-0.0005971712064743034,0.0005971712064743034,0.6955578659119976
0.06691,0.06631284,0.0005971579289436313,0.0005971579289436313,0.8924793424766881
0.202677,0.2020803,0.0005967055101394614,0.0005967055101394614,0.29441204963811846
0.066439,0.06584242,0.0005965801372528057,0.0005965801372528057,0.8979366582201254
0.055402,0.055998374,-0.0005963737766742708,0.0005963737766742708,1.0764480986206684
0.085856,0.08645217,-0.0005961712064743024,0.0005961712064743024,0.6943850235043765
0.081275,0.08067886,0.0005961421370506287,0.0005961421370506287,0.7334877100180142
0.202676,0.2020803,0.0005957055101394604,0.0005957055101394604,0.2939201039321579
0.056594,0.055998374,0.0005956262233257278,0.0005956262233257278,1.0524547165305034
0.085857,0.08645217,-0.0005951712064743014,0.0005951712064743014,0.6932122084175888
0.097042,0.0964472,0.0005948004169464144,0.0005948004169464144,0.612930912732099
0.087046,0.08645217,0.0005938287935256942,0.0005938287935256942,0.682201126810529
0.37679,0.37738296,-0.0005929638957977157,0.0005929638957977157,0.15737251403708782
0.09704,0.0964472,0.0005928004169464124,0.0005928004169464124,0.6108825395048741
0.055406,0.055998374,-0.0005923737766742737,0.0005923737766742737,1.0691509504478265
0.081271,0.08067886,0.0005921421370506247,0.0005921421370506247,0.7286020060316998
0.376791,0.37738296,-0.0005919638957977424,0.0005919638957977424,0.15710669725143003
0.202671,0.2020803,0.0005907055101394554,0.0005907055101394554,0.29146030258300154
0.376793,0.37738296,-0.0005899638957977404,0.0005899638957977404,0.15657506791292974
0.072671,0.073260814,-0.0005898139514923101,0.0005898139514923101,0.8116221748437312
0.056588,0.055998374,0.0005896262233257288,0.0005896262233257288,1.0419633531557317
1.315676,1.3162646,-0.0005886293640136042,0.0005886293640136042,0.04473969001250038
0.055375,0.054787792,0.000587207734584809,0.000587207734584809,1.060420286274291
8.425184,8.425771,-0.0005867595825197469,0.0005867595825197469,0.006964353330595302
0.066429,0.06584242,0.0005865801372528096,0.0005865801372528096,0.883018164310454
0.097033,0.0964472,0.0005858004169464054,0.0005858004169464054,0.6037125682424462
0.085867,0.08645217,-0.0005851712064743053,0.0005851712064743053,0.6814855599855821
1.31568,1.3162646,-0.0005846293640137112,0.0005846293640137112,0.0444355286976526
0.081263,0.08067886,0.0005841421370506306,0.0005841421370506306,0.7188291551281658
0.08587,0.08645217,-0.0005821712064743023,0.0005821712064743023,0.6779680980509308
0.055417,0.055998374,-0.0005813737766742696,0.0005813737766742696,1.0490892246516057
0.202661,0.2020803,0.0005807055101394731,0.0005807055101394731,0.28654033575919036
0.202661,0.2020803,0.0005807055101394731,0.0005807055101394731,0.28654033575919036
0.085872,0.08645217,-0.0005801712064743003,0.0005801712064743003,0.6756232599667843
0.20266,0.2020803,0.0005797055101394721,0.0005797055101394721,0.28604831237216216
0.20266,0.2020803,0.0005797055101394721,0.0005797055101394721,0.28604831237216216
0.085873,0.08645217,-0.0005791712064742993,0.0005791712064742993,0.6744508818835355
3.648741,3.6493187,-0.000577695068359585,0.000577695068359585,0.015832723351527342
0.085875,0.08645217,-0.0005771712064742973,0.0005771712064742973,0.6721062076299168
0.202657,0.2020803,0.0005767055101394691,0.0005767055101394691,0.2845722130767242
0.066419,0.06584242,0.0005765801372528134,0.0005765801372528134,0.8680951781639565
0.085876,0.08645217,-0.0005761712064743102,0.0005761712064743102,0.6709339114576557
0.376807,0.37738296,-0.0005759638957977264,0.0005759638957977264,0.1528538205619515
0.081254,0.08067886,0.0005751421370506354,0.0005751421370506354,0.7078323975961835
0.065268,0.06584242,-0.0005744198627471858,0.0005744198627471858,0.8800941684548196
0.065268,0.06584242,-0.0005744198627471858,0.0005744198627471858,0.8800941684548196
0.085879,0.08645217,-0.0005731712064743072,0.0005731712064743072,0.6674171867475053
0.06527,0.06584242,-0.0005724198627471977,0.0005724198627471977,0.8770030057763059
0.08588,0.08645217,-0.0005721712064743062,0.0005721712064743062,0.6662449997765035
0.05657,0.055998374,0.0005716262233257316,0.0005716262233257316,1.010475910049948
0.085881,0.08645217,-0.0005711712064743052,0.0005711712064743052,0.6650728401034366
0.065272,0.06584242,-0.0005704198627471957,0.0005704198627471957,0.8739120325304628
8.426341,8.425771,0.0005702404174812159,0.0005702404174812159,0.006767355100801741
0.376813,0.37738296,-0.0005699638957977204,0.0005699638957977204,0.15125908491651333
1.315695,1.3162646,-0.000569629364013613,0.000569629364013613,0.04329494023845329
0.085883,0.08645217,-0.0005691712064743032,0.0005691712064743032,0.6627286026472929
0.081248,0.08067886,0.0005691421370506294,0.0005691421370506294,0.7004998724277886
0.376814,0.37738296,-0.0005689638957977472,0.0005689638957977472,0.15099330057979637
0.376814,0.37738296,-0.0005689638957977472,0.0005689638957977472,0.15099330057979637
0.055356,0.054787792,0.0005682077345848108,0.0005682077345848108,1.026460968202814
0.056566,0.055998374,0.0005676262233257276,0.0005676262233257276,1.003475979072679
0.06641,0.06584242,0.0005675801372528044,0.0005675801372528044,0.8546606480923714
0.066409,0.06584242,0.0005665801372528034,0.0005665801372528034,0.8531676977512623
0.085886,0.08645217,-0.0005661712064743002,0.0005661712064743002,0.6592124511737509
0.085886,0.08645217,-0.0005661712064743002,0.0005661712064743002,0.6592124511737509
0.056564,0.055998374,0.0005656262233257325,0.0005656262233257325,0.9999756423268453
0.066408,0.06584242,0.0005655801372528024,0.0005655801372528024,0.8516747024471869
0.066408,0.06584242,0.0005655801372528024,0.0005655801372528024,0.8516747024471869
8.425206,8.425771,-0.0005647595825202245,0.0005647595825202245,0.0067032139334459164
0.056562,0.055998374,0.0005636262233257305,0.0005636262233257305,0.9964750580411857
0.056562,0.055998374,0.0005636262233257305,0.0005636262233257305,0.9964750580411857
0.066406,0.06584242,0.0005635801372528143,0.0005635801372528143,0.8486885769420318
0.066406,0.06584242,0.0005635801372528143,0.0005635801372528143,0.8486885769420318
0.066406,0.06584242,0.0005635801372528143,0.0005635801372528143,0.8486885769420318
0.055435,0.055998374,-0.0005633737766742725,0.0005633737766742725,1.0162781197041477
0.087015,0.08645217,0.0005628287935256909,0.0005628287935256909,0.6468181266205515
3.648756,3.6493187,-0.0005626950683592646,0.0005626950683592646,0.015421559247695463
18.502779,18.503342,-0.000562674804687191,0.000562674804687191,0.003041028618912597
1.201799,1.2012366,0.0005623943557739874,0.0005623943557739874,0.04679604124543217
8.426333,8.425771,0.0005622404174800977,0.0005622404174800977,0.006672421057575404
0.08589,0.08645217,-0.0005621712064743101,0.0005621712064743101,0.6545246312955938
0.202641,0.2020803,0.0005607055101394531,0.0005607055101394531,0.27669894535792566
0.085892,0.08645217,-0.0005601712064743081,0.0005601712064743081,0.652180885090727
0.085892,0.08645217,-0.0005601712064743081,0.0005601712064743081,0.652180885090727
0.376823,0.37738296,-0.0005599638957977104,0.0005599638957977104,0.1486013050289152
0.376823,0.37738296,-0.0005599638957977104,0.0005599638957977104,0.1486013050289152
0.376823,0.37738296,-0.0005599638957977104,0.0005599638957977104,0.1486013050289152
0.056558,0.055998374,0.0005596262233257265,0.0005596262233257265,0.9894731467453824
8.42633,8.425771,0.0005592404174805665,0.0005592404174805665,0.006636820744902344
0.065284,0.06584242,-0.0005584198627471976,0.0005584198627471976,0.8553701701670049
0.085894,0.08645217,-0.0005581712064743061,0.0005581712064743061,0.6498372480318403
0.376825,0.37738296,-0.0005579638957977084,0.0005579638957977084,0.14806976597880678
0.055441,0.055998374,-0.0005573737766742734,0.0005573737766742734,1.0053458192834321
0.085895,0.08645217,-0.0005571712064743051,0.0005571712064743051,0.6486654704297569
0.085895,0.08645217,-0.0005571712064743051,0.0005571712064743051,0.6486654704297569
0.081236,0.08067886,0.0005571421370506313,0.0005571421370506313,0.6858315726584271
0.202637,0.2020803,0.0005567055101394769,0.0005567055101394769,0.27473043415799997
0.376827,0.37738296,-0.0005559638957977064,0.0005559638957977064,0.14753823257095913
0.066398,0.06584242,0.0005555801372528063,0.0005555801372528063,0.8367422759963614
0.066398,0.06584242,0.0005555801372528063,0.0005555801372528063,0.8367422759963614
0.095892,0.0964472,-0.0005551995830535839,0.0005551995830535839,0.5789842556987024
0.376828,0.37738296,-0.0005549638957977332,0.0005549638957977332,0.14727246798286242
0.087007,0.08645217,0.0005548287935256968,0.0005548287935256968,0.6376829368763592
0.085898,0.08645217,-0.0005541712064743021,0.0005541712064743021,0.6451503013215113
8.426324,8.425771,0.0005532404174797279,0.0005532404174797279,0.0065656200434870806
0.081232,0.08067886,0.0005531421370506273,0.0005531421370506273,0.6809411763463735
8.425218,8.425771,-0.0005527595825203235,0.0005527595825203235,0.006560774837087453
0.056551,0.055998374,0.0005526262233257265,0.0005526262233257265,0.977217418522235
0.066394,0.06584242,0.0005515801372528023,0.0005515801372528023,0.83076804594095
0.202631,0.2020803,0.0005507055101394709,0.0005507055101394709,0.2717775216367157
0.056549,0.055998374,0.0005506262233257314,0.0005506262233257314,0.9737152245875544
18.503892,18.503342,0.0005503251953129507,0.0005503251953129507,0.002974105098051678
0.066392,0.06584242,0.0005495801372528142,0.0005495801372528142,0.8277806609607083
0.095898,0.0964472,-0.0005491995830535917,0.0005491995830535917,0.5726913830120549
0.377932,0.37738296,0.0005490361042022607,0.0005490361042022607,0.14527378048352266
0.065294,0.06584242,-0.0005484198627471876,0.0005484198627471876,0.8399238244054028
0.085904,0.08645217,-0.00054817120647431,0.00054817120647431,0.638120699660306
0.085905,0.08645217,-0.000547171206474309,0.000547171206474309,0.6369491948517081
0.376836,0.37738296,-0.0005469638957977252,0.0005469638957977252,0.14514640205622042
0.202627,0.2020803,0.0005467055101394669,0.0005467055101394669,0.26980881613489716
0.055452,0.055998374,-0.0005463737766742693,0.0005463737766742693,0.9853094129859337
18.503888,18.503342,0.0005463251953123915,0.0005463251953123915,0.00295248866243375
0.376837,0.37738296,-0.000545963895797752,0.000545963895797752,0.14488065016250296
0.066388,0.06584242,0.0005455801372528102,0.0005455801372528102,0.8218053510137447
0.056543,0.055998374,0.0005446262233257324,0.0005446262233257324,0.9632071562572293
0.086996,0.08645217,0.0005438287935256997,0.0005438287935256997,0.6251193076699852
0.072717,0.073260814,-0.0005438139514923057,0.0005438139514923057,0.7478498160601454
0.202624,0.2020803,0.0005437055101394639,0.0005437055101394639,0.2683322359992556
0.37684,0.37738296,-0.0005429638957977212,0.0005429638957977212,0.14408340294385888
0.37684,0.37738296,-0.0005429638957977212,0.0005429638957977212,0.14408340294385888
3.648776,3.6493187,-0.0005426950683595777,0.0005426950683595777,0.014873345701262681
0.095905,0.0964472,-0.0005421995830535847,0.0005421995830535847,0.5653506933822366
0.376842,0.37738296,-0.0005409638957977192,0.0005409638957977192,0.14355191185010358
0.202621,0.2020803,0.0005407055101394609,0.0005407055101394609,0.26685561213921816
0.095908,0.0964472,-0.0005391995830535956,0.0005391995830535956,0.5622050115646147
3.64878,3.6493187,-0.0005386950683594627,0.0005386950683594627,0.014763703713150668
0.085916,0.08645217,-0.0005361712064742979,0.0005361712064742979,0.6240644418388117
0.081215,0.08067886,0.0005361421370506242,0.0005361421370506242,0.6601516177928617
0.066378,0.06584242,0.0005355801372528141,0.0005355801372528141,0.8068639254661938
0.065307,0.06584242,-0.0005354198627471884,0.0005354198627471884,0.8198506468331692
8.426305,8.425771,0.0005342404174797366,0.0005342404174797366,0.006340150486760169
0.085918,0.08645217,-0.0005341712064743098,0.0005341712064743098,0.6217221139372283
0.376849,0.37738296,-0.00053396389579774,0.00053396389579774,0.1416917374481684
0.37685,0.37738296,-0.0005329638957977112,0.0005329638957977112,0.14142600388915622
0.081211,0.08067886,0.0005321421370506341,0.0005321421370506341,0.655258692043412
0.376851,0.37738296,-0.000531963895797738,0.000531963895797738,0.1411602717404432
0.376851,0.37738296,-0.000531963895797738,0.000531963895797738,0.1411602717404432
18.50281,18.503342,-0.0005316748046872988,0.0005316748046872988,0.00287348140463219
0.376852,0.37738296,-0.0005309638957977092,0.0005309638957977092,0.14089454100198873
0.07273,0.073260814,-0.0005308139514923066,0.0005308139514923066,0.7298418132303929
0.056529,0.055998374,0.0005306262233257322,0.0005306262233257322,0.93867965537521
0.072731,0.073260814,-0.0005298139514923056,0.0005298139514923056,0.7284568488867866
0.072731,0.073260814,-0.0005298139514923056,0.0005298139514923056,0.7284568488867866
0.096977,0.0964472,0.0005298004169464049,0.0005298004169464049,0.5463155350238608
0.066372,0.06584242,0.0005295801372528081,0.0005295801372528081,0.7978969090202361
0.081207,0.08067886,0.0005281421370506301,0.0005281421370506301,0.6503652842738493
0.376855,0.37738296,-0.000527963895797734,0.000527963895797734,0.1400973572481821
0.065315,0.06584242,-0.0005274198627471943,0.0005274198627471943,0.8075018938064649
0.202607,0.2020803,0.0005267055101394746,0.0005267055101394746,0.25996412260164287
1.315739,1.3162646,-0.00052562936401368,0.00052562936401368,0.039949364119611155
18.503867,18.503342,0.0005253251953121207,0.0005253251953121207,0.0028390022221262278
0.072736,0.073260814,-0.0005248139514923145,0.0005248139514923145,0.7215325983980174
0.066837,0.06631284,0.0005241579289436277,0.0005241579289436277,0.7842331764732029
0.376859,0.37738296,-0.00052396389579773,0.00052396389579773,0.13903446531957456
0.066366,0.06584242,0.0005235801372528021,0.0005235801372528021,0.7889282711989178
0.056521,0.055998374,0.0005226262233257312,0.0005226262233257312,0.9246584851667038
0.080157,0.08067886,-0.0005218578629493653,0.0005218578629493653,0.6510446527418948
8.425249,8.425771,-0.000521759582518655,0.000521759582518655,0.006192809049470966
0.107901,0.10738048,0.0005205204257965057,0.0005205204257965057,0.4824055618706965
0.095927,0.0964472,-0.0005201995830535905,0.0005201995830535905,0.5422869291349709
8.425251,8.425771,-0.0005197595825201518,0.0005197595825201518,0.006169069414240391
18.503861,18.503342,0.0005193251953130584,0.0005193251953130584,0.0028065774775883363
0.072742,0.073260814,-0.0005188139514923085,0.0005188139514923085,0.7132247543084926
8.425252,8.425771,-0.0005187595825191238,0.0005187595825191238,0.006157199600830534
0.202599,0.2020803,0.0005187055101394666,0.0005187055101394666,0.25602570095777416
0.066361,0.06584242,0.0005185801372528109,0.0005185801372528109,0.7814531674799322
0.05548,0.055998374,-0.0005183737766742691,0.0005183737766742691,0.9343435034966214
0.080161,0.08067886,-0.0005178578629493752,0.0005178578629493752,0.6460222081852185
0.066359,0.06584242,0.0005165801372528089,0.0005165801372528089,0.7784628105823568
0.202596,0.2020803,0.0005157055101394636,0.0005157055101394636,0.2545487126522315
8.426286,8.425771,0.0005152404174797454,0.0005152404174797454,0.006114679913233787
18.502827,18.503342,-0.0005146748046875871,0.0005146748046875871,0.002781600912578416
1.316779,1.3162646,0.0005143706359862499,0.0005143706359862499,0.039062791550228786
0.080165,0.08067886,-0.0005138578629493712,0.0005138578629493712,0.6410002648392328
0.095934,0.0964472,-0.0005131995830535835,0.0005131995830535835,0.5349506770473793
0.469056,0.46854284,0.0005131559429168431,0.0005131559429168431,0.10940185027106385
0.066355,0.06584242,0.0005125801372528049,0.0005125801372528049,0.7724815559947606
0.376871,0.37738296,-0.000511963895797718,0.000511963895797718,0.13584592490848912
1.201748,1.2012366,0.0005113943557739642,0.0005113943557739642,0.042554209013155
3.64983,3.6493187,0.0005113049316407547,0.0005113049316407547,0.014009006765431422
0.066353,0.06584242,0.0005105801372528029,0.0005105801372528029,0.769490658272139
0.066353,0.06584242,0.0005105801372528029,0.0005105801372528029,0.769490658272139
0.085943,0.08645217,-0.0005091712064742987,0.0005091712064742987,0.5924522135390276
0.376874,0.37738296,-0.0005089638957977427,0.0005089638957977427,0.13504882153257955
1.316773,1.3162646,0.0005083706359862994,0.0005083706359862994,0.03860731013984127
0.080171,0.08067886,-0.0005078578629493652,0.0005078578629493652,0.6334682894262226
0.376876,0.37738296,-0.0005069638957977407,0.0005069638957977407,0.13451742633206235
0.202587,0.2020803,0.0005067055101394546,0.0005067055101394546,0.25011748527266664
0.066349,0.06584242,0.0005065801372528128,0.0005065801372528128,0.7635083218877519
0.147174,0.14768054,-0.0005065359125137336,0.0005065359125137336,0.34417486252297197
0.081185,0.08067886,0.0005061421370506219,0.0005061421370506219,0.6234429222481728
0.081185,0.08067886,0.0005061421370506219,0.0005061421370506219,0.6234429222481728
0.376877,0.37738296,-0.000505963895797712,0.000505963895797712,0.1342517308467909
0.468037,0.46854284,-0.0005058440570831491,0.0005058440570831491,0.10807779234869708
1.201742,1.2012366,0.0005053943557740137,0.0005053943557740137,0.04205514625701345
0.066347,0.06584242,0.0005045801372528108,0.0005045801372528108,0.7605168831933531
0.056502,0.055998374,0.000503626223325726,0.000503626223325726,0.8913422930770305
0.072758,0.073260814,-0.0005028139514923063,0.0005028139514923063,0.6910772022337464
0.202583,0.2020803,0.0005027055101394784,0.0005027055101394784,0.24814792450073817
0.066345,0.06584242,0.0005025801372528088,0.0005025801372528088,0.7575252641424125
0.080177,0.08067886,-0.0005018578629493731,0.0005018578629493731,0.6259374413153843
1.201738,1.2012366,0.0005013943557738987,0.0005013943557738987,0.04172243498434569
0.066343,0.06584242,0.0005005801372528068,0.0005005801372528068,0.754533464718619
0.14718,0.14768054,-0.0005005359125137276,0.0005005359125137276,0.340084190904772
0.376883,0.37738296,-0.000499963895797706,0.000499963895797706,0.13265758754442317
0.086952,0.08645217,0.0004998287935256973,0.0004998287935256973,0.5748330032096609
0.20258,0.2020803,0.0004997055101394754,0.0004997055101394754,0.24667070287925988
0.376884,0.37738296,-0.0004989638957977327,0.0004989638957977327,0.1323919019288006
0.066341,0.06584242,0.0004985801372528048,0.0004985801372528048,0.7515414849056592
0.080183,0.08067886,-0.0004958578629493671,0.0004958578629493671,0.618407720253619
1.201732,1.2012366,0.0004953943557739482,0.0004953943557739482,0.041223363922465645
18.503837,18.503342,0.0004953251953132565,0.0004953251953132565,0.0026768782891385154
1.316759,1.3162646,0.0004943706359863409,0.0004943706359863409,0.037544504039751875
0.376889,0.37738296,-0.0004939638957977555,0.0004939638957977555,0.13106349499897635
0.080185,0.08067886,-0.0004938578629493651,0.0004938578629493651,0.6158980636446555
0.202574,0.2020803,0.0004937055101394694,0.0004937055101394694,0.2437161283756816
0.202574,0.2020803,0.0004937055101394694,0.0004937055101394694,0.2437161283756816
0.107874,0.10738048,0.0004935204257965065,0.0004935204257965065,0.45749710341603106
0.37689,0.37738296,-0.0004929638957977267,0.0004929638957977267,0.1307978178425877
0.054297,0.054787792,-0.0004907922654151936,0.0004907922654151936,0.903903096876974
0.080189,0.08067886,-0.0004898578629493749,0.0004898578629493749,0.6108791259879733
18.502852,18.503342,-0.0004896748046867572,0.0004896748046867572,0.002646482848612261
0.10787,0.10738048,0.0004895204257965025,0.0004895204257965025,0.4538059009388121
3.649808,3.6493187,0.0004893049316407883,0.0004893049316407883,0.01340631977428352
0.095958,0.0964472,-0.0004891995830535872,0.0004891995830535872,0.5098059385812348
0.085963,0.08645217,-0.0004891712064743065,0.0004891712064743065,0.5690485510106185
0.066329,0.06584242,0.0004865801372528067,0.0004865801372528067,0.7335858169416408
3.649802,3.6493187,0.00048330493164083776,0.00048330493164083776,0.013241949333897999
0.3769,0.37738296,-0.0004829638957977167,0.0004829638957977167,0.12814112381787623
0.202563,0.2020803,0.0004827055101394584,0.0004827055101394584,0.23829895385690353
0.252544,0.25302657,-0.00048257485008240675,0.00048257485008240675,0.1910854543728306
0.066324,0.06584242,0.0004815801372528017,0.0004815801372528017,0.7261023709768702
0.080198,0.08067886,-0.00048085786294936594,0.00048085786294936594,0.5995883467789441
1.201717,1.2012366,0.0004803943557738499,0.0004803943557738499,0.03997566446458478
0.066322,0.06584242,0.00047958013725281357,0.00047958013725281357,0.7231086766528526
0.066322,0.06584242,0.00047958013725281357,0.00047958013725281357,0.7231086766528526
0.202559,0.2020803,0.0004787055101394544,0.0004787055101394544,0.23632892633905453
1.315786,1.3162646,-0.00047862936401377176,0.00047862936401377176,0.0363759276947312
1.315786,1.3162646,-0.00047862936401377176,0.00047862936401377176,0.0363759276947312
1.201715,1.2012366,0.00047839435577401446,0.00047839435577401446,0.03980930218347987
0.376905,0.37738296,-0.00047796389579773946,0.00047796389579773946,0.1268128296708525
8.425293,8.425771,-0.00047775958251961015,0.00047775958251961015,0.00567053967753928
0.376906,0.37738296,-0.0004769638957977107,0.0004769638957977107,0.12654717507048535
0.376906,0.37738296,-0.0004769638957977107,0.0004769638957977107,0.12654717507048535
0.080202,0.08067886,-0.0004768578629493758,0.0004768578629493758,0.5945710360774106
1.308598,1.3090732,-0.00047520976257331426,0.00047520976257331426,0.03631441913689306
0.066316,0.06584242,0.00047358013725280756,0.00047358013725280756,0.7141265102519468
0.202553,0.2020803,0.00047270551013947615,0.00047270551013947615,0.23337373917251403
1.201709,1.2012366,0.0004723943557738419,0.0004723943557738419,0.039310212017595915
0.376912,0.37738296,-0.0004709638957977047,0.0004709638957977047,0.12495327707070918
0.202551,0.2020803,0.00047070551013947415,0.00047070551013947415,0.2323886378774163
1.201707,1.2012366,0.00047039435577400646,0.00047039435577400646,0.03914384752147259
1.201707,1.2012366,0.00047039435577400646,0.00047039435577400646,0.03914384752147259
3.648849,3.6493187,-0.00046969506835958796,0.00046969506835958796,0.01287241725669425
0.066312,0.06584242,0.00046958013725280356,0.00046958013725280356,0.7081374962973008
0.066312,0.06584242,0.00046958013725280356,0.00046958013725280356,0.7081374962973008
0.08021,0.08067886,-0.0004688578629493678,0.0004688578629493678,0.5845379159267298
1.201705,1.2012366,0.00046839435577394894,0.00046839435577394894,0.038977482471569264
18.502874,18.503342,-0.0004676748046890111,0.0004676748046890111,0.0025275792543714218
0.107848,0.10738048,0.0004675204257965082,0.0004675204257965082,0.433499393000342
0.107848,0.10738048,0.0004675204257965082,0.0004675204257965082,0.433499393000342
8.425304,8.425771,-0.00046675958251896077,0.00046675958251896077,0.005539973186883474
0.202547,0.2020803,0.00046670551013947015,0.00046670551013947015,0.2304183769243937
8.426236,8.425771,0.0004652404174798619,0.0004652404174798619,0.005521331439973205
18.503806,18.503342,0.00046432519531336425,0.00046432519531336425,0.0025093496727692398
0.37692,0.37738296,-0.0004629638957977522,0.0004629638957977522,0.12282815867423434
0.056461,0.055998374,0.00046262622332572667,0.00046262622332572667,0.8193730584055431
3.649781,3.6493187,0.00046230493164056696,0.00046230493164056696,0.012666648536662894
0.095985,0.0964472,-0.000462199583053588,0.000462199583053588,0.48153313806537984
0.202542,0.2020803,0.00046170551013946515,0.00046170551013946515,0.22795544129687162
0.066304,0.06584242,0.00046158013725280944,0.00046158013725280944,0.69615730054997
0.252565,0.25302657,-0.0004615748500824135,0.0004615748500824135,0.18275487494294881
0.166636,0.16709742,-0.0004614195003509458,0.0004614195003509458,0.2769026501320502
1.316726,1.3162646,0.00046137063598639116,0.00046137063598639116,0.03503922881080437
0.085991,0.08645217,-0.0004611712064743062,0.0004611712064743062,0.5363017128978667
0.080218,0.08067886,-0.0004608578629493737,0.0004608578629493737,0.5745067969469034
1.201697,1.2012366,0.00046039435577394094,0.00046039435577394094,0.038312016734303976
3.649779,3.6493187,0.0004603049316407315,0.0004603049316407315,0.012611857639274039
0.066302,0.06584242,0.00045958013725280744,0.00045958013725280744,0.6931617998848386
0.376924,0.37738296,-0.0004589638957977482,0.0004589638957977482,0.12176563330432198
0.055245,0.054787792,0.0004572077345848108,0.0004572077345848108,0.8276002059140385
0.080222,0.08067886,-0.0004568578629493697,0.0004568578629493697,0.5694919877089548
0.202537,0.2020803,0.00045670551013946015,0.00045670551013946015,0.22549238406511787
18.502885,18.503342,-0.00045667480468836175,0.00045667480468836175,0.0024681275632740174
18.502886,18.503342,-0.0004556748046873338,0.0004556748046873338,0.0024627228675833113
8.425316,8.425771,-0.0004547595825190598,0.0004547595825190598,0.005397537404100478
0.202534,0.2020803,0.00045370551013945715,0.00045370551013945715,0.22401449135228785
1.316718,1.3162646,0.00045337063598638316,0.00045337063598638316,0.03443187045000913
0.080226,0.08067886,-0.0004528578629493657,0.0004528578629493657,0.5644776785392367
0.055546,0.055998374,-0.0004523737766742725,0.0004523737766742725,0.8144128755623439
0.376933,0.37738296,-0.00044996389579771146,0.00044996389579771146,0.11937503367397825
1.316714,1.3162646,0.00044937063598626814,0.00044937063598626814,0.034128188501993596
0.376934,0.37738296,-0.0004489638957977382,0.0004489638957977382,0.119109418539752
0.202528,0.2020803,0.0004477055101394789,0.0004477055101394789,0.2210585745765624
0.125788,0.12623486,-0.00044685922813414436,0.00044685922813414436,0.35524789946489044
1.31582,1.3162646,-0.00044462936401368225,0.00044462936401368225,0.033791047710164855
0.055232,0.054787792,0.00044420773458481166,0.00044420773458481166,0.8042579189248148
0.096003,0.0964472,-0.00044419958305358387,0.00044419958305358387,0.4626934393621974
0.202524,0.2020803,0.0004437055101394749,0.0004437055101394749,0.219087866090136
0.072818,0.073260814,-0.00044281395149231573,0.00044281395149231573,0.6081105645365229
0.107823,0.10738048,0.00044252042579651096,0.00044252042579651096,0.4104137571632186
0.376941,0.37738296,-0.00044196389579770345,0.00044196389579770345,0.11725015206105287
0.086894,0.08645217,0.0004418287935256948,0.0004418287935256948,0.5084687009658045
0.202522,0.2020803,0.0004417055101394729,0.0004417055101394729,0.21810248265441307
0.202521,0.2020803,0.0004407055101394719,0.0004407055101394719,0.21760978363817188
0.166658,0.16709742,-0.00043941950035095156,0.00043941950035095156,0.2636654106537257
0.202519,0.2020803,0.0004387055101394699,0.0004387055101394699,0.21662437100856982
3.64888,3.6493187,-0.00043869506835925165,0.00043869506835925165,0.012022732135538273
0.107819,0.10738048,0.00043852042579650696,0.00043852042579650696,0.40671906193693863
0.080241,0.08067886,-0.0004378578629493646,0.0004378578629493646,0.5456784716088858
1.201674,1.2012366,0.0004373943557738347,0.0004373943557738347,0.03639875338381591
0.125799,0.12623486,-0.0004358592281341611,0.0004358592281341611,0.3464727285492638
0.080245,0.08067886,-0.00043385786294937445,0.00043385786294937445,0.5406665367421122
0.080245,0.08067886,-0.00043385786294937445,0.00043385786294937445,0.5406665367421122
0.202513,0.2020803,0.0004327055101394639,0.0004327055101394639,0.21366801633761578
18.503774,18.503342,0.00043232519531244407,0.00043232519531244407,0.0023364163186931903
18.503774,18.503342,0.00043232519531244407,0.00043232519531244407,0.0023364163186931903
0.072829,0.073260814,-0.0004318139514923047,0.0004318139514923047,0.5929148428502243
0.376953,0.37738296,-0.00042996389579774696,0.00042996389579774696,0.11406299875148465
0.376953,0.37738296,-0.00042996389579774696,0.00042996389579774696,0.11406299875148465
8.425341,8.425771,-0.00042975958252000623,0.00042975958252000623,0.005100797493121115
0.20251,0.2020803,0.0004297055101394609,0.0004297055101394609,0.21218977330861247
1.201666,1.2012366,0.0004293943557738267,0.0004293943557738267,0.035733253311493664
1.201666,1.2012366,0.0004293943557738267,0.0004293943557738267,0.035733253311493664
0.202509,0.2020803,0.0004287055101394599,0.0004287055101394599,0.21169701589942316
0.202509,0.2020803,0.0004287055101394599,0.0004287055101394599,0.21169701589942316
8.426199,8.425771,0.00042824041748090735,0.00042824041748090735,0.0050822490363190455
0.125807,0.12623486,-0.0004278592281341531,0.0004278592281341531,0.3400917498979082
0.125807,0.12623486,-0.0004278592281341531,0.0004278592281341531,0.3400917498979082
0.125807,0.12623486,-0.0004278592281341531,0.0004278592281341531,0.3400917498979082
0.376956,0.37738296,-0.0004269638957977162,0.0004269638957977162,0.11326624213023534
0.202506,0.2020803,0.0004257055101394569,0.0004257055101394569,0.2102187144722814
3.648893,3.6493187,-0.0004256950683592109,0.0004256950683592109,0.011666416865266932
0.376958,0.37738296,-0.0004249638957977142,0.0004249638957977142,0.11273507809490158
0.12581,0.12623486,-0.0004248592281341501,0.0004248592281341501,0.3376990921202217
0.376959,0.37738296,-0.00042396389579774096,0.00042396389579774096,0.11246949819085669
0.376959,0.37738296,-0.00042396389579774096,0.00042396389579774096,0.11246949819085669
0.202504,0.2020803,0.0004237055101394549,0.0004237055101394549,0.20923315585382102
1.20166,1.2012366,0.0004233943557738762,0.0004233943557738762,0.035234122442175164
0.06589,0.06631284,-0.00042284207105636185,0.00042284207105636185,0.6417393692739756
0.376961,0.37738296,-0.00042196389579773896,0.00042196389579773896,0.11193834260992534
0.376961,0.37738296,-0.00042196389579773896,0.00042196389579773896,0.11193834260992534
0.080257,0.08067886,-0.00042185786294937633,0.00042185786294937633,0.5256337296731034
8.426192,8.425771,0.0004212404174808171,0.0004212404174808171,0.0049991789586068995
0.376962,0.37738296,-0.0004209638957977102,0.0004209638957977102,0.11167276693301643
0.07284,0.073260814,-0.0004208139514923076,0.0004208139514923076,0.5777237107558812
0.107801,0.10738048,0.00042052042579650284,0.00042052042579650284,0.39008954036271776
1.201656,1.2012366,0.0004193943557739832,0.0004193943557739832,0.03490136576017445
0.376964,0.37738296,-0.0004189638957977082,0.0004189638957977082,0.11114161980628563
1.316683,1.3162646,0.0004183706359863759,0.0004183706359863759,0.031774590843399765
0.125817,0.12623486,-0.0004178592281341431,0.0004178592281341431,0.3321166677015239
0.072845,0.073260814,-0.0004158139514923165,0.0004158139514923165,0.5708201673711255
0.065898,0.06631284,-0.0004148420710563677,0.0004148420710563677,0.6295214884015392
0.202495,0.2020803,0.00041470551013947365,0.00041470551013947365,0.20479790115048555
0.166683,0.16709742,-0.0004144195003509543,0.0004144195003509543,0.24862733458260708
0.080265,0.08067886,-0.0004138578629493683,0.0004138578629493683,0.5156143554896331
0.080265,0.08067886,-0.0004138578629493683,0.0004138578629493683,0.5156143554896331
0.056412,0.055998374,0.00041362622332572624,0.00041362622332572624,0.7332238222231129
3.648906,3.6493187,-0.00041269506835917014,0.00041269506835917014,0.011310104133892735
0.376971,0.37738296,-0.00041196389579772896,0.00041196389579772896,0.10928264924581634
0.07285,0.073260814,-0.0004108139514923115,0.0004108139514923115,0.5639175716244255
0.066723,0.06631284,0.00041015792894363856,0.00041015792894363856,0.6147174562428565
0.056408,0.055998374,0.0004096262233257292,0.0004096262233257292,0.7261846238114178
0.10779,0.10738048,0.0004095204257965057,0.0004095204257965057,0.3799243208243635
0.376974,0.37738296,-0.0004089638957977537,0.0004089638957977537,0.10848596871117577
18.50375,18.503342,0.0004083251953126421,0.0004083251953126421,0.002206715910615067
0.125831,0.12623486,-0.00040385922813415687,0.00040385922813415687,0.32095368217148645
0.202484,0.2020803,0.00040370551013946265,0.00040370551013946265,0.19937649885427303
0.056402,0.055998374,0.0004036262233257301,0.0004036262233257301,0.7156239541330204
0.107784,0.10738048,0.0004035204257965136,0.0004035204257965136,0.37437878110121614
0.080277,0.08067886,-0.0004018578629493702,0.0004018578629493702,0.5005890385151179
0.107782,0.10738048,0.0004015204257965116,0.0004015204257965116,0.3725301306563076
0.376982,0.37738296,-0.0004009638957977457,0.0004009638957977457,0.1063615492759294
0.080278,0.08067886,-0.0004008578629493692,0.0004008578629493692,0.4993371315304717
1.201637,1.2012366,0.00040039435577399196,0.00040039435577399196,0.033320741267177295
0.376983,0.37738296,-0.00039996389579771696,0.00039996389579771696,0.10609600318625001
0.10778,0.10738048,0.0003995204257965096,0.0003995204257965096,0.3706814116031065
0.065914,0.06631284,-0.0003988420710563656,0.0003988420710563656,0.6050946239816595
0.125837,0.12623486,-0.00039785922813415087,0.00039785922813415087,0.3161703058861706
0.107778,0.10738048,0.0003975204257965076,0.0003975204257965076,0.3688326239377934
8.426168,8.425771,0.00039724041748101513,0.00039724041748101513,0.0047143662157733
0.376986,0.37738296,-0.0003969638957977417,0.0003969638957977417,0.10529937336995071
0.066709,0.06631284,0.00039615792894363844,0.00039615792894363844,0.5938597915570293
8.425375,8.425771,-0.0003957595825188065,0.0003957595825188065,0.004697234040195353
0.202476,0.2020803,0.00039570551013945465,0.00039570551013945465,0.19543329083151653
0.12584,0.12623486,-0.00039485922813414787,0.00039485922813414787,0.31377878879558885
1.201631,1.2012366,0.00039439435577381943,0.00039439435577381943,0.032821586305695996
0.066707,0.06631284,0.00039415792894363644,0.00039415792894363644,0.5908794104857917
0.125841,0.12623486,-0.00039385922813414687,0.00039385922813414687,0.31298164177109616
0.202473,0.2020803,0.00039270551013945165,0.00039270551013945165,0.1939545074876636
0.125843,0.12623486,-0.00039185922813414487,0.00039185922813414487,0.3113873857288506
0.107772,0.10738048,0.00039152042579651547,0.00039152042579651547,0.36328584923099655
0.086843,0.08645217,0.0003908287935256993,0.0003908287935256993,0.4500406400926485
0.202471,0.2020803,0.0003907055101394774,0.0003907055101394774,0.19296862757950953
1.201627,1.2012366,0.00039039435577392645,0.00039039435577392645,0.03248881356206523
0.376993,0.37738296,-0.00038996389579770696,0.00038996389579770696,0.10344061977126003
0.065923,0.06631284,-0.0003898420710563705,0.0003898420710563705,0.5913597234121791
0.20247,0.2020803,0.0003897055101394764,0.0003897055101394764,0.19247568032152945
0.376994,0.37738296,-0.0003889638957977337,0.0003889638957977337,0.10317508917769477
0.125846,0.12623486,-0.00038885922813414187,0.00038885922813414187,0.3089960966778012
0.125846,0.12623486,-0.00038885922813414187,0.00038885922813414187,0.3089960966778012
0.125846,0.12623486,-0.00038885922813414187,0.00038885922813414187,0.3089960966778012
0.08029,0.08067886,-0.0003888578629493711,0.0003888578629493711,0.4843166801158979
0.08029,0.08067886,-0.0003888578629493711,0.0003888578629493711,0.4843166801158979
8.425382,8.425771,-0.00038875958251871623,0.00038875958251871623,0.004614147851267777
8.425382,8.425771,-0.00038875958251871623,0.00038875958251871623,0.004614147851267777
1.201625,1.2012366,0.00038839435577386894,0.00038839435577386894,0.03232242635943381
0.252639,0.25302657,-0.000387574850082395,0.000387574850082395,0.15341053832899293
0.107768,0.10738048,0.00038752042579651147,0.00038752042579651147,0.3595876562958613
0.125848,0.12623486,-0.0003868592281341676,0.0003868592281341676,0.3074019673151466
0.080292,0.08067886,-0.0003868578629493691,0.0003868578629493691,0.4818137080500615
3.648933,3.6493187,-0.00038569506835939293,0.00038569506835939293,0.010570078111843184
3.649704,3.6493187,0.0003853049316404622,0.0003853049316404622,0.01055715563864645
0.073646,0.073260814,0.00038518604850769356,0.00038518604850769356,0.5230237188505416
0.376998,0.37738296,-0.0003849638957977297,0.0003849638957977297,0.10211298088998264
0.055172,0.054787792,0.00038420773458480717,0.00038420773458480717,0.6963817405358251
0.073645,0.073260814,0.00038418604850769256,0.00038418604850769256,0.521672955375137
0.107764,0.10738048,0.00038352042579650747,0.00038352042579650747,0.35588918882058784
3.648936,3.6493187,-0.0003826950683594177,0.0003826950683594177,0.010487853674302038
0.252644,0.25302657,-0.00038257485008241776,0.00038257485008241776,0.15142843286640068
0.125854,0.12623486,-0.0003808592281341616,0.0003808592281341616,0.3026198832230535
0.10776,0.10738048,0.00037952042579650347,0.00037952042579650347,0.3521904467746038
0.377004,0.37738296,-0.0003789638957977237,0.0003789638957977237,0.10051986071691649
0.072882,0.073260814,-0.00037881395149230723,0.00037881395149230723,0.5197633859835677
18.502963,18.503342,-0.00037867480468634085,0.00037867480468634085,0.002046563054167564
1.201615,1.2012366,0.00037839435577402547,0.00037839435577402547,0.031490482038134926
0.125857,0.12623486,-0.0003778592281341586,0.0003778592281341586,0.30022901215977627
0.054411,0.054787792,-0.0003767922654151906,0.0003767922654151906,0.6924928134434173
0.065937,0.06631284,-0.00037584207105637035,0.00037584207105637035,0.5700017751586646
0.202456,0.2020803,0.0003757055101394624,0.0003757055101394624,0.18557390739414417
0.107756,0.10738048,0.00037552042579651335,0.00037552042579651335,0.348491430127345
3.649694,3.6493187,0.0003753049316408408,0.0003753049316408408,0.010283188991475931
0.066688,0.06631284,0.0003751579289436313,0.0003751579289436313,0.5625568743718127
0.107755,0.10738048,0.00037452042579651235,0.00037452042579651235,0.3475666330554923
3.649693,3.6493187,0.000374304931640701,0.000374304931640701,0.010255792244181777
0.096073,0.0964472,-0.00037419958305358325,0.00037419958305358325,0.38949505341156015
0.073635,0.073260814,0.00037418604850769643,0.00037418604850769643,0.5081633027765778
0.147307,0.14768054,-0.0003735359125137394,0.0003735359125137394,0.25357648466139626
0.065941,0.06631284,-0.00037184207105636635,0.00037184207105636635,0.5639011699738633
0.054416,0.054787792,-0.00037179226541519256,0.00037179226541519256,0.6832407099602174
1.316636,1.3162646,0.00037137063598624565,0.00037137063598624565,0.028206021706685798
1.201607,1.2012366,0.00037039435577401747,0.00037039435577401747,0.03082491661110434
3.648949,3.6493187,-0.00036969506835937693,0.00036969506835937693,0.010131549340625079
0.066682,0.06631284,0.0003691579289436392,0.0003691579289436392,0.5536095623856957
1.316632,1.3162646,0.00036737063598635267,0.00036737063598635267,0.02790230193086985
8.425404,8.425771,-0.00036675958251919383,0.00036675958251919383,0.0043530207277282
1.201603,1.2012366,0.00036639435577390245,0.00036639435577390245,0.03049213057419217
1.201603,1.2012366,0.00036639435577390245,0.00036639435577390245,0.03049213057419217
8.426137,8.425771,0.0003662404174811229,0.0003662404174811229,0.0043464806883246315
0.125869,0.12623486,-0.0003658592281341466,0.0003658592281341466,0.29066666760161747
1.315901,1.3162646,-0.0003636293640136845,0.0003636293640136845,0.02763348944837423
0.125872,0.12623486,-0.0003628592281341436,0.0003628592281341436,0.28827636634507053
0.107743,0.10738048,0.0003625204257965142,0.0003625204257965142,0.3364677291889464
0.125874,0.12623486,-0.0003608592281341416,0.0003608592281341416,0.286682895472821
0.107741,0.10738048,0.0003605204257965122,0.0003605204257965122,0.33461767151028354
0.054428,0.054787792,-0.00035979226541519443,0.00035979226541519443,0.6610425971083851
0.166738,0.16709742,-0.0003594195003509548,0.0003594195003509548,0.21555944064064306
3.649678,3.6493187,0.0003593049316408248,0.0003593049316408248,0.009844839233241396
0.125876,0.12623486,-0.0003588592281341674,0.0003588592281341674,0.28508947523680284
0.202439,0.2020803,0.00035870551013947316,0.00035870551013947316,0.17719189976352442
0.107739,0.10738048,0.0003585204257965102,0.0003585204257965102,0.3327675451449732
8.426129,8.425771,0.0003582404174800047,0.0003582404174800047,0.004251542048261463
0.080321,0.08067886,-0.00035785786294936783,0.00035785786294936783,0.445534620465175
1.201594,1.2012366,0.0003573943557739767,0.0003573943557739767,0.02974335389026854
0.201723,0.2020803,-0.00035729448986052126,0.00035729448986052126,0.17712134445918407
0.06667,0.06631284,0.0003571579289436272,0.0003571579289436272,0.5357101071065203
0.37774,0.37738296,0.0003570361042022907,0.0003570361042022907,0.09451900887059132
0.107737,0.10738048,0.0003565204257965082,0.0003565204257965082,0.33091735008919027
0.125879,0.12623486,-0.0003558592281341644,0.0003558592281341644,0.28269943982035517
3.649674,3.6493187,0.00035530493164070975,0.00035530493164070975,0.009735251193146962
0.12588,0.12623486,-0.0003548592281341634,0.0003548592281341634,0.28190278666369606
0.054433,0.054787792,-0.00035479226541518943,0.00035479226541518943,0.6517962720470911
0.202435,0.2020803,0.00035470551013946916,0.00035470551013946916,0.17521945808000083
0.080325,0.08067886,-0.0003538578629493777,0.0003538578629493777,0.44053266418779347
3.648965,3.6493187,-0.00035369506835936093,0.00035369506835936093,0.009693024415133275
1.316618,1.3162646,0.0003533706359863942,0.0003533706359863942,0.026839268182536992
0.125883,0.12623486,-0.0003518592281341604,0.0003518592281341604,0.27951290313596555
0.080327,0.08067886,-0.0003518578629493757,0.0003518578629493757,0.43803187285886924
0.166746,0.16709742,-0.0003514195003509468,0.0003514195003509468,0.2107513824260824
1.201588,1.2012366,0.0003513943557740262,0.0003513943557740262,0.02924416320276018
1.201588,1.2012366,0.0003513943557740262,0.0003513943557740262,0.02924416320276018
0.055139,0.054787792,0.00035120773458480886,0.00035120773458480886,0.6369497704852447
0.377032,0.37738296,-0.0003509638957977512,0.0003509638957977512,0.0930859703432773
0.125884,0.12623486,-0.0003508592281341594,0.0003508592281341594,0.2787163006064655
0.065962,0.06631284,-0.00035084207105635923,0.00035084207105635923,0.5318851316280193
0.202431,0.2020803,0.00035070551013946516,0.00035070551013946516,0.1732469384462944
0.125885,0.12623486,-0.0003498592281341584,0.0003498592281341584,0.27791971073300126
0.125885,0.12623486,-0.0003498592281341584,0.0003498592281341584,0.27791971073300126
1.201586,1.2012366,0.0003493943557739687,0.0003493943557739687,0.029077765199069475
8.42612,8.425771,0.00034924041747963486,0.00034924041747963486,0.004144735862716056
0.05444,0.054787792,-0.00034779226541518937,0.00034779226541518937,0.6388542703459498
8.425423,8.425771,-0.0003477595825192026,0.0003477595825192026,0.004127502945728364
3.648971,3.6493187,-0.00034769506835941044,0.00034769506835941044,0.009528578559541357
0.065495,0.06584242,-0.0003474198627471947,0.0003474198627471947,0.5304524959412814
1.316612,1.3162646,0.00034737063598622164,0.00034737063598622164,0.02638367536980052
0.377036,0.37738296,-0.0003469638957977472,0.0003469638957977472,0.09202407613748373
0.125888,0.12623486,-0.0003468592281341554,0.0003468592281341554,0.2755300170458069
0.107727,0.10738048,0.0003465204257965121,0.0003465204257965121,0.32166534431929483
0.107727,0.10738048,0.0003465204257965121,0.0003465204257965121,0.32166534431929483
0.201734,0.2020803,-0.000346294489860538,0.000346294489860538,0.17165896164696037
0.201734,0.2020803,-0.000346294489860538,0.000346294489860538,0.17165896164696037
0.066659,0.06631284,0.00034615792894363007,0.00034615792894363007,0.5192966117468512
0.377037,0.37738296,-0.00034596389579771847,0.00034596389579771847,0.09175860610655184
0.125889,0.12623486,-0.00034585922813415437,0.00034585922813415437,0.27473347779346957
0.125891,0.12623486,-0.00034385922813415237,0.00034385922813415237,0.2731404372520767
0.080335,0.08067886,-0.0003438578629493677,0.0003438578629493677,0.4280299527246378
0.080335,0.08067886,-0.0003438578629493677,0.0003438578629493677,0.4280299527246378
1.20158,1.2012366,0.0003433943557740182,0.0003433943557740182,0.028578567864431796
0.201737,0.2020803,-0.000343294489860535,0.000343294489860535,0.17016932426395043
8.425428,8.425771,-0.00034275958251939187,0.00034275958251939187,0.004068156330044286
0.107723,0.10738048,0.0003425204257965081,0.0003425204257965081,0.3179640610441076
0.107723,0.10738048,0.0003425204257965081,0.0003425204257965081,0.3179640610441076
0.125893,0.12623486,-0.00034185922813415037,0.00034185922813415037,0.27154744732638264
0.065971,0.06631284,-0.0003418420710563641,0.0003418420710563641,0.5181702119691893
0.054446,0.054787792,-0.0003417922654151903,0.0003417922654151903,0.6277637747261994
3.648977,3.6493187,-0.00034169506835945995,0.00034169506835945995,0.00936413324474492
0.065501,0.06584242,-0.0003414198627471887,0.0003414198627471887,0.5212437401351812
1.316606,1.3162646,0.00034137063598627115,0.00034137063598627115,0.025928078404651285
0.065972,0.06631284,-0.0003408420710563631,0.0003408420710563631,0.5166465629959931
0.054447,0.054787792,-0.0003407922654151893,0.0003407922654151893,0.6259155964318946
1.316605,1.3162646,0.0003403706359863534,0.0003403706359863534,0.025852145173419612
0.377043,0.37738296,-0.00033996389579771247,0.00033996389579771247,0.0901658154925424
0.080339,0.08067886,-0.0003398578629493776,0.0003398578629493776,0.42302973963622637
1.315925,1.3162646,-0.0003396293640136605,0.0003396293640136605,0.025809173318224923
1.201576,1.2012366,0.0003393943557739032,0.0003393943557739032,0.02824576687164669
1.201576,1.2012366,0.0003393943557739032,0.0003393943557739032,0.02824576687164669
0.125896,0.12623486,-0.00033885922813414737,0.00033885922813414737,0.2691580573369998
0.125896,0.12623486,-0.00033885922813414737,0.00033885922813414737,0.2691580573369998
0.107719,0.10738048,0.0003385204257965041,0.0003385204257965041,0.3142625028845808
3.649657,3.6493187,0.000338304931640554,0.000338304931640554,0.00926949934285015
0.201742,0.2020803,-0.00033829448986053,0.00033829448986053,0.16768669374391218
0.065975,0.06631284,-0.0003378420710563601,0.0003378420710563601,0.5120758932084641
0.377046,0.37738296,-0.0003369638957977372,0.0003369638957977372,0.0893694391953151
3.648982,3.6493187,-0.00033669506835920515,0.00033669506835920515,0.009227095895512174
0.125899,0.12623486,-0.00033585922813414437,0.00033585922813414437,0.2667687812193707
3.648983,3.6493187,-0.00033569506835950946,0.00033569506835950946,0.009199688470741294
0.1259,0.12623486,-0.00033485922813414337,0.00033485922813414337,0.26597238115025496
0.1259,0.12623486,-0.00033485922813414337,0.00033485922813414337,0.26597238115025496
1.316599,1.3162646,0.00033437063598640293,0.00033437063598640293,0.025396543363697403
0.201746,0.2020803,-0.000334294489860526,0.000334294489860526,0.16570067792909168
0.065509,0.06584242,-0.0003334198627471946,0.0003334198627471946,0.508968023078091
0.166764,0.16709742,-0.0003334195003509566,0.0003334195003509566,0.1999349380867703
0.055665,0.055998374,-0.0003333737766742714,0.0003333737766742714,0.5988929777694754
3.648987,3.6493187,-0.00033169506835939444,0.00033169506835939444,0.009090058921840621
0.107712,0.10738048,0.000331520425796511,0.000331520425796511,0.30778411457286736
1.201568,1.2012366,0.0003313943557738952,0.0003313943557738952,0.02758015823876094
0.125904,0.12623486,-0.0003308592281341671,0.0003308592281341671,0.26278690738291094
0.054457,0.054787792,-0.0003307922654151932,0.0003307922654151932,0.6074375467024545
0.252696,0.25302657,-0.00033057485008242127,0.00033057485008242127,0.13081918588010974
0.125905,0.12623486,-0.0003298592281341661,0.0003298592281341661,0.26199057056683656
0.125906,0.12623486,-0.0003288592281341651,0.0003288592281341651,0.2611942464004661
0.080351,0.08067886,-0.0003278578629493656,0.0003278578629493656,0.40803208739322905
0.05446,0.054787792,-0.0003277922654151902,0.0003277922654151902,0.6018954550372654
0.252699,0.25302657,-0.0003275748500823905,0.0003275748500823905,0.12963044964671805
0.107708,0.10738048,0.000327520425796507,0.000327520425796507,0.3040818003234906
0.377056,0.37738296,-0.0003269638957977272,0.0003269638957977272,0.08671494306177657
0.125908,0.12623486,-0.0003268592281341631,0.0003268592281341631,0.25960163601563163
8.426097,8.425771,0.00032624041748086086,0.00032624041748086086,0.003871785685317758
0.125909,0.12623486,-0.0003258592281341621,0.0003258592281341621,0.25880534979656483
1.316589,1.3162646,0.0003243706359863374,0.0003243706359863374,0.024637197786226393
0.201756,0.2020803,-0.00032429448986054377,0.00032429448986054377,0.16073598291986746
0.201757,0.2020803,-0.00032329448986054277,0.00032329448986054277,0.16023954048697356
0.37706,0.37738296,-0.0003229638957977232,0.0003229638957977232,0.08565318403226808
0.125912,0.12623486,-0.0003228592281341591,0.0003228592281341591,0.25641656702914933
0.065991,0.06631284,-0.00032184207105637186,0.00032184207105637186,0.48770600622610033
0.107702,0.10738048,0.00032152042579651485,0.00032152042579651485,0.2985278133163609
0.066634,0.06631284,0.0003211579289436328,0.0003211579289436328,0.48197305949164054
3.648998,3.6493187,-0.00032069506835918915,0.00032069506835918915,0.008788578901671104
0.065522,0.06584242,-0.00032041986274719547,0.00032041986274719547,0.48902637626777135
0.166777,0.16709742,-0.0003204195003509436,0.0003204195003509436,0.1921245136672437
0.377063,0.37738296,-0.000319963895797748,0.000319963895797748,0.08485687954344263
0.080359,0.08067886,-0.00031985786294937146,0.00031985786294937146,0.39803614100640294
0.080359,0.08067886,-0.00031985786294937146,0.00031985786294937146,0.39803614100640294
0.08036,0.08067886,-0.00031885786294937046,0.00031885786294937046,0.3967867876463212
3.649,3.6493187,-0.0003186950683593537,0.0003186950683593537,0.00873376454783831
0.107698,0.10738048,0.00031752042579651085,0.00031752042579651085,0.2948248115115286
0.201763,0.2020803,-0.00031729448986053677,0.00031729448986053677,0.15726098923156168
0.065996,0.06631284,-0.00031684207105636686,0.00031684207105636686,0.4800928398331324
3.649635,3.6493187,0.0003163049316405875,0.0003163049316405875,0.00866675521338218
0.201764,0.2020803,-0.00031629448986053577,0.00031629448986053577,0.15676458124530204
0.080363,0.08067886,-0.00031585786294936746,0.00031585786294936746,0.3930389141225795
8.425456,8.425771,-0.0003147595825190308,0.0003147595825190308,0.003735816583877418
1.31595,1.3162646,-0.00031462936401371877,0.00031462936401371877,0.023908914775622923
0.065528,0.06584242,-0.00031441986274718947,0.00031441986274718947,0.4798252079528816
1.316579,1.3162646,0.0003143706359862719,0.0003143706359862719,0.023877840673624147
0.125921,0.12623486,-0.0003138592281341501,0.0003138592281341501,0.24925090166445563
3.649005,3.6493187,-0.00031369506835954297,0.00031369506835954297,0.008596728926130446
0.107694,0.10738048,0.00031352042579650685,0.00031352042579650685,0.291121534630885
0.126548,0.12623486,0.00031314077186583855,0.00031314077186583855,0.24744821855611335
0.054475,0.054787792,-0.00031279226541518906,0.00031279226541518906,0.5741941529894353
0.06553,0.06584242,-0.00031241986274718747,0.00031241986274718747,0.47675852627869514
1.316577,1.3162646,0.00031237063598643644,0.00031237063598643644,0.02372596786687831
0.125923,0.12623486,-0.0003118592281341481,0.0003118592281341481,0.24765867068485456
0.054476,0.054787792,-0.000311792265415195,0.000311792265415195,0.5723479419246036
18.50303,18.503342,-0.00031167480468852204,0.00031167480468852204,0.0016844527879316935
0.125924,0.12623486,-0.0003108592281341471,0.0003108592281341471,0.24686257416162488
0.054477,0.054787792,-0.000310792265415194,0.000310792265415194,0.5705017986392279
0.054477,0.054787792,-0.000310792265415194,0.000310792265415194,0.5705017986392279
0.166787,0.16709742,-0.00031041950035096133,0.00031041950035096133,0.1861173233914178
0.166787,0.16709742,-0.00031041950035096133,0.00031041950035096133,0.1861173233914178
0.20177,0.2020803,-0.00031029448986052977,0.00031029448986052977,0.15378623665894012
0.20177,0.2020803,-0.00031029448986052977,0.00031029448986052977,0.15378623665894012
0.377693,0.37738296,0.00031003610420227146,0.00031003610420227146,0.0820868017464408
0.066003,0.06631284,-0.00030984207105635986,0.00030984207105635986,0.469436344691792
0.20239,0.2020803,0.0003097055101394519,0.0003097055101394519,0.15302411679748396
0.10769,0.10738048,0.00030952042579650285,0.00030952042579650285,0.2874179826437783
3.649628,3.6493187,0.0003093049316404972,0.0003093049316404972,0.008474971466462398
0.054479,0.054787792,-0.000308792265415192,0.000308792265415192,0.5668097153919534
1.316573,1.3162646,0.0003083706359863214,0.0003083706359863214,0.023422220869097208
0.05448,0.054787792,-0.000307792265415191,0.000307792265415191,0.5649637754225902
1.201543,1.2012366,0.00030639435577395346,0.00030639435577395346,0.02550007413371418
0.377077,0.37738296,-0.000305963895797734,0.000305963895797734,0.08114095946360902
0.125929,0.12623486,-0.0003058592281341421,0.0003058592281341421,0.24288228119913585
0.054482,0.054787792,-0.000305792265415189,0.000305792265415189,0.5612720987737544
3.649013,3.6493187,-0.0003056950683593129,0.0003056950683593129,0.008377472712509807
0.12593,0.12623486,-0.0003048592281341689,0.0003048592281341689,0.24208626053528357
0.065538,0.06584242,-0.00030441986274719335,0.00030441986274719335,0.46449367127879965
0.055092,0.054787792,0.00030420773458481043,0.00030420773458481043,0.5521813222112631
0.125931,0.12623486,-0.0003038592281341679,0.0003038592281341679,0.24129025251358097
0.107684,0.10738048,0.00030352042579651073,0.00030352042579651073,0.2818621387714504
0.201777,0.2020803,-0.00030329448986052276,0.00030329448986052276,0.15031172517690866
18.50304,18.503342,-0.0003016748046889006,0.0003016748046889006,0.0016304067044511077
0.107682,0.10738048,0.00030152042579650873,0.00030152042579650873,0.28001005322755773
0.080378,0.08067886,-0.00030085786294936634,0.00030085786294936634,0.37430374303299735
0.080378,0.08067886,-0.00030085786294936634,0.00030085786294936634,0.37430374303299735
0.20178,0.2020803,-0.0003002944898605475,0.0003002944898605475,0.1488227226245043
8.425471,8.425771,-0.00029975958251959867,0.00029975958251959867,0.0035577783427898674
0.10768,0.10738048,0.00029952042579650673,0.00029952042579650673,0.2781578988840535
3.649618,3.6493187,0.0002993049316404317,0.0002993049316404317,0.008200993408960355
18.50364,18.503342,0.00029832519531325374,0.00029832519531325374,0.0016122514019492463
0.201782,0.2020803,-0.0002982944898605455,0.0002982944898605455,0.14783007885377064
0.055701,0.055998374,-0.0002973737766742701,0.0002973737766742701,0.5338751120094701
0.201783,0.2020803,-0.0002972944898605445,0.0002972944898605445,0.14733376434744788
0.066016,0.06631284,-0.00029684207105636073,0.00029684207105636073,0.4496517065661491
0.201784,0.2020803,-0.0002962944898605435,0.0002962944898605435,0.14683745476039037
0.125939,0.12623486,-0.0002958592281341599,0.0002958592281341599,0.2349226434220037
0.054492,0.054787792,-0.0002957922654151929,0.0002957922654151929,0.542817780357438
0.073556,0.073260814,0.0002951860485076868,0.0002951860485076868,0.4013079124835213
1.201531,1.2012366,0.00029439435577383044,0.00029439435577383044,0.024501603017261217
0.125941,0.12623486,-0.0002938592281341579,0.0002938592281341579,0.2333308675497471
0.201788,0.2020803,-0.0002922944898605395,0.0002922944898605395,0.14485226560334968
8.426063,8.425771,0.0002922404174796611,0.0002922404174796611,0.0034682913891836893
0.107672,0.10738048,0.0002915204257965126,0.0002915204257965126,0.2707485934372576
0.054497,0.054787792,-0.0002907922654151948,0.0002907922654151948,0.5335931608741796
3.649029,3.6493187,-0.0002896950683592969,0.0002896950683592969,0.007938963169417342
0.10767,0.10738048,0.0002895204257965106,0.0002895204257965106,0.2688960950381857
0.065553,0.06584242,-0.0002894198627471922,0.0002894198627471922,0.44150513676824416
0.066602,0.06631284,0.00028915792894362857,0.00028915792894362857,0.4341580260494739
0.125946,0.12623486,-0.0002888592281341529,0.0002888592281341529,0.22935164904387692
0.065554,0.06584242,-0.0002884198627471912,0.0002884198627471912,0.43997294186047886
1.201525,1.2012366,0.00028839435577387995,0.00028839435577387995,0.0240023599800152
1.316553,1.3162646,0.00028837063598641244,0.00028837063598641244,0.02190345819458153
0.201792,0.2020803,-0.0002882944898605355,0.0002882944898605355,0.1428671551487018
0.201792,0.2020803,-0.0002882944898605355,0.0002882944898605355,0.1428671551487018
0.055076,0.054787792,0.0002882077345848083,0.0002882077345848083,0.5232909689547486
0.0545,0.054787792,-0.0002877922654151918,0.0002877922654151918,0.5280592016277662
0.080392,0.08067886,-0.0002868578629493662,0.0002868578629493662,0.35682389117392566
0.054501,0.054787792,-0.0002867922654151908,0.0002867922654151908,0.5262146839305263
0.065556,0.06584242,-0.0002864198627471892,0.0002864198627471892,0.4369086922787853
0.065556,0.06584242,-0.0002864198627471892,0.0002864198627471892,0.4369086922787853
1.201523,1.2012366,0.00028639435577382244,0.00028639435577382244,0.023835944526237662
3.649605,3.6493187,0.00028630493164083504,0.00028630493164083504,0.007844819689609978
0.201794,0.2020803,-0.0002862944898605335,0.0002862944898605335,0.14187462943331264
0.066599,0.06631284,0.00028615792894363945,0.00028615792894363945,0.4296730108769898
0.086167,0.08645217,-0.0002851712064743106,0.0002851712064743106,0.3309517636024915
0.12595,0.12623486,-0.0002848592281341489,0.0002848592281341489,0.22616850171336272
0.080394,0.08067886,-0.0002848578629493781,0.0002848578629493781,0.35432726645651524
0.080394,0.08067886,-0.0002848578629493781,0.0002848578629493781,0.35432726645651524
0.201796,0.2020803,-0.0002842944898605315,0.0002842944898605315,0.14088212339176662
0.054504,0.054787792,-0.00028379226541519476,0.00028379226541519476,0.5206815369413497
0.065559,0.06584242,-0.0002834198627471862,0.0002834198627471862,0.4323126684587525
0.065559,0.06584242,-0.0002834198627471862,0.0002834198627471862,0.4323126684587525
0.107663,0.10738048,0.0002825204257965036,0.0002825204257965036,0.26241180863815033
1.316547,1.3162646,0.0002823706359862399,0.0002823706359862399,0.02144782039416687
18.503624,18.503342,0.0002823251953110173,0.0002823251953110173,0.0015257832482409475
3.649037,3.6493187,-0.00028169506835951097,0.00028169506835951097,0.007719709839932872
0.201799,0.2020803,-0.0002812944898605285,0.0002812944898605285,0.13939340121662402
0.2018,0.2020803,-0.0002802944898605275,0.0002802944898605275,0.1388971703278644
3.649039,3.6493187,-0.0002796950683592314,0.0002796950683592314,0.007664896657765689
0.065563,0.06584242,-0.0002794198627471961,0.0002794198627471961,0.426185290973584
0.166818,0.16709742,-0.0002794195003509581,0.0002794195003509581,0.16749961046377396
0.125957,0.12623486,-0.0002778592281341419,0.0002778592281341419,0.22059848036515903
0.080401,0.08067886,-0.0002778578629493711,0.0002778578629493711,0.3455900580885574
1.316542,1.3162646,0.0002773706359864292,0.0002773706359864292,0.021068119054717668
3.649596,3.6493187,0.0002773049316404652,0.0002773049316404652,0.007598236397477063
0.126512,0.12623486,0.00027714077186585806,0.00027714077186585806,0.2190628332860086
0.072984,0.073260814,-0.00027681395149231625,0.00027681395149231625,0.3792803232393894
0.054511,0.054787792,-0.0002767922654151947,0.0002767922654151947,0.5077732290866457
0.054511,0.054787792,-0.0002767922654151947,0.0002767922654151947,0.5077732290866457
0.107657,0.10738048,0.0002765204257965115,0.0002765204257965115,0.25685317772152144
0.201804,0.2020803,-0.0002762944898605235,0.0002762944898605235,0.13691229595231572
0.065567,0.06584242,-0.0002754198627471921,0.0002754198627471921,0.42005866110563767
1.31654,1.3162646,0.0002753706359863717,0.0002753706359863717,0.02091623771138404
39.091926,39.0922,-0.0002752329101554096,0.0002752329101554096,0.0007040658732309725
0.054513,0.054787792,-0.0002747922654151927,0.0002747922654151927,0.5040857500249609
0.107655,0.10738048,0.0002745204257965095,0.0002745204257965095,0.2550001630593185
1.201511,1.2012366,0.00027439435577392146,0.00027439435577392146,0.02283744016917731
0.065571,0.06584242,-0.0002714198627471881,0.0002714198627471881,0.4139327787181152
1.201508,1.2012366,0.0002713943557739462,0.0002713943557739462,0.0225878109635024
1.201508,1.2012366,0.0002713943557739462,0.0002713943557739462,0.0225878109635024
3.649048,3.6493187,-0.0002706950683593057,0.0002706950683593057,0.007418238081600664
0.107651,0.10738048,0.0002705204257965055,0.0002705204257965055,0.25129392717690646
0.066043,0.06631284,-0.0002698420710563615,0.0002698420710563615,0.40858542260008796
0.065573,0.06584242,-0.0002694198627471861,0.0002694198627471861,0.41087011778676585
0.065573,0.06584242,-0.0002694198627471861,0.0002694198627471861,0.41087011778676585
0.166828,0.16709742,-0.0002694195003509481,0.0002694195003509481,0.1614953725930016
0.377114,0.37738296,-0.00026896389579772473,0.00026896389579772473,0.07132164165912777
0.08041,0.08067886,-0.00026885786294937597,0.00026885786294937597,0.3343587397276673
0.054519,0.054787792,-0.00026879226541519363,0.00026879226541519363,0.4930249361179932
0.107649,0.10738048,0.0002685204257965035,0.0002685204257965035,0.2494407059490221
18.503074,18.503342,-0.00026767480468592453,0.00026767480468592453,0.0014466504575643912
18.503074,18.503342,-0.00026767480468592453,0.00026767480468592453,0.0014466504575643912
0.201813,0.2020803,-0.00026729448986054227,0.00026729448986054227,0.13244661628740254
0.201813,0.2020803,-0.00026729448986054227,0.00026729448986054227,0.13244661628740254
1.315998,1.3162646,-0.00026662936401367077,0.00026662936401367077,0.020260620760321073
0.107647,0.10738048,0.00026652042579651536,0.00026652042579651536,0.24758741585824773
8.425505,8.425771,-0.0002657595825201753,0.0002657595825201753,0.0031542273432514853
0.065577,0.06584242,-0.000265419862747196,0.000265419862747196,0.40474535636343634
0.12597,0.12623486,-0.00026485922813415663,0.00026485922813415663,0.2102557973516717
0.054524,0.054787792,-0.00026379226541518863,0.00026379226541518863,0.48380945075816
18.503605,18.503342,0.0002633251953128024,0.0002633251953128024,0.0014231021215129664
0.056261,0.055998374,0.0002626262233257279,0.0002626262233257279,0.46679977757048063
0.054526,0.054787792,-0.00026179226541519357,0.00026179226541519357,0.48012372984460594
0.065581,0.06584242,-0.000261419862747192,0.000261419862747192,0.3986213420786061
3.64958,3.6493187,0.0002613049316404492,0.0002613049316404492,0.0071598630974876384
0.125974,0.12623486,-0.00026085922813415263,0.00026085922813415263,0.20707386280270432
0.054527,0.054787792,-0.00026079226541519257,0.00026079226541519257,0.47828097077945164
0.056259,0.055998374,0.0002606262233257328,0.0002606262233257328,0.46326138548938195
0.20182,0.2020803,-0.00026029448986053527,0.00026029448986053527,0.12897358524009597
0.086192,0.08645217,-0.0002601712064742995,0.0002601712064742995,0.30185075897119074
0.080419,0.08067886,-0.00025985786294936697,0.00025985786294936697,0.32312993524694045
0.065583,0.06584242,-0.00025941986274719,0.00025941986274719,0.3955596150704152
1.201496,1.2012366,0.0002593943557738232,0.0002593943557738232,0.02158928167486483
0.065585,0.06584242,-0.000257419862747188,0.000257419862747188,0.3924980747955934
0.065585,0.06584242,-0.000257419862747188,0.000257419862747188,0.3924980747955934
0.201823,0.2020803,-0.00025729448986053227,0.00025729448986053227,0.12748521711254268
0.201824,0.2020803,-0.00025629448986053127,0.00025629448986053127,0.1269891042361375
8.425515,8.425771,-0.0002557595825187775,0.0002557595825187775,0.0030355364926148956
0.065587,0.06584242,-0.000255419862747186,0.000255419862747186,0.389436721237058
0.166842,0.16709742,-0.00025541950035096184,0.00025541950035096184,0.15309064875623116
1.201492,1.2012366,0.0002553943557739302,0.0002553943557739302,0.02125643414626762
18.503087,18.503342,-0.00025467480468677195,0.00025467480468677195,0.0013763908945863767
0.086198,0.08645217,-0.00025417120647430735,0.00025417120647430735,0.29486902965200856
1.20149,1.2012366,0.0002533943557738727,0.0002533943557738727,0.021090009550872892
0.054535,0.054787792,-0.0002527922654151915,0.0002527922654151915,0.46354133116649887
0.054535,0.054787792,-0.0002527922654151915,0.0002527922654151915,0.46354133116649887
0.054536,0.054787792,-0.0002517922654151905,0.0002517922654151905,0.461699180272648
0.054536,0.054787792,-0.0002517922654151905,0.0002517922654151905,0.461699180272648
0.05625,0.055998374,0.00025162622332573076,0.00025162622332573076,0.44733550733936933
0.065591,0.06584242,-0.00025141986274719585,0.00025141986274719585,0.3833145742005478
0.166846,0.16709742,-0.00025141950035095784,0.00025141950035095784,0.15068955815558557
0.166846,0.16709742,-0.00025141950035095784,0.00025141950035095784,0.15068955815558557
0.055038,0.054787792,0.000250207734584805,0.000250207734584805,0.45460905943202135
0.125985,0.12623486,-0.00024985922813414163,0.00024985922813414163,0.19832458462183356
0.065593,0.06584242,-0.00024941986274719385,0.00024941986274719385,0.3802537806883968
0.065593,0.06584242,-0.00024941986274719385,0.00024941986274719385,0.3802537806883968
0.065593,0.06584242,-0.00024941986274719385,0.00024941986274719385,0.3802537806883968
0.166848,0.16709742,-0.00024941950035095584,0.00024941950035095584,0.1494890560279217
1.316514,1.3162646,0.00024937063598629017,0.00024937063598629017,0.018941738254765878
0.201831,0.2020803,-0.00024929448986052427,0.00024929448986052427,0.12351645175270787
0.066562,0.06631284,0.0002491579289436302,0.0002491579289436302,0.37432458244840244
3.649567,3.6493187,0.00024830493164040845,0.00024830493164040845,0.006803681960999889
0.05454,0.054787792,-0.00024779226541519345,0.00024779226541519345,0.45433125222013604
0.201833,0.2020803,-0.00024729448986052227,0.00024729448986052227,0.12252430957177367
0.054541,0.054787792,-0.00024679226541519245,0.00024679226541519245,0.4524894390691462
0.054541,0.054787792,-0.00024679226541519245,0.00024679226541519245,0.4524894390691462
0.054542,0.054787792,-0.00024579226541519145,0.00024579226541519145,0.4506476934555824
0.065597,0.06584242,-0.00024541986274718985,0.00024541986274718985,0.3741327535909525
0.12599,0.12623486,-0.0002448592281341644,0.0002448592281341644,0.19434814504311154
0.066068,0.06631284,-0.00024484207105636424,0.00024484207105636424,0.37059101332834843
0.054543,0.054787792,-0.00024479226541519045,0.00024479226541519045,0.44880601537572995
0.054543,0.054787792,-0.00024479226541519045,0.00024479226541519045,0.44880601537572995
0.166853,0.16709742,-0.00024441950035095084,0.00024441950035095084,0.14648792662071577
0.125991,0.12623486,-0.00024385922813416339,0.00024385922813416339,0.1935528950009211
0.065599,0.06584242,-0.00024341986274718785,0.00024341986274718785,0.37107251997151686
0.201837,0.2020803,-0.00024329448986054603,0.00024329448986054603,0.1205400841966567
0.166855,0.16709742,-0.00024241950035094884,0.00024241950035094884,0.1452875252198983
0.125993,0.12623486,-0.00024185922813416139,0.00024185922813416139,0.1919624327876937
18.5031,18.503342,-0.00024167480468761937,0.00024167480468761937,0.0013061314303349887
0.201839,0.2020803,-0.00024129448986054403,0.00024129448986054403,0.11954800100129113
0.055029,0.054787792,0.00024120773458480987,0.00024120773458480987,0.43832839802010115
0.086693,0.08645217,0.00024082879352570197,0.00024082879352570197,0.2777949698913488
0.166857,0.16709742,-0.00024041950035094684,0.00024041950035094684,0.14408715259585134
0.054548,0.054787792,-0.00023979226541519238,0.00023979226541519238,0.43959863785215547
0.054548,0.054787792,-0.00023979226541519238,0.00023979226541519238,0.43959863785215547
0.055027,0.054787792,0.00023920773458480787,0.00023920773458480787,0.43470975003198087
0.0735,0.073260814,0.00023918604850768632,0.00023918604850768632,0.32542319480580023
0.125996,0.12623486,-0.00023885922813415839,0.00023885922813415839,0.18957683414122792
0.066074,0.06631284,-0.00023884207105637212,0.00023884207105637212,0.3614766333124913
0.252788,0.25302657,-0.00023857485008238477,0.00023857485008238477,0.09437744275361461
0.065604,0.06584242,-0.00023841986274719673,0.00023841986274719673,0.36342275224646975
0.166859,0.16709742,-0.00023841950035094484,0.00023841950035094484,0.14288680874754014
1.316503,1.3162646,0.00023837063598630692,0.00023837063598630692,0.01810634962231006
0.201842,0.2020803,-0.00023829448986054103,0.00023829448986054103,0.11805991307184882
0.055026,0.054787792,0.00023820773458480687,0.00023820773458480687,0.4329003273941529
0.126473,0.12623486,0.0002381407718658468,0.0002381407718658468,0.1882937636314099
0.147918,0.14768054,0.00023746408748626102,0.00023746408748626102,0.16053765419064844
0.066076,0.06631284,-0.00023684207105637012,0.00023684207105637012,0.3584388744747431
8.425535,8.425771,-0.00023575958251953466,0.00023575958251953466,0.0027981556366062986
0.065608,0.06584242,-0.00023441986274719273,0.00023441986274719273,0.3573037775726878
0.201847,0.2020803,-0.00023329448986053603,0.00023329448986053603,0.11557986482085744
0.201847,0.2020803,-0.00023329448986053603,0.00023329448986053603,0.11557986482085744
3.649086,3.6493187,-0.0002326950683593232,0.0002326950683593232,0.006376804173783418
0.166865,0.16709742,-0.00023241950035093883,0.00023241950035093883,0.13928594984667417
0.073493,0.073260814,0.0002321860485076932,0.0002321860485076932,0.3159294738162325
0.126003,0.12623486,-0.00023185922813415138,0.00023185922813415138,0.18401087906648292
0.054556,0.054787792,-0.00023179226541519132,0.00023179226541519132,0.42487034421570674
0.166867,0.16709742,-0.0002304195003509646,0.0002304195003509646,0.13808572109097597
3.649549,3.6493187,0.000230304931640557,0.000230304931640557,0.00631050389059707
0.065614,0.06584242,-0.00022841986274718673,0.00022841986274718673,0.3481267144192703
0.065614,0.06584242,-0.00022841986274718673,0.00022841986274718673,0.3481267144192703
0.166869,0.16709742,-0.0002284195003509626,0.0002284195003509626,0.13688552110582378
0.055016,0.054787792,0.00022820773458481075,0.00022820773458481075,0.4148024832230774
8.425543,8.425771,-0.0002277595825201928,0.0002277595825201928,0.0027032036097553547
0.065616,0.06584242,-0.0002264198627471986,0.0002264198627471986,0.3450680663285336
1.316491,1.3162646,0.00022637063598640594,0.00022637063598640594,0.017195000647115016
0.055014,0.054787792,0.00022620773458480875,0.00022620773458480875,0.4111821248657189
0.201855,0.2020803,-0.00022529448986052802,0.00022529448986052802,0.11161204317401896
0.054563,0.054787792,-0.00022479226541519126,0.00022479226541519126,0.4119866301398468
1.201461,1.2012366,0.00022439435577381595,0.00022439435577381595,0.01867679065364079
0.126459,0.12623486,0.0002241407718658328,0.0002241407718658328,0.17724382739748773
0.054564,0.054787792,-0.00022379226541519026,0.00022379226541519026,0.41014636941031424
1.316488,1.3162646,0.0002233706359864307,0.0002233706359864307,0.01696716080734982
1.30885,1.3090732,-0.00022320976257317326,0.00022320976257317326,0.017053884139215294
0.126012,0.12623486,-0.00022285922813414238,0.00022285922813414238,0.17685555975406056
0.06562,0.06584242,-0.0002224198627471946,0.0002224198627471946,0.3389513294852839
0.166875,0.16709742,-0.0002224195003509566,0.0002224195003509566,0.13328509376339864
1.316487,1.3162646,0.00022237063598629092,0.00022237063598629092,0.016891213963328138
0.073483,0.073260814,0.00022218604850769708,0.00022218604850769708,0.3023638776388188
0.066535,0.06631284,0.00022215792894363096,0.00022215792894363096,0.33389633818251246
0.080458,0.08067886,-0.0002208578629493696,0.0002208578629493696,0.274500811199469
0.065622,0.06584242,-0.0002204198627471926,0.0002204198627471926,0.3358932406986977
0.065622,0.06584242,-0.0002204198627471926,0.0002204198627471926,0.3358932406986977
0.126015,0.12623486,-0.00021985922813416714,0.00021985922813416714,0.17447068044256356
0.086672,0.08645217,0.00021982879352569484,0.00021982879352569484,0.2536329994370291
0.054568,0.054787792,-0.0002197922654151932,0.0002197922654151932,0.40278600097567663
18.503561,18.503342,0.0002193251953137576,0.0002193251953137576,0.0011853134394648268
18.503561,18.503342,0.0002193251953137576,0.0002193251953137576,0.0011853134394648268
0.086671,0.08645217,0.00021882879352569384,0.00021882879352569384,0.25248213736222236
0.147899,0.14768054,0.00021846408748626978,0.00021846408748626978,0.14771167305969485
0.065624,0.06584242,-0.0002184198627471906,0.0002184198627471906,0.33283533831274426
3.649537,3.6493187,0.000218304931640656,0.000218304931640656,0.0059817158076401
18.503124,18.503342,-0.00021767480468781741,0.00021767480468781741,0.0011764219095469555
0.147463,0.14768054,-0.00021753591251372217,0.00021753591251372217,0.14751897924645718
3.649536,3.6493187,0.00021730493164051623,0.00021730493164051623,0.005954316703125052
0.377166,0.37738296,-0.00021696389579772823,0.00021696389579772823,0.05752477575926871
0.080462,0.08067886,-0.0002168578629493656,0.0002168578629493656,0.2695158741764432
0.066096,0.06631284,-0.000216842071056364,0.000216842071056364,0.32807139725292395
0.201864,0.2020803,-0.00021629448986054678,0.00021629448986054678,0.10714861974071561
0.054572,0.054787792,-0.0002157922654151892,0.0002157922654151892,0.39542671153661674
0.056214,0.055998374,0.00021562622332572945,0.00021562622332572945,0.3835809992922554
0.054573,0.054787792,-0.0002147922654151882,0.0002147922654151882,0.39358705774210895
0.054573,0.054787792,-0.0002147922654151882,0.0002147922654151882,0.39358705774210895
3.649104,3.6493187,-0.00021469506835947172,0.00021469506835947172,0.005883500945809936
0.166883,0.16709742,-0.0002144195003509486,0.0002144195003509486,0.12848492669862338
3.649533,3.6493187,0.00021430493164054099,0.00021430493164054099,0.0058721192995013025
0.126021,0.12623486,-0.00021385922813416114,0.00021385922813416114,0.16970126245979628
0.054574,0.054787792,-0.00021379226541519414,0.00021379226541519414,0.3917474713663039
0.054574,0.054787792,-0.00021379226541519414,0.00021379226541519414,0.3917474713663039
8.425557,8.425771,-0.00021375958252001226,0.00021375958252001226,0.00253703799662711
8.425984,8.425771,0.00021324041748016498,0.00021324041748016498,0.0025307479515464812
0.0661,0.06631284,-0.00021284207105636,0.00021284207105636,0.32200010701113446
0.086665,0.08645217,0.00021282879352570172,0.00021282879352570172,0.24557640717720572
0.054575,0.054787792,-0.00021279226541519314,0.00021279226541519314,0.3899079524054699
0.06563,0.06584242,-0.00021241986274719848,0.00021241986274719848,0.3236627493882916
3.649107,3.6493187,-0.00021169506835949647,0.00021169506835949647,0.0058012842142939405
0.166886,0.16709742,-0.0002114195003509456,0.0002114195003509456,0.12668498269732667
8.42556,8.425771,-0.00021075958251870475,0.00021075958251870475,0.0025014311513561504
0.056209,0.055998374,0.0002106262233257314,0.0002106262233257314,0.3747197476400783
0.065632,0.06584242,-0.00021041986274719648,0.00021041986274719648,0.32060559243446934
0.20187,0.2020803,-0.00021029448986054078,0.00021029448986054078,0.10417322522235477
0.126025,0.12623486,-0.00020985922813415714,0.00020985922813415714,0.16652190277138282
0.066103,0.06631284,-0.00020984207105637087,0.00020984207105637087,0.3174471215208444
0.065634,0.06584242,-0.00020841986274719448,0.00020841986274719448,0.3175486217960903
0.166889,0.16709742,-0.0002084195003509426,0.0002084195003509426,0.12488510340768862
1.316473,1.3162646,0.00020837063598633243,0.00020837063598633243,0.015827946032353456
0.126443,0.12623486,0.00020814077186584456,0.00020814077186584456,0.16461233259352612
3.649111,3.6493187,-0.00020769506835938145,0.00020769506835938145,0.005691662115887672
8.425978,8.425771,0.00020724041748110267,0.00020724041748110267,0.0024595414025368107
0.066106,0.06631284,-0.00020684207105636787,0.00020684207105636787,0.31289454927460947
0.054581,0.054787792,-0.00020679226541519408,0.00020679226541519408,0.37887225414763714
0.25282,0.25302657,-0.00020657485008240828,0.00020657485008240828,0.08170827070670834
0.065636,0.06584242,-0.00020641986274719248,0.00020641986274719248,0.3144918374561227
0.126029,0.12623486,-0.00020585922813415314,0.00020585922813415314,0.16334274490062634
0.096653,0.0964472,0.00020580041694641393,0.00020580041694641393,0.2129270863123616
18.503136,18.503342,-0.00020567480468614008,0.00020567480468614008,0.001111567275325807
0.12603,0.12623486,-0.00020485922813415214,0.00020485922813415214,0.16254798696469425
0.086657,0.08645217,0.00020482879352569372,0.00020482879352569372,0.23636727937653793
0.096652,0.0964472,0.00020480041694641293,0.00020480041694641293,0.2118946496032346
0.054583,0.054787792,-0.00020479226541519208,0.00020479226541519208,0.37519422721359735
0.054583,0.054787792,-0.00020479226541519208,0.00020479226541519208,0.37519422721359735
0.054583,0.054787792,-0.00020479226541519208,0.00020479226541519208,0.37519422721359735
18.503546,18.503342,0.0002043251953125491,0.0002043251953125491,0.0011042488575511143
0.054584,0.054787792,-0.00020379226541519108,0.00020379226541519108,0.3733553148208921
0.086249,0.08645217,-0.00020317120647429798,0.00020317120647429798,0.23556354999911236
0.126032,0.12623486,-0.00020285922813415014,0.00020285922813415014,0.1609585089288368
0.09665,0.0964472,0.00020280041694641093,0.00020280041694641093,0.20982971209165158
0.055796,0.055998374,-0.00020237377667427225,0.00020237377667427225,0.36270301869590876
1.316467,1.3162646,0.00020237063598638194,0.00020237063598638194,0.015372252853357487
0.05499,0.054787792,0.00020220773458480557,0.00020220773458480557,0.36771728353716726
0.086654,0.08645217,0.00020182879352569072,0.00020182879352569072,0.23291341806815302
18.50314,18.503342,-0.00020167480468913368,0.00020167480468913368,0.001089949082631617
0.054989,0.054787792,0.0002012077345848115,0.0002012077345848115,0.36590542511939855
0.086253,0.08645217,-0.00019917120647430786,0.00019917120647430786,0.23091510584373037
0.066114,0.06631284,-0.00019884207105635987,0.00019884207105635987,0.300756376494545
0.066114,0.06631284,-0.00019884207105635987,0.00019884207105635987,0.300756376494545
0.126037,0.12623486,-0.00019785922813414514,0.00019785922813414514,0.15698503453522383
18.503539,18.503342,0.00019732519531245885,0.00019732519531245885,0.0010664186743486878
0.054591,0.054787792,-0.00019679226541519101,0.00019679226541519101,0.36048481444689817
0.054591,0.054787792,-0.00019679226541519101,0.00019679226541519101,0.36048481444689817
0.202277,0.2020803,0.00019670551013947768,0.00019670551013947768,0.09724561370903861
0.054592,0.054787792,-0.00019579226541519001,0.00019579226541519001,0.35864644097403203
0.054592,0.054787792,-0.00019579226541519001,0.00019579226541519001,0.35864644097403203
3.649123,3.6493187,-0.00019569506835948047,0.00019569506835948047,0.005362797262633177
0.065647,0.06584242,-0.00019541986274719536,0.00019541986274719536,0.2976828529095199
0.166902,0.16709742,-0.00019541950035095734,0.00019541950035095734,0.11708637417998044
8.425966,8.425771,0.0001952404174812017,0.0001952404174812017,0.0023171280002658987
0.054983,0.054787792,0.0001952077345848055,0.0001952077345848055,0.35503289058394893
0.054593,0.054787792,-0.00019479226541518901,0.00019479226541518901,0.35680813484948776
0.054593,0.054787792,-0.00019479226541518901,0.00019479226541518901,0.35680813484948776
0.201886,0.2020803,-0.00019429448986052478,0.00019429448986052478,0.09623970446899986
0.054594,0.054787792,-0.00019379226541519495,0.00019379226541519495,0.3549698960695774
0.166904,0.16709742,-0.00019341950035095534,0.00019341950035095534,0.11588667751226372
0.054595,0.054787792,-0.00019279226541519395,0.00019279226541519395,0.3531317246305747
18.503149,18.503342,-0.0001926748046869875,0.0001926748046869875,0.0010413081831959856
18.503149,18.503342,-0.0001926748046869875,0.0001926748046869875,0.0010413081831959856
0.126043,0.12623486,-0.0001918592281341669,0.0001918592281341669,0.1522172813896445
0.054596,0.054787792,-0.00019179226541519295,0.00019179226541519295,0.3512936205287921
0.202272,0.2020803,0.00019170551013947268,0.00019170551013947268,0.09477609854290094
18.50315,18.503342,-0.00019167480468595954,0.00019167480468595954,0.0010359036417308602
0.126044,0.12623486,-0.0001908592281341659,0.0001908592281341659,0.15142269999582939
0.126044,0.12623486,-0.0001908592281341659,0.0001908592281341659,0.15142269999582939
0.054597,0.054787792,-0.00019079226541519195,0.00019079226541519195,0.3494555837605296
0.20189,0.2020803,-0.00019029448986054853,0.00019029448986054853,0.09425652076194563
0.126045,0.12623486,-0.0001898592281341649,0.0001898592281341649,0.15062813120991453
0.054598,0.054787792,-0.00018979226541519095,0.00018979226541519095,0.3476176143220875
18.503531,18.503342,0.00018932519531134062,0.00018932519531134062,0.0010231841442064082
0.054977,0.054787792,0.00018920773458480644,0.00018920773458480644,0.3441579828667415
0.054599,0.054787792,-0.00018879226541518995,0.00018879226541518995,0.34577971220976617
0.05581,0.055998374,-0.00018837377667427213,0.00018837377667427213,0.3375269240937918
0.126047,0.12623486,-0.0001878592281341629,0.0001878592281341629,0.14903903146058523
0.054601,0.054787792,-0.0001867922654151949,0.0001867922654151949,0.34210410994870205
3.649132,3.6493187,-0.00018669506835955474,0.00018669506835955474,0.005116150042104221
3.649132,3.6493187,-0.00018669506835955474,0.00018669506835955474,0.005116150042104221
3.649133,3.6493187,-0.00018569506835941496,0.00018569506835941496,0.005088744870475431
1.201422,1.2012366,0.00018539435577391572,0.00018539435577391572,0.015431243622847297
0.055814,0.055998374,-0.00018437377667426813,0.00018437377667426813,0.3303360740028166
0.054604,0.054787792,-0.0001837922654151919,0.0001837922654151919,0.3365912114105206
1.316448,1.3162646,0.0001833706359863907,0.0001833706359863907,0.013929197049367806
0.126052,0.12623486,-0.0001828592281341579,0.0001828592281341579,0.14506650270451193
0.054605,0.054787792,-0.0001827922654151909,0.0001827922654151909,0.3347537131772496
0.126053,0.12623486,-0.0001818592281341569,0.0001818592281341569,0.14427203477099698
0.065661,0.06584242,-0.00018141986274719524,0.00018141986274719524,0.27629774519257627
0.166916,0.16709742,-0.00018141950035094334,0.00018141950035094334,0.10868910124988271
0.055818,0.055998374,-0.00018037377667427107,0.00018037377667427107,0.3231462545256455
0.377563,0.37738296,0.00018003610420225247,0.00018003610420225247,0.04768372540597695
18.503162,18.503342,-0.00017967480468783492,0.00017967480468783492,0.0009710491897917983
0.065663,0.06584242,-0.00017941986274719324,0.00017941986274719324,0.27324347421523504
0.086274,0.08645217,-0.00017817120647430074,0.00017817120647430074,0.2065178457794734
0.126057,0.12623486,-0.0001778592281341529,0.0001778592281341529,0.1410942890859362
0.08663,0.08645217,0.00017782879352569447,0.00017782879352569447,0.2052739158725852
0.05461,0.054787792,-0.00017779226541519283,0.00017779226541519283,0.3255672314404424
0.065665,0.06584242,-0.00017741986274719124,0.00017741986274719124,0.2701893892895787
1.201414,1.2012366,0.00017739435577390772,0.00017739435577390772,0.01476546434111324
0.126058,0.12623486,-0.0001768592281341519,0.0001768592281341519,0.14029988417542083
1.316441,1.3162646,0.00017637063598630043,0.00017637063598630043,0.013397534410801768
0.086276,0.08645217,-0.00017617120647429874,0.00017617120647429874,0.2041949166281513
0.054612,0.054787792,-0.00017579226541519083,0.00017579226541519083,0.321893109743825
0.065667,0.06584242,-0.00017541986274718924,0.00017541986274718924,0.26713549039860773
0.065667,0.06584242,-0.00017541986274718924,0.00017541986274718924,0.26713549039860773
1.201412,1.2012366,0.0001753943557738502,0.0001753943557738502,0.014599018135265105
0.086277,0.08645217,-0.00017517120647429774,0.00017517120647429774,0.20303349243861543
0.086627,0.08645217,0.00017482879352569147,0.00017482879352569147,0.20181790125927665
0.126061,0.12623486,-0.0001738592281341489,0.0001738592281341489,0.13791674506487506
0.086626,0.08645217,0.00017382879352569047,0.00017382879352569047,0.20066584319375783
0.054614,0.054787792,-0.00017379226541518883,0.00017379226541518883,0.3182192571446324
0.054614,0.054787792,-0.00017379226541518883,0.00017379226541518883,0.3182192571446324
0.054615,0.054787792,-0.00017279226541519477,0.00017279226541519477,0.31638243174734476
0.055826,0.055998374,-0.00017237377667427,0.00017237377667427,0.3087697065265294
0.05496,0.054787792,0.00017220773458481026,0.00017220773458481026,0.31333284983893267
0.086624,0.08645217,0.00017182879352570235,0.00017182879352570235,0.19836164726558542
3.649148,3.6493187,-0.00017069506835953874,0.00017069506835953874,0.004677669098509051
0.080509,0.08067886,-0.0001698578629493741,0.0001698578629493741,0.2109799683742118
0.080509,0.08067886,-0.0001698578629493741,0.0001698578629493741,0.2109799683742118
0.066143,0.06631284,-0.0001698420710563725,0.0001698420710563725,0.2567801139948179
0.086622,0.08645217,0.00016982879352570035,0.00016982879352570035,0.1960573449350546
0.054618,0.054787792,-0.00016979226541519177,0.00016979226541519177,0.3108723591202889
0.20225,0.2020803,0.00016970551013947843,0.00016970551013947843,0.08390878123884778
0.065673,0.06584242,-0.00016941986274719711,0.00016941986274719711,0.2579749097638637
0.066482,0.06631284,0.00016915792894363346,0.00016915792894363346,0.2544416965331846
0.066144,0.06631284,-0.0001688420710563715,0.0001688420710563715,0.2552643789324915
0.086621,0.08645217,0.00016882879352569935,0.00016882879352569935,0.19490515386660764
0.054619,0.054787792,-0.00016879226541519077,0.00016879226541519077,0.30903580275390424
1.316433,1.3162646,0.00016837063598629243,0.00016837063598629243,0.012789913043314966
18.503509,18.503342,0.00016732519531359458,0.00016732519531359458,0.0009042889935778684
3.649486,3.6493187,0.00016730493164063276,0.00016730493164063276,0.004584342333031238
3.649485,3.6493187,0.00016630493164049298,0.00016630493164049298,0.00455694246272929
0.126401,0.12623486,0.00016614077186585807,0.00016614077186585807,0.13143944409808356
0.086618,0.08645217,0.00016582879352569635,0.00016582879352569635,0.19144842103748405
0.166932,0.16709742,-0.0001654195003509551,0.0001654195003509551,0.09909394259450624
1.201402,1.2012366,0.00016539435577400674,0.00016539435577400674,0.013766778793462966
0.086617,0.08645217,0.00016482879352569535,0.00016482879352569535,0.19029612355011052
0.096612,0.0964472,0.00016480041694641456,0.00016480041694641456,0.1705796555043213
0.086288,0.08645217,-0.0001641712064743006,0.0001641712064743006,0.19025960305493347
0.086288,0.08645217,-0.0001641712064743006,0.0001641712064743006,0.19025960305493347
0.086288,0.08645217,-0.0001641712064743006,0.0001641712064743006,0.19025960305493347
0.080515,0.08067886,-0.0001638578629493681,0.0001638578629493681,0.20351221852556153
0.202244,0.2020803,0.00016370551013947243,0.00016370551013947243,0.08094455709861745
1.316101,1.3162646,-0.00016362936401370654,0.00016362936401370654,0.012432888053521244
0.055835,0.055998374,-0.00016337377667426795,0.00016337377667426795,0.2926010143846457
0.054625,0.054787792,-0.0001627922654151917,0.0001627922654151917,0.2980178766447118
3.649481,3.6493187,0.00016230493164082205,0.00016230493164082205,0.004447342831388208
0.08629,0.08645217,-0.0001621712064742986,0.0001621712064742986,0.18793742761196106
0.08629,0.08645217,-0.0001621712064742986,0.0001621712064742986,0.18793742761196106
0.086291,0.08645217,-0.0001611712064742976,0.0001611712064742976,0.18677638025694596
0.126396,0.12623486,0.00016114077186585307,0.00016114077186585307,0.12748882222409272
0.066152,0.06631284,-0.0001608420710563635,0.0001608420710563635,0.2431401481636585
0.086613,0.08645217,0.00016082879352569135,0.00016082879352569135,0.1856866675210473
0.066153,0.06631284,-0.0001598420710563625,0.0001598420710563625,0.24162482550260408
0.086612,0.08645217,0.00015982879352569035,0.00015982879352569035,0.1845342369892811
3.649159,3.6493187,-0.00015969506835933345,0.00015969506835933345,0.004376215680241865
1.201396,1.2012366,0.0001593943557738342,0.0001593943557738342,0.01326742853818115
0.055839,0.055998374,-0.00015937377667427088,0.00015937377667427088,0.28541660199655133
3.649478,3.6493187,0.0001593049316408468,0.0001593049316408468,0.004365142950210459
0.086611,0.08645217,0.00015882879352568935,0.00015882879352568935,0.18338177984587128
8.425612,8.425771,-0.00015875958252031808,0.00015875958252031808,0.0018842498624246384
1.316423,1.3162646,0.00015837063598622692,0.00015837063598622692,0.012030375948627194
0.05463,0.054787792,-0.00015779226541519364,0.00015779226541519364,0.28883812031183514
1.316422,1.3162646,0.00015737063598630918,0.00015737063598630918,0.011954421604497249
0.06647,0.06631284,0.00015715792894363534,0.00015715792894363534,0.2364343744654746
0.054631,0.054787792,-0.00015679226541519264,0.00015679226541519264,0.28700237068365997
0.147837,0.14768054,0.00015646408748626328,0.00015646408748626328,0.10583554007483088
0.086608,0.08645217,0.00015582879352570023,0.00015582879352570023,0.17992424873657858
0.377538,0.37738296,0.00015503610420225522,0.00015503610420225522,0.04106503296653322
0.066158,0.06631284,-0.00015484207105637138,0.00015484207105637138,0.23404889933541292
0.166943,0.16709742,-0.0001544195003509441,0.0001544195003509441,0.09249833791081132
3.649472,3.6493187,0.00015330493164045222,0.00015330493164045222,0.004200742782414867
0.086299,0.08645217,-0.0001531712064743035,0.0001531712064743035,0.17748897008866213
0.06616,0.06631284,-0.00015284207105636938,0.00015284207105636938,0.2310188494941816
0.054636,0.054787792,-0.00015179226541519458,0.00015179226541519458,0.27782463053182876
0.054636,0.054787792,-0.00015179226541519458,0.00015179226541519458,0.27782463053182876
0.05615,0.055998374,0.0001516262233257279,0.0001516262233257279,0.27003779707157627
0.126084,0.12623486,-0.00015085922813415364,0.00015085922813415364,0.11964977952357465
0.054637,0.054787792,-0.00015079226541519358,0.00015079226541519358,0.275989284073438
0.065692,0.06584242,-0.000150419862747192,0.000150419862747192,0.2289774440087295
0.086302,0.08645217,-0.0001501712064743005,0.0001501712064743005,0.17400663518840104
0.066163,0.06631284,-0.00014984207105636638,0.00014984207105636638,0.2264741182078991
0.066163,0.06631284,-0.00014984207105636638,0.00014984207105636638,0.2264741182078991
0.086602,0.08645217,0.00014982879352569423,0.00014982879352569423,0.17300846787913185
0.073111,0.073260814,-0.00014981395149231413,0.00014981395149231413,0.20491301074722154
0.055849,0.055998374,-0.00014937377667426782,0.00014937377667426782,0.26746007342442607
1.316414,1.3162646,0.00014937063598630118,0.00014937063598630118,0.011346782697157156
0.202229,0.2020803,0.00014870551013945743,0.00014870551013945743,0.07353322721564375
1.316412,1.3162646,0.00014737063598624367,0.00014737063598624367,0.011194871816349958
0.073408,0.073260814,0.00014718604850769146,0.00014718604850769146,0.20050409806449893
0.377237,0.37738296,-0.0001459638957977405,0.0001459638957977405,0.038692889551938864
0.086598,0.08645217,0.00014582879352569023,0.00014582879352569023,0.16839741490252988
0.054642,0.054787792,-0.00014579226541518858,0.00014579226541518858,0.2668135594384814
8.425625,8.425771,-0.00014575958251938914,0.00014575958251938914,0.0017299557304966597
0.055853,0.055998374,-0.00014537377667427076,0.00014537377667427076,0.260279262374432
0.055853,0.055998374,-0.00014537377667427076,0.00014537377667427076,0.260279262374432
1.31641,1.3162646,0.0001453706359864082,0.0001453706359864082,0.011042960473968234
3.649464,3.6493187,0.00014530493164066627,0.00014530493164066627,0.003981541717816225
0.086597,0.08645217,0.00014482879352568923,0.00014482879352568923,0.16724458509930443
0.086597,0.08645217,0.00014482879352568923,0.00014482879352568923,0.16724458509930443
3.649174,3.6493187,-0.00014469506835945722,0.00014469506835945722,0.003965145766014229
0.086308,0.08645217,-0.00014417120647430837,0.00014417120647430837,0.16704269164766383
18.503198,18.503342,-0.00014367480468635563,0.00014367480468635563,0.0007764863386619931
3.649462,3.6493187,0.0001433049316408308,0.0001433049316408308,0.003926741301509758
0.126093,0.12623486,-0.00014185922813414464,0.00014185922813414464,0.11250365049736383
0.066171,0.06631284,-0.00014184207105637225,0.00014184207105637225,0.21435684943859912
0.086594,0.08645217,0.0001418287935257001,0.0001418287935257001,0.16378593593310642
0.086593,0.08645217,0.0001408287935256991,0.0001408287935256991,0.16263299962244768
0.054647,0.054787792,-0.00014079226541519052,0.00014079226541519052,0.2576395138938112
0.147821,0.14768054,0.00014046408748627504,0.00014046408748627504,0.09502309373583721
18.503481,18.503342,0.0001393251953132335,0.0001393251953132335,0.000752967483861445
0.066174,0.06631284,-0.00013884207105636925,0.00013884207105636925,0.2098136289880552
3.64918,3.6493187,-0.00013869506835950673,0.00013869506835950673,0.003800718746559666
0.065704,0.06584242,-0.00013841986274719387,0.00013841986274719387,0.21067189598277425
0.056136,0.055998374,0.00013762622332572777,0.00013762622332572777,0.24516571020479203
0.086589,0.08645217,0.0001368287935256951,0.0001368287935256951,0.15802098807894088
8.425634,8.425771,-0.00013675958251901932,0.00013675958251901932,0.0016231369950011616
8.425634,8.425771,-0.00013675958251901932,0.00013675958251901932,0.0016231369950011616
0.054924,0.054787792,0.00013620773458480895,0.00013620773458480895,0.24799310745178033
0.066177,0.06631284,-0.00013584207105636625,0.00013584207105636625,0.2052708204528695
3.649183,3.6493187,-0.0001356950683595315,0.0001356950683595315,0.0037185054395960132
0.12637,0.12623486,0.00013514077186585483,0.00013514077186585483,0.10694054899019882
0.377248,0.37738296,-0.00013496389579770174,0.00013496389579770174,0.03577590756264468
0.1261,0.12623486,-0.0001348592281341654,0.0001348592281341654,0.1069462553744799
0.1261,0.12623486,-0.0001348592281341654,0.0001348592281341654,0.1069462553744799
1.31613,1.3162646,-0.00013462936401364978,0.00013462936401364978,0.010229184351349835
8.425905,8.425771,0.00013424041748066884,0.00013424041748066884,0.0015931869333807543
0.054654,0.054787792,-0.00013379226541519046,0.00013379226541519046,0.24479867012550185
1.316131,1.3162646,-0.00013362936401373204,0.00013362936401373204,0.010153196300640198
0.086319,0.08645217,-0.00013317120647429737,0.00013317120647429737,0.1542779762509058
0.086319,0.08645217,-0.00013317120647429737,0.00013317120647429737,0.1542779762509058
0.06571,0.06584242,-0.00013241986274718787,0.00013241986274718787,0.20152162919748326
0.073393,0.073260814,0.00013218604850769033,0.00013218604850769033,0.1801071605297279
0.066181,0.06631284,-0.00013184207105636225,0.00013184207105636225,0.19921438306636027
0.086584,0.08645217,0.0001318287935256901,0.0001318287935256901,0.1522553744033941
0.054656,0.054787792,-0.00013179226541518846,0.00013179226541518846,0.24113046174995975
0.054656,0.054787792,-0.00013179226541518846,0.00013179226541518846,0.24113046174995975
18.50321,18.503342,-0.000131674804688231,0.000131674804688231,0.0007116322232062404
8.425902,8.425771,0.00013124041748113768,0.00013124041748113768,0.0015575830039274146
0.086321,0.08645217,-0.00013117120647430924,0.00013117120647430924,0.15195746842871583
0.126366,0.12623486,0.00013114077186585082,0.00013114077186585082,0.1037785256810157
0.126104,0.12623486,-0.0001308592281341614,0.0001308592281341614,0.1037708780295554
0.086583,0.08645217,0.0001308287935256891,0.0001308287935256891,0.1511021717595682
0.166967,0.16709742,-0.00013041950035094785,0.00013041950035094785,0.07811094424217774
0.073391,0.073260814,0.00013018604850768833,0.00013018604850768833,0.17738693890300095
0.086322,0.08645217,-0.00013017120647430824,0.00013017120647430824,0.15079725484060957
0.073131,0.073260814,-0.000129813951492308,0.000129813951492308,0.17750878740178477
3.649189,3.6493187,-0.000129695068359581,0.000129695068359581,0.0035540792311942993
0.056128,0.055998374,0.0001296262233257267,0.0001296262233257267,0.23094751834161056
3.649448,3.6493187,0.00012930493164065027,0.00012930493164065027,0.00354313670552662
0.166969,0.16709742,-0.00012841950035094585,0.00012841950035094585,0.07691218146723862
1.316393,1.3162646,0.00012837063598625242,0.00012837063598625242,0.009751695426555802
0.086324,0.08645217,-0.00012817120647430624,0.00012817120647430624,0.14847690830571955
1.316392,1.3162646,0.0001273706359863347,0.0001273706359863347,0.00967573762045492
3.649193,3.6493187,-0.00012569506835946598,0.00012569506835946598,0.003444462059310689
3.649444,3.6493187,0.00012530493164053524,0.00012530493164053524,0.00343353485180487
0.086327,0.08645217,-0.00012517120647430324,0.00012517120647430324,0.1449965900926786
0.086577,0.08645217,0.00012482879352569698,0.00012482879352569698,0.1441823964580831
0.056123,0.055998374,0.00012462622332572865,0.00012462622332572865,0.22205909004092717
3.649443,3.6493187,0.00012430493164083956,0.00012430493164083956,0.0034061343508429483
0.086576,0.08645217,0.00012382879352569598,0.00012382879352569598,0.14302900732612614
1.316142,1.3162646,-0.0001226293640137488,0.0001226293640137488,0.009317335363846109
0.253149,0.25302657,0.00012242514991761544,0.00012242514991761544,0.04836090597602776
0.06572,0.06584242,-0.00012241986274719174,0.00012241986274719174,0.18627489738423136
1.316387,1.3162646,0.00012237063598630193,0.00012237063598630193,0.009295946858864907
0.066191,0.06631284,-0.00012184207105636613,0.00012184207105636613,0.18407649207942114
0.086331,0.08645217,-0.00012117120647429924,0.00012117120647429924,0.14035654206941042
0.07314,0.073260814,-0.00012081395149231289,0.00012081395149231289,0.16518177649320634
3.649198,3.6493187,-0.00012069506835921118,0.00012069506835921118,0.0033074409323885336
0.055878,0.055998374,-0.00012037377667427351,0.00012037377667427351,0.21542248551997392
3.649438,3.6493187,0.00011930493164058475,0.00011930493164058475,0.0032691316207403886
0.054669,0.054787792,-0.00011879226541518934,0.00011879226541518934,0.2172936494135537
0.086334,0.08645217,-0.00011817120647431012,0.00011817120647431012,0.13687678821487867
0.08657,0.08645217,0.00011782879352568998,0.00011782879352568998,0.13610811296012693
0.08657,0.08645217,0.00011782879352568998,0.00011782879352568998,0.13610811296012693
0.086335,0.08645217,-0.00011717120647430912,0.00011717120647430912,0.13571692400369748
0.086569,0.08645217,0.00011682879352568898,0.00011682879352568898,0.1349545372947989
3.649202,3.6493187,-0.00011669506835954024,0.00011669506835954024,0.0031978243012127697
0.065726,0.06584242,-0.00011641986274718574,0.00011641986274718574,0.17712908524793333
0.054672,0.054787792,-0.00011579226541519327,0.00011579226541519327,0.21179445640071484
0.086337,0.08645217,-0.00011517120647430712,0.00011517120647430712,0.13339727618623518
0.054673,0.054787792,-0.00011479226541519227,0.00011479226541519227,0.209961526174219
0.056113,0.055998374,0.00011462622332573252,0.00011462622332573252,0.204277481370547
1.316379,1.3162646,0.00011437063598629393,0.00011437063598629393,0.008688275639280606
0.086566,0.08645217,0.00011382879352569986,0.00011382879352569986,0.13149365038722616
0.202193,0.2020803,0.00011270551013947694,0.00011270551013947694,0.055741548957548175
1.201349,1.2012366,0.00011239435577392598,0.00011239435577392598,0.009355678971270655
0.086564,0.08645217,0.00011182879352569786,0.00011182879352569786,0.12918625917992654
0.054676,0.054787792,-0.00011179226541518927,0.00011179226541518927,0.20446313777658592
0.166986,0.16709742,-0.0001114195003509566,0.0001114195003509566,0.06672385726002944
0.377272,0.37738296,-0.00011096389579773325,0.00011096389579773325,0.02941217364880539
0.056109,0.055998374,0.00011062622332572852,0.00011062622332572852,0.1971630631958607
0.056109,0.055998374,0.00011062622332572852,0.00011062622332572852,0.1971630631958607
0.055888,0.055998374,-0.00011037377667427045,0.00011037377667427045,0.19749101144571185
0.054898,0.054787792,0.0001102077345848107,0.0001102077345848107,0.2007499988780296
0.202189,0.2020803,0.00010870551013947294,0.00010870551013947294,0.053764304727610616
0.202189,0.2020803,0.00010870551013947294,0.00010870551013947294,0.053764304727610616
0.056107,0.055998374,0.00010862622332572652,0.00010862622332572652,0.193605473705814
0.05589,0.055998374,-0.00010837377667426845,0.00010837377667426845,0.19390548663510995
0.086344,0.08645217,-0.00010817120647430012,0.00010817120647430012,0.12527935507854715
0.065735,0.06584242,-0.00010741986274719062,0.00010741986274719062,0.16341349750327394
0.086559,0.08645217,0.00010682879352569286,0.00010682879352569286,0.12341731466661533
3.649212,3.6493187,-0.00010669506835947473,0.00010669506835947473,0.0029237837745943766
8.425877,8.425771,0.00010624041748030777,0.00010624041748030777,0.0012608826057993357
1.316159,1.3162646,-0.00010562936401359302,0.00010562936401359302,0.008025577761164679
0.065737,0.06584242,-0.00010541986274718862,0.00010541986274718862,0.16036609913263844
0.066209,0.06631284,-0.000103842071056362,0.000103842071056362,0.1568398116563038
0.054684,0.054787792,-0.00010379226541518821,0.00010379226541518821,0.18980371813580663
3.649215,3.6493187,-0.00010369506835949949,0.00010369506835949949,0.0028415719094834896
0.06621,0.06631284,-0.000102842071056361,0.000102842071056361,0.15532709696576635
3.649421,3.6493187,0.00010230493164042898,0.00010230493164042898,0.00280331953034812
0.086554,0.08645217,0.00010182879352570173,0.00010182879352570173,0.11764770363940896
3.649217,3.6493187,-0.00010169506835921993,0.00010169506835921993,0.0027867640744968897
1.316366,1.3162646,0.00010137063598625318,0.00010137063598625318,0.007700794154403289
0.086553,0.08645217,0.00010082879352570073,0.00010082879352570073,0.1164937014421303
0.086553,0.08645217,0.00010082879352570073,0.00010082879352570073,0.1164937014421303
0.086553,0.08645217,0.00010082879352570073,0.00010082879352570073,0.1164937014421303
0.086552,0.08645217,9.982879352569973e-05,9.982879352569973e-05,0.11533967257875043
0.054688,0.054787792,-9.979226541519115e-05,9.979226541519115e-05,0.18247561664847048
3.649219,3.6493187,-9.969506835938446e-05,9.969506835938446e-05,0.002731956299598695
0.054689,0.054787792,-9.879226541519015e-05,9.879226541519015e-05,0.18064375877150138
0.054689,0.054787792,-9.879226541519015e-05,9.879226541519015e-05,0.18064375877150138
0.056097,0.055998374,9.86262233257304e-05,9.86262233257304e-05,0.17581372114358465
3.649221,3.6493187,-9.7695068359549e-05,9.7695068359549e-05,0.0026771485847766376
0.066216,0.06631284,-9.684207105636888e-05,9.684207105636888e-05,0.1462517683190122
0.086549,0.08645217,9.682879352569673e-05,9.682879352569673e-05,0.11187742598276042
0.086549,0.08645217,9.682879352569673e-05,9.682879352569673e-05,0.11187742598276042
0.056095,0.055998374,9.66262233257284e-05,9.66262233257284e-05,0.1722546094187963
0.086356,0.08645217,-9.6171206474302e-05,9.6171206474302e-05,0.11136598078064758
0.066217,0.06631284,-9.584207105636788e-05,9.584207105636788e-05,0.1447393734413044
0.066217,0.06631284,-9.584207105636788e-05,9.584207105636788e-05,0.1447393734413044
1.31636,1.3162646,9.537063598630269e-05,9.537063598630269e-05,0.007245026890748554
0.066218,0.06631284,-9.484207105636688e-05,9.484207105636688e-05,0.14322702424286426
0.086547,0.08645217,9.482879352569473e-05,9.482879352569473e-05,0.10956912823798122
39.092296,39.0922,9.476708984124116e-05,9.476708984124116e-05,0.00024241883833325814
1.31617,1.3162646,-9.462936401360977e-05,9.462936401360977e-05,0.007189752388097283
0.055904,0.055998374,-9.437377667426833e-05,9.437377667426833e-05,0.1688139963248682
8.425677,8.425771,-9.375958251922611e-05,9.375958251922611e-05,0.001112783964043641
1.316358,1.3162646,9.337063598624518e-05,9.337063598624518e-05,0.0070931035462353
8.425864,8.425771,9.324041748115519e-05,9.324041748115519e-05,0.0011065977029779805
0.06622,0.06631284,-9.284207105636488e-05,9.284207105636488e-05,0.14020246287550955
0.086545,0.08645217,9.282879352569273e-05,9.282879352569273e-05,0.1072607238066116
0.202173,0.2020803,9.270551013945694e-05,9.270551013945694e-05,0.04585454541091164
18.503249,18.503342,-9.267480468722056e-05,9.267480468722056e-05,0.0005008569288924324
0.056091,0.055998374,9.262622332573134e-05,9.262622332573134e-05,0.16513562453975808
0.056091,0.055998374,9.262622332573134e-05,9.262622332573134e-05,0.16513562453975808
1.316357,1.3162646,9.237063598632744e-05,9.237063598632744e-05,0.007017141700869165
0.086544,0.08645217,9.182879352569173e-05,9.182879352569173e-05,0.106106481581144
0.086543,0.08645217,9.082879352569073e-05,9.082879352569073e-05,0.10495221268125503
0.086543,0.08645217,9.082879352569073e-05,9.082879352569073e-05,0.10495221268125503
0.086543,0.08645217,9.082879352569073e-05,9.082879352569073e-05,0.10495221268125503
8.425681,8.425771,-8.9759582518667e-05,8.9759582518667e-05,0.0010653095283052099
0.054877,0.054787792,8.920773458481052e-05,8.920773458481052e-05,0.16255942274951451
0.147592,0.14768054,-8.853591251373194e-05,8.853591251373194e-05,0.05998693184843691
1.316352,1.3162646,8.737063598629469e-05,8.737063598629469e-05,0.00663733074281479
0.086539,0.08645217,8.682879352570061e-05,8.682879352570061e-05,0.1003348703190073
0.202166,0.2020803,8.570551013947769e-05,8.570551013947769e-05,0.04239363201383222
1.316179,1.3162646,-8.562936401368404e-05,8.562936401368404e-05,0.006505905656235066
1.201322,1.2012366,8.539435577392673e-05,8.539435577392673e-05,0.0071083652648347715
0.066228,0.06631284,-8.484207105637076e-05,8.484207105637076e-05,0.12810604416298957
0.066228,0.06631284,-8.484207105637076e-05,8.484207105637076e-05,0.12810604416298957
0.086537,0.08645217,8.482879352569861e-05,8.482879352569861e-05,0.09802603906730366
0.086537,0.08645217,8.482879352569861e-05,8.482879352569861e-05,0.09802603906730366
0.055914,0.055998374,-8.43737766742722e-05,8.43737766742722e-05,0.15089919612864935
0.086536,0.08645217,8.382879352569761e-05,8.382879352569761e-05,0.09687158342057181
0.086535,0.08645217,8.282879352569661e-05,8.282879352569661e-05,0.09571710109202002
0.054705,0.054787792,-8.279226541519497e-05,8.279226541519497e-05,0.15134314096307802
1.316182,1.3162646,-8.26293640137088e-05,8.26293640137088e-05,0.006277958823888401
0.086533,0.08645217,8.082879352569461e-05,8.082879352569461e-05,0.09340805638575637
0.054707,0.054787792,-8.079226541519297e-05,8.079226541519297e-05,0.14768176881845319
3.649238,3.6493187,-8.069506835939322e-05,8.069506835939322e-05,0.0022112854343066123
0.065763,0.06584242,-7.941986274719037e-05,7.941986274719037e-05,0.12076678774755346
0.055919,0.055998374,-7.93737766742672e-05,7.93737766742672e-05,0.14194419880956918
18.503421,18.503342,7.932519531195226e-05,7.932519531195226e-05,0.00042870556375236536
0.377304,0.37738296,-7.896389579775676e-05,7.896389579775676e-05,0.020928454449682034
0.08653,0.08645217,7.782879352569161e-05,7.782879352569161e-05,0.08994428918958434
0.056076,0.055998374,7.762622332573021e-05,7.762622332573021e-05,0.13843038588219528
18.503419,18.503342,7.732519531344906e-05,7.732519531344906e-05,0.000417896796873222
0.066236,0.06631284,-7.684207105636276e-05,7.684207105636276e-05,0.1160125474671632
0.056074,0.055998374,7.562622332572821e-05,7.562622332572821e-05,0.1348686078946742
1.201312,1.2012366,7.539435577386122e-05,7.539435577386122e-05,0.0062760012192990015
0.066238,0.06631284,-7.484207105636076e-05,7.484207105636076e-05,0.1129896297342479
8.425845,8.425771,7.424041748116395e-05,7.424041748116395e-05,0.0008811035270680014
0.066239,0.06631284,-7.384207105635976e-05,7.384207105635976e-05,0.11147823932257661
0.086526,0.08645217,7.382879352570149e-05,7.382879352570149e-05,0.08532555930052924
0.086525,0.08645217,7.282879352570049e-05,7.282879352570049e-05,0.08417081010289473
3.649246,3.6493187,-7.269506835916317e-05,7.269506835916317e-05,0.001992057218317732
0.066241,0.06631284,-7.184207105637164e-05,7.184207105637164e-05,0.10845559539849345
3.649247,3.6493187,-7.169506835946748e-05,7.169506835946748e-05,0.001964653758912533
0.05607,0.055998374,7.162622332573115e-05,7.162622332573115e-05,0.12774428963436216
18.503413,18.503342,7.132519531083403e-05,7.132519531083403e-05,0.0003854704821777938
0.086523,0.08645217,7.082879352569849e-05,7.082879352569849e-05,0.08186123163070773
3.649248,3.6493187,-7.06950683593277e-05,7.06950683593277e-05,0.001937250314513852
18.503412,18.503342,7.032519531335879e-05,7.032519531335879e-05,0.00038006609436669694
0.066383,0.06631284,7.01579289436316e-05,7.01579289436316e-05,0.10568658969607432
0.066243,0.06631284,-6.984207105636964e-05,6.984207105636964e-05,0.10543313399292983
0.20215,0.2020803,6.970551013946169e-05,6.970551013946169e-05,0.03448207277021005
0.086521,0.08645217,6.882879352569649e-05,6.882879352569649e-05,0.07955154638312657
0.086521,0.08645217,6.882879352569649e-05,6.882879352569649e-05,0.07955154638312657
8.425702,8.425771,-6.875958252017256e-05,6.875958252017256e-05,0.0008160694802564403
1.316196,1.3162646,-6.86293640137503e-05,6.86293640137503e-05,0.00521422067902775
3.649387,3.6493187,6.83049316405615e-05,6.83049316405615e-05,0.0018716823301746243
0.08652,0.08645217,6.782879352569549e-05,6.782879352569549e-05,0.07839666371624922
0.08652,0.08645217,6.782879352569549e-05,6.782879352569549e-05,0.07839666371624922
3.649251,3.6493187,-6.769506835935246e-05,6.769506835935246e-05,0.0018550400714419867
1.316197,1.3162646,-6.762936401361053e-05,6.762936401361053e-05,0.005138240248874012
0.086519,0.08645217,6.682879352569449e-05,6.682879352569449e-05,0.07724175435274648
0.066247,0.06631284,-6.584207105636564e-05,6.584207105636564e-05,0.09938875867130116
0.056064,0.055998374,6.562622332573209e-05,6.562622332573209e-05,0.11705590612278144
0.055933,0.055998374,-6.537377667427402e-05,6.537377667427402e-05,0.116878723754126
3.649384,3.6493187,6.530493164058626e-05,6.530493164058626e-05,0.0017894782143725294
0.066248,0.06631284,-6.484207105636464e-05,6.484207105636464e-05,0.09787777888915418
18.503278,18.503342,-6.367480468583153e-05,6.367480468583153e-05,0.0003441271578229944
0.055935,0.055998374,-6.337377667427202e-05,6.337377667427202e-05,0.11329896587284
18.503405,18.503342,6.332519531326852e-05,6.332519531326852e-05,0.0003422353632368004
0.086389,0.08645217,-6.317120647431063e-05,6.317120647431063e-05,0.07312413200892069
0.086515,0.08645217,6.282879352569049e-05,6.282879352569049e-05,0.0726218499139671
0.086515,0.08645217,6.282879352569049e-05,6.282879352569049e-05,0.0726218499139671
0.06578,0.06584242,-6.241986274718725e-05,6.241986274718725e-05,0.09489185565870385
1.316327,1.3162646,6.237063598635295e-05,6.237063598635295e-05,0.004738232671791638
8.425833,8.425771,6.224041748126297e-05,6.224041748126297e-05,0.0007386856288336628
0.073199,0.073260814,-6.18139514923094e-05,6.18139514923094e-05,0.08444644244848011
3.64938,3.6493187,6.130493164047124e-05,6.130493164047124e-05,0.0016798725163943292
0.086391,0.08645217,-6.117120647430863e-05,6.117120647430863e-05,0.07080738318054108
0.066252,0.06631284,-6.0842071056360636e-05,6.0842071056360636e-05,0.09183431589163546
0.086513,0.08645217,6.082879352570236e-05,6.082879352570236e-05,0.0703117374907709
0.054727,0.054787792,-6.079226541519378e-05,6.079226541519378e-05,0.11108276591830543
3.649259,3.6493187,-5.9695068359566505e-05,5.9695068359566505e-05,0.00163581341740695
1.316324,1.3162646,5.937063598637771e-05,5.937063598637771e-05,0.004510336055702651
0.086393,0.08645217,-5.9171206474306626e-05,5.9171206474306626e-05,0.06849074161774206
0.066254,0.06631284,-5.8842071056372514e-05,5.8842071056372514e-05,0.08881285804262334
0.054729,0.054787792,-5.879226541519178e-05,5.879226541519178e-05,0.10742433683744897
0.202139,0.2020803,5.8705510139478445e-05,5.8705510139478445e-05,0.029042149268788453
0.066255,0.06631284,-5.7842071056371513e-05,5.7842071056371513e-05,0.08730219752331043
0.202138,0.2020803,5.7705510139477445e-05,5.7705510139477445e-05,0.02854758141019
3.649261,3.6493187,-5.769506835928695e-05,5.769506835928695e-05,0.0015810069040747138
0.056056,0.055998374,5.762622332573103e-05,5.762622332573103e-05,0.10280116887207409
0.055941,0.055998374,-5.737377667427296e-05,5.737377667427296e-05,0.10256122802901581
3.649376,3.6493187,5.7304931640800305e-05,5.7304931640800305e-05,0.001570266578155554
0.066257,0.06631284,-5.584207105636951e-05,5.584207105636951e-05,0.08428101328476766
3.649263,3.6493187,-5.569506835945148e-05,5.569506835945148e-05,0.0015262004508287091
0.055943,0.055998374,-5.537377667427096e-05,5.537377667427096e-05,0.09898249392290093
0.066258,0.06631284,-5.484207105636851e-05,5.484207105636851e-05,0.08277048956140848
0.066258,0.06631284,-5.484207105636851e-05,5.484207105636851e-05,0.08277048956140848
0.066258,0.06631284,-5.484207105636851e-05,5.484207105636851e-05,0.08277048956140848
0.066258,0.06631284,-5.484207105636851e-05,5.484207105636851e-05,0.08277048956140848
3.649264,3.6493187,-5.4695068359311705e-05,5.4695068359311705e-05,0.001498797246727365
8.425825,8.425771,5.424041748014474e-05,5.424041748014474e-05,0.0006437401379627634
0.086506,0.08645217,5.382879352569536e-05,5.382879352569536e-05,0.06222550281306484
0.054734,0.054787792,-5.379226541519372e-05,5.379226541519372e-05,0.09827943383804269
8.425717,8.425771,-5.3759582518964066e-05,5.3759582518964066e-05,0.0006380416351311826
0.06626,0.06631284,-5.284207105636651e-05,5.284207105636651e-05,0.07974957889619218
0.086504,0.08645217,5.182879352569336e-05,5.182879352569336e-05,0.05991490967559703
0.086503,0.08645217,5.082879352569236e-05,5.082879352569236e-05,0.05875957304016369
0.086503,0.08645217,5.082879352569236e-05,5.082879352569236e-05,0.05875957304016369
1.316315,1.3162646,5.037063598622993e-05,5.037063598622993e-05,0.0038266399746567726
0.086502,0.08645217,4.982879352569136e-05,4.982879352569136e-05,0.057604209692362206
0.056048,0.055998374,4.962622332572997e-05,4.962622332572997e-05,0.08854236232726878
0.167147,0.16709742,4.958049964903788e-05,4.958049964903788e-05,0.02966281154874157
0.086403,0.08645217,-4.91712064743105e-05,4.91712064743105e-05,0.0569091425267657
0.066264,0.06631284,-4.884207105636251e-05,4.884207105636251e-05,0.0737083046339705
1.316216,1.3162646,-4.862936401361928e-05,4.862936401361928e-05,0.0036946340121928804
0.065794,0.06584242,-4.8419862747187126e-05,4.8419862747187126e-05,0.07359312805665258
1.201285,1.2012366,4.8394355773861975e-05,4.8394355773861975e-05,0.004028549076183705
3.649367,3.6493187,4.830493164043048e-05,4.830493164043048e-05,0.0013236523385865776
39.092153,39.0922,-4.8232910152989916e-05,4.8232910152989916e-05,0.00012338258819581137
0.066265,0.06631284,-4.784207105636151e-05,4.784207105636151e-05,0.07219810002891935
0.0865,0.08645217,4.782879352568936e-05,4.782879352568936e-05,0.055293402855949095
0.202128,0.2020803,4.7705510139467444e-05,4.7705510139467444e-05,0.02360163367562426
0.06636,0.06631284,4.715792894363635e-05,4.715792894363635e-05,0.07106378672780676
0.086499,0.08645217,4.682879352570224e-05,4.682879352570224e-05,0.054137959365500504
0.086406,0.08645217,-4.61712064743075e-05,4.61712064743075e-05,0.05343518554368021
0.066359,0.06631284,4.615792894363535e-05,4.615792894363535e-05,0.06955790303361631
0.066267,0.06631284,-4.584207105635951e-05,4.584207105635951e-05,0.0691778275569766
0.086498,0.08645217,4.582879352570124e-05,4.582879352570124e-05,0.05298248915896177
3.286009,3.2860546,-4.561120605472979e-05,4.561120605472979e-05,0.0013880426393640963
8.425816,8.425771,4.524041747977492e-05,4.524041747977492e-05,0.0005369262452353338
0.080634,0.08067886,-4.4857862949373994e-05,4.4857862949373994e-05,0.05563144938083507
0.086497,0.08645217,4.482879352570024e-05,4.482879352570024e-05,0.051826992235422316
0.086497,0.08645217,4.482879352570024e-05,4.482879352570024e-05,0.051826992235422316
3.649274,3.6493187,-4.469506835924619e-05,4.469506835924619e-05,0.0012247660317647134
0.056043,0.055998374,4.4626223325731906e-05,4.4626223325731906e-05,0.07962854102404111
8.425727,8.425771,-4.3759582519342644e-05,4.3759582519342644e-05,0.0005193567572130367
1.316308,1.3162646,4.3370635986361705e-05,4.3370635986361705e-05,0.0032948698923858885
18.503385,18.503342,4.332519531402568e-05,4.332519531402568e-05,0.0002341474022931022
18.503385,18.503342,4.332519531402568e-05,4.332519531402568e-05,0.0002341474022931022
1.30903,1.3090732,-4.3209762573326316e-05,4.3209762573326316e-05,0.0033008993353876854
0.066356,0.06631284,4.315792894363235e-05,4.315792894363235e-05,0.06503997962293143
0.06627,0.06631284,-4.284207105637039e-05,4.284207105637039e-05,0.06464776066353196
1.201279,1.2012366,4.2394355773911485e-05,4.2394355773911485e-05,0.003529101546799901
0.377425,0.37738296,4.203610420228099e-05,4.203610420228099e-05,0.011137604607840863
0.066271,0.06631284,-4.184207105636939e-05,4.184207105636939e-05,0.0631378295079772
0.066271,0.06631284,-4.184207105636939e-05,4.184207105636939e-05,0.0631378295079772
0.086411,0.08645217,-4.11712064743025e-05,4.11712064743025e-05,0.04764579327476445
0.086493,0.08645217,4.082879352569624e-05,4.082879352569624e-05,0.04720473735272393
3.649278,3.6493187,-4.069506835957526e-05,4.069506835957526e-05,0.0011151539663040225
1.316224,1.3162646,-4.062936401361128e-05,4.062936401361128e-05,0.003086812275913862
0.056039,0.055998374,4.0626223325727906e-05,4.0626223325727906e-05,0.07249633871630752
0.086492,0.08645217,3.982879352569524e-05,3.982879352569524e-05,0.04604910683028041
0.086492,0.08645217,3.982879352569524e-05,3.982879352569524e-05,0.04604910683028041
0.086492,0.08645217,3.982879352569524e-05,3.982879352569524e-05,0.04604910683028041
0.073221,0.073260814,-3.981395149231515e-05,3.981395149231515e-05,0.05437504464284851
8.42581,8.425771,3.924041748071261e-05,3.924041748071261e-05,0.00046571685666122175
0.066274,0.06631284,-3.884207105636639e-05,3.884207105636639e-05,0.058608309439234216
0.086491,0.08645217,3.882879352569424e-05,3.882879352569424e-05,0.044893449585275684
0.086491,0.08645217,3.882879352569424e-05,3.882879352569424e-05,0.044893449585275684
0.202119,0.2020803,3.870551013945844e-05,3.870551013945844e-05,0.019149862269409894
0.05596,0.055998374,-3.8373776674267834e-05,3.8373776674267834e-05,0.06857358221174813
1.316227,1.3162646,-3.7629364013636035e-05,3.7629364013636035e-05,0.002858881029699068
1.316302,1.3162646,3.7370635986411216e-05,3.7370635986411216e-05,0.002839062463140841
0.086415,0.08645217,-3.71712064742985e-05,3.71712064742985e-05,0.043014761825243004
0.086415,0.08645217,-3.71712064742985e-05,3.71712064742985e-05,0.043014761825243004
8.425734,8.425771,-3.6759582519252376e-05,3.6759582519252376e-05,0.0004362775102895024
0.056035,0.055998374,3.6626223325730844e-05,3.6626223325730844e-05,0.06536311815895017
0.086416,0.08645217,-3.61712064742975e-05,3.61712064742975e-05,0.04185707095033377
0.056033,0.055998374,3.4626223325728844e-05,3.4626223325728844e-05,0.061796125968505554
0.066347,0.06631284,3.415792894363723e-05,3.415792894363723e-05,0.05148375795763708
0.066279,0.06631284,-3.384207105636139e-05,3.384207105636139e-05,0.051060020527318416
1.316298,1.3162646,3.337063598629619e-05,3.337063598629619e-05,0.002535188535100791
0.086485,0.08645217,3.2828793525702116e-05,3.2828793525702116e-05,0.03795894488956833
18.503309,18.503342,-3.267480468593931e-05,3.267480468593931e-05,0.00017658898030488882
1.316297,1.3162646,3.237063598637846e-05,3.237063598637846e-05,0.0024592197645302875
1.316233,1.3162646,-3.1629364013685546e-05,3.1629364013685546e-05,0.0024030216543182346
0.066282,0.06631284,-3.084207105637227e-05,3.084207105637227e-05,0.04653159381105078
0.066282,0.06631284,-3.084207105637227e-05,3.084207105637227e-05,0.04653159381105078
0.066282,0.06631284,-3.084207105637227e-05,3.084207105637227e-05,0.04653159381105078
0.086422,0.08645217,-3.017120647430538e-05,3.017120647430538e-05,0.0349114883240308
0.086482,0.08645217,2.9828793525699115e-05,2.9828793525699115e-05,0.034491331712041565
0.073231,0.073260814,-2.9813951492305146e-05,2.9813951492305146e-05,0.040712200368140466
3.649348,3.6493187,2.9304931640439236e-05,2.9304931640439236e-05,0.0008030182827079308
0.086481,0.08645217,2.8828793525698115e-05,2.8828793525698115e-05,0.033335407190438024
0.056027,0.055998374,2.8626223325729783e-05,2.8626223325729783e-05,0.05109362142294994
0.06634,0.06631284,2.7157928943630227e-05,2.7157928943630227e-05,0.04093748704053775
0.066286,0.06631284,-2.6842071056368266e-05,2.6842071056368266e-05,0.04049432914321869
8.425744,8.425771,-2.6759582519630953e-05,2.6759582519630953e-05,0.00031759311129454397
0.055972,0.055998374,-2.637377667426971e-05,2.637377667426971e-05,0.04711958948608254
0.086426,0.08645217,-2.617120647430138e-05,2.617120647430138e-05,0.030281635669844424
0.066339,0.06631284,2.6157928943629227e-05,2.6157928943629227e-05,0.039430695223320426
0.086478,0.08645217,2.5828793525695115e-05,2.5828793525695115e-05,0.02986747322536095
8.425745,8.425771,-2.5759582520379354e-05,2.5759582520379354e-05,0.0003057246868979969
1.31624,1.3162646,-2.462936401359528e-05,2.462936401359528e-05,0.0018711909691032096
8.425795,8.425771,2.4240417481280474e-05,2.4240417481280474e-05,0.00028769294150869776
0.086428,0.08645217,-2.4171206474299378e-05,2.4171206474299378e-05,0.027966870049442896
0.377407,0.37738296,2.4036104202262987e-05,2.4036104202262987e-05,0.00636874890923969
0.066289,0.06631284,-2.3842071056365266e-05,2.3842071056365266e-05,0.03596685878561814
3.649342,3.6493187,2.3304931640488746e-05,2.3304931640488746e-05,0.0006386064019171166
0.066336,0.06631284,2.3157928943640105e-05,2.3157928943640105e-05,0.034910047197193164
0.066291,0.06631284,-2.1842071056363266e-05,2.1842071056363266e-05,0.03294877287024557
18.503363,18.503342,2.132519531272692e-05,2.132519531272692e-05,0.00011525037536480083
3.64934,3.6493187,2.130493164065328e-05,2.130493164065328e-05,0.0005838023215175752
0.086473,0.08645217,2.0828793525690115e-05,2.0828793525690115e-05,0.02408704856036343
3.649339,3.6493187,2.03049316405135e-05,2.03049316405135e-05,0.0005564002587854157
8.425791,8.425771,2.0240417480721362e-05,2.0240417480721362e-05,0.00024021979040877162
0.086432,0.08645217,-2.0171206474309256e-05,2.0171206474309256e-05,0.023337660184852366
18.503322,18.503342,-1.967480468678673e-05,1.967480468678673e-05,0.00010633120196838384
0.253046,0.25302657,1.9425149917595697e-05,1.9425149917595697e-05,0.00767652913301106
0.086433,0.08645217,-1.9171206474308256e-05,1.9171206474308256e-05,0.022180424666652588
0.086433,0.08645217,-1.9171206474308256e-05,1.9171206474308256e-05,0.022180424666652588
3.6493,3.6493187,-1.869506835916468e-05,1.869506835916468e-05,0.0005122919014236261
1.316281,1.3162646,1.637063598636246e-05,1.637063598636246e-05,0.0012437037369010685
0.086468,0.08645217,1.5828793525698992e-05,1.5828793525698992e-05,0.018305955390888
0.086468,0.08645217,1.5828793525698992e-05,1.5828793525698992e-05,0.018305955390888
0.086466,0.08645217,1.3828793525696992e-05,1.3828793525696992e-05,0.01599333091585555
0.086466,0.08645217,1.3828793525696992e-05,1.3828793525696992e-05,0.01599333091585555
1.20125,1.2012366,1.3394355773854727e-05,1.3394355773854727e-05,0.0011150348197910254
0.066326,0.06631284,1.3157928943630104e-05,1.3157928943630104e-05,0.019838266929698516
0.055986,0.055998374,-1.2373776674269588e-05,1.2373776674269588e-05,0.022101555124795544
0.096435,0.0964472,-1.2199583053582042e-05,1.2199583053582042e-05,0.012650576078116312
0.073271,0.073260814,1.0186048507693224e-05,1.0186048507693224e-05,0.013901882728216268
1.316255,1.3162646,-9.629364013719055e-06,9.629364013719055e-06,0.0007315728345181961
0.066304,0.06631284,-8.842071056364142e-06,8.842071056364142e-06,0.013335652514220094
0.05599,0.055998374,-8.373776674272526e-06,8.373776674272526e-06,0.014955843292224831
0.086444,0.08645217,-8.171206474311132e-06,8.171206474311132e-06,0.00945260106526599
0.066321,0.06631284,8.157928943638981e-06,8.157928943638981e-06,0.012300672383314953
1.316272,1.3162646,7.370635986436724e-06,7.370635986436724e-06,0.0005599629853006644
0.054795,0.054787792,7.207734584811776e-06,7.207734584811776e-06,0.0131540004957711
0.086445,0.08645217,-7.171206474310132e-06,7.171206474310132e-06,0.0082956868135976
0.06632,0.06631284,7.157928943637981e-06,7.157928943637981e-06,0.0107930170881257
0.37739,0.37738296,7.036104202273741e-06,7.036104202273741e-06,0.0018644119347119236
0.086459,0.08645217,6.828793525689991e-06,6.828793525689991e-06,0.007898302684268485
1.316258,1.3162646,-6.62936401374381e-06,6.62936401374381e-06,0.0005036523244865489
0.086446,0.08645217,-6.171206474309132e-06,6.171206474309132e-06,0.0071387993281011655
0.202086,0.2020803,5.705510139453196e-06,5.705510139453196e-06,0.0028233079662271943
0.086447,0.08645217,-5.171206474308132e-06,5.171206474308132e-06,0.005981938607847807
0.066318,0.06631284,5.157928943635981e-06,5.157928943635981e-06,0.007777570095386488
0.066308,0.06631284,-4.842071056360142e-06,4.842071056360142e-06,0.007302393450349503
0.056003,0.055998374,4.626223325726597e-06,4.626223325726597e-06,0.008260670530982138
0.055994,0.055998374,-4.373776674268526e-06,4.373776674268526e-06,0.0078111523850008455
0.086456,0.08645217,3.828793525700869e-06,3.828793525700869e-06,0.004428603591737144
1.316268,1.3162646,3.3706359863217017e-06,3.3706359863217017e-06,0.00025607520551024763
0.06631,0.06631284,-2.8420710563720197e-06,2.8420710563720197e-06,0.004286036875412432
0.06631,0.06631284,-2.8420710563720197e-06,2.8420710563720197e-06,0.004286036875412432
8.425768,8.425771,-2.759582519828996e-06,2.759582519828996e-06,3.275170310642596e-05
8.425768,8.425771,-2.759582519828996e-06,2.759582519828996e-06,3.275170310642596e-05
1.316262,1.3162646,-2.6293640136287877e-06,2.6293640136287877e-06,0.00019975992723553728
0.08645,0.08645217,-2.171206474305132e-06,2.171206474305132e-06,0.0025115170292580855
1.316266,1.3162646,1.3706359862641904e-06,1.3706359862641904e-06,0.00010413062300173825
0.086451,0.08645217,-1.1712064743041317e-06,1.1712064743041317e-06,0.00135476336068914
0.055998,0.055998374,-3.737766742714643e-07,3.737766742714643e-07,0.0006674821843708385
0.066313,0.06631284,1.5792894363098053e-07,1.5792894363098053e-07,0.00023815683711010468
