actual,predicted,error,abs_error,rel_error_pct
44.128097,28.601463973320392,15.526633026679605,15.526633026679605,35.18536733329883
16.796899,9.991831724166998,6.805067275833002,6.805067275833002,40.513831010072096
15.46651,9.991831724166998,5.474678275833002,5.474678275833002,35.39698533022385
9.885891,5.5263359135153385,4.359555086484662,4.359555086484662,44.09875737493528
9.882511,5.5263359135153385,4.356175086484661,4.356175086484661,44.07963812476992
8.943512,4.602713022384124,4.340798977615876,4.340798977615876,48.53573157354001
8.941916,4.602713022384124,4.3392029776158765,4.3392029776158765,48.52654596137281
8.863519,4.538493360879871,4.325025639120129,4.325025639120129,48.79580716272322
8.875626,4.553240268873088,4.3223857311269125,4.3223857311269125,48.69950278524819
9.311996,4.992823927989528,4.319172072010472,4.319172072010472,46.38288152147068
8.856562,4.538493360879871,4.3180686391201295,4.3180686391201295,48.75558528322134
8.856209,4.538493360879871,4.317715639120129,4.317715639120129,48.75354272998047
9.309661,4.992823927989528,4.316837072010472,4.316837072010472,46.36943355901039
9.30732,4.992823927989528,4.314496072010472,4.314496072010472,46.355944267137225
9.061642,4.748653608159458,4.312988391840543,4.312988391840543,47.59610224938203
9.060909,4.748653608159458,4.312255391840543,4.312255391840543,47.591862933321046
8.842246,4.53391033488832,4.308335665111679,4.308335665111679,48.72444925263281
8.834646,4.53228400939844,4.302361990601559,4.302361990601559,48.6987479809928
8.675459,4.992823927989528,3.6826350720104717,3.6826350720104717,42.44887875060009
8.87127,5.5263359135153385,3.3449340864846624,3.3449340864846624,37.705244981236696
28.941853,28.601463973320392,0.34038902667960613,0.34038902667960613,1.176113452992903
28.874389,28.601463973320392,0.2729250266796086,0.2729250266796086,0.9452148984993705
28.858176,28.601463973320392,0.25671202667960813,0.25671202667960813,0.8895642838920886
4.282616,4.538493360879871,-0.2558773608798708,0.2558773608798708,5.974791129391381
28.846279,28.601463973320392,0.24481502667960697,0.24481502667960697,0.8486884103102459
28.376998,28.601463973320392,-0.22446597332039175,0.22446597332039175,0.7910138109732423
28.818817,28.601463973320392,0.2173530266796071,0.2173530266796071,0.7542052356932379
5.313079,5.5263359135153385,-0.21325691351533838,0.21325691351533838,4.013810325638383
28.809698,28.601463973320392,0.20823402667960877,0.20823402667960877,0.7227914248836832
4.748427,4.553240268873088,0.19518673112691243,0.19518673112691243,4.11055558236026
4.562297,4.748653608159458,-0.18635660815945787,0.18635660815945787,4.08471013954973
28.418155,28.601463973320392,-0.18330897332039342,0.18330897332039342,0.6450417816348331
4.352633,4.53391033488832,-0.18127733488832032,0.18127733488832032,4.164774169661341
4.355285,4.53391033488832,-0.17862533488832,0.17862533488832,4.1013466371137275
28.765743,28.601463973320392,0.16427902667960836,0.16427902667960836,0.5710925898178166
4.8342,4.992823927989528,-0.1586239279895283,0.1586239279895283,3.281286003604464
28.759083,28.601463973320392,0.15761902667960825,0.15761902667960825,0.5480669417695279
4.837853,4.992823927989528,-0.15497092798952838,0.15497092798952838,3.2032996452419096
28.451459,28.601463973320392,-0.1500049733203923,0.1500049733203923,0.5272312162264335
28.749222,28.601463973320392,0.14775802667960747,0.14775802667960747,0.5139548704277754
28.74018,28.601463973320392,0.13871602667960659,0.13871602667960659,0.48265538587136175
28.737798,28.601463973320392,0.13633402667960937,0.13633402667960937,0.4744066566239173
28.737327,28.601463973320392,0.13586302667960837,0.13586302667960837,0.4727754487365356
28.736207,28.601463973320392,0.13474302667960814,0.13474302667960814,0.46889635322831313
28.735853,28.601463973320392,0.13438902667960662,0.13438902667960662,0.4676702190783721
28.468642,28.601463973320392,-0.13282197332039303,0.13282197332039303,0.4665553535006218
28.470067,28.601463973320392,-0.1313969733203919,0.1313969733203919,0.46152674428174123
5.395493,5.5263359135153385,-0.1308429135153384,0.1308429135153384,2.425040927917307
28.731402,28.601463973320392,0.12993802667960708,0.12993802667960708,0.4522509088806555
28.471706,28.601463973320392,-0.12975797332039107,0.12975797332039107,0.45574358389320024
39.199702,39.07062620295696,0.1290757970430434,0.1290757970430434,0.32927749563686504
28.47333,28.601463973320392,-0.12813397332039145,0.12813397332039145,0.45001400721286006
5.398821,5.5263359135153385,-0.1275149135153386,0.1275149135153386,2.361902969425671
4.866277,4.992823927989528,-0.12654692798952816,0.12654692798952816,2.6004875593174757
28.475906,28.601463973320392,-0.12555797332039376,0.12555797332039376,0.4409270536289621
28.476453,28.601463973320392,-0.1250109733203928,0.1250109733203928,0.43899769862473326
28.47719,28.601463973320392,-0.12427397332039192,0.12427397332039192,0.43639830095580195
28.72303,28.601463973320392,0.12156602667960925,0.12156602667960925,0.4232353852611859
5.40647,5.5263359135153385,-0.11986591351533882,0.11986591351533882,2.217082745546017
28.48176,28.601463973320392,-0.11970397332039084,0.11970397332039084,0.4202829225440091
28.719682,28.601463973320392,0.11821802667960668,0.11821802667960668,0.41162721327901564
28.718813,28.601463973320392,0.11734902667960867,0.11734902667960867,0.4086137775931062
28.486361,28.601463973320392,-0.11510297332039343,0.11510297332039343,0.4040634509967398
28.48658,28.601463973320392,-0.11488397332039213,0.11488397332039213,0.40329156157035645
17.275836,17.390315318766692,-0.1144793187666906,0.1144793187666906,0.6626557392998402
5.104941,4.992823927989528,0.11211707201047183,0.11211707201047183,2.196246185965236
28.493662,28.601463973320392,-0.10780197332039165,0.10780197332039165,0.3783366747314309
28.49391,28.601463973320392,-0.10755397332039252,0.10755397332039252,0.37746302041388863
28.708913,28.601463973320392,0.10744902667960687,0.10744902667960687,0.374270619996071
4.429556,4.53228400939844,-0.10272800939844018,0.10272800939844018,2.319149129080229
4.429707,4.53228400939844,-0.10257700939844039,0.10257700939844039,2.3156612705112263
0.070811,0.1719535764933653,-0.10114257649336529,0.10114257649336529,142.8345544485048
28.500459,28.601463973320392,-0.10100497332039282,0.10100497332039282,0.3543977074896879
1.338549,1.237832566688347,0.10071643331165303,0.10071643331165303,7.524299319944861
5.425922,5.5263359135153385,-0.10041391351533857,0.10041391351533857,1.8506331921743058
0.20239,0.10204474571241207,0.10034525428758792,0.10034525428758792,49.58014439350155
1.19809,1.2984272238622925,-0.10033722386229238,0.10033722386229238,8.374765155699288
0.202381,0.10204474571241207,0.10033625428758794,0.10033625428758794,49.577902193392674
1.198127,1.2984272238622925,-0.10030022386229254,0.10030022386229254,8.371418376676356
1.19817,1.2984272238622925,-0.10025722386229252,0.10025722386229252,8.3675291364268
1.315168,1.4154242728515296,-0.10025627285152972,0.10025627285152972,7.623077267992123
1.315173,1.4154242728515296,-0.10025127285152968,0.10025127285152968,7.622668108599175
1.315179,1.4154242728515296,-0.10024527285152951,0.10024527285152951,7.622177121434218
0.202276,0.10204474571241207,0.10023125428758795,0.10023125428758795,49.55172844926546
1.315194,1.4154242728515296,-0.10023027285152963,0.10023027285152963,7.620949673121127
1.315195,1.4154242728515296,-0.10022927285152972,0.10022927285152972,7.620867844229096
1.315197,1.4154242728515296,-0.10022727285152966,0.10022727285152966,7.620704186818321
1.198217,1.2984272238622925,-0.10021022386229239,0.10021022386229239,8.36327842568826
0.202252,0.10204474571241207,0.10020725428758792,0.10020725428758792,49.54574206338735
1.198221,1.2984272238622925,-0.1002062238622925,0.1002062238622925,8.362916678469963
1.315223,1.4154242728515296,-0.10020127285152958,0.10020127285152958,7.618576685771994
1.315223,1.4154242728515296,-0.10020127285152958,0.10020127285152958,7.618576685771994
1.315224,1.4154242728515296,-0.10020027285152966,0.10020027285152966,7.618494860488492
4.432085,4.53228400939844,-0.10019900939844018,0.10019900939844018,2.2607646152133682
1.315231,1.4154242728515296,-0.10019327285152957,0.10019327285152957,7.617922086987885
0.202229,0.10204474571241207,0.10018425428758793,0.10018425428758793,49.54000377693008
1.315241,1.4154242728515296,-0.1001832728515295,0.1001832728515295,7.617103849706053
1.315241,1.4154242728515296,-0.1001832728515295,0.1001832728515295,7.617103849706053
1.315242,1.4154242728515296,-0.10018227285152959,0.10018227285152959,7.617022026662208
1.315243,1.4154242728515296,-0.10018127285152967,0.10018127285152967,7.616940203742787
1.315245,1.4154242728515296,-0.10017927285152961,0.10017927285152961,7.61677655827719
0.202214,0.10204474571241207,0.10016925428758794,0.10016925428758794,49.53626071293366
0.202208,0.10204474571241207,0.10016325428758793,0.10016325428758793,49.53476333184304
0.202206,0.10204474571241207,0.10016125428758793,0.10016125428758793,49.53426418506556
0.202206,0.10204474571241207,0.10016125428758793,0.10016125428758793,49.53426418506556
1.31528,1.4154242728515296,-0.1001442728515296,0.1001442728515296,7.613912843190477
1.315282,1.4154242728515296,-0.10014227285152955,0.10014227285152955,7.613749206931729
1.198289,1.2984272238622925,-0.10013822386229254,0.10013822386229254,8.356767345267777
0.20218,0.10204474571241207,0.10013525428758793,0.10013525428758793,49.52777437830654
1.31529,1.4154242728515296,-0.10013427285152954,0.10013427285152954,7.613094666873195
0.202172,0.10204474571241207,0.10012725428758792,0.10012725428758792,49.525777178868566
0.202166,0.10204474571241207,0.10012125428758795,0.10012125428758795,49.52427917556051
1.315311,1.4154242728515296,-0.10011327285152971,0.10011327285152971,7.611376537101745
1.198316,1.2984272238622925,-0.10011122386229254,0.10011122386229254,8.35432589182972
4.432173,4.53228400939844,-0.10011100939844031,0.10011100939844031,2.25873424607256
1.337924,1.237832566688347,0.10009143331165293,0.10009143331165293,7.481100070270945
1.315337,1.4154242728515296,-0.10008727285152963,0.10008727285152963,7.609249404823279
0.20213,0.10204474571241207,0.10008525428758794,0.10008525428758794,49.51528928811786
7.257176,7.357252238282115,-0.10007623828211454,0.10007623828211454,1.378996985614453
1.315355,1.4154242728515296,-0.10006927285152956,0.10006927285152956,7.607776824045355
1.198361,1.2984272238622925,-0.10006622386229247,0.10006622386229247,8.350257047245547
1.198363,1.2984272238622925,-0.10006422386229241,0.10006422386229241,8.350076216800947
1.315361,1.4154242728515296,-0.1000632728515296,0.1000632728515296,7.60728597274226
0.202108,0.10204474571241207,0.10006325428758794,0.10006325428758794,49.50979389142346
1.198369,1.2984272238622925,-0.10005822386229246,0.10005822386229246,8.349533729088696
1.198371,1.2984272238622925,-0.1000562238622924,0.1000562238622924,8.34935290105844
1.198383,1.2984272238622925,-0.1000442238622925,0.1000442238622925,8.348267945551985
1.198385,1.2984272238622925,-0.10004222386229245,0.10004222386229245,8.348087121746714
0.202086,0.10204474571241207,0.10004125428758792,0.10004125428758792,49.50429729822137
1.198401,1.2984272238622925,-0.10002622386229243,0.10002622386229243,8.346640553032397
1.198402,1.2984272238622925,-0.10002522386229251,0.10002522386229251,8.346550143770285
1.198402,1.2984272238622925,-0.10002522386229251,0.10002522386229251,8.346550143770285
1.198404,1.2984272238622925,-0.10002322386229245,0.10002322386229245,8.346369325698687
1.198406,1.2984272238622925,-0.1000212238622924,0.1000212238622924,8.346188508230616
0.053934,0.15395189560661748,-0.10001789560661747,0.10001789560661747,185.44497982937014
1.198412,1.2984272238622925,-0.10001522386229245,0.10001522386229245,8.345646059447569
0.053937,0.15395189560661748,-0.10001489560661748,0.10001489560661748,185.42910325229133
1.315415,1.4154242728515296,-0.10000927285152961,0.10000927285152961,7.6028685125170945
0.053945,0.15395189560661748,-0.10000689560661749,0.10000689560661749,185.38677434652092
0.053953,0.15395189560661748,-0.09999889560661748,0.09999889560661748,185.34445799357408
0.202043,0.10204474571241207,0.09999825428758793,0.09999825428758793,49.493550500682716
0.053955,0.15395189560661748,-0.09999689560661748,0.09999689560661748,185.33388086606172
1.315432,1.4154242728515296,-0.09999227285152967,0.09999227285152967,7.601477905655951
0.053962,0.15395189560661748,-0.09998989560661747,0.09998989560661747,185.29686709410436
0.053965,0.15395189560661748,-0.09998689560661748,0.09998689560661748,185.281006988486
0.20203,0.10204474571241207,0.09998525428758792,0.09998525428758792,49.49030056828076
1.198442,1.2984272238622925,-0.09998522386229247,0.09998522386229247,8.342933897005407
1.198444,1.2984272238622925,-0.09998322386229241,0.09998322386229241,8.342753091003805
0.053974,0.15395189560661748,-0.09997789560661749,0.09997789560661749,185.23343725012793
1.31545,1.4154242728515296,-0.0999742728515296,0.0999742728515296,7.600005537567342
0.202019,0.10204474571241207,0.09997425428758794,0.09997425428758794,49.487550298783965
1.198457,1.2984272238622925,-0.09997022386229237,0.09997022386229237,8.341577866702835
0.053985,0.15395189560661748,-0.09996689560661748,0.09996689560661748,185.17531799841095
0.053989,0.15395189560661748,-0.09996289560661747,0.09996289560661747,185.1541895968869
0.053991,0.15395189560661748,-0.09996089560661749,0.09996089560661749,185.1436265701207
0.053994,0.15395189560661748,-0.09995789560661748,0.09995789560661748,185.12778349722134
0.053995,0.15395189560661748,-0.09995689560661748,0.09995689560661748,185.1225028641448
1.31547,1.4154242728515296,-0.09995427285152969,0.09995427285152969,7.598369620282586
1.315471,1.4154242728515296,-0.09995327285152955,0.09995327285152955,7.598287825724113
0.054007,0.15395189560661748,-0.09994489560661748,0.09994489560661748,185.05915052041092
0.054012,0.15395189560661748,-0.09993989560661748,0.09993989560661748,185.03276201878234
0.054014,0.15395189560661748,-0.09993789560661748,0.09993789560661748,185.0222079860689
1.19849,1.2984272238622925,-0.09993722386229242,0.09993722386229242,8.338594719518213
1.19849,1.2984272238622925,-0.09993722386229242,0.09993722386229242,8.338594719518213
28.701399,28.601463973320392,0.09993502667960641,0.09993502667960641,0.34818869518959067
1.31549,1.4154242728515296,-0.09993427285152956,0.09993427285152956,7.596733752741018
1.31549,1.4154242728515296,-0.09993427285152956,0.09993427285152956,7.596733752741018
0.054023,0.15395189560661748,-0.09992889560661748,0.09992889560661748,184.97472450926966
0.054025,0.15395189560661748,-0.0999268956066175,0.0999268956066175,184.96417477399967
1.198512,1.2984272238622925,-0.09991522386229246,0.09991522386229246,8.336606045993353
1.198541,1.2984272238622925,-0.0998862238622924,0.0998862238622924,8.33398472425711
0.054067,0.15395189560661748,-0.09988489560661748,0.09988489560661748,184.74281062732288
0.072069,0.1719535764933653,-0.0998845764933653,0.0998845764933653,138.59575733639923
1.198549,1.2984272238622925,-0.09987822386229239,0.09987822386229239,8.33326162334282
3.647754,3.7476311878603763,-0.09987718786037636,0.09987718786037636,2.73804614723576
1.198551,1.2984272238622925,-0.09987622386229256,0.09987622386229256,8.333080849622544
1.315549,1.4154242728515296,-0.09987527285152953,0.09987527285152953,7.591908233287974
1.198553,1.2984272238622925,-0.0998742238622925,0.0998742238622925,8.332900076505553
1.198555,1.2984272238622925,-0.09987222386229244,0.09987222386229244,8.332719303991867
1.198555,1.2984272238622925,-0.09987222386229244,0.09987222386229244,8.332719303991867
0.05408,0.15395189560661748,-0.09987189560661748,0.09987189560661748,184.67436283643326
1.198561,1.2984272238622925,-0.09986622386229249,0.09986622386229249,8.33217699007062
0.072088,0.1719535764933653,-0.09986557649336529,0.09986557649336529,138.53287142774445
1.198563,1.2984272238622925,-0.09986422386229243,0.09986422386229243,8.331996219970117
1.198563,1.2984272238622925,-0.09986422386229243,0.09986422386229243,8.331996219970117
0.054089,0.15395189560661748,-0.09986289560661749,0.09986289560661749,184.62699517829964
0.054091,0.15395189560661748,-0.09986089560661748,0.09986089560661748,184.61647117265537
0.054092,0.15395189560661748,-0.09985989560661748,0.09985989560661748,184.61120946166952
0.054093,0.15395189560661748,-0.09985889560661748,0.09985889560661748,184.60594794522677
1.198569,1.2984272238622925,-0.09985822386229248,0.09985822386229248,8.33145391328835
0.166314,0.06645609253140705,0.09985790746859294,0.09985790746859294,60.04179287886237
0.054094,0.15395189560661748,-0.09985789560661748,0.09985789560661748,184.60068662331642
0.055747,0.15560340867405387,-0.09985640867405388,0.09985640867405388,179.12427304595693
1.315575,1.4154242728515296,-0.09984927285152967,0.09984927285152967,7.589781870584337
0.054105,0.15395189560661748,-0.09984689560661748,0.09984689560661748,184.54282491835258
1.198582,1.2984272238622925,-0.09984522386229244,0.09984522386229244,8.33027893410398
0.072117,0.1719535764933653,-0.09983657649336529,0.09983657649336529,138.43695155778576
0.201878,0.10204474571241207,0.09983325428758794,0.09983325428758794,49.45227030094198
0.054119,0.15395189560661748,-0.09983289560661748,0.09983289560661748,184.4692167670287
4.432452,4.53228400939844,-0.09983200939844039,0.09983200939844039,2.2522975859905108
0.072128,0.1719535764933653,-0.09982557649336529,0.09982557649336529,138.4005883359648
0.20187,0.10204474571241207,0.09982525428758793,0.09982525428758793,49.450267121482966
0.20187,0.10204474571241207,0.09982525428758793,0.09982525428758793,49.450267121482966
0.201867,0.10204474571241207,0.09982225428758792,0.09982225428758792,49.44951588825237
1.19861,1.2984272238622925,-0.09981722386229253,0.09981722386229253,8.327748296273581
1.19861,1.2984272238622925,-0.09981722386229253,0.09981722386229253,8.327748296273581
0.201859,0.10204474571241207,0.09981425428758794,0.09981425428758794,49.44751249047128
0.055792,0.15560340867405387,-0.09981140867405386,0.09981140867405386,178.8991405491015
0.201855,0.10204474571241207,0.09981025428758794,0.09981025428758794,49.44651073203112
1.198623,1.2984272238622925,-0.09980422386229248,0.09980422386229248,8.326573397470757
0.201843,0.10204474571241207,0.09979825428758793,0.09979825428758793,49.44350521848388
0.201839,0.10204474571241207,0.09979425428758792,0.09979425428758792,49.44250330121801
1.198635,1.2984272238622925,-0.09979222386229258,0.09979222386229258,8.325488898118868
0.201833,0.10204474571241207,0.09978825428758795,0.09978825428758795,49.441000350857855
0.055816,0.15560340867405387,-0.09978740867405386,0.09978740867405386,178.77921831602882
0.072168,0.1719535764933653,-0.0997855764933653,0.0997855764933653,138.2684518832403
0.201829,0.10204474571241207,0.09978425428758794,0.09978425428758794,49.439998334306736
0.05582,0.15560340867405387,-0.09978340867405386,0.09978340867405386,178.7592413029284
0.072171,0.1719535764933653,-0.09978257649336529,0.09978257649336529,138.25854755387448
3.647849,3.7476311878603763,-0.0997821878603764,0.0997821878603764,2.735370566534992
1.315643,1.4154242728515296,-0.09978127285152971,0.09978127285152971,7.584221011622871
0.201824,0.10204474571241207,0.09977925428758794,0.09977925428758794,49.43874575776378
7.257473,7.357252238282115,-0.09977923828211477,0.09977923828211477,1.3748482189425977
0.201823,0.10204474571241207,0.09977825428758794,0.09977825428758794,49.43849523500762
0.20182,0.10204474571241207,0.09977525428758793,0.09977525428758793,49.43774365184332
0.201819,0.10204474571241207,0.09977425428758793,0.09977425428758793,49.43749311915649
1.198653,1.2984272238622925,-0.09977422386229251,0.09977422386229251,8.323862189805444
0.201817,0.10204474571241207,0.09977225428758793,0.09977225428758793,49.436992046334524
0.201815,0.10204474571241207,0.09977025428758793,0.09977025428758793,49.43649096358122
0.055834,0.15560340867405387,-0.09976940867405387,0.09976940867405387,178.6893442980344
0.201813,0.10204474571241207,0.09976825428758793,0.09976825428758793,49.43598987089629
0.201809,0.10204474571241207,0.09976425428758792,0.09976425428758792,49.43498765573039
3.647867,3.7476311878603763,-0.09976418786037611,0.09976418786037611,2.734863630106066
0.072194,0.1719535764933653,-0.0997595764933653,0.0997595764933653,138.18264170870523
8.423363,8.52312004843718,-0.09975704843717992,0.09975704843717992,1.1842900328051353
0.2018,0.10204474571241207,0.09975525428758794,0.09975525428758794,49.43273252634054
0.055849,0.15560340867405387,-0.09975440867405386,0.09975440867405386,178.61449353692876
0.201798,0.10204474571241207,0.09975325428758794,0.09975325428758794,49.43223135915901
0.201798,0.10204474571241207,0.09975325428758794,0.09975325428758794,49.43223135915901
0.201797,0.10204474571241207,0.09975225428758794,0.09975225428758794,49.431980771842966
0.055853,0.15560340867405387,-0.09975040867405387,0.09975040867405387,178.59454012400286
0.201792,0.10204474571241207,0.09974725428758793,0.09974725428758793,49.43072779800845
0.201792,0.10204474571241207,0.09974725428758793,0.09974725428758793,49.43072779800845
0.20179,0.10204474571241207,0.09974525428758793,0.09974525428758793,49.430226591088605
1.198682,1.2984272238622925,-0.09974522386229245,0.09974522386229245,8.321241484728327
0.201788,0.10204474571241207,0.09974325428758793,0.09974325428758793,49.42972537423345
0.201788,0.10204474571241207,0.09974325428758793,0.09974325428758793,49.42972537423345
0.201787,0.10204474571241207,0.09974225428758793,0.09974225428758793,49.42947476208004
1.198686,1.2984272238622925,-0.09974122386229256,0.09974122386229256,8.32088001811748
3.647891,3.7476311878603763,-0.0997401878603763,0.0997401878603763,2.734187722649666
0.201783,0.10204474571241207,0.09973825428758792,0.09973825428758792,49.428472288626615
0.201782,0.10204474571241207,0.09973725428758792,0.09973725428758792,49.42822166405314
3.647896,3.7476311878603763,-0.0997351878603765,0.0997351878603765,2.734046909715695
3.6479,3.7476311878603763,-0.09973118786037638,0.09973118786037638,2.733934259646439
0.055874,0.15560340867405387,-0.09972940867405386,0.09972940867405386,178.48983157741353
0.201774,0.10204474571241207,0.09972925428758794,0.09972925428758794,49.4262165780337
3.647905,3.7476311878603763,-0.09972618786037613,0.09972618786037613,2.7337934474072743
0.05588,0.15560340867405387,-0.09972340867405387,0.09972340867405387,178.45992930492832
3.647908,3.7476311878603763,-0.09972318786037615,0.09972318786037615,2.7337089602490643
0.201763,0.10204474571241207,0.09971825428758793,0.09971825428758793,49.423459325131205
0.20176,0.10204474571241207,0.09971525428758793,0.09971525428758793,49.422707294887594
0.201756,0.10204474571241207,0.09971125428758792,0.09971125428758792,49.421704553106835
0.055898,0.15560340867405387,-0.09970540867405386,0.09970540867405386,178.37026100340546
0.055898,0.15560340867405387,-0.09970540867405386,0.09970540867405386,178.37026100340546
28.701168,28.601463973320392,0.09970402667960698,0.09970402667960698,0.3473866522758224
0.055902,0.15560340867405387,-0.09970140867405386,0.09970140867405386,178.35034255608656
0.055902,0.15560340867405387,-0.09970140867405386,0.09970140867405386,178.35034255608656
0.201742,0.10204474571241207,0.09969725428758794,0.09969725428758794,49.41819464373791
1.198731,1.2984272238622925,-0.09969622386229249,0.09969622386229249,8.316813684969828
0.201737,0.10204474571241207,0.09969225428758793,0.09969225428758793,49.41694098661673
0.055912,0.15560340867405387,-0.09969140867405386,0.09969140867405386,178.3005589064124
0.072263,0.1719535764933653,-0.0996905764933653,0.0996905764933653,137.95521408661432
1.198737,1.2984272238622925,-0.09969022386229254,0.09969022386229254,8.316271530283647
0.055914,0.15560340867405387,-0.09968940867405388,0.09968940867405388,178.29060431334418
0.055914,0.15560340867405387,-0.09968940867405388,0.09968940867405388,178.29060431334418
0.055921,0.15560340867405387,-0.09968240867405387,0.09968240867405387,178.25576884497434
1.198752,1.2984272238622925,-0.09967522386229244,0.09967522386229244,8.31491616731213
1.198756,1.2984272238622925,-0.09967122386229255,0.09967122386229255,8.314554742914988
0.055933,0.15560340867405387,-0.09967040867405387,0.09967040867405387,178.19607118491373
0.055937,0.15560340867405387,-0.09966640867405387,0.09966640867405387,178.17617765678833
0.055941,0.15560340867405387,-0.09966240867405388,0.09966240867405388,178.15628697359287
0.055943,0.15560340867405387,-0.09966040867405387,0.09966040867405387,178.14634269865314
0.055947,0.15560340867405387,-0.09965640867405387,0.09965640867405387,178.1264562817084
1.198772,1.2984272238622925,-0.09965522386229253,0.09965522386229253,8.31310906944602
0.055949,0.15560340867405387,-0.09965440867405387,0.09965440867405387,178.11651413955093
4.432638,4.53228400939844,-0.09964600939844015,0.09964600939844015,2.248006929421986
0.166101,0.06645609253140705,0.09964490746859295,0.09964490746859295,59.99055237993895
0.05596,0.15560340867405387,-0.09964340867405386,0.09964340867405386,178.0618450607434
8.423481,8.52312004843718,-0.09963904843717941,0.09963904843717941,1.1828725966853435
1.315786,1.4154242728515296,-0.09963827285152971,0.09963827285152971,7.572528727616587
3.647996,3.7476311878603763,-0.09963518786037628,0.09963518786037628,2.731230732096336
0.05597,0.15560340867405387,-0.09963340867405387,0.09963340867405387,178.01216454536663
0.072321,0.1719535764933653,-0.0996325764933653,0.0996325764933653,137.764378749742
3.648004,3.7476311878603763,-0.0996271878603765,0.0996271878603765,2.731005444556681
0.05598,0.15560340867405387,-0.09962340867405386,0.09962340867405386,177.96250177937006
0.054329,0.15395189560661748,-0.09962289560661748,0.09962289560661748,183.369646824436
3.64801,3.7476311878603763,-0.0996211878603761,0.0996211878603761,2.730836479550365
4.432667,4.53228400939844,-0.09961700939843965,0.09961700939843965,2.247337988533592
0.055988,0.15560340867405387,-0.09961540867405386,0.09961540867405386,177.92278433973541
1.198813,1.2984272238622925,-0.09961422386229257,0.09961422386229257,8.30940470732159
0.05599,0.15560340867405387,-0.09961340867405387,0.09961340867405387,177.91285675324346
1.31582,1.4154242728515296,-0.09960427285152962,0.09960427285152962,7.569749117961414
0.056001,0.15560340867405387,-0.09960240867405387,0.09960240867405387,177.85826770271174
0.056009,0.15560340867405387,-0.09959440867405386,0.09959440867405386,177.81858004291325
8.42353,8.52312004843718,-0.09959004843718056,0.09959004843718056,1.1822840119996993
0.056017,0.15560340867405387,-0.09958640867405387,0.09958640867405387,177.7789037190049
0.056021,0.15560340867405387,-0.09958240867405387,0.09958240867405387,177.75906980649182
1.315843,1.4154242728515296,-0.09958127285152951,0.09958127285152951,7.56786887523524
0.056023,0.15560340867405387,-0.09958040867405386,0.09958040867405386,177.74915391233012
0.056029,0.15560340867405387,-0.09957440867405387,0.09957440867405387,177.71941047731434
0.072385,0.1719535764933653,-0.09956857649336529,0.09956857649336529,137.5541567393951
0.056035,0.15560340867405387,-0.09956840867405387,0.09956840867405387,177.68967341191075
0.056037,0.15560340867405387,-0.09956640867405386,0.09956640867405386,177.67976247189196
0.056043,0.15560340867405387,-0.09956040867405386,0.09956040867405386,177.6500338961223
0.056046,0.15560340867405387,-0.09955740867405387,0.09955740867405387,177.6351719951802
0.166013,0.06645609253140705,0.09955690746859294,0.09955690746859294,59.969344213178246
0.056056,0.15560340867405387,-0.09954740867405387,0.09954740867405387,177.5856438141648
0.05606,0.15560340867405387,-0.09954340867405387,0.09954340867405387,177.56583748927582
0.05606,0.15560340867405387,-0.09954340867405387,0.09954340867405387,177.56583748927582
3.6481,3.7476311878603763,-0.0995311878603764,0.0995311878603764,2.7283020711506842
0.056076,0.15560340867405387,-0.09952740867405387,0.09952740867405387,177.48664044612173
0.056076,0.15560340867405387,-0.09952740867405387,0.09952740867405387,177.48664044612173
3.648112,3.7476311878603763,-0.0995191878603765,0.0995191878603765,2.7279641594788906
0.056091,0.15560340867405387,-0.09951240867405386,0.09951240867405386,177.41243425262775
8.423608,8.52312004843718,-0.09951204843718031,0.09951204843718031,1.181347095401388
0.056095,0.15560340867405387,-0.09950840867405386,0.09950840867405386,177.39265263688603
0.056097,0.15560340867405387,-0.09950640867405386,0.09950640867405386,177.38276288691213
3.648125,3.7476311878603763,-0.09950618786037646,0.09950618786037646,2.7275980910097344
0.056101,0.15560340867405387,-0.09950240867405387,0.09950240867405387,177.3629855023812
1.315925,1.4154242728515296,-0.0994992728515296,0.0994992728515296,7.5611659360501875
0.165954,0.06645609253140705,0.09949790746859294,0.09949790746859294,59.95511250625947
18.50421,18.404714255556225,0.09949574444377518,0.09949574444377518,0.5376924734600261
3.648136,3.7476311878603763,-0.09949518786037626,0.09949518786037626,2.7272883428043517
0.056115,0.15560340867405387,-0.09948840867405387,0.09948840867405387,177.2937868604831
1.31594,1.4154242728515296,-0.0994842728515295,0.0994842728515295,7.559939879019526
1.315945,1.4154242728515296,-0.09947927285152969,0.09947927285152969,7.559531199553946
0.056127,0.15560340867405387,-0.09947640867405386,0.09947640867405386,177.23450121477958
0.054476,0.15395189560661748,-0.09947589560661749,0.09947589560661749,182.60499196712772
0.056129,0.15560340867405387,-0.09947440867405387,0.09947440867405387,177.224622738387
1.31595,1.4154242728515296,-0.09947427285152965,0.09947427285152965,7.559122523193931
1.315957,1.4154242728515296,-0.09946727285152956,0.09946727285152956,7.558550381507223
0.165923,0.06645609253140705,0.09946690746859294,0.09946690746859294,59.94763077369944
0.054485,0.15395189560661748,-0.09946689560661748,0.09946689560661748,182.55831040480714
0.056138,0.15560340867405387,-0.09946540867405387,0.09946540867405387,177.1801783050228
3.648167,3.7476311878603763,-0.09946418786037636,0.09946418786037636,2.726415426093431
0.165919,0.06645609253140705,0.09946290746859296,0.09946290746859296,59.946665185208616
8.423658,8.52312004843718,-0.09946204843718043,0.09946204843718043,1.1807465169644789
0.165915,0.06645609253140705,0.09945890746859296,0.09945890746859296,59.94569955015957
3.648176,3.7476311878603763,-0.09945518786037644,0.09945518786037644,2.726162001439905
0.165911,0.06645609253140705,0.09945490746859295,0.09945490746859295,59.94473386854893
4.649202,4.748653608159458,-0.09945160815945808,0.09945160815945808,2.1391113605586285
4.649204,4.748653608159458,-0.0994496081594578,0.0994496081594578,2.1390674222365536
5.426887,5.5263359135153385,-0.09944891351533869,0.09944891351533869,1.8325222823601481
3.648183,3.7476311878603763,-0.09944818786037635,0.09944818786037635,2.7259648942405135
8.423672,8.52312004843718,-0.09944804843718025,0.09944804843718025,1.1805783562797754
0.054506,0.15395189560661748,-0.09944589560661748,0.09944589560661748,182.4494467107622
0.165894,0.06645609253140705,0.09943790746859296,0.09943790746859296,59.940629202172666
0.165894,0.06645609253140705,0.09943790746859296,0.09943790746859296,59.940629202172666
0.056168,0.15560340867405387,-0.09943540867405387,0.09943540867405387,177.032133059788
0.16589,0.06645609253140705,0.09943390746859296,0.09943390746859296,59.93966327605841
0.16589,0.06645609253140705,0.09943390746859296,0.09943390746859296,59.93966327605841
0.054519,0.15395189560661748,-0.09943289560661749,0.09943289560661749,182.38209692810835
1.315998,1.4154242728515296,-0.0994262728515296,0.0994262728515296,7.555199388143022
0.056179,0.15560340867405387,-0.09942440867405386,0.09942440867405386,176.9778894196692
1.316005,1.4154242728515296,-0.09941927285152952,0.09941927285152952,7.554627288192285
1.316011,1.4154242728515296,-0.09941327285152957,0.09941327285152957,7.554136921650004
3.648222,3.7476311878603763,-0.09940918786037622,0.09940918786037622,2.724866739404876
0.165863,0.06645609253140705,0.09940690746859296,0.09940690746859296,59.93314205619084
0.165861,0.06645609253140705,0.09940490746859296,0.09940490746859296,59.93265891840775
18.504117,18.404714255556225,0.0994027444437755,0.0994027444437755,0.5371925849973728
0.054555,0.15395189560661748,-0.09939689560661749,0.09939689560661749,182.19575735390293
0.165851,0.06645609253140705,0.09939490746859295,0.09939490746859295,59.930243054707354
0.054559,0.15395189560661748,-0.09939289560661749,0.09939289560661749,182.17506813622393
0.054559,0.15395189560661748,-0.09939289560661749,0.09939289560661749,182.17506813622393
0.056211,0.15560340867405387,-0.09939240867405387,0.09939240867405387,176.82021045210664
0.05456,0.15395189560661748,-0.09939189560661749,0.09939189560661749,182.1698963058057
0.165847,0.06645609253140705,0.09939090746859294,0.09939090746859294,59.929276627652996
0.165845,0.06645609253140705,0.09938890746859294,0.09938890746859294,59.92879339664394
0.054564,0.15395189560661748,-0.09938789560661748,0.09938789560661748,182.149210879826
1.316046,1.4154242728515296,-0.09937827285152956,0.09937827285152956,7.551276539268254
0.054579,0.15395189560661748,-0.09937289560661748,0.09937289560661748,182.0716675361326
0.054583,0.15395189560661748,-0.09936889560661749,0.09936889560661749,182.05099650910813
1.316057,1.4154242728515296,-0.09936727285152958,0.09936727285152958,7.5503775933701345
1.316057,1.4154242728515296,-0.09936727285152958,0.09936727285152958,7.5503775933701345
0.165818,0.06645609253140705,0.09936190746859294,0.09936190746859294,59.922268637102526
0.05459,0.15395189560661748,-0.09936189560661748,0.09936189560661748,182.01482950101237
3.648271,3.7476311878603763,-0.09936018786037648,0.09936018786037648,2.7234870396868267
0.165808,0.06645609253140705,0.09935190746859296,0.09935190746859296,59.91985152023611
0.165808,0.06645609253140705,0.09935190746859296,0.09935190746859296,59.91985152023611
3.648281,3.7476311878603763,-0.09935018786037642,0.09935018786037642,2.723205472869365
0.165804,0.06645609253140705,0.09934790746859296,0.09934790746859296,59.918884591851864
0.165802,0.06645609253140705,0.09934590746859295,0.09934590746859295,59.918401110164254
1.316079,1.4154242728515296,-0.09934527285152961,0.09934527285152961,7.548579746655104
0.056259,0.15560340867405387,-0.09934440867405386,0.09934440867405386,176.58402832874708
0.056259,0.15560340867405387,-0.09934440867405386,0.09934440867405386,176.58402832874708
3.648288,3.7476311878603763,-0.09934318786037633,0.09934318786037633,2.7230083770155566
1.316085,1.4154242728515296,-0.09933927285152966,0.09933927285152966,7.548089435255441
8.423783,8.52312004843718,-0.09933704843717983,0.09933704843717983,1.1792451020640085
0.165792,0.06645609253140705,0.09933590746859294,0.09933590746859294,59.91598352675458
0.165792,0.06645609253140705,0.09933590746859294,0.09933590746859294,59.91598352675458
0.16579,0.06645609253140705,0.09933390746859294,0.09933390746859294,59.915499975075356
3.648298,3.7476311878603763,-0.09933318786037626,0.09933318786037626,2.7227268128221302
7.25792,7.357252238282115,-0.09933223828211446,0.09933223828211446,1.368604755642744
0.165788,0.06645609253140705,0.09933190746859294,0.09933190746859294,59.9150164117294
0.165784,0.06645609253140705,0.09932790746859294,0.09932790746859294,59.91404925003552
3.648306,3.7476311878603763,-0.09932518786037647,0.09932518786037647,2.722501562578741
0.165769,0.06645609253140705,0.09931290746859295,0.09931290746859295,59.91042197798293
0.165763,0.06645609253140705,0.09930690746859294,0.09930690746859294,59.908970885350755
3.648325,3.7476311878603763,-0.09930618786037648,0.09930618786037648,2.7219665972098026
0.165759,0.06645609253140705,0.09930290746859294,0.09930290746859294,59.90800343190109
0.165757,0.06645609253140705,0.09930090746859294,0.09930090746859294,59.907519687666536
0.165757,0.06645609253140705,0.09930090746859294,0.09930090746859294,59.907519687666536
0.165757,0.06645609253140705,0.09930090746859294,0.09930090746859294,59.907519687666536
0.165755,0.06645609253140705,0.09929890746859296,0.09929890746859296,59.907035931758266
0.165749,0.06645609253140705,0.09929290746859296,0.09929290746859296,59.9055845939869
0.165743,0.06645609253140705,0.09928690746859295,0.09928690746859295,59.90413315113688
3.648345,3.7476311878603763,-0.09928618786037635,0.09928618786037635,2.721403481788453
0.165741,0.06645609253140705,0.09928490746859295,0.09928490746859295,59.903649313500765
1.316142,1.4154242728515296,-0.09928227285152968,0.09928227285152968,7.543431699921912
0.165738,0.06645609253140705,0.09928190746859294,0.09928190746859294,59.90292353515188
3.64835,3.7476311878603763,-0.0992811878603761,0.0992811878603761,2.721262703897785
8.42384,8.52312004843718,-0.09928004843717986,0.09928004843717986,1.1785604716613953
8.423854,8.52312004843718,-0.09926604843717968,0.09926604843717968,1.1783923182429479
0.16572,0.06645609253140705,0.09926390746859295,0.09926390746859295,59.8985683132358
18.503977,18.404714255556225,0.0992627444437737,0.0992627444437737,0.5364400552553501
0.165716,0.06645609253140705,0.09925990746859295,0.09925990746859295,59.89760035765729
0.165714,0.06645609253140705,0.09925790746859295,0.09925790746859295,59.89711636234466
0.054697,0.15395189560661748,-0.09925489560661749,0.09925489560661749,181.46314317998124
0.165708,0.06645609253140705,0.09925190746859294,0.09925190746859294,59.89566430630825
0.165708,0.06645609253140705,0.09925190746859294,0.09925190746859294,59.89566430630825
0.165706,0.06645609253140705,0.09924990746859294,0.09924990746859294,59.89518026426186
1.316192,1.4154242728515296,-0.09923227285152958,0.09923227285152958,7.539346299323368
0.165687,0.06645609253140705,0.09923090746859295,0.09923090746859295,59.890581281996994
0.165685,0.06645609253140705,0.09922890746859295,0.09922890746859295,59.89009711724227
0.165683,0.06645609253140705,0.09922690746859295,0.09922690746859295,59.889612940798585
0.165677,0.06645609253140705,0.09922090746859294,0.09922090746859294,59.88816034132969
1.316205,1.4154242728515296,-0.09921927285152954,0.09921927285152954,7.538284146010025
8.423902,8.52312004843718,-0.09921804843718007,0.09921804843718007,1.1778157964800904
0.072739,0.1719535764933653,-0.09921457649336529,0.09921457649336529,136.3980483055407
0.165669,0.06645609253140705,0.09921290746859296,0.09921290746859296,59.88622337836694
0.165657,0.06645609253140705,0.09920090746859295,0.09920090746859295,59.88331758314447
0.072758,0.1719535764933653,-0.09919557649336529,0.09919557649336529,136.33631539765935
3.648439,3.7476311878603763,-0.09919218786037609,0.09919218786037609,2.718756922005749
0.165644,0.06645609253140705,0.09918790746859296,0.09918790746859296,59.88016916321315
0.072766,0.1719535764933653,-0.09918757649336529,0.09918757649336529,136.3103322390333
0.056429,0.15560340867405387,-0.09917440867405386,0.09917440867405386,175.75078151004462
3.648459,3.7476311878603763,-0.0991721878603764,0.0991721878603764,2.7181938417742453
4.433117,4.53228400939844,-0.09916700939843981,0.09916700939843981,2.2369589928757314
1.316259,1.4154242728515296,-0.09916527285152954,0.09916527285152954,7.533872349134605
0.072795,0.1719535764933653,-0.09915857649336529,0.09915857649336529,136.21619116305942
3.648478,3.7476311878603763,-0.09915318786037641,0.09915318786037641,2.717658921272343
3.64849,3.7476311878603763,-0.09914118786037651,0.09914118786037651,2.7173210796153806
1.316288,1.4154242728515296,-0.0991362728515297,0.0991362728515297,7.531503200211367
0.072818,0.1719535764933653,-0.0991355764933653,0.0991355764933653,136.14158086904848
3.648501,3.7476311878603763,-0.0991301878603763,0.0991301878603763,2.7170113933820845
1.316318,1.4154242728515296,-0.09910627285152951,0.09910627285152951,7.52905246634935
1.316322,1.4154242728515296,-0.09910227285152962,0.09910227285152962,7.528725710274606
0.072856,0.1719535764933653,-0.09909757649336529,0.09909757649336529,136.0184148969843
3.648539,3.7476311878603763,-0.09909218786037632,0.09909218786037632,2.7159415825803257
0.072889,0.1719535764933653,-0.0990645764933653,0.0990645764933653,135.91155916181285
8.424069,8.52312004843718,-0.09905104843718071,0.09905104843718071,1.175810032372775
3.648585,3.7476311878603763,-0.09904618786037611,0.09904618786037611,2.714646578266957
4.434872,4.53391033488832,-0.09903833488831992,0.09903833488831992,2.2331723415261306
3.6486,3.7476311878603763,-0.09903118786037624,0.09903118786037624,2.714224301311791
3.648642,3.7476311878603763,-0.09898918786037614,0.09898918786037614,2.7130419443086797
18.503687,18.404714255556225,0.09897274444377402,0.09897274444377402,0.5348812074222783
3.125285,3.224253733622774,-0.09896873362277425,0.09896873362277425,3.166710671814172
8.424166,8.52312004843718,-0.09895404843718048,0.09895404843718048,1.1746450442216574
3.64868,3.7476311878603763,-0.09895118786037616,0.09895118786037616,2.711972216189531
3.648714,3.7476311878603763,-0.09891718786037629,0.09891718786037629,2.7110151099172275
8.424221,8.52312004843718,-0.09889904843718078,0.09889904843718078,1.173984495848421
8.424227,8.52312004843718,-0.09889304843717994,0.09889304843717994,1.1739124365476623
3.648751,3.7476311878603763,-0.09888018786037645,0.09888018786037645,2.709973573358842
3.648756,3.7476311878603763,-0.09887518786037619,0.09887518786037619,2.7098328267953886
3.125379,3.224253733622774,-0.09887473362277399,0.09887473362277399,3.1636077934743394
8.424271,8.52312004843718,-0.0988490484371809,0.0988490484371809,1.1733840048119002
3.648784,3.7476311878603763,-0.09884718786037627,0.09884718786037627,2.7090446531684864
8.424284,8.52312004843718,-0.09883604843717997,0.09883604843717997,1.1732278783099757
18.503539,18.404714255556225,0.09882474444377465,0.09882474444377465,0.534085638662099
0.073131,0.1719535764933653,-0.09882257649336529,0.09882257649336529,135.13089710004567
5.427521,5.5263359135153385,-0.09881491351533889,0.09881491351533889,1.8206270139446399
3.125443,3.224253733622774,-0.09881073362277393,0.09881073362277393,3.16149530225355
8.424318,8.52312004843718,-0.09880204843718055,0.09880204843718055,1.172819549736937
7.25846,7.357252238282115,-0.09879223828211448,0.09879223828211448,1.3610633423722582
3.648855,3.7476311878603763,-0.09877618786037612,0.09877618786037612,2.707046124268272
3.648858,3.7476311878603763,-0.09877318786037614,0.09877318786037614,2.7069616810977344
3.648874,3.7476311878603763,-0.09875718786037613,0.09875718786037613,2.7065113198666113
3.125502,3.224253733622774,-0.09875173362277412,0.09875173362277412,3.159547926048826
8.42437,8.52312004843718,-0.09875004843718038,0.09875004843718038,1.172195053588674
7.258513,7.357252238282115,-0.09873923828211506,0.09873923828211506,1.360323227095615
0.073226,0.1719535764933653,-0.09872757649336529,0.09872757649336529,134.8258492318841
7.258528,7.357252238282115,-0.09872423828211474,0.09872423828211474,1.360113762470223
8.424419,8.52312004843718,-0.09870104843717975,0.09870104843717975,1.171606593119456
28.50279,28.601463973320392,-0.09867397332039118,0.09867397332039118,0.3461905775541447
3.648965,3.7476311878603763,-0.09866618786037629,0.09866618786037629,2.7039499654743833
8.424455,8.52312004843718,-0.09866504843718005,0.09866504843718005,1.1711742591777021
8.424495,8.52312004843718,-0.09862504843717979,0.09862504843717979,1.1706938924648789
7.258632,7.357252238282115,-0.09862023828211441,0.09862023828211441,1.3586614982100724
8.424508,8.52312004843718,-0.09861204843718063,0.09861204843718063,1.1705377742653944
7.258644,7.357252238282115,-0.09860823828211451,0.09860823828211451,1.3584939319348905
3.649024,3.7476311878603763,-0.09860718786037648,0.09860718786037648,2.7022893753966595
0.073354,0.1719535764933653,-0.09859957649336529,0.09859957649336529,134.41608686499603
16.280347,16.1817488643538,0.09859813564619913,0.09859813564619913,0.6056267452136832
7.258657,7.357252238282115,-0.09859523828211447,0.09859523828211447,1.3583124024286608
8.424545,8.52312004843718,-0.0985750484371799,0.0985750484371799,1.1700934404885939
0.07339,0.1719535764933653,-0.09856357649336529,0.09856357649336529,134.3010987315223
0.073393,0.1719535764933653,-0.09856057649336529,0.09856057649336529,134.29152147898816
8.424569,8.52312004843718,-0.0985510484371801,0.0985510484371801,1.169805226071628
8.424571,8.52312004843718,-0.09854904843717982,0.09854904843717982,1.1697812082776682
7.258704,7.357252238282115,-0.09854823828211501,0.09854823828211501,1.357656108869536
8.424583,8.52312004843718,-0.09853704843717992,0.09853704843717992,1.1696371017534075
8.424584,8.52312004843718,-0.09853604843718067,0.09853604843718067,1.1696250928949259
8.424595,8.52312004843718,-0.09852504843718002,0.09852504843718002,1.169492995639678
3.125739,3.224253733622774,-0.0985147336227743,0.0985147336227743,3.15172615562664
5.427841,5.5263359135153385,-0.09849491351533857,0.09849491351533857,1.8146241482299121
7.258767,7.357252238282115,-0.09848523828211508,0.09848523828211508,1.3567764095576882
7.258767,7.357252238282115,-0.09848523828211508,0.09848523828211508,1.3567764095576882
8.424644,8.52312004843718,-0.09847604843717939,0.09847604843717939,1.1689045666025826
3.649158,3.7476311878603763,-0.0984731878603764,0.0984731878603764,2.6985180651996403
8.424647,8.52312004843718,-0.09847304843717986,0.09847304843717986,1.1688685405573787
7.25879,7.357252238282115,-0.09846223828211453,0.09846223828211453,1.3564552532964596
3.125795,3.224253733622774,-0.09845873362277402,0.09845873362277402,3.1498781468274193
7.258802,7.357252238282115,-0.09845023828211463,0.09845023828211463,1.3562876943159263
7.258812,7.357252238282115,-0.09844023828211501,0.09844023828211501,1.3561480622553506
8.424685,8.52312004843718,-0.09843504843717987,0.09843504843717987,1.1684122128721899
3.649202,3.7476311878603763,-0.09842918786037647,0.09842918786037647,2.6972797849414527
7.258825,7.357252238282115,-0.09842723828211497,0.09842723828211497,1.3559665411517567
17.29189,17.390315318766692,-0.09842531876669369,0.09842531876669369,0.5691993111575687
3.125848,3.224253733622774,-0.09840573362277416,0.09840573362277416,3.14812919948846
8.424723,8.52312004843718,-0.09839704843717989,0.09839704843717989,1.1679558893035644
3.125864,3.224253733622774,-0.09838973362277414,0.09838973362277414,3.147601227040797
8.424736,8.52312004843718,-0.09838404843718074,0.09838404843718074,1.1677997795540769
3.125871,3.224253733622774,-0.09838273362277405,0.09838273362277405,3.14737024079454
0.073571,0.1719535764933653,-0.09838257649336529,0.09838257649336529,133.72466917622518
8.42474,8.52312004843718,-0.09838004843718018,0.09838004843718018,1.1677517458819195
3.649261,3.7476311878603763,-0.09837018786037621,0.09837018786037621,2.695619410551358
3.125885,3.224253733622774,-0.09836873362277432,0.09836873362277432,3.146908271405615
8.424753,8.52312004843718,-0.09836704843717925,0.09836704843717925,1.1675956367624267
18.503072,18.404714255556225,0.09835774444377421,0.09835774444377421,0.5315752132577911
3.125906,3.224253733622774,-0.09834773362277405,0.09834773362277405,3.1462153250810427
18.503061,18.404714255556225,0.09834674444377356,0.09834674444377356,0.531516079654291
8.424787,8.52312004843718,-0.09833304843717983,0.09833304843717983,1.1671873536507527
3.125926,3.224253733622774,-0.09832773362277392,0.09832773362277392,3.1455553848564666
7.258931,7.357252238282115,-0.09832123828211525,0.09832123828211525,1.3544864702634696
8.424799,8.52312004843718,-0.09832104843717993,0.09832104843717993,1.1670432545157798
4.65034,4.748653608159458,-0.098313608159458,0.098313608159458,2.114116562602818
7.258942,7.357252238282115,-0.0983102382821146,0.0983102382821146,1.354332880477076
3.125944,3.224253733622774,-0.09830973362277406,0.09830973362277406,3.144961445874561
7.258954,7.357252238282115,-0.0982982382821147,0.0982982382821147,1.3541653285137298
8.424825,8.52312004843718,-0.09829504843717984,0.09829504843717984,1.1667310411315737
4.435618,4.53391033488832,-0.09829233488832045,0.09829233488832045,2.2159783571557443
7.258972,7.357252238282115,-0.09828023828211485,0.09828023828211485,1.3539140016074032
0.073694,0.1719535764933653,-0.0982595764933653,0.0982595764933653,133.33456775318308
8.424877,8.52312004843718,-0.09824304843717968,0.09824304843717968,1.166106620144289
7.259011,7.357252238282115,-0.09824123828211473,0.09824123828211473,1.3533694642529313
3.12602,3.224253733622774,-0.0982337336227741,0.0982337336227741,3.142453778914775
7.259036,7.357252238282115,-0.09821623828211479,0.09821623828211479,1.3530204049237635
8.424905,8.52312004843718,-0.09821504843717932,0.09821504843717932,1.1657703966515176
8.424905,8.52312004843718,-0.09821504843717932,0.09821504843717932,1.1657703966515176
8.424906,8.52312004843718,-0.09821404843718007,0.09821404843718007,1.1657583887109757
8.424912,8.52312004843718,-0.09820804843717923,0.09820804843717923,1.165686341127522
7.259046,7.357252238282115,-0.09820623828211517,0.09820623828211517,1.352880781865307
18.502919,18.404714255556225,0.09820474444377325,0.09820474444377325,0.5307527122787626
8.424919,8.52312004843718,-0.09820104843718092,0.09820104843718092,1.1656022857432258
3.126077,3.224253733622774,-0.09817673362277413,0.09817673362277413,3.140573108712087
7.259077,7.357252238282115,-0.09817523828211527,0.09817523828211527,1.3524479528287525
7.259079,7.357252238282115,-0.098173238282115,0.098173238282115,1.352420028501723
18.502886,18.404714255556225,0.09817174444377486,0.09817174444377486,0.5305753083234923
18.502868,18.404714255556225,0.09815374444377412,0.09815374444377412,0.5304785422629813
3.1261,3.224253733622774,-0.09815373362277402,0.09815373362277402,3.139814261208349
3.126112,3.224253733622774,-0.09814173362277412,0.09814173362277412,3.1394183452043527
3.126114,3.224253733622774,-0.09813973362277428,0.09813973362277428,3.1393523594992034
18.502805,18.404714255556225,0.0980907444437733,0.0980907444437733,0.5301398595685528
3.126169,3.224253733622774,-0.09808473362277415,0.09808473362277415,3.137537785693499
7.259169,7.357252238282115,-0.09808323828211485,0.09808323828211485,1.3511634497111678
8.425038,8.52312004843718,-0.09808204843717938,0.09808204843717938,1.1641733655802526
7.259171,7.357252238282115,-0.09808123828211457,0.09808123828211457,1.3511355260919384
3.126178,3.224253733622774,-0.09807573362277422,0.09807573362277422,3.1372408615132277
3.126182,3.224253733622774,-0.0980717336227741,0.0980717336227741,3.1371088957596514
18.502769,18.404714255556225,0.09805474444377538,0.09805474444377538,0.5299463255648138
3.126233,3.224253733622774,-0.09802073362277408,0.09802073362277408,3.135426362003045
8.425114,8.52312004843718,-0.09800604843717942,0.09800604843717942,1.1632607990350772
3.126292,3.224253733622774,-0.09796173362277427,0.09796173362277427,3.1334799698697626
8.425165,8.52312004843718,-0.09795504843718028,0.09795504843718028,1.1626484280844072
5.428388,5.5263359135153385,-0.09794791351533849,0.09794791351533849,1.8043646385176249
7.259318,7.357252238282115,-0.09793423828211445,0.09793423828211445,1.3490831822047933
0.074041,0.1719535764933653,-0.0979125764933653,0.0979125764933653,132.2410237046019
3.126352,3.224253733622774,-0.09790173362277432,0.09790173362277432,3.131500663381565
0.074061,0.1719535764933653,-0.09789257649336529,0.09789257649336529,132.1783075588866
0.074062,0.1719535764933653,-0.09789157649336529,0.09789157649336529,132.1751726407471
3.126364,3.224253733622774,-0.09788973362277398,0.09788973362277398,3.131104811200579
3.126368,3.224253733622774,-0.0978857336227743,0.0978857336227743,3.1309728611488903
0.074069,0.1719535764933653,-0.0978845764933653,0.0978845764933653,132.1532305839313
0.074071,0.1719535764933653,-0.09788257649336529,0.09788257649336529,132.1469621865755
3.126385,3.224253733622774,-0.09786873362277415,0.09786873362277415,3.1304120771959862
0.074097,0.1719535764933653,-0.0978565764933653,0.0978565764933653,132.06550381432422
7.25941,7.357252238282115,-0.09784223828211491,0.09784223828211491,1.3477987643729603
18.502556,18.404714255556225,0.09784174444377314,0.09784174444377314,0.5288012339659686
7.259423,7.357252238282115,-0.09782923828211487,0.09782923828211487,1.3476172731740148
3.126426,3.224253733622774,-0.0978277336227742,0.0978277336227742,3.129059623341321
7.259439,7.357252238282115,-0.09781323828211441,0.09781323828211441,1.3473939002830246
0.074145,0.1719535764933653,-0.09780857649336529,0.09780857649336529,131.91526921768158
0.074154,0.1719535764933653,-0.09779957649336529,0.09779957649336529,131.88712188348325
7.259453,7.357252238282115,-0.09779923828211512,0.09779923828211512,1.347198449811135
7.259457,7.357252238282115,-0.09779523828211456,0.09779523828211456,1.3471426069576198
7.259458,7.357252238282115,-0.09779423828211442,0.09779423828211442,1.3471286462538565
8.425333,8.52312004843718,-0.09778704843717989,0.09778704843717989,1.1606312585629466
3.126469,3.224253733622774,-0.09778473362277396,0.09778473362277396,3.127641234237292
3.126481,3.224253733622774,-0.09777273362277406,0.09777273362277406,3.127245411683193
7.25948,7.357252238282115,-0.0977722382821149,0.0977722382821149,1.3468215117442033
4.504943,4.602713022384124,-0.09777002238412447,0.09777002238412447,2.1702832284882225
7.259484,7.357252238282115,-0.09776823828211523,0.09776823828211523,1.3467656693060892
18.502476,18.404714255556225,0.09776174444377617,0.09776174444377617,0.5283711458036632
3.126493,3.224253733622774,-0.09776073362277415,0.09776073362277415,3.12684959216756
7.259503,7.357252238282115,-0.09774923828211524,0.09774923828211524,1.3465004185654132
7.259505,7.357252238282115,-0.09774723828211496,0.09774723828211496,1.346472497515581
18.502447,18.404714255556225,0.09773274444377478,0.09773274444377478,0.5282152379263487
0.074236,0.1719535764933653,-0.0977175764933653,0.0977175764933653,131.6309827600279
7.259546,7.357252238282115,-0.09770623828211455,0.09770623828211455,1.3459001193844442
3.126561,3.224253733622774,-0.09769273362277398,0.09769273362277398,3.1246066723038304
18.502387,18.404714255556225,0.0976727444437735,0.0976727444437735,0.5278926683527138
3.126616,3.224253733622774,-0.09763773362277428,0.09763773362277428,3.122792617310584
18.502327,18.404714255556225,0.09761274444377577,0.09761274444377577,0.5275700966870178
3.126647,3.224253733622774,-0.09760673362277394,0.09760673362277394,3.1217701780742173
17.292709,17.390315318766692,-0.09760631876669379,0.09760631876669379,0.5644362532563832
3.126653,3.224253733622774,-0.097600733622774,0.097600733622774,3.121572288950914
7.259656,7.357252238282115,-0.09759623828211517,0.09759623828211517,1.3443645026812676
7.259667,7.357252238282115,-0.09758523828211452,0.09758523828211452,1.3442109435704186
7.259669,7.357252238282115,-0.09758323828211513,0.09758323828211513,1.3441830237820889
18.50229,18.404714255556225,0.09757574444377326,0.09757574444377326,0.5273711764502984
7.259681,7.357252238282115,-0.09757123828211522,0.09757123828211522,1.3440155053751153
3.126684,3.224253733622774,-0.0975697336227741,0.0975697336227741,3.1205498739128594
7.259697,7.357252238282115,-0.09755523828211476,0.09755523828211476,1.343792148360613
17.292767,17.390315318766692,-0.09754831876669101,0.09754831876669101,0.5640989597912637
3.12671,3.224253733622774,-0.09754373362277402,0.09754373362277402,3.119692380158516
3.12671,3.224253733622774,-0.09754373362277402,0.09754373362277402,3.119692380158516
18.502246,18.404714255556225,0.09753174444377422,0.09753174444377422,0.5271346216197055
8.425609,8.52312004843718,-0.09751104843718039,0.09751104843718039,1.1573175118382906
7.259746,7.357252238282115,-0.09750623828211502,0.09750623828211502,1.343108123628181
7.259763,7.357252238282115,-0.09748923828211442,0.09748923828211442,1.3428708110825593
3.126782,3.224253733622774,-0.09747173362277417,0.09747173362277417,3.117317856494532
5.428867,5.5263359135153385,-0.09746891351533815,0.09746891351533815,1.7953822319379489
18.50218,18.404714255556225,0.09746574444377387,0.09746574444377387,0.5267797872642419
7.259802,7.357252238282115,-0.09745023828211519,0.09745023828211519,1.3423263923833302
7.259849,7.357252238282115,-0.09740323828211483,0.09740323828211483,1.3416703058255506
0.074562,0.1719535764933653,-0.09739157649336529,0.09739157649336529,130.61824570524806
7.259873,7.357252238282115,-0.09737923828211503,0.09737923828211503,1.3413352861788863
18.502069,18.404714255556225,0.09735474444377346,0.09735474444377346,0.5261830146847214
7.259904,7.357252238282115,-0.09734823828211514,0.09734823828211514,1.3409025557469387
0.074612,0.1719535764933653,-0.09734157649336529,0.09734157649336529,130.46370069546668
3.126913,3.224253733622774,-0.09734073362277407,0.09734073362277407,3.1129978230817765
18.502047,18.404714255556225,0.09733274444377571,0.09733274444377571,0.5260647345845011
18.502047,18.404714255556225,0.09733274444377571,0.09733274444377571,0.5260647345845011
7.25992,7.357252238282115,-0.09733223828211468,0.09733223828211468,1.3406792124537734
0.074623,0.1719535764933653,-0.0973305764933653,0.0973305764933653,130.42972858627445
0.074627,0.1719535764933653,-0.09732657649336529,0.09732657649336529,130.41737757507056
18.502035,18.404714255556225,0.09732074444377403,0.09732074444377403,0.5260002180476258
3.126938,3.224253733622774,-0.09731573362277413,0.09731573362277413,3.1121734303546136
0.074639,0.1719535764933653,-0.09731457649336529,0.09731457649336529,130.3803324843379
0.074644,0.1719535764933653,-0.09730957649336529,0.09730957649336529,130.36490054525532
7.259963,7.357252238282115,-0.09728923828211489,0.09728923828211489,1.3400789822313808
3.126966,3.224253733622774,-0.09728773362277421,0.09728773362277421,3.1112501261498515
8.425836,8.52312004843718,-0.09728404843717975,0.09728404843717975,1.1545922379218532
17.293035,17.390315318766692,-0.09728031876669263,0.09728031876669263,0.562540460746943
0.074687,0.1719535764933653,-0.09726657649336529,0.09726657649336529,130.23227116249552
7.259988,7.357252238282115,-0.09726423828211495,0.09726423828211495,1.3397300144404538
7.259994,7.357252238282115,-0.097258238282115,0.097258238282115,1.3396462625282521
0.074697,0.1719535764933653,-0.09725657649336529,0.09725657649336529,130.2014490048648
7.259998,7.357252238282115,-0.09725423828211444,0.09725423828211444,1.3395904279970166
7.260008,7.357252238282115,-0.09724423828211481,0.09724423828211481,1.3394508419381268
0.074715,0.1719535764933653,-0.09723857649336529,0.09723857649336529,130.14598991262704
7.260017,7.357252238282115,-0.09723523828211444,0.09723523828211444,1.3393252148138923
3.127024,3.224253733622774,-0.0972297336227741,0.0972297336227741,3.109337620039525
3.12704,3.224253733622774,-0.09721373362277408,0.09721373362277408,3.1088100446321527
18.50191,18.404714255556225,0.09719574444377344,0.09719574444377344,0.5253281658123303
7.26007,7.357252238282115,-0.09718223828211503,0.09718223828211503,1.3385854169557103
1.335002,1.237832566688347,0.09716943331165306,0.09716943331165306,7.278598332015568
4.895662,4.992823927989528,-0.09716192798952861,0.09716192798952861,1.9846535154498812
7.260142,7.357252238282115,-0.09711023828211474,0.09711023828211474,1.3375804258481054
16.278818,16.1817488643538,0.09706913564620123,0.09706913564620123,0.5962910553186659
1.334899,1.237832566688347,0.0970664333116531,0.0970664333116531,7.2714440047060975
7.260197,7.357252238282115,-0.09705523828211504,0.09705523828211504,1.3368127377367065
16.278772,16.1817488643538,0.09702313564620013,0.09702313564620013,0.596010163700334
18.501736,18.404714255556225,0.09702174444377576,0.09702174444377576,0.524392653982585
7.260244,7.357252238282115,-0.09700823828211469,0.09700823828211469,1.3361567225671551
4.436922,4.53391033488832,-0.09698833488832026,0.09698833488832026,2.1859373431882356
4.436963,4.53391033488832,-0.09694733488831986,0.09694733488831986,2.1849930884286133
3.127314,3.224253733622774,-0.09693973362277397,0.09693973362277397,3.0997761535833686
18.501645,18.404714255556225,0.09693074444377459,0.09693074444377459,0.5239033850409015
18.501637,18.404714255556225,0.09692274444377347,0.09692274444377347,0.5238603721565266
18.501614,18.404714255556225,0.0968997444437747,0.0968997444437747,0.5237367099067733
18.501614,18.404714255556225,0.0968997444437747,0.0968997444437747,0.5237367099067733
18.501589,18.404714255556225,0.09687474444377386,0.09687474444377386,0.5236022940691758
17.293462,17.390315318766692,-0.09685331876669068,0.09685331876669068,0.5600574296004502
17.29349,17.390315318766692,-0.09682531876669387,0.09682531876669387,0.5598946121698627
18.501519,18.404714255556225,0.09680474444377296,0.09680474444377296,0.523225927791387
7.260451,7.357252238282115,-0.09680123828211507,0.09680123828211507,1.333267565345208
18.501495,18.404714255556225,0.09678074444377316,0.09678074444377316,0.5230968872691103
18.501442,18.404714255556225,0.09672774444377552,0.09672774444377552,0.5228119215964502
18.501414,18.404714255556225,0.09669974444377516,0.09669974444377516,0.5226613730347989
0.075262,0.1719535764933653,-0.0966915764933653,0.0966915764933653,128.47330175240094
18.501405,18.404714255556225,0.09669074444377301,0.09669074444377301,0.5226129823289118
18.501376,18.404714255556225,0.09666174444377518,0.09666174444377518,0.5224570564008468
18.501373,18.404714255556225,0.09665874444377565,0.09665874444377565,0.5224409261045286
0.075311,0.1719535764933653,-0.09664257649336529,0.09664257649336529,128.32464894243952
16.278387,16.1817488643538,0.09663813564619872,0.09663813564619872,0.5936591607362884
18.501326,18.404714255556225,0.09661174444377352,0.09661174444377352,0.5221882174458812
18.501324,18.404714255556225,0.09660974444377501,0.09660974444377501,0.5221774638574669
0.075346,0.1719535764933653,-0.0966075764933653,0.0966075764933653,128.21858674003494
18.501282,18.404714255556225,0.09656774444377447,0.09656774444377447,0.5219516379635343
18.501248,18.404714255556225,0.09653374444377505,0.09653374444377505,0.5217688257746358
18.501247,18.404714255556225,0.09653274444377402,0.09653274444377402,0.5217634489353733
18.501235,18.404714255556225,0.0965207444437759,0.0965207444437759,0.521698926818962
17.293796,17.390315318766692,-0.09651931876669195,0.09651931876669195,0.558115284614979
18.501186,18.404714255556225,0.09647174444377526,0.09647174444377526,0.521435460641571
18.501162,18.404714255556225,0.09644774444377546,0.09644774444377546,0.5213064154740884
17.293872,17.390315318766692,-0.09644331876669199,0.09644331876669199,0.5576733698857856
4.437484,4.53391033488832,-0.09642633488831986,0.09642633488831986,2.1729956634468284
18.501135,18.404714255556225,0.09642074444377613,0.09642074444377613,0.5211612392604831
16.278137,16.1817488643538,0.09638813564620108,0.09638813564620108,0.5921324758822766
16.278135,16.1817488643538,0.09638613564619902,0.09638613564619902,0.5921202622143563
18.501082,18.404714255556225,0.09636774444377494,0.09636774444377494,0.5208762624978045
18.501068,18.404714255556225,0.09635374444377476,0.09635374444377476,0.5208009853444892
18.501061,18.404714255556225,0.09634674444377467,0.09634674444377467,0.520763346725109
17.293981,17.390315318766692,-0.09633431876669363,0.09633431876669363,0.5570395779094276
18.501027,18.404714255556225,0.09631274444377524,0.09631274444377524,0.5205805301687019
18.500996,18.404714255556225,0.09628174444377535,0.09628174444377535,0.5204138438992957
18.500959,18.404714255556225,0.0962447444437764,0.0962447444437764,0.5202148950400689
16.277961,16.1817488643538,0.09621213564620135,0.09621213564620135,0.5910576616175103
16.277934,16.1817488643538,0.09618513564619846,0.09618513564619846,0.5908927732819631
4.896664,4.992823927989528,-0.096159927989528,0.096159927989528,1.9637844864904803
18.500853,18.404714255556225,0.09613874444377402,0.09613874444377402,0.5196449290378902
18.500763,18.404714255556225,0.09604874444377387,0.09604874444377387,0.5191609905129574
0.075917,0.1719535764933653,-0.09603657649336529,0.09603657649336529,126.50206984847034
18.500685,18.404714255556225,0.0959707444437754,0.0959707444437754,0.5187415733161052
18.500666,18.404714255556225,0.09595174444377363,0.09595174444377363,0.5186394070529948
18.500575,18.404714255556225,0.09586074444377601,0.09586074444377601,0.5181500815150765
18.500565,18.404714255556225,0.09585074444377639,0.09585074444377639,0.518096309184386
4.438065,4.53391033488832,-0.09584533488832037,0.09584533488832037,2.159619899351649
17.294489,17.390315318766692,-0.09582631876669367,0.09582631876669367,0.5540858638040107
16.277525,16.1817488643538,0.0957761356462008,0.0957761356462008,0.5883949534441655
16.277285,16.1817488643538,0.09553613564619923,0.09553613564619923,0.586929181651684
18.500207,18.404714255556225,0.09549274444377431,0.09549274444377431,0.5161712214531338
17.294866,17.390315318766692,-0.09544931876669338,0.09544931876669338,0.5518939479851506
17.294943,17.390315318766692,-0.09537231876669239,0.09537231876669239,0.5514462740128195
16.277011,16.1817488643538,0.09526213564620178,0.09526213564620178,0.5852557060114816
16.276977,16.1817488643538,0.09522813564619881,0.09522813564619881,0.5850480445208823
0.076726,0.1719535764933653,-0.09522757649336529,0.09522757649336529,124.11382890969354
16.276953,16.1817488643538,0.095204135646199,0.095204135646199,0.584901459416969
4.653482,4.748653608159458,-0.09517160815945758,0.09517160815945758,2.045169792370797
4.653578,4.748653608159458,-0.09507560815945748,0.09507560815945748,2.0430646731915614
18.499758,18.404714255556225,0.09504374444377461,0.09504374444377461,0.5137566904564961
4.897892,4.992823927989528,-0.09493192798952865,0.09493192798952865,1.9382201156658914
16.276625,16.1817488643538,0.09487613564619934,0.09487613564619934,0.5828980863392531
17.295459,17.390315318766692,-0.09485631876669132,0.09485631876669132,0.5484463798627308
16.276556,16.1817488643538,0.09480713564619947,0.09480713564619947,0.5824766347722271
16.276537,16.1817488643538,0.09478813564620125,0.09478813564620125,0.5823605822640215
16.276486,16.1817488643538,0.09473713564619857,0.09473713564619857,0.5820490715601423
16.276449,16.1817488643538,0.09470013564619961,0.09470013564619961,0.5818230723766455
4.508025,4.602713022384124,-0.09468802238412444,0.09468802238412444,2.1004325038575433
16.276394,16.1817488643538,0.09464513564619992,0.09464513564619992,0.5814871257455333
17.295692,17.390315318766692,-0.09462331876669339,0.09462331876669339,0.54709183515841
5.431722,5.5263359135153385,-0.09461391351533877,0.09461391351533877,1.741876950138407
17.296031,17.390315318766692,-0.09428431876669308,0.09428431876669308,0.5451211249919011
16.275974,16.1817488643538,0.09422513564620161,0.09422513564620161,0.5789216402386897
16.27597,16.1817488643538,0.09422113564620105,0.09422113564620105,0.5788972064068818
4.439693,4.53391033488832,-0.09421733488832018,0.09421733488832018,2.12215878183915
16.27588,16.1817488643538,0.0941311356462009,0.0941311356462009,0.5783474420161772
5.432259,5.5263359135153385,-0.09407691351533831,0.09407691351533831,1.7318193685832448
4.898843,4.992823927989528,-0.09398092798952806,0.09398092798952806,1.9184311068472621
17.296461,17.390315318766692,-0.09385431876669159,0.09385431876669159,0.5426215152692159
16.275573,16.1817488643538,0.09382413564620151,0.09382413564620151,0.576472088851342
4.44016,4.53391033488832,-0.09375033488832063,0.09375033488832063,2.111417941835637
16.275374,16.1817488643538,0.09362513564619945,0.09362513564619945,0.5752564312538945
4.89932,4.992823927989528,-0.093503927989528,0.093503927989528,1.9085082825294017
17.29689,17.390315318766692,-0.09342531876669113,0.09342531876669113,0.5401278424396005
16.275055,16.1817488643538,0.09330613564619838,0.09330613564619838,0.5733076517752174
16.274704,16.1817488643538,0.09295513564619995,0.09295513564619995,0.5711632951703993
16.274657,16.1817488643538,0.09290813564620137,0.09290813564620137,0.5708761520788457
17.297478,17.390315318766692,-0.09283731876669066,0.09283731876669066,0.536710142173061
17.297481,17.390315318766692,-0.09283431876669113,0.09283431876669113,0.5366927055225812
17.297533,17.390315318766692,-0.09278231876669096,0.09278231876669096,0.5363904712085508
4.900235,4.992823927989528,-0.092588927989528,0.092588927989528,1.889479341044634
16.274297,16.1817488643538,0.09254813564620079,0.09254813564620079,0.5686767031819078
4.900307,4.992823927989528,-0.0925169279895286,0.0925169279895286,1.8879822833067526
16.27425,16.1817488643538,0.09250113564619866,0.09250113564619866,0.5683895457279462
16.274248,16.1817488643538,0.09249913564620016,0.09249913564620016,0.5683773262250384
16.2742,16.1817488643538,0.09245113564620056,0.09245113564620056,0.5680840572540123
17.297893,17.390315318766692,-0.09242231876669393,0.09242231876669393,0.5342981296401802
17.297941,17.390315318766692,-0.09237431876669078,0.09237431876669078,0.5340191573445462
4.441569,4.53391033488832,-0.09234133488831997,0.09234133488831997,2.0790251122123946
16.273652,16.1817488643538,0.09190313564619856,0.09190313564619856,0.5647357805465782
16.273144,16.1817488643538,0.09139513564619861,0.09139513564619861,0.5616317021814408
28.692478,28.601463973320392,0.09101402667960912,0.09101402667960912,0.31720518067241144
17.299452,17.390315318766692,-0.09086331876669362,0.09086331876669362,0.5252381333591862
16.272552,16.1817488643538,0.09080313564620113,0.09080313564620113,0.5580141064882946
17.299529,17.390315318766692,-0.09078631876669263,0.09078631876669263,0.5247906967072217
16.272484,16.1817488643538,0.09073513564619873,0.09073513564619873,0.5575985549940694
1.328532,1.237832566688347,0.09069943331165309,0.09069943331165309,6.827041674933389
28.691868,28.601463973320392,0.09040402667960734,0.09040402667960734,0.3150858866327291
16.271686,16.1817488643538,0.0899371356461991,0.0899371356461991,0.5527216764485646
16.271405,16.1817488643538,0.08965613564620156,0.08965613564620156,0.5510042657388871
4.444537,4.53391033488832,-0.08937333488831989,0.08937333488831989,2.0108581588207954
28.512094,28.601463973320392,-0.08936997332039098,0.08936997332039098,0.3134458427363404
4.449561,4.538493360879871,-0.08893236087987066,0.08893236087987066,1.9986771926010676
4.449788,4.538493360879871,-0.08870536087987091,0.08870536087987091,1.9934738661230027
28.512945,28.601463973320392,-0.08851897332039371,0.08851897332039371,0.31045187833134485
5.438376,5.5263359135153385,-0.0879599135153386,0.0879599135153386,1.6173930142697235
4.450648,4.538493360879871,-0.0878453608798706,0.0878453608798706,1.9737656376756112
1.325531,1.237832566688347,0.08769843331165306,0.08769843331165306,6.61609825081699
1.325018,1.237832566688347,0.08718543331165307,0.08718543331165307,6.579943314360494
7.471434,7.558396243218983,-0.0869622432189825,0.0869622432189825,1.1639297518765281
1.324781,1.237832566688347,0.08694843331165303,0.08694843331165303,6.563230700401787
4.452139,4.538493360879871,-0.08635436087987092,0.08635436087987092,1.939615112599389
4.45237,4.538493360879871,-0.0861233608798706,0.0861233608798706,1.9343262324994615
1.323758,1.237832566688347,0.08592543331165303,0.08592543331165303,6.491022777967122
1.32375,1.237832566688347,0.08591743331165302,0.08591743331165302,6.490457662335227
28.51592,28.601463973320392,-0.08554397332039088,0.08554397332039088,0.2999867208215302
7.47312,7.558396243218983,-0.08527624321898308,0.08527624321898308,1.1411063012214708
28.516386,28.601463973320392,-0.08507797332039146,0.08507797332039146,0.2983476704239209
17.305243,17.390315318766692,-0.08507231876669152,0.08507231876669152,0.49159852170928736
0.094904,0.17988090303611948,-0.08497690303611947,0.08497690303611947,89.5398539013947
0.094921,0.17988090303611948,-0.08495990303611947,0.08495990303611947,89.50590801467911
0.094924,0.17988090303611948,-0.08495690303611948,0.08495690303611948,89.4999188262395
0.09493,0.17988090303611948,-0.08495090303611948,0.08495090303611948,89.48794158499057
0.094951,0.17988090303611948,-0.08492990303611948,0.08492990303611948,89.44603316097088
0.094985,0.17988090303611948,-0.08489590303611948,0.08489590303611948,89.3782207156301
0.094988,0.17988090303611948,-0.08489290303611947,0.08489290303611947,89.37223959526176
0.095011,0.17988090303611948,-0.08486990303611948,0.08486990303611948,89.32639688751102
1.322698,1.237832566688347,0.08486543331165297,0.08486543331165297,6.416085403110679
0.095039,0.17988090303611948,-0.08484190303611948,0.08484190303611948,89.27061832179302
0.095066,0.17988090303611948,-0.08481490303611948,0.08481490303611948,89.21686296562665
0.095171,0.17988090303611948,-0.08470990303611947,0.08470990303611947,89.00810430394907
0.095196,0.17988090303611948,-0.08468490303611947,0.08468490303611947,88.95846773725893
0.095211,0.17988090303611948,-0.08466990303611947,0.08466990303611947,88.92869830921929
0.09522,0.17988090303611948,-0.08466090303611948,0.08466090303611948,88.91084115438841
0.095244,0.17988090303611948,-0.08463690303611948,0.08463690303611948,88.86323857382749
0.095245,0.17988090303611948,-0.08463590303611948,0.08463590303611948,88.86125565358626
0.095247,0.17988090303611948,-0.08463390303611948,0.08463390303611948,88.85728993801611
0.095248,0.17988090303611948,-0.08463290303611948,0.08463290303611948,88.85530714268455
0.095269,0.17988090303611948,-0.08461190303611947,0.08461190303611947,88.81367805614187
0.095282,0.17988090303611948,-0.08459890303611947,0.08459890303611947,88.78791686502335
1.321937,1.237832566688347,0.08410443331165296,0.08410443331165296,6.362211913675973
0.095908,0.17988090303611948,-0.08397290303611948,0.08397290303611948,87.55568143279373
0.095912,0.17988090303611948,-0.08396890303611948,0.08396890303611948,87.54785944258448
0.095915,0.17988090303611948,-0.08396590303611948,0.08396590303611948,87.54199337807171
0.095918,0.17988090303611948,-0.08396290303611947,0.08396290303611947,87.53612768050142
0.09592,0.17988090303611948,-0.08396090303611947,0.08396090303611947,87.53221741929447
0.095922,0.17988090303611948,-0.08395890303611948,0.08395890303611948,87.52830732114758
0.095934,0.17988090303611948,-0.08394690303611947,0.08394690303611947,87.50485015595578
0.09594,0.17988090303611948,-0.08394090303611948,0.08394090303611948,87.49312377384445
4.454572,4.538493360879871,-0.08392136087987101,0.08392136087987101,1.883937690938368
0.09601,0.17988090303611948,-0.08387090303611948,0.08387090303611948,87.35642427743262
0.096606,0.17988090303611948,-0.08327490303611948,0.08327490303611948,86.20054960346039
0.096609,0.17988090303611948,-0.08327190303611948,0.08327190303611948,86.19476751640605
0.096656,0.17988090303611948,-0.08322490303611947,0.08322490303611947,86.10422834590221
4.455309,4.538493360879871,-0.08318436087987102,0.08318436087987102,1.8670839862735433
0.096777,0.17988090303611948,-0.08310390303611948,0.08310390303611948,85.8715427738491
4.455504,4.538493360879871,-0.08298936087987041,0.08298936087987041,1.8626256620577104
0.097,0.17988090303611948,-0.08288090303611947,0.08288090303611947,85.44422984605696
0.097029,0.17988090303611948,-0.08285190303611947,0.08285190303611947,85.3888043272946
0.097065,0.17988090303611948,-0.08281590303611948,0.08281590303611948,85.32004630999788
0.097067,0.17988090303611948,-0.08281390303611948,0.08281390303611948,85.31622791556683
0.097141,0.17988090303611948,-0.08273990303611947,0.08273990303611947,85.17505785501942
0.097185,0.17988090303611948,-0.08269590303611948,0.08269590303611948,85.0912208170276
17.472665,17.390315318766692,0.08234968123330688,0.08234968123330688,0.47130578668357453
0.097683,0.17988090303611948,-0.08219790303611947,0.08219790303611947,84.1476029114297
7.476289,7.558396243218983,-0.08210724321898244,0.08210724321898244,1.0982352771259136
0.097843,0.17988090303611948,-0.08203790303611948,0.08203790303611948,83.84647133905646
0.097878,0.17988090303611948,-0.08200290303611947,0.08200290303611947,83.78073004386965
0.097888,0.17988090303611948,-0.08199290303611947,0.08199290303611947,83.76195545149305
0.097921,0.17988090303611948,-0.08195990303611948,0.08195990303611948,83.70002650342569
1.319518,1.237832566688347,0.08168543331165301,0.08168543331165301,6.190550890966433
1.319345,1.237832566688347,0.08151243331165303,0.08151243331165303,6.17825006389343
1.319344,1.237832566688347,0.08151143331165311,0.08151143331165311,6.178178951469437
0.098496,0.17988090303611948,-0.08138490303611948,0.08138490303611948,82.62762239430216
0.098514,0.17988090303611948,-0.08136690303611947,0.08136690303611947,82.59425356144834
0.098525,0.17988090303611948,-0.08135590303611948,0.08135590303611948,82.5738674991582
0.098562,0.17988090303611948,-0.08131890303611948,0.08131890303611948,82.50532959316385
0.098571,0.17988090303611948,-0.08130990303611947,0.08130990303611947,82.48866599063702
0.098628,0.17988090303611948,-0.08125290303611948,0.08125290303611948,82.3832004641038
7.477384,7.558396243218983,-0.08101224321898304,0.08101224321898304,1.083430290832992
1.318618,1.237832566688347,0.08078543331165311,0.08078543331165311,6.126522867542122
0.099448,0.17988090303611948,-0.08043290303611948,0.08043290303611948,80.87935700591278
0.099577,0.17988090303611948,-0.08030390303611948,0.08030390303611948,80.64503143845914
17.310087,17.390315318766692,-0.08022831876669301,0.08022831876669301,0.4634772706008326
5.446488,5.5263359135153385,-0.07984791351533804,0.07984791351533804,1.4660440546985873
5.446525,5.5263359135153385,-0.0798109135153382,0.0798109135153382,1.4653547631539898
1.317273,1.237832566688347,0.07944043331165296,0.07944043331165296,6.03067346750615
5.446922,5.5263359135153385,-0.07941391351533866,0.07941391351533866,1.4579594404671246
5.447279,5.5263359135153385,-0.0790569135153385,0.0790569135153385,1.4513101589598623
5.447369,5.5263359135153385,-0.07896691351533836,0.07896691351533836,1.4496340070571447
5.447483,5.5263359135153385,-0.07885291351533841,0.07885291351533841,1.4475109608215555
5.447518,5.5263359135153385,-0.07881791351533884,0.07881791351533884,1.4468591662091248
5.447598,5.5263359135153385,-0.07873791351533832,0.07873791351533832,1.445369381402463
5.447608,5.5263359135153385,-0.0787279135153387,0.0787279135153387,1.4451831613782327
1.316511,1.237832566688347,0.07867843331165303,0.07867843331165303,5.9762837762598835
5.447735,5.5263359135153385,-0.07860091351533871,0.07860091351533871,1.4428182265454523
5.447799,5.5263359135153385,-0.07853691351533865,0.07853691351533865,1.441626490145782
5.447879,5.5263359135153385,-0.07845691351533812,0.07845691351533812,1.4401368590216115
1.316259,1.237832566688347,0.07842643331165311,0.07842643331165311,5.9582827776064455
5.448002,5.5263359135153385,-0.0783339135153387,0.0783339135153387,1.4378466365082254
5.448028,5.5263359135153385,-0.07830791351533861,0.07830791351533861,1.4373625376723698
5.448043,5.5263359135153385,-0.07829291351533829,0.07829291351533829,1.4370832519842667
17.312567,17.390315318766692,-0.07774831876669097,0.07774831876669097,0.44908602384754315
5.448739,5.5263359135153385,-0.0775969135153387,0.0775969135153387,1.4241260870435266
0.102355,0.17988090303611948,-0.07752590303611948,0.07752590303611948,75.7421747451295
5.449015,5.5263359135153385,-0.07732091351533832,0.07732091351533832,1.4189888175003984
5.449028,5.5263359135153385,-0.07730791351533828,0.07730791351533828,1.4187468574931075
5.449325,5.5263359135153385,-0.07701091351533851,0.07701091351533851,1.4132193164093771
5.449411,5.5263359135153385,-0.07692491351533892,0.07692491351533892,1.4116188614499312
5.449632,5.5263359135153385,-0.07670391351533823,0.07670391351533823,1.4075062960935842
5.449677,5.5263359135153385,-0.07665891351533816,0.07665891351533816,1.4066689367816017
17.313678,17.390315318766692,-0.07663731876669289,0.07663731876669289,0.4426403145897149
17.313786,17.390315318766692,-0.076529318766692,0.076529318766692,0.4420137731068756
5.449824,5.5263359135153385,-0.07651191351533893,0.07651191351533893,1.4039336593977163
1.314341,1.237832566688347,0.07650843331165302,0.07650843331165302,5.821048974796645
1.314307,1.237832566688347,0.07647443331165293,0.07647443331165293,5.81861264573911
7.481948,7.558396243218983,-0.0764482432189828,0.0764482432189828,1.0217692400155818
5.449957,5.5263359135153385,-0.0763789135153381,0.0763789135153381,1.401459011767187
5.450023,5.5263359135153385,-0.07631291351533864,0.07631291351533864,1.4002310359779842
5.450045,5.5263359135153385,-0.07629091351533823,0.07629091351533823,1.3998217173241396
7.482146,7.558396243218983,-0.07625024321898266,0.07625024321898266,1.019095901335841
0.065252,0.14112755182051728,-0.07587555182051728,0.07587555182051728,116.28080626530448
0.065264,0.14112755182051728,-0.07586355182051728,0.07586355182051728,116.24103901733918
0.065272,0.14112755182051728,-0.07585555182051729,0.07585555182051729,116.21453564208659
0.065287,0.14112755182051728,-0.07584055182051729,0.07584055182051729,116.16485932015934
0.065295,0.14112755182051728,-0.07583255182051728,0.07583255182051728,116.13837461425669
0.065295,0.14112755182051728,-0.07583255182051728,0.07583255182051728,116.13837461425669
0.065296,0.14112755182051728,-0.07583155182051728,0.07583155182051728,116.13506448233002
0.065297,0.14112755182051728,-0.07583055182051729,0.07583055182051729,116.13175445179036
0.065298,0.14112755182051728,-0.07582955182051729,0.07582955182051729,116.12844452263293
0.065301,0.14112755182051728,-0.07582655182051729,0.07582655182051729,116.11851534340786
0.065308,0.14112755182051728,-0.07581955182051728,0.07581955182051728,116.0953508060604
0.065309,0.14112755182051728,-0.07581855182051728,0.07581855182051728,116.09204199180087
0.06531,0.14112755182051728,-0.07581755182051728,0.07581755182051728,116.08873327886778
0.065311,0.14112755182051728,-0.07581655182051729,0.07581655182051729,116.08542466725649
0.065315,0.14112755182051728,-0.07581255182051728,0.07581255182051728,116.07219123393571
0.065315,0.14112755182051728,-0.07581255182051728,0.07581255182051728,116.07219123393571
0.06532,0.14112755182051728,-0.07580755182051728,0.07580755182051728,116.05565172146606
0.065321,0.14112755182051728,-0.07580655182051728,0.07580655182051728,116.05234412281646
0.065326,0.14112755182051728,-0.07580155182051729,0.07580155182051729,116.03580764853427
0.065332,0.14112755182051728,-0.07579555182051728,0.07579555182051728,116.01596722050651
0.065337,0.14112755182051728,-0.07579055182051728,0.07579055182051728,115.99943631406072
0.065342,0.14112755182051728,-0.07578555182051729,0.07578555182051729,115.98290793752011
0.065351,0.14112755182051728,-0.07577655182051728,0.07577655182051728,115.95316323325444
0.065369,0.14112755182051728,-0.07575855182051729,0.07575855182051729,115.89369839621777
0.06537,0.14112755182051728,-0.07575755182051729,0.07575755182051729,115.89039575436271
0.065399,0.14112755182051728,-0.07572855182051728,0.07572855182051728,115.79466307546389
0.065506,0.14112755182051728,-0.07562155182051729,0.07562155182051729,115.44217583896913
0.065895,0.14112755182051728,-0.07523255182051729,0.07523255182051729,114.17034935328469
0.065947,0.14112755182051728,-0.07518055182051728,0.07518055182051728,114.00147346583742
0.065961,0.14112755182051728,-0.07516655182051728,0.07516655182051728,113.95605237422299
0.06597,0.14112755182051728,-0.07515755182051728,0.07515755182051728,113.9268632811739
0.065971,0.14112755182051728,-0.07515655182051728,0.07515655182051728,113.92362054022777
0.065971,0.14112755182051728,-0.07515655182051728,0.07515655182051728,113.92362054022777
0.065979,0.14112755182051728,-0.07514855182051729,0.07514855182051729,113.8976821513203
0.065985,0.14112755182051728,-0.07514255182051728,0.07514255182051728,113.87823248713957
0.065986,0.14112755182051728,-0.07514155182051728,0.07514155182051728,113.87499122032294
0.065987,0.14112755182051728,-0.07514055182051728,0.07514055182051728,113.87175005174583
0.065999,0.14112755182051728,-0.07512855182051728,0.07512855182051728,113.8328636898808
0.066001,0.14112755182051728,-0.07512655182051728,0.07512655182051728,113.82638400431948
0.066019,0.14112755182051728,-0.07510855182051729,0.07510855182051729,113.76808450105153
0.066024,0.14112755182051728,-0.07510355182051728,0.07510355182051728,113.7518958360072
0.066046,0.14112755182051728,-0.07508155182051729,0.07508155182051729,113.68069482911396
0.066046,0.14112755182051728,-0.07508155182051729,0.07508155182051729,113.68069482911396
0.066076,0.14112755182051728,-0.07505155182051729,0.07505155182051729,113.58367895595013
0.066105,0.14112755182051728,-0.07502255182051729,0.07502255182051729,113.48998064749614
1.312787,1.237832566688347,0.07495443331165297,0.07495443331165297,5.709565474516689
0.065495,0.1401414747798171,-0.07464647477981709,0.07464647477981709,113.97278367179833
0.06552,0.1401414747798171,-0.07462147477981709,0.07462147477981709,113.8911396000091
0.065524,0.1401414747798171,-0.07461747477981709,0.07461747477981709,113.8780823300455
0.065528,0.1401414747798171,-0.07461347477981708,0.07461347477981708,113.86502665418152
0.065534,0.1401414747798171,-0.07460747477981709,0.07460747477981709,113.84544612868383
0.06554,0.1401414747798171,-0.07460147477981709,0.07460147477981709,113.82586918826858
0.06554,0.1401414747798171,-0.07460147477981709,0.07460147477981709,113.82586918826858
0.065544,0.1401414747798171,-0.07459747477981708,0.07459747477981708,113.81281988588469
0.065554,0.1401414747798171,-0.07458747477981709,0.07458747477981709,113.78020359709078
0.065556,0.1401414747798171,-0.07458547477981708,0.07458547477981708,113.77368153341175
0.065556,0.1401414747798171,-0.07458547477981708,0.07458547477981708,113.77368153341175
0.065556,0.1401414747798171,-0.07458547477981708,0.07458547477981708,113.77368153341175
0.065561,0.1401414747798171,-0.0745804747798171,0.0745804747798171,113.757378115129
0.065567,0.1401414747798171,-0.07457447477981709,0.07457447477981709,113.73781729540664
0.065567,0.1401414747798171,-0.07457447477981709,0.07457447477981709,113.73781729540664
0.065571,0.1401414747798171,-0.07457047477981708,0.07457047477981708,113.72477873769245
0.065579,0.1401414747798171,-0.07456247477981709,0.07456247477981709,113.69870639399562
0.065583,0.1401414747798171,-0.07455847477981709,0.07455847477981709,113.68567260743092
0.065585,0.1401414747798171,-0.07455647477981708,0.07455647477981708,113.6791563103422
0.065587,0.1401414747798171,-0.07455447477981708,0.07455447477981708,113.67264041066743
0.065593,0.1401414747798171,-0.07454847477981709,0.07454847477981709,113.65309509576326
0.065597,0.1401414747798171,-0.07454447477981709,0.07454447477981709,113.64006687223048
17.315771,17.390315318766692,-0.07454431876669076,0.07454431876669076,0.43049956462383493
0.065599,0.1401414747798171,-0.07454247477981708,0.07454247477981708,113.63355335627605
0.065604,0.1401414747798171,-0.07453747477981709,0.07453747477981709,113.61727130388365
0.065604,0.1401414747798171,-0.07453747477981709,0.07453747477981709,113.61727130388365
0.06561,0.1401414747798171,-0.07453147477981709,0.07453147477981709,113.59773611677998
0.065614,0.1401414747798171,-0.07452747477981708,0.07452747477981708,113.58471464357054
0.065614,0.1401414747798171,-0.07452747477981708,0.07452747477981708,113.58471464357054
0.065616,0.1401414747798171,-0.0745254747798171,0.0745254747798171,113.57820450231483
0.065618,0.1401414747798171,-0.07452347477981709,0.07452347477981709,113.57169475791005
0.065622,0.1401414747798171,-0.07451947477981709,0.07451947477981709,113.55867645950812
0.065622,0.1401414747798171,-0.07451947477981709,0.07451947477981709,113.55867645950812
0.065624,0.1401414747798171,-0.07451747477981709,0.07451747477981709,113.55216790543845
0.065624,0.1401414747798171,-0.07451747477981709,0.07451747477981709,113.55216790543845
0.065628,0.1401414747798171,-0.07451347477981708,0.07451347477981708,113.53915198738027
0.065632,0.1401414747798171,-0.07450947477981709,0.07450947477981709,113.52613765585534
0.065632,0.1401414747798171,-0.07450947477981709,0.07450947477981709,113.52613765585534
0.065634,0.1401414747798171,-0.07450747477981709,0.07450747477981709,113.51963108495211
0.065636,0.1401414747798171,-0.07450547477981709,0.07450547477981709,113.51312491057341
0.065638,0.1401414747798171,-0.07450347477981709,0.07450347477981709,113.506619132683
0.065645,0.1401414747798171,-0.07449647477981709,0.07449647477981709,113.48385203188857
0.065653,0.1401414747798171,-0.07448847477981708,0.07448847477981708,113.45783843291129
0.065663,0.1401414747798171,-0.07447847477981709,0.07447847477981709,113.42533034797644
0.065669,0.1401414747798171,-0.07447247477981708,0.07447247477981708,113.40583024929762
0.065673,0.1401414747798171,-0.07446847477981709,0.07446847477981709,113.39283216302631
0.065677,0.1401414747798171,-0.07446447477981709,0.07446447477981709,113.37983566002903
0.06569,0.1401414747798171,-0.07445147477981709,0.07445147477981709,113.33760795627872
0.065698,0.1401414747798171,-0.07444347477981708,0.07444347477981708,113.31162998341723
0.06571,0.1401414747798171,-0.07443147477981708,0.07443147477981708,113.27267488440786
0.065716,0.1401414747798171,-0.07442547477981709,0.07442547477981709,113.25320266991889
0.065728,0.1401414747798171,-0.0744134747798171,0.0744134747798171,113.21426890610218
0.065739,0.1401414747798171,-0.07440247477981708,0.07440247477981708,113.17859210915664
0.065757,0.1401414747798171,-0.07438447477981709,0.07438447477981709,113.12023764267967
0.065759,0.1401414747798171,-0.07438247477981709,0.07438247477981709,113.11375578506872
0.06578,0.1401414747798171,-0.07436147477981708,0.07436147477981708,113.04572007718359
0.065794,0.1401414747798171,-0.07434747477981708,0.07434747477981708,113.00038706693117
0.065808,0.1401414747798171,-0.07433347477981708,0.07433347477981708,112.95507334497631
0.065829,0.1401414747798171,-0.07431247477981709,0.07431247477981709,112.887138900682
4.464257,4.538493360879871,-0.07423636087987084,0.07423636087987084,1.6629051794779723
7.484672,7.558396243218983,-0.07372424321898308,0.07372424321898308,0.9850029930235831
1.3115,1.237832566688347,0.07366743331165315,0.07366743331165315,5.617036470151438
5.452708,5.5263359135153385,-0.07362791351533815,0.07362791351533815,1.3502999521336525
5.452788,5.5263359135153385,-0.07354791351533851,0.07354791351533851,1.34881300197238
5.452792,5.5263359135153385,-0.07354391351533884,0.07354391351533884,1.348738655609642
7.485035,7.558396243218983,-0.07336124321898296,0.07336124321898296,0.9801055468411686
5.453079,5.5263359135153385,-0.0732569135153387,0.0732569135153387,1.3434045887469317
4.480121,4.553240268873088,-0.0731192688730884,0.0731192688730884,1.6320824565108023
4.480127,4.553240268873088,-0.07311326887308756,0.07311326887308756,1.6319463459731298
5.453296,5.5263359135153385,-0.07303991351533856,0.07303991351533856,1.3393718865434627
5.453431,5.5263359135153385,-0.07290491351533834,0.07290491351533834,1.3368632245278518
5.453433,5.5263359135153385,-0.07290291351533806,0.07290291351533806,1.3368260600983128
3.255207,3.3279751055633255,-0.07276810556332558,0.07276810556332558,2.235437118471733
3.255208,3.3279751055633255,-0.07276710556332544,0.07276710556332544,2.235405711742231
5.453586,5.5263359135153385,-0.07274991351533888,0.07274991351533888,1.3339830620440367
3.255282,3.3279751055633255,-0.07269310556332576,0.07269310556332576,2.2330816673054033
3.255405,3.3279751055633255,-0.07257010556332544,0.07257010556332544,2.2292189623440466
3.255408,3.3279751055633255,-0.07256710556332546,0.07256710556332546,2.2291247536743883
3.255484,3.3279751055633255,-0.0724911055633255,0.0724911055633255,2.2267381919585154
3.255516,3.3279751055633255,-0.07245910556332547,0.07245910556332547,2.225733357203581
3.255536,3.3279751055633255,-0.07243910556332533,0.07243910556332533,2.2251053455130037
17.317999,17.390315318766692,-0.07231631876669198,0.07231631876669198,0.4175789522003922
7.486092,7.558396243218983,-0.07230424321898266,0.07230424321898266,0.9658476441114644
3.25574,3.3279751055633255,-0.07223510556332569,0.07223510556332569,2.218700066992665
3.255775,3.3279751055633255,-0.07220010556332568,0.07220010556332568,2.217601202819853
3.255967,3.3279751055633255,-0.07200810556332549,0.07200810556332549,2.2115735681938395
4.460565,4.53228400939844,-0.07171900939844011,0.07171900939844011,1.6078458535372149
4.481722,4.553240268873088,-0.07151826887308754,0.07151826887308754,1.5957765535544541
4.460839,4.53228400939844,-0.07144500939844001,0.07144500939844001,1.6016047518603205
4.460872,4.53228400939844,-0.07141200939843984,0.07141200939843984,1.6008531380599798
17.318925,17.390315318766692,-0.07139031876669222,0.07139031876669222,0.41220987310863705
4.460974,4.53228400939844,-0.07131000939843979,0.07131000939843979,1.5985300384364773
4.461015,4.53228400939844,-0.07126900939844028,0.07126900939844028,1.5975962734230367
4.461023,4.53228400939844,-0.07126100939844005,0.07126100939844005,1.5974140773728946
4.461033,4.53228400939844,-0.07125100939844042,0.07125100939844042,1.59718633322917
4.461036,4.53228400939844,-0.07124800939844,0.07124800939844,1.5971180101851428
4.461052,4.53228400939844,-0.07123200939844043,0.07123200939844043,1.596753622169024
1.309032,1.237832566688347,0.07119943331165302,0.07119943331165302,5.439090358846379
4.461095,4.53228400939844,-0.07118900939843975,0.07118900939843975,1.5957743423272532
4.461099,4.53228400939844,-0.07118500939844008,0.07118500939844008,1.5956832474877694
4.461107,4.53228400939844,-0.07117700939843985,0.07117700939843985,1.5955010582988558
4.461132,4.53228400939844,-0.07115200939843991,0.07115200939843991,1.5949317212950656
4.461146,4.53228400939844,-0.07113800939843973,0.07113800939843973,1.5946128953601857
4.46115,4.53228400939844,-0.07113400939844006,0.07113400939844006,1.5945218026034886
4.461152,4.53228400939844,-0.07113200939843978,0.07113200939843978,1.5944762562863874
4.461167,4.53228400939844,-0.07111700939844035,0.07111700939844035,1.5941346602099005
4.461169,4.53228400939844,-0.07111500939844007,0.07111500939844007,1.594089114239922
4.461185,4.53228400939844,-0.0710990093984396,0.0710990093984396,1.5937247479502838
4.461214,4.53228400939844,-0.07107000939843999,0.07107000939843999,1.593064340711899
4.461251,4.53228400939844,-0.07103300939844015,0.07103300939844015,1.5922217646316679
4.461255,4.53228400939844,-0.07102900939843959,0.07102900939843959,1.5921306761628162
3.256973,3.3279751055633255,-0.07100210556332565,0.07100210556332565,2.1800028910631326
4.46133,4.53228400939844,-0.07095400939843977,0.07095400939843977,1.5904227976152703
4.461357,4.53228400939844,-0.07092700939844043,0.07092700939844043,1.5898079753951684
4.482327,4.553240268873088,-0.07091326887308824,0.07091326887308824,1.582063710914134
4.461375,4.53228400939844,-0.07090900939843969,0.07090900939843969,1.5893980980493747
4.461378,4.53228400939844,-0.07090600939844016,0.07090600939844016,1.589329785479976
4.46138,4.53228400939844,-0.07090400939843988,0.07090400939843988,1.5892842438180697
4.461398,4.53228400939844,-0.07088600939844003,0.07088600939844003,1.5888743706984034
4.461412,4.53228400939844,-0.07087200939843985,0.07087200939843985,1.588555582780772
4.461414,4.53228400939844,-0.07087000939843957,0.07087000939843957,1.5885100418130005
4.461449,4.53228400939844,-0.07083500939844001,0.07083500939844001,1.587713081486582
4.46147,4.53228400939844,-0.07081400939843974,0.07081400939843974,1.5872349112927464
4.461488,4.53228400939844,-0.07079600939843989,0.07079600939843989,1.5868250547093943
4.4615,4.53228400939844,-0.07078400939843998,0.07078400939843998,1.5865518188244634
4.461513,4.53228400939844,-0.07077100939843994,0.07077100939843994,1.5862558149411128
4.461525,4.53228400939844,-0.07075900939844004,0.07075900939844004,1.585982582118313
4.461529,4.53228400939844,-0.07075500939844037,0.07075500939844037,1.5858915048373434
4.461545,4.53228400939844,-0.07073900939843991,0.07073900939843991,1.5855271973465332
4.461609,4.53228400939844,-0.07067500939843985,0.07067500939843985,1.5840699935125595
4.461683,4.53228400939844,-0.07060100939844016,0.07060100939844016,1.5823851536932987
4.461744,4.53228400939844,-0.07054000939843963,0.07054000939843963,1.5809963412705574
4.461765,4.53228400939844,-0.07051900939844025,0.07051900939844025,1.5805182343054762
1.308325,1.237832566688347,0.070492433311653,0.070492433311653,5.387991004243213
1.308163,1.237832566688347,0.070330433311653,0.070330433311653,5.376274463218783
4.462367,4.53228400939844,-0.06991700939843959,0.06991700939843959,1.5668144147909118
4.462516,4.53228400939844,-0.06976800939844008,0.06976800939844008,1.5634231764519537
7.48872,7.558396243218983,-0.06967624321898302,0.06967624321898302,0.9304159217870693
4.462651,4.53228400939844,-0.06963300939843986,0.06963300939843986,1.5603507734949362
3.258421,3.3279751055633255,-0.06955410556332575,0.06955410556332575,2.1345954240164535
4.462819,4.53228400939844,-0.06946500939844036,0.06946500939844036,1.5565275982934517
1.307297,1.237832566688347,0.06946443331165297,0.06946443331165297,5.3135923440763175
4.462852,4.53228400939844,-0.06943200939844019,0.06943200939844019,1.5557766512733207
17.320987,17.390315318766692,-0.06932831876669354,0.06932831876669354,0.4002561676554188
1.306698,1.237832566688347,0.06886543331165296,0.06886543331165296,5.27018739650499
4.533967,4.602713022384124,-0.06874602238412475,0.06874602238412475,1.5162444363315506
4.484647,4.553240268873088,-0.06859326887308814,0.06859326887308814,1.529513223037591
4.534176,4.602713022384124,-0.06853702238412396,0.06853702238412396,1.5115651086903639
4.534647,4.602713022384124,-0.06806602238412474,0.06806602238412474,1.5010214109857662
4.535099,4.602713022384124,-0.06761402238412462,0.06761402238412462,1.4909051022399669
4.681464,4.748653608159458,-0.06718960815945785,0.06718960815945785,1.4352264197273037
4.681474,4.748653608159458,-0.06717960815945823,0.06717960815945823,1.4350097460334763
4.681519,4.748653608159458,-0.06713460815945815,0.06713460815945815,1.4340347258662012
4.681521,4.748653608159458,-0.06713260815945787,0.06713260815945787,1.4339913920715912
4.681544,4.748653608159458,-0.06710960815945821,0.06710960815945821,1.4334930560948422
4.681597,4.748653608159458,-0.06705660815945791,0.06705660815945791,1.432344735312022
4.681601,4.748653608159458,-0.06705260815945824,0.06705260815945824,1.4322580706477546
4.681622,4.748653608159458,-0.06703160815945797,0.06703160815945797,1.4318030835899644
4.681626,4.748653608159458,-0.0670276081594583,0.0670276081594583,1.4317164198512777
4.466883,4.53391033488832,-0.06702733488832013,0.06702733488832013,1.5005392997045053
7.491376,7.558396243218983,-0.06702024321898303,0.06702024321898303,0.8946319503665068
4.681636,4.748653608159458,-0.06701760815945779,0.06701760815945779,1.4314997611524323
4.68164,4.748653608159458,-0.06701360815945812,0.06701360815945812,1.4314130979320645
4.681662,4.748653608159458,-0.0669916081594577,0.0669916081594577,1.4309364528670965
4.466936,4.53391033488832,-0.06697433488832072,0.06697433488832072,1.49933500025121
4.466938,4.53391033488832,-0.06697233488832044,0.06697233488832044,1.4992895555483678
4.46694,4.53391033488832,-0.06697033488832016,0.06697033488832016,1.49924411088622
4.681712,4.748653608159458,-0.06694160815945782,0.06694160815945782,1.4298531852883725
4.466973,4.53391033488832,-0.06693733488831999,0.06693733488831999,1.4984942798360654
4.466981,4.53391033488832,-0.06692933488832065,0.06692933488832065,1.4983125042802363
4.467014,4.53391033488832,-0.06689633488832047,0.06689633488832047,1.4975626869945542
4.467016,4.53391033488832,-0.0668943348883202,0.0668943348883202,1.4975172438787476
4.681785,4.748653608159458,-0.06686860815945828,0.06686860815945828,1.4282716561745148
4.467055,4.53391033488832,-0.06685533488832007,0.06685533488832007,1.496631111253912
4.681808,4.748653608159458,-0.06684560815945773,0.06684560815945773,1.4277733763971088
4.681835,4.748653608159458,-0.0668186081594575,0.0668186081594575,1.4271884455139985
4.467094,4.53391033488832,-0.06681633488831995,0.06681633488831995,1.4957449941018524
4.681843,4.748653608159458,-0.06681060815945816,0.06681060815945816,1.427015133955392
4.681877,4.748653608159458,-0.06677660815945785,0.06677660815945785,1.4262785664388786
4.467147,4.53391033488832,-0.06676333488832054,0.06676333488832054,1.4945408084136473
4.467147,4.53391033488832,-0.06676333488832054,0.06676333488832054,1.4945408084136473
4.68191,4.748653608159458,-0.06674360815945768,0.06674360815945768,1.4255636729034116
4.467167,4.53391033488832,-0.0667433348883204,0.0667433348883204,1.494086406145692
4.467196,4.53391033488832,-0.0667143348883199,0.0667143348883199,1.4934275300843407
4.68197,4.748653608159458,-0.06668360815945817,0.06668360815945817,1.4242638922939257
4.681986,4.748653608159458,-0.06666760815945771,0.06666760815945771,1.4239172897576753
4.467251,4.53391033488832,-0.06665933488832021,0.06665933488832021,1.4921779610509467
4.46729,4.53391033488832,-0.06662033488832009,0.06662033488832009,1.491291921653369
4.467306,4.53391033488832,-0.06660433488832052,0.06660433488832052,1.4909284227861175
4.682068,4.748653608159458,-0.0665856081594578,0.0665856081594578,1.422140988939837
4.467343,4.53391033488832,-0.06656733488832067,0.06656733488832067,1.4900878416282473
4.467345,4.53391033488832,-0.0665653348883204,0.0665653348883204,1.4900424052055607
4.467354,4.53391033488832,-0.06655633488832002,0.06655633488832002,1.489837941806944
4.682101,4.748653608159458,-0.06655260815945763,0.06655260815945763,1.4214261537296224
4.467366,4.53391033488832,-0.06654433488832012,0.06654433488832012,1.4895653252236452
4.467372,4.53391033488832,-0.06653833488832017,0.06653833488832017,1.4894290174812115
4.467382,4.53391033488832,-0.06652833488832055,0.06652833488832055,1.4892018387241421
4.467403,4.53391033488832,-0.06650733488832028,0.06650733488832028,1.4887247666447723
4.467419,4.53391033488832,-0.06649133488832071,0.06649133488832071,1.4883612861661812
4.467423,4.53391033488832,-0.06648733488832015,0.06648733488832015,1.4882704164533305
4.467479,4.53391033488832,-0.06643133488832031,0.06643133488832031,1.486998257559427
4.682238,4.748653608159458,-0.06641560815945802,0.06641560815945802,1.4184586122713019
4.536306,4.602713022384124,-0.06640702238412466,0.06640702238412466,1.4639008563941842
4.68225,4.748653608159458,-0.06640360815945812,0.06640360815945812,1.418198689904211
4.467524,4.53391033488832,-0.06638633488832024,0.06638633488832024,1.4859760101307629
4.46755,4.53391033488832,-0.06636033488832016,0.06636033488832016,1.485385387669635
4.682355,4.748653608159458,-0.06629860815945765,0.06629860815945765,1.415924426021558
4.467612,4.53391033488832,-0.06629833488832038,0.06629833488832038,1.4839770080041956
4.467612,4.53391033488832,-0.06629833488832038,0.06629833488832038,1.4839770080041956
4.467663,4.53391033488832,-0.06624733488832035,0.06624733488832035,1.4828185314522948
4.467694,4.53391033488832,-0.06621633488832046,0.06621633488832046,1.4821143723549184
4.682441,4.748653608159458,-0.06621260815945806,0.06621260815945806,1.4140617715854615
4.682451,4.748653608159458,-0.06620260815945755,0.06620260815945755,1.4138451883008216
1.30388,1.237832566688347,0.06604743331165297,0.06604743331165297,5.065453362777826
4.682633,4.748653608159458,-0.06602060815945787,0.06602060815945787,1.4099035341451693
4.536695,4.602713022384124,-0.06601802238412446,0.06601802238412446,1.455200809899481
4.92705,4.992823927989528,-0.06577392798952797,0.06577392798952797,1.3349555614047555
4.927072,4.992823927989528,-0.06575192798952845,0.06575192798952845,1.334503088004274
4.927095,4.992823927989528,-0.06572892798952878,0.06572892798952878,1.3340300519513986
4.927212,4.992823927989528,-0.06561192798952842,0.06561192798952842,1.3316238064892845
4.927242,4.992823927989528,-0.06558192798952867,0.06558192798952867,1.3310068388806082
4.927373,4.992823927989528,-0.06545092798952812,0.06545092798952812,1.328312835017763
1.303184,1.237832566688347,0.06535143331165294,0.06535143331165294,5.014751048711325
4.9275,4.992823927989528,-0.06532392798952813,0.06532392798952813,1.3257012275637226
4.468763,4.53391033488832,-0.06514733488832025,0.06514733488832025,1.4578382180228044
4.468771,4.53391033488832,-0.06513933488832002,0.06513933488832002,1.4576565880610655
4.468804,4.53391033488832,-0.06510633488831985,0.06510633488831985,1.456907371342823
4.468818,4.53391033488832,-0.06509233488832056,0.06509233488832056,1.4565895251689367
4.468834,4.53391033488832,-0.0650763348883201,0.0650763348883201,1.456226274837326
4.468834,4.53391033488832,-0.0650763348883201,0.0650763348883201,1.456226274837326
1.302892,1.237832566688347,0.06505943331165298,0.06505943331165298,4.993463257634518
4.468881,4.53391033488832,-0.06502933488832063,0.06502933488832063,1.4551592420309576
4.468888,4.53391033488832,-0.06502233488832054,0.06502233488832054,1.4550003241715959
4.468994,4.53391033488832,-0.06491633488831994,0.06491633488831994,1.452593914578255
1.302703,1.237832566688347,0.06487043331165299,0.06487043331165299,4.979679428593724
4.683801,4.748653608159458,-0.06485260815945804,0.06485260815945804,1.384614934709511
4.927973,4.992823927989528,-0.06485092798952863,0.06485092798952863,1.3159757163485404
4.469096,4.53391033488832,-0.06481433488831989,0.06481433488831989,1.4502784206664974
4.469156,4.53391033488832,-0.06475433488832039,0.06475433488832039,1.4489164147966969
4.928131,4.992823927989528,-0.06469292798952875,0.06469292798952875,1.312727441462413
4.928133,4.992823927989528,-0.06469092798952847,0.06469092798952847,1.31268632539373
4.92816,4.992823927989528,-0.06466392798952825,0.06466392798952825,1.3121312617329006
4.928172,4.992823927989528,-0.06465192798952835,0.06465192798952835,1.3118845687248022
4.469305,4.53391033488832,-0.06460533488831999,0.06460533488831999,1.4455342583885962
4.684091,4.748653608159458,-0.06456260815945836,0.06456260815945836,1.3783380416409508
4.928295,4.992823927989528,-0.06452892798952803,0.06452892798952803,1.3093560346573951
4.928315,4.992823927989528,-0.06450892798952879,0.06450892798952879,1.3089449028363618
1.302336,1.237832566688347,0.06450343331165298,0.06450343331165298,4.952902577115282
4.684204,4.748653608159458,-0.06444960815945766,0.06444960815945766,1.375892428213668
4.928375,4.992823927989528,-0.06444892798952839,0.06444892798952839,1.3077115273943376
4.928383,4.992823927989528,-0.06444092798952816,0.06444092798952816,1.3075470796044182
4.538278,4.602713022384124,-0.06443502238412435,0.06443502238412435,1.4198121486322464
4.928399,4.992823927989528,-0.06442492798952859,0.06442492798952859,1.3072181856262324
4.92841,4.992823927989528,-0.06441392798952794,0.06441392798952794,1.3069920722549655
4.928422,4.992823927989528,-0.06440192798952804,0.06440192798952804,1.3067454042738484
4.928424,4.992823927989528,-0.06439992798952865,0.06439992798952865,1.306704293060458
4.928461,4.992823927989528,-0.06436292798952792,0.06436292798952792,1.3059437416309465
4.684292,4.748653608159458,-0.0643616081594578,0.0643616081594578,1.3739879614269095
4.684298,4.748653608159458,-0.06435560815945784,0.06435560815945784,1.3738581140244277
4.928469,4.992823927989528,-0.06435492798952858,0.06435492798952858,1.305779299580109
4.92851,4.992823927989528,-0.06431392798952817,0.06431392798952817,1.3049365424483919
4.928535,4.992823927989528,-0.06428892798952823,0.06428892798952823,1.3044226730300952
4.928573,4.992823927989528,-0.06425092798952825,0.06425092798952825,1.3036416014985392
4.928584,4.992823927989528,-0.06423992798952849,0.06423992798952849,1.3034155040925564
4.928659,4.992823927989528,-0.06416492798952866,0.06416492798952866,1.3018739577687721
4.928752,4.992823927989528,-0.0640719279895281,0.0640719279895281,1.2999625054826889
4.928784,4.992823927989528,-0.06403992798952807,0.06403992798952807,1.2993048181504558
4.928791,4.992823927989528,-0.06403292798952798,0.06403292798952798,1.29916095018492
4.928811,4.992823927989528,-0.06401292798952873,0.06401292798952873,1.298749901106575
4.928944,4.992823927989528,-0.06387992798952791,0.06387992798952791,1.2960165095856615
4.539013,4.602713022384124,-0.06370002238412464,0.06370002238412464,1.4033892915204529
17.326797,17.390315318766692,-0.06351831876669323,0.06351831876669323,0.36659007874523286
7.494953,7.558396243218983,-0.06344324321898309,0.06344324321898309,0.84647953386948
3.266183,3.3279751055633255,-0.061792105563325705,0.061792105563325705,1.8918751815631223
1.299419,1.237832566688347,0.061586433311653144,0.061586433311653144,4.739536154767139
4.931641,4.992823927989528,-0.0611829279895284,0.0611829279895284,1.24062006922823
1.298599,1.237832566688347,0.0607664333116531,0.0607664333116531,4.679383959711482
1.298543,1.237832566688347,0.060710433311653045,0.060710433311653045,4.675273233691743
1.298488,1.237832566688347,0.06065543331165313,0.06065543331165313,4.671235568367353
1.298409,1.237832566688347,0.060576433311652966,0.060576433311652966,4.665435414186711
1.298119,1.237832566688347,0.060286433311653065,0.060286433311653065,4.644137656640796
1.297635,1.237832566688347,0.059802433311653136,0.059802433311653136,4.608571232052508
4.688921,4.748653608159458,-0.059732608159458245,0.059732608159458245,1.2739094593017102
7.498665,7.558396243218983,-0.05973124321898293,0.05973124321898293,0.7965583636312115
1.297521,1.237832566688347,0.059688433311652966,0.059688433311652966,4.600190155462053
39.130019,39.07062620295696,0.05939279704303857,0.05939279704303857,0.15178320522381242
1.297198,1.237832566688347,0.059365433311653115,0.059365433311653115,4.5764357721085505
28.542181,28.601463973320392,-0.059282973320392784,0.059282973320392784,0.2077030249376706
1.29706,1.237832566688347,0.059227433311653144,0.059227433311653144,4.566283233396054
1.29694,1.237832566688347,0.059107433311653024,0.059107433311653024,4.557453182652672
1.296811,1.237832566688347,0.05897843331165298,0.05897843331165298,4.547959055491126
1.29669,1.237832566688347,0.05885743331165294,0.05885743331165294,4.539051994471608
1.296534,1.237832566688347,0.05870143331165312,0.05870143331165312,4.527566057436639
1.296532,1.237832566688347,0.05869943331165306,0.05869943331165306,4.52741878388853
7.500767,7.558396243218983,-0.057629243218983106,0.057629243218983106,0.7683113369368065
3.270496,3.3279751055633255,-0.05747910556332547,0.05747910556332547,1.7575042305989048
4.481628,4.538493360879871,-0.05686536087987104,0.05686536087987104,1.2688549981971327
4.481645,4.538493360879871,-0.05684836087987044,0.05684836087987044,1.2684708601105612
4.481655,4.538493360879871,-0.05683836087987082,0.05683836087987082,1.268244897891573
4.481671,4.538493360879871,-0.05682236087987036,0.05682236087987036,1.267883360438606
4.481685,4.538493360879871,-0.05680836087987107,0.05680836087987107,1.2675670172848719
4.481692,4.538493360879871,-0.05680136087987098,0.05680136087987098,1.267408846449144
4.481694,4.538493360879871,-0.0567993608798707,0.0567993608798707,1.26736365487254
4.4817,4.538493360879871,-0.05679336087987075,0.05679336087987075,1.267228080384754
0.144696,0.20146886703226663,-0.05677286703226664,0.05677286703226664,39.235961597439236
4.481727,4.538493360879871,-0.056766360879870525,0.056766360879870525,1.2666179996819062
4.481731,4.538493360879871,-0.056762360879870855,0.056762360879870855,1.2665276179807383
0.144713,0.20146886703226663,-0.05675586703226662,0.05675586703226662,39.21960500649355
4.481743,4.538493360879871,-0.056750360879870954,0.056750360879870954,1.2662564738452138
0.144731,0.20146886703226663,-0.05673786703226663,0.05673786703226663,39.2022904512954
4.481774,4.538493360879871,-0.05671936087987106,0.05671936087987106,1.2655560248822342
4.481774,4.538493360879871,-0.05671936087987106,0.05671936087987106,1.2655560248822342
0.144761,0.20146886703226663,-0.05670786703226663,0.05670786703226663,39.17344242792823
4.481794,4.538493360879871,-0.05669936087987093,0.05669936087987093,1.265104127467836
0.144773,0.20146886703226663,-0.05669586703226662,0.05669586703226662,39.1619065662138
4.48181,4.538493360879871,-0.05668336087987047,0.05668336087987047,1.264742612440191
0.144787,0.20146886703226663,-0.05668186703226663,0.05668186703226663,39.148450477679745
0.144789,0.20146886703226663,-0.05667986703226663,0.05667986703226663,39.146528391742535
0.144797,0.20146886703226663,-0.05667186703226662,0.05667186703226662,39.13884057896764
0.14481,0.20146886703226663,-0.056658867032266635,0.056658867032266635,39.12634969486933
4.481855,4.538493360879871,-0.0566383608798704,0.0566383608798704,1.2637258652635275
4.481903,4.538493360879871,-0.056590360879870794,0.056590360879870794,1.262641357445892
4.481913,4.538493360879871,-0.05658036087987117,0.05658036087987117,1.2624154212410807
0.144907,0.20146886703226663,-0.05656186703226662,0.05656186703226662,39.033219232496286
0.14493,0.20146886703226663,-0.056538867032266626,0.056538867032266626,39.011155035710665
0.144931,0.20146886703226663,-0.056537867032266625,0.056537867032266625,39.01019588166536
4.48197,4.538493360879871,-0.0565233608798712,0.0565233608798712,1.2611276041251966
0.144966,0.20146886703226663,-0.05650286703226662,0.05650286703226662,38.97663382675247
0.144975,0.20146886703226663,-0.05649386703226664,0.05649386703226664,38.96800620334446
0.144975,0.20146886703226663,-0.05649386703226664,0.05649386703226664,38.96800620334446
0.145006,0.20146886703226663,-0.056462867032266634,0.056462867032266634,38.93829703138376
0.145007,0.20146886703226663,-0.05646186703226663,0.05646186703226663,38.93733888248794
4.482071,4.538493360879871,-0.056422360879870403,0.056422360879870403,1.2588457630102592
4.482079,4.538493360879871,-0.05641436087987106,0.05641436087987106,1.2586650275154097
0.14506,0.20146886703226663,-0.056408867032266635,0.056408867032266635,38.886575895064155
4.482101,4.538493360879871,-0.05639236087987065,0.05639236087987065,1.2581680082312399
4.482118,4.538493360879871,-0.05637536087987094,0.05637536087987094,1.2577839512171067
4.48212,4.538493360879871,-0.05637336087987066,0.05637336087987066,1.2577387682305006
4.482132,4.538493360879871,-0.05636136087987076,0.05636136087987076,1.2574676711576833
4.482163,4.538493360879871,-0.05633036087987087,0.05633036087987087,1.2567673437716143
4.482163,4.538493360879871,-0.05633036087987087,0.05633036087987087,1.2567673437716143
4.482177,4.538493360879871,-0.056316360879870686,0.056316360879870686,1.2564510700629232
4.482241,4.538493360879871,-0.05625236087987062,0.05625236087987062,1.2550052725548586
4.482335,4.538493360879871,-0.056158360879870806,0.056158360879870806,1.2528818323177078
4.482361,4.538493360879871,-0.056132360879870724,0.056132360879870724,1.252294513507913
3.271983,3.3279751055633255,-0.055992105563325456,0.055992105563325456,1.7112590609918876
4.482601,4.538493360879871,-0.05589236087987093,0.05589236087987093,1.2468734308189389
7.502539,7.558396243218983,-0.05585724321898322,0.05585724321898322,0.7445112010512537
9.936022,9.991831724166998,-0.055809724166998365,0.055809724166998365,0.5616908272388756
7.503231,7.558396243218983,-0.05516524321898242,0.05516524321898242,0.7352198435347012
4.483379,4.538493360879871,-0.05511436087987054,0.05511436087987054,1.2293040779876345
4.483439,4.538493360879871,-0.055054360879871034,0.055054360879871034,1.2279493683006077
4.483445,4.538493360879871,-0.05504836087987108,0.05504836087987108,1.2278138993261494
4.483451,4.538493360879871,-0.05504236087987113,0.05504236087987113,1.2276784307142747
4.483537,4.538493360879871,-0.05495636087987066,0.05495636087987066,1.225736753787131
9.937039,9.991831724166998,-0.05479272416699743,0.05479272416699743,0.5513989043058604
7.503898,7.558396243218983,-0.054498243218982445,0.054498243218982445,0.726265778376201
9.937609,9.991831724166998,-0.05422272416699769,0.05422272416699769,0.5456314911006467
0.147369,0.20146886703226663,-0.05409986703226663,0.05409986703226663,36.71047981295669
4.499159,4.553240268873088,-0.054081268873088284,0.054081268873088284,1.2020306210979932
0.147415,0.20146886703226663,-0.05405386703226664,0.05405386703226664,36.66782009673291
0.147532,0.20146886703226663,-0.05393686703226663,0.05393686703226663,36.55943591607732
7.504465,7.558396243218983,-0.05393124321898313,0.05393124321898313,0.7186554033933727
0.147591,0.20146886703226663,-0.05387786703226663,0.05387786703226663,36.504845821060755
0.14763,0.20146886703226663,-0.05383886703226662,0.05383886703226662,36.46878479699101
4.484659,4.538493360879871,-0.053834360879871035,0.053834360879871035,1.2004114667061783
0.14784,0.20146886703226663,-0.05362886703226663,0.05362886703226663,36.2749370914446
7.505067,7.558396243218983,-0.05332924321898247,0.05332924321898247,0.7105765107529605
3.274728,3.3279751055633255,-0.05324710556332546,0.05324710556332546,1.62600086363507
0.14904,0.20146886703226663,-0.052428867032266624,0.052428867032266624,35.17771537646867
0.149044,0.20146886703226663,-0.05242486703226662,0.05242486703226662,35.174087515829235
0.14907,0.20146886703226663,-0.05239886703226662,0.05239886703226662,35.150511167314754
0.149081,0.20146886703226663,-0.05238786703226664,0.05238786703226664,35.14053903389841
0.14909,0.20146886703226663,-0.05237886703226663,0.05237886703226663,35.13238111015779
3.275617,3.3279751055633255,-0.05235810556332554,0.05235810556332554,1.5984196431306565
0.149161,0.20146886703226663,-0.05230786703226664,0.05230786703226664,35.06805867297657
7.506934,7.558396243218983,-0.05146224321898263,0.05146224321898263,0.6855294480848918
0.150362,0.20146886703226663,-0.051106867032266634,0.051106867032266634,33.98921735430322
0.15037,0.20146886703226663,-0.051098867032266626,0.051098867032266626,33.98208884636865
0.150381,0.20146886703226663,-0.05108786703226664,0.05108786703226664,33.97228838636154
0.150393,0.20146886703226663,-0.05107586703226663,0.05107586703226663,33.961598610510485
7.507328,7.558396243218983,-0.05106824321898262,0.05106824321898262,0.6802452646041625
0.150413,0.20146886703226663,-0.05105586703226664,0.05105586703226664,33.94378610779843
0.150439,0.20146886703226663,-0.05102986703226664,0.05102986703226664,33.920636934801486
0.150441,0.20146886703226663,-0.05102786703226664,0.05102786703226664,33.91885656061033
0.150448,0.20146886703226663,-0.05102086703226663,0.05102086703226663,33.91262562370653
17.441284,17.390315318766692,0.05096868123330722,0.05096868123330722,0.29223009746882744
0.150503,0.20146886703226663,-0.05096586703226663,0.05096586703226663,33.86368843039869
0.150503,0.20146886703226663,-0.05096586703226663,0.05096586703226663,33.86368843039869
0.150511,0.20146886703226663,-0.050957867032266624,0.050957867032266624,33.85657327265784
0.150527,0.20146886703226663,-0.050941867032266636,0.050941867032266636,33.84234522605532
0.150801,0.20146886703226663,-0.05066786703226664,0.05066786703226664,33.59915849276031
7.50844,7.558396243218983,-0.04995624321898262,0.04995624321898262,0.6653345197979512
0.151848,0.20146886703226663,-0.04962086703226662,0.04962086703226662,32.67798522179326
0.151898,0.20146886703226663,-0.049570867032266624,0.049570867032266624,32.6343118405985
0.152073,0.20146886703226663,-0.049395867032266616,0.049395867032266616,32.48168116614056
0.152085,0.20146886703226663,-0.04938386703226663,0.04938386703226663,32.471227931614166
0.152323,0.20146886703226663,-0.049145867032266644,0.049145867032266644,32.264245714699946
0.152446,0.20146886703226663,-0.04902286703226663,0.04902286703226663,32.157529223534304
9.943169,9.991831724166998,-0.04866272416699857,0.04866272416699857,0.4894085996779212
0.357831,0.30944140209446935,0.04838959790553066,0.04838959790553066,13.52303123318204
0.357814,0.30944140209446935,0.04837259790553067,0.04837259790553067,13.518922650318807
0.357794,0.30944140209446935,0.04835259790553065,0.04835259790553065,13.514088523568466
17.438664,17.390315318766692,0.048348681233306934,0.048348681233306934,0.27724991566458124
0.357767,0.30944140209446935,0.04832559790553065,0.04832559790553065,13.507561595122827
0.357747,0.30944140209446935,0.04830559790553063,0.04830559790553063,13.502726198131054
0.357693,0.30944140209446935,0.04825159790553063,0.04825159790553063,13.48966792529934
0.357663,0.30944140209446935,0.048221597905530655,0.048221597905530655,13.482411625482154
0.357607,0.30944140209446935,0.048165597905530655,0.048165597905530655,13.468863275065027
0.357593,0.30944140209446935,0.04815159790553064,0.04815159790553064,13.465475524427259
0.357593,0.30944140209446935,0.04815159790553064,0.04815159790553064,13.465475524427259
0.357591,0.30944140209446935,0.04814959790553064,0.04814959790553064,13.464991538396001
0.357581,0.30944140209446935,0.04813959790553063,0.04813959790553063,13.462571527029695
0.357579,0.30944140209446935,0.04813759790553063,0.04813759790553063,13.462087508513795
0.357573,0.30944140209446935,0.04813159790553062,0.04813159790553062,13.460635420479171
0.357571,0.30944140209446935,0.048129597905530674,0.048129597905530674,13.460151380305035
0.357564,0.30944140209446935,0.04812259790553064,0.04812259790553064,13.458457197053445
0.357562,0.30944140209446935,0.04812059790553064,0.04812059790553064,13.45797313251203
0.35756,0.30944140209446935,0.048118597905530636,0.048118597905530636,13.457489062555418
0.357552,0.30944140209446935,0.04811059790553063,0.04811059790553063,13.455552728575165
0.357548,0.30944140209446935,0.048106597905530624,0.048106597905530624,13.45458452909149
0.357546,0.30944140209446935,0.04810459790553062,0.04810459790553062,13.454100421225949
0.357546,0.30944140209446935,0.04810459790553062,0.04810459790553062,13.454100421225949
0.357546,0.30944140209446935,0.04810459790553062,0.04810459790553062,13.454100421225949
0.357546,0.30944140209446935,0.04810459790553062,0.04810459790553062,13.454100421225949
0.35754,0.30944140209446935,0.04809859790553067,0.04809859790553067,13.452648065133415
0.357538,0.30944140209446935,0.04809659790553067,0.04809659790553067,13.452163935603629
0.357536,0.30944140209446935,0.04809459790553067,0.04809459790553067,13.451679800657551
0.357534,0.30944140209446935,0.048092597905530665,0.048092597905530665,13.451195660295095
0.35753,0.30944140209446935,0.04808859790553066,0.04808859790553066,13.45022736332068
0.35753,0.30944140209446935,0.04808859790553066,0.04808859790553066,13.45022736332068
0.357519,0.30944140209446935,0.04807759790553062,0.04807759790553062,13.447564434920398
0.357517,0.30944140209446935,0.04807559790553062,0.04807559790553062,13.447080248515048
0.357511,0.30944140209446935,0.04806959790553067,0.04806959790553067,13.445627656795187
0.357509,0.30944140209446935,0.04806759790553067,0.04806759790553067,13.445143448720318
0.357495,0.30944140209446935,0.048053597905530654,0.048053597905530654,13.44175384049816
0.357493,0.30944140209446935,0.04805159790553065,0.04805159790553065,13.441269589079893
0.357474,0.30944140209446935,0.04803259790553066,0.04803259790553066,13.436668930354093
0.357474,0.30944140209446935,0.04803259790553066,0.04803259790553066,13.436668930354093
0.357472,0.30944140209446935,0.04803059790553066,0.04803059790553066,13.43618462203878
0.35747,0.30944140209446935,0.04802859790553066,0.04802859790553066,13.43570030830418
0.357468,0.30944140209446935,0.048026597905530655,0.048026597905530655,13.435215989150201
0.357468,0.30944140209446935,0.048026597905530655,0.048026597905530655,13.435215989150201
0.357464,0.30944140209446935,0.04802259790553065,0.04802259790553065,13.434247334583734
0.357454,0.30944140209446935,0.04801259790553064,0.04801259790553064,13.431825603322054
0.357439,0.30944140209446935,0.04799759790553065,0.04799759790553065,13.428192752358434
0.357433,0.30944140209446935,0.04799159790553065,0.04799159790553065,13.426739526597686
0.357429,0.30944140209446935,0.04798759790553064,0.04798759790553064,13.42577068231869
0.357429,0.30944140209446935,0.04798759790553064,0.04798759790553064,13.42577068231869
3.280262,3.3279751055633255,-0.04771310556332553,0.04771310556332553,1.4545516657471562
17.437981,17.390315318766692,0.04766568123330828,0.04766568123330828,0.2733440369790226
7.51171,7.558396243218983,-0.04668624321898296,0.04668624321898296,0.6215128541751671
7.512076,7.558396243218983,-0.046320243218982426,0.046320243218982426,0.6166104179239642
3.282345,3.3279751055633255,-0.045630105563325696,0.045630105563325696,1.3901678696765736
3.283544,3.3279751055633255,-0.044431105563325524,0.044431105563325524,1.353144820412712
4.509501,4.553240268873088,-0.04373926887308777,0.04373926887308777,0.9699358947279938
4.509587,4.553240268873088,-0.04365326887308818,0.04365326887308818,0.9680103493317719
4.509626,4.553240268873088,-0.04361426887308806,0.04361426887308806,0.967137161088767
4.509721,4.553240268873088,-0.0435192688730881,0.0435192688730881,0.9650102272872999
4.509739,4.553240268873088,-0.04350126887308825,0.04350126887308825,0.9646072394017402
4.509745,4.553240268873088,-0.0434952688730883,0.0434952688730883,0.9644729108214284
4.509749,4.553240268873088,-0.04349126887308774,0.04349126887308774,0.9643833586331159
4.509811,4.553240268873088,-0.043429268873087956,0.043429268873087956,0.9629953200283772
4.509821,4.553240268873088,-0.043419268873088335,0.043419268873088335,0.9627714464083068
4.509903,4.553240268873088,-0.04333726887308753,0.04333726887308753,0.9609357201723981
7.515079,7.558396243218983,-0.04331724321898278,0.04331724321898278,0.576404362727343
4.509946,4.553240268873088,-0.04329426887308774,0.04329426887308774,0.9599731099247699
4.50996,4.553240268873088,-0.04328026887308756,0.04328026887308756,0.9596597058982317
4.510028,4.553240268873088,-0.04321226887308782,0.04321226887308782,0.9581374854464247
4.510075,4.553240268873088,-0.04316526887308836,0.04316526887308836,0.9570853893146184
4.510187,4.553240268873088,-0.0430532688730878,0.0430532688730878,0.954578355002425
4.510216,4.553240268873088,-0.04302426887308819,0.04302426887308819,0.953929232483195
4.510218,4.553240268873088,-0.04302226887308791,0.04302226887308791,0.9538844657205932
4.510263,4.553240268873088,-0.04297726887308784,0.04297726887308784,0.952877224058441
17.433244,17.390315318766692,0.042928681233306065,0.042928681233306065,0.246246087263276
4.510325,4.553240268873088,-0.04291526887308805,0.04291526887308805,0.9514895018016787
4.510433,4.553240268873088,-0.042807268873088056,0.042807268873088056,0.9490722702707032
4.510448,4.553240268873088,-0.042792268873087735,0.042792268873087735,0.9487365528244421
4.510605,4.553240268873088,-0.042635268873087995,0.042635268873087995,0.9452228442114254
3.285758,3.3279751055633255,-0.042217105563325585,0.042217105563325585,1.2848513360399862
3.285805,3.3279751055633255,-0.04217010556332568,0.04217010556332568,1.2834025622957623
7.516279,7.558396243218983,-0.042117243218982914,0.042117243218982914,0.5603469910899073
4.511152,4.553240268873088,-0.04208826887308792,0.04208826887308792,0.9329827253028703
4.511427,4.553240268873088,-0.04181326887308767,0.04181326887308767,0.9268302218380313
4.511474,4.553240268873088,-0.04176626887308821,0.04176626887308821,0.9257787781147011
4.511539,4.553240268873088,-0.041701268873088004,0.041701268873088004,0.9243246899154298
4.511666,4.553240268873088,-0.041574268873088016,0.041574268873088016,0.9214837461852569
4.511754,4.553240268873088,-0.04148626887308815,0.04148626887308815,0.9195153120531091
4.511795,4.553240268873088,-0.04144526887308775,0.04144526887308775,0.9185982269178707
4.51182,4.553240268873088,-0.04142026887308781,0.04142026887308781,0.9180390368447713
4.511863,4.553240268873088,-0.04137726887308801,0.04137726887308801,0.9170772444148002
7.517107,7.558396243218983,-0.04128924321898264,0.04128924321898264,0.5492703937622994
3.286761,3.3279751055633255,-0.04121410556332572,0.04121410556332572,1.253942880607132
3.287373,3.3279751055633255,-0.04060210556332544,0.04060210556332544,1.2350927491979264
28.641968,28.601463973320392,0.0405040266796064,0.0405040266796064,0.14141495681953484
9.951836,9.991831724166998,-0.039995724166997704,0.039995724166997704,0.4018929187196795
3.288935,3.3279751055633255,-0.0390401055633256,0.0390401055633256,1.1870135944352378
3.289055,3.3279751055633255,-0.0389201055633257,0.0389201055633257,1.1833218222906696
9.953116,9.991831724166998,-0.0387157241669982,0.0387157241669982,0.3889809399047416
4.564892,4.602713022384124,-0.03782102238412399,0.03782102238412399,0.8285195440175905
4.565055,4.602713022384124,-0.0376580223841243,0.0376580223841243,0.8249193576703759
4.565107,4.602713022384124,-0.03760602238412414,0.03760602238412414,0.8237708860559098
4.565142,4.602713022384124,-0.037571022384124575,0.037571022384124575,0.8229978910470162
4.565152,4.602713022384124,-0.037561022384124065,0.037561022384124065,0.822777037507213
3.290424,3.3279751055633255,-0.03755110556332575,0.03755110556332575,1.1412239140665315
4.565178,4.602713022384124,-0.037535022384123984,0.037535022384123984,0.8222028228319198
4.565178,4.602713022384124,-0.037535022384123984,0.037535022384123984,0.8222028228319198
3.290447,3.3279751055633255,-0.03752810556332564,0.03752810556332564,1.140516943812957
4.565197,4.602713022384124,-0.03751602238412399,0.03751602238412399,0.8217832085516179
4.565205,4.602713022384124,-0.03750802238412465,0.03750802238412465,0.8216065298996003
4.565211,4.602713022384124,-0.0375020223841247,0.0375020223841247,0.8214740213169387
4.565248,4.602713022384124,-0.03746502238412397,0.03746502238412397,0.820656892753763
4.56525,4.602713022384124,-0.03746302238412458,0.03746302238412458,0.8206127240195821
4.565291,4.602713022384124,-0.037422022384124176,0.037422022384124176,0.8197072734970119
4.565307,4.602713022384124,-0.037406022384124604,0.037406022384124604,0.8193539313633289
4.565338,4.602713022384124,-0.03737502238412471,0.03737502238412471,0.8186693380272402
4.565346,4.602713022384124,-0.03736702238412448,0.03736702238412448,0.8184926702884291
4.565354,4.602713022384124,-0.03735902238412425,0.03735902238412425,0.8183160031687781
4.565365,4.602713022384124,-0.03734802238412449,0.03734802238412449,0.8180730868902358
4.565393,4.602713022384124,-0.03732002238412413,0.03732002238412413,0.8174547598269564
4.565395,4.602713022384124,-0.03731802238412474,0.03731802238412474,0.8174105938983884
4.565414,4.602713022384124,-0.03729902238412475,0.03729902238412475,0.8169910195068346
7.52111,7.558396243218983,-0.03728624321898266,0.03728624321898266,0.4957545258410914
4.565469,4.602713022384124,-0.037244022384124165,0.037244022384124165,0.8157764817438995
4.565471,4.602713022384124,-0.03724202238412477,0.03724202238412477,0.8157323172857531
4.565475,4.602713022384124,-0.037238022384124214,0.037238022384124214,0.8156439884855041
4.565527,4.602713022384124,-0.03718602238412405,0.03718602238412405,0.8144957281669686
39.107804,39.07062620295696,0.037177797043042915,0.037177797043042915,0.09506490582531263
4.565555,4.602713022384124,-0.03715802238412458,0.03715802238412458,0.8138774449833744
4.56557,4.602713022384124,-0.03714302238412426,0.03714302238412426,0.8135462249688585
4.5656,4.602713022384124,-0.037113022384124505,0.037113022384124505,0.8128837914690648
4.565625,4.602713022384124,-0.037088022384124564,0.037088022384124564,0.8123317702025951
4.565627,4.602713022384124,-0.037086022384124284,0.037086022384124284,0.8122876087624328
4.565645,4.602713022384124,-0.03706802238412443,0.03706802238412443,0.8118901575420898
4.565649,4.602713022384124,-0.03706402238412476,0.03706402238412476,0.8118018354742768
4.565664,4.602713022384124,-0.03704902238412444,0.03704902238412444,0.8114706290982642
4.565678,4.602713022384124,-0.03703502238412426,0.03703502238412426,0.8111615051108094
4.565705,4.602713022384124,-0.03700802238412404,0.03700802238412404,0.8105653427743026
7.595398,7.558396243218983,0.03700175678101747,0.03700175678101747,0.48716020912308095
4.565717,4.602713022384124,-0.03699602238412414,0.03699602238412414,0.8103003839991361
0.452886,0.4898653364959564,-0.036979336495956416,0.036979336495956416,8.165263772293944
4.565735,4.602713022384124,-0.03697802238412429,0.03697802238412429,0.8099029484478267
4.565746,4.602713022384124,-0.036967022384124526,0.036967022384124526,0.8096600727091446
4.56609,4.602713022384124,-0.036623022384124404,0.036623022384124404,0.8020652764908782
7.522355,7.558396243218983,-0.03604124321898272,0.03604124321898272,0.4791218071801131
17.426267,17.390315318766692,0.03595168123330694,0.03595168123330694,0.20630741645988002
7.52251,7.558396243218983,-0.03588624321898326,0.03588624321898326,0.47705145248735076
17.426003,17.390315318766692,0.03568768123330912,0.03568768123330912,0.2047955646117146
0.125684,0.0900822304282336,0.03560176957176639,0.03560176957176639,28.326413500079546
0.125615,0.0900822304282336,0.035532769571766404,0.035532769571766404,28.287043381347253
0.125557,0.0900822304282336,0.0354747695717664,0.0354747695717664,28.253916184292777
0.125556,0.0900822304282336,0.0354737695717664,0.0354737695717664,28.25334475732984
0.125554,0.0900822304282336,0.0354717695717664,0.0354717695717664,28.252201876096493
0.125544,0.0900822304282336,0.03546176957176639,0.03546176957176639,28.246486923723875
0.125532,0.0900822304282336,0.035449769571766404,0.035449769571766404,28.23962777899402
0.125515,0.0900822304282336,0.03543276957176639,0.03543276957176639,28.22990841217104
0.125497,0.0900822304282336,0.0354147695717664,0.0354147695717664,28.219614447793003
0.125488,0.0900822304282336,0.03540576957176639,0.03540576957176639,28.21446635817921
0.125486,0.0900822304282336,0.035403769571766386,0.035403769571766386,28.21332223798118
0.125471,0.0900822304282336,0.0353887695717664,0.0353887695717664,28.204740173874164
0.125457,0.0900822304282336,0.03537476957176641,0.03537476957176641,28.196728395840548
0.125443,0.0900822304282336,0.0353607695717664,0.0353607695717664,28.188714829506374
0.125439,0.0900822304282336,0.035356769571766394,0.035356769571766394,28.186424910578022
4.567386,4.602713022384124,-0.03532702238412444,0.03532702238412444,0.7734625972788588
0.125404,0.0900822304282336,0.03532176957176639,0.03532176957176639,28.166381888615998
0.125402,0.0900822304282336,0.03531976957176641,0.03531976957176641,28.1652362351487
4.567396,4.602713022384124,-0.03531702238412482,0.03531702238412482,0.7732419607003987
9.956543,9.991831724166998,-0.03528872416699791,0.03528872416699791,0.35442747715390255
0.125369,0.0900822304282336,0.03528676957176641,0.03528676957176641,28.146327675597693
4.567523,4.602713022384124,-0.03519002238412394,0.03519002238412394,0.7704399602006055
4.567552,4.602713022384124,-0.03516102238412433,0.03516102238412433,0.7698001551674623
0.108319,0.07333318009211176,0.03498581990788824,0.03498581990788824,32.298876351876736
0.108308,0.07333318009211176,0.03497481990788824,0.03497481990788824,32.29200047604631
0.108306,0.07333318009211176,0.03497281990788824,0.03497281990788824,32.29075016674745
0.125044,0.0900822304282336,0.03496176957176639,0.03496176957176639,27.959573865044955
0.125036,0.0900822304282336,0.03495376957176641,0.03495376957176641,27.954964605242843
0.125031,0.0900822304282336,0.0349487695717664,0.0349487695717664,27.952083518338906
0.125024,0.0900822304282336,0.034941769571766396,0.034941769571766396,27.948049609529647
0.125018,0.0900822304282336,0.03493576957176639,0.03493576957176639,27.944591613865043
0.125017,0.0900822304282336,0.03493476957176639,0.03493476957176639,27.944015248984037
0.125013,0.0900822304282336,0.03493076957176641,0.03493076957176641,27.941709697251245
0.125012,0.0900822304282336,0.03492976957176641,0.03492976957176641,27.941133286264737
0.124996,0.0900822304282336,0.034913769571766395,0.034913769571766395,27.93190945617019
0.124994,0.0900822304282336,0.03491176957176639,0.03491176957176639,27.930756311371457
0.124994,0.0900822304282336,0.03491176957176639,0.03491176957176639,27.930756311371457
0.12499,0.0900822304282336,0.0349077695717664,0.0349077695717664,27.928449911063247
0.124988,0.0900822304282336,0.0349057695717664,0.0349057695717664,27.927296655550215
0.124984,0.0900822304282336,0.0349017695717664,0.0349017695717664,27.924990033797453
0.12498,0.0900822304282336,0.03489776957176639,0.03489776957176639,27.922683264397275
0.124978,0.0900822304282336,0.034895769571766405,0.034895769571766405,27.92152982432498
0.124971,0.0900822304282336,0.0348887695717664,0.0348887695717664,27.91749249333758
0.124967,0.0900822304282336,0.034884769571766394,0.034884769571766394,27.91518524398538
0.124961,0.0900822304282336,0.0348787695717664,0.0348787695717664,27.91172409300076
0.124958,0.0900822304282336,0.0348757695717664,0.0348757695717664,27.90999339286513
0.108206,0.07333318009211176,0.034872819907888236,0.034872819907888236,32.22817577182417
0.108196,0.07333318009211176,0.03486281990788824,0.03486281990788824,32.22191197055929
0.124945,0.0900822304282336,0.0348627695717664,0.0348627695717664,27.902492731893158
0.124938,0.0900822304282336,0.03485576957176639,0.03485576957176639,27.89845326791524
0.124937,0.0900822304282336,0.034854769571766406,0.034854769571766406,27.897876164681822
0.108183,0.07333318009211176,0.03484981990788824,0.03484981990788824,32.213767297703406
0.108165,0.07333318009211176,0.03483181990788824,0.03483181990788824,32.20248682631697
0.108163,0.07333318009211176,0.034829819907888235,0.034829819907888235,32.201233208848684
0.108163,0.07333318009211176,0.034829819907888235,0.034829819907888235,32.201233208848684
0.108157,0.07333318009211176,0.03482381990788824,0.03482381990788824,32.19747207826657
0.108153,0.07333318009211176,0.03481981990788824,0.03481981990788824,32.19496442603837
0.108145,0.07333318009211176,0.034811819907888245,0.034811819907888245,32.189948565073095
0.108145,0.07333318009211176,0.034811819907888245,0.034811819907888245,32.189948565073095
0.108143,0.07333318009211176,0.03480981990788824,0.03480981990788824,32.18869448387741
0.108141,0.07333318009211176,0.03480781990788824,0.03480781990788824,32.187440356294836
0.108138,0.07333318009211176,0.03480481990788824,0.03480481990788824,32.18555907793993
0.108134,0.07333318009211176,0.034800819907888234,0.034800819907888234,32.18305054442191
0.10813,0.07333318009211176,0.03479681990788824,0.03479681990788824,32.18054182531
0.108124,0.07333318009211176,0.03479081990788824,0.03479081990788824,32.176778398608505
0.108118,0.07333318009211176,0.034784819907888245,0.034784819907888245,32.173014554204876
0.108112,0.07333318009211176,0.03477881990788824,0.03477881990788824,32.16925029202955
0.10811,0.07333318009211176,0.03477681990788824,0.03477681990788824,32.16799544512094
0.108098,0.07333318009211176,0.03476481990788824,0.03476481990788824,32.160465388562024
0.108098,0.07333318009211176,0.03476481990788824,0.03476481990788824,32.160465388562024
0.108091,0.07333318009211176,0.034757819907888246,0.034757819907888246,32.15607208345947
0.108091,0.07333318009211176,0.034757819907888246,0.034757819907888246,32.15607208345947
0.108089,0.07333318009211176,0.034755819907888244,0.034755819907888244,32.15481674891379
0.108087,0.07333318009211176,0.03475381990788824,0.03475381990788824,32.153561367911664
3.362725,3.3279751055633255,0.034749894436674644,0.034749894436674644,1.033384961174085
0.108083,0.07333318009211176,0.03474981990788824,0.03474981990788824,32.15105046652775
0.108081,0.07333318009211176,0.034747819907888236,0.034747819907888236,32.1497949461408
0.108079,0.07333318009211176,0.034745819907888234,0.034745819907888234,32.148539379287094
0.108077,0.07333318009211176,0.034743819907888246,0.034743819907888246,32.14728376596405
0.108071,0.07333318009211176,0.03473781990788824,0.03473781990788824,32.14351664715301
0.108071,0.07333318009211176,0.03473781990788824,0.03473781990788824,32.14351664715301
0.108067,0.07333318009211176,0.034733819907888236,0.034733819907888236,32.141005002218286
0.108063,0.07333318009211176,0.034729819907888246,0.034729819907888246,32.138493171344265
0.108061,0.07333318009211176,0.034727819907888244,0.034727819907888244,32.13723718617356
0.108059,0.07333318009211176,0.03472581990788824,0.03472581990788824,32.135981154510276
0.108055,0.07333318009211176,0.03472181990788824,0.03472181990788824,32.13346895169568
0.108049,0.07333318009211176,0.034715819907888246,0.034715819907888246,32.12970029871497
0.108048,0.07333318009211176,0.034714819907888245,0.034714819907888245,32.12907214919218
0.108046,0.07333318009211176,0.03471281990788824,0.03471281990788824,32.12781581526426
0.108034,0.07333318009211176,0.034700819907888245,0.034700819907888245,32.120276834855666
0.108032,0.07333318009211176,0.03469881990788824,0.03469881990788824,32.11902017528993
0.108026,0.07333318009211176,0.03469281990788824,0.03469281990788824,32.11524991740228
0.108024,0.07333318009211176,0.034690819907888235,0.034690819907888235,32.11399307170096
0.108022,0.07333318009211176,0.034688819907888246,0.034688819907888246,32.11273617945928
0.108014,0.07333318009211176,0.03468081990788824,0.03468081990788824,32.10770814503724
0.108007,0.07333318009211176,0.034673819907888245,0.034673819907888245,32.10330800391172
0.107999,0.07333318009211176,0.03466581990788824,0.03466581990788824,32.09827857275527
3.293337,3.3279751055633255,-0.03463810556332536,0.03463810556332536,1.0517631679440518
3.29353,3.3279751055633255,-0.03444510556332547,0.03444510556332547,1.045841560947665
3.293556,3.3279751055633255,-0.03441910556332539,0.03441910556332539,1.0450438845515408
9.957792,9.991831724166998,-0.0340397241669983,0.0340397241669983,0.3418400802773994
3.293981,3.3279751055633255,-0.033994105563325494,0.033994105563325494,1.0320067287058876
7.524426,7.558396243218983,-0.03397024321898279,0.03397024321898279,0.4514662409934169
3.294672,3.3279751055633255,-0.03330310556332572,0.03330310556332572,1.0108170270762888
9.958582,9.991831724166998,-0.03324972416699801,0.03324972416699801,0.33388010629087683
3.294769,3.3279751055633255,-0.03320610556332548,0.03320610556332548,1.0078432072876016
17.357319,17.390315318766692,-0.03299631876669196,0.03299631876669196,0.19010031887126036
0.085805,0.1187257313292509,-0.0329207313292509,0.0329207313292509,38.36691485447699
0.085819,0.1187257313292509,-0.0329067313292509,0.0329067313292509,38.34434250096896
0.08582,0.1187257313292509,-0.03290573132925091,0.03290573132925091,38.34273047181098
0.08583,0.1187257313292509,-0.0328957313292509,0.0328957313292509,38.32661224621262
0.085835,0.1187257313292509,-0.03289073132925091,0.03289073132925091,38.31855454177475
0.085848,0.1187257313292509,-0.03287773132925091,0.03287773132925091,38.29760890289035
0.085849,0.1187257313292509,-0.03287673132925091,0.03287673132925091,38.29599796264944
0.08585,0.1187257313292509,-0.03287573132925091,0.03287573132925091,38.29438705993771
0.085852,0.1187257313292509,-0.03287373132925091,0.03287373132925091,38.29116536709657
0.085853,0.1187257313292509,-0.03287273132925091,0.03287273132925091,38.28955457696453
0.085854,0.1187257313292509,-0.032871731329250906,0.032871731329250906,38.287943824356425
0.085857,0.1187257313292509,-0.0328687313292509,0.0328687313292509,38.28311179166264
0.085861,0.1187257313292509,-0.0328647313292509,0.0328647313292509,38.276669606659866
0.085865,0.1187257313292509,-0.03286073132925091,0.03286073132925091,38.270228021872335
0.085866,0.1187257313292509,-0.03285973132925091,0.03285973132925091,38.26861771944925
0.085866,0.1187257313292509,-0.03285973132925091,0.03285973132925091,38.26861771944925
0.085866,0.1187257313292509,-0.03285973132925091,0.03285973132925091,38.26861771944925
0.085867,0.1187257313292509,-0.032858731329250906,0.032858731329250906,38.26700745453306
0.085871,0.1187257313292509,-0.0328547313292509,0.0328547313292509,38.26056676991107
0.085872,0.1187257313292509,-0.0328537313292509,0.0328537313292509,38.25895669250971
0.085874,0.1187257313292509,-0.0328517313292509,0.0328517313292509,38.255736650202806
0.085889,0.1187257313292509,-0.03283673132925091,0.03283673132925091,38.231591112970605
0.085889,0.1187257313292509,-0.03283673132925091,0.03283673132925091,38.231591112970605
0.08589,0.1187257313292509,-0.03283573132925091,0.03283573132925091,38.22998171035154
0.085892,0.1187257313292509,-0.03283373132925091,0.03283373132925091,38.22676301753848
0.085894,0.1187257313292509,-0.03283173132925091,0.03283173132925091,38.22354447461681
0.085895,0.1187257313292509,-0.032830731329250906,0.032830731329250906,38.221935259361985
0.085895,0.1187257313292509,-0.032830731329250906,0.032830731329250906,38.221935259361985
0.085898,0.1187257313292509,-0.0328277313292509,0.0328277313292509,38.21710783840578
0.0859,0.1187257313292509,-0.0328257313292509,0.0328257313292509,38.21388974509547
0.085903,0.1187257313292509,-0.03282273132925091,0.03282273132925091,38.209062886094614
0.085904,0.1187257313292509,-0.03282173132925091,0.03282173132925091,38.20745400801297
0.085906,0.1187257313292509,-0.03281973132925091,0.03281973132925091,38.20423636421982
0.085909,0.1187257313292509,-0.032816731329250906,0.032816731329250906,38.199410179435795
0.085913,0.1187257313292509,-0.0328127313292509,0.0328127313292509,38.19297579069282
0.085963,0.1187257313292509,-0.03276273132925091,0.03276273132925091,38.11259645561266
0.085991,0.1187257313292509,-0.03273473132925091,0.03273473132925091,38.067624857465646
7.525741,7.558396243218983,-0.03265524321898283,0.03265524321898283,0.4339139922374277
0.086167,0.1187257313292509,-0.03255873132925091,0.03255873132925091,37.78561548094433
0.086171,0.1187257313292509,-0.03255473132925091,0.03255473132925091,37.779219565134085
0.08618,0.1187257313292509,-0.0325457313292509,0.0325457313292509,37.76483092537256
0.086192,0.1187257313292509,-0.0325337313292509,0.0325337313292509,37.745650746595096
0.086226,0.1187257313292509,-0.03249973132925091,0.03249973132925091,37.691335898174074
0.086235,0.1187257313292509,-0.0324907313292509,0.0324907313292509,37.67696560743774
0.08624,0.1187257313292509,-0.03248573132925091,0.03248573132925091,37.66898340860613
0.086243,0.1187257313292509,-0.032482731329250905,0.032482731329250905,37.664194533569926
0.086249,0.1187257313292509,-0.0324767313292509,0.0324767313292509,37.6546177829265
0.08627,0.1187257313292509,-0.032455731329250906,0.032455731329250906,37.62110964602967
0.08627,0.1187257313292509,-0.032455731329250906,0.032455731329250906,37.62110964602967
0.08628,0.1187257313292509,-0.03244573132925091,0.03244573132925091,37.60515912337246
0.08629,0.1187257313292509,-0.0324357313292509,0.0324357313292509,37.5892122976726
0.08629,0.1187257313292509,-0.0324357313292509,0.0324357313292509,37.5892122976726
0.086291,0.1187257313292509,-0.0324347313292509,0.0324347313292509,37.58761781838579
0.086297,0.1187257313292509,-0.03242873132925091,0.03242873132925091,37.578051718684144
0.086302,0.1187257313292509,-0.0324237313292509,0.0324237313292509,37.570080985007095
0.086308,0.1187257313292509,-0.03241773132925091,0.03241773132925091,37.56051732364369
0.086309,0.1187257313292509,-0.03241673132925091,0.03241673132925091,37.55892350935822
0.086314,0.1187257313292509,-0.032411731329250903,0.032411731329250903,37.550954991890016
0.086319,0.1187257313292509,-0.0324067313292509,0.0324067313292509,37.54298739756938
0.086319,0.1187257313292509,-0.0324067313292509,0.0324067313292509,37.54298739756938
0.086325,0.1187257313292509,-0.032400731329250906,0.032400731329250906,37.533427502713565
0.086327,0.1187257313292509,-0.032398731329250904,0.032398731329250904,37.53024116640294
0.086332,0.1187257313292509,-0.0323937313292509,0.0323937313292509,37.52227597151534
0.086334,0.1187257313292509,-0.03239173132925091,0.03239173132925091,37.519090151888975
0.086337,0.1187257313292509,-0.03238873132925091,0.03238873132925091,37.514311699198025
0.086342,0.1187257313292509,-0.0323837313292509,0.0323837313292509,37.506348349290676
0.086356,0.1187257313292509,-0.0323697313292509,0.0323697313292509,37.48405587540744
17.357954,17.390315318766692,-0.032361318766692904,0.032361318766692904,0.18643509924330062
0.086413,0.1187257313292509,-0.0323127313292509,0.0323127313292509,37.393368233781416
0.086442,0.1187257313292509,-0.0322837313292509,0.0322837313292509,37.347274810744345
0.08013,0.11240976375823308,-0.03227976375823308,0.03227976375823308,40.28424275296248
0.086447,0.1187257313292509,-0.03227873132925091,0.03227873132925091,37.339330794488625
0.080136,0.11240976375823308,-0.032273763758233084,0.032273763758233084,40.27373929065507
0.080151,0.11240976375823308,-0.03225876375823308,0.03225876375823308,40.24748751479781
0.080157,0.11240976375823308,-0.03225276375823308,0.03225276375823308,40.23698955549245
0.080161,0.11240976375823308,-0.03224876375823309,0.03224876375823309,40.22999178902845
0.080167,0.11240976375823308,-0.03224276375823308,0.03224276375823308,40.21949644868037
0.080167,0.11240976375823308,-0.03224276375823308,0.03224276375823308,40.21949644868037
0.080175,0.11240976375823308,-0.03223476375823309,0.03223476375823309,40.20550510511704
0.080177,0.11240976375823308,-0.032232763758233085,0.032232763758233085,40.20200770549045
0.080189,0.11240976375823308,-0.03222076375823309,0.03222076375823309,40.181026971345275
0.080198,0.11240976375823308,-0.03221176375823308,0.03221176375823308,40.16529554112046
0.0802,0.11240976375823308,-0.03220976375823309,0.03220976375823309,40.161800147221065
0.080216,0.11240976375823308,-0.03219376375823309,0.03219376375823309,40.133843270792916
0.080216,0.11240976375823308,-0.03219376375823309,0.03219376375823309,40.133843270792916
0.080218,0.11240976375823308,-0.032191763758233086,0.032191763758233086,40.13034944538973
0.080222,0.11240976375823308,-0.03218776375823308,0.03218776375823308,40.1233623172069
0.08023,0.11240976375823308,-0.03217976375823309,0.03217976375823309,40.10939015097058
0.080241,0.11240976375823308,-0.03216876375823308,0.03216876375823308,40.09018297147704
0.080241,0.11240976375823308,-0.03216876375823308,0.03216876375823308,40.09018297147704
0.457744,0.4898653364959564,-0.03212133649595644,0.03212133649595644,7.017314588271857
0.08029,0.11240976375823308,-0.03211976375823308,0.03211976375823308,40.004687655035994
0.080312,0.11240976375823308,-0.03209776375823309,0.03209776375823309,39.966335937676504
0.080335,0.11240976375823308,-0.03207476375823308,0.03207476375823308,39.926263419813054
0.080351,0.11240976375823308,-0.03205876375823308,0.03205876375823308,39.89840041609274
7.526338,7.558396243218983,-0.032058243218982874,0.032058243218982874,0.4259474291289725
0.080355,0.11240976375823308,-0.03205476375823309,0.03205476375823309,39.89143639890692
0.080361,0.11240976375823308,-0.03204876375823308,0.03204876375823308,39.88099167301563
0.080362,0.11240976375823308,-0.03204776375823308,0.03204776375823308,39.87925103699986
0.457819,0.4898653364959564,-0.03204633649595645,0.03204633649595645,6.999782990429988
0.080366,0.11240976375823308,-0.032043763758233076,0.032043763758233076,39.87228892611402
0.080372,0.11240976375823308,-0.032037763758233084,0.032037763758233084,39.86184705913905
0.08038,0.11240976375823308,-0.03202976375823309,0.03202976375823309,39.847926994756364
3.295947,3.3279751055633255,-0.03202810556332558,0.03202810556332558,0.9717421294199767
0.080382,0.11240976375823308,-0.03202776375823309,0.03202776375823309,39.84444741159544
0.080382,0.11240976375823308,-0.03202776375823309,0.03202776375823309,39.84444741159544
0.080388,0.11240976375823308,-0.03202176375823308,0.03202176375823308,39.83400970094924
0.080392,0.11240976375823308,-0.03201776375823308,0.03201776375823308,39.82705209275304
0.080402,0.11240976375823308,-0.03200776375823308,0.03200776375823308,39.80966110099677
0.080402,0.11240976375823308,-0.03200776375823308,0.03200776375823308,39.80966110099677
0.080413,0.11240976375823308,-0.031996763758233085,0.031996763758233085,39.79053600592262
0.080423,0.11240976375823308,-0.03198676375823309,0.03198676375823309,39.773154095793416
0.080427,0.11240976375823308,-0.031982763758233085,0.031982763758233085,39.7662025420156
0.457908,0.4898653364959564,-0.031957336495956445,0.031957336495956445,6.978986278679879
0.080454,0.11240976375823308,-0.031955763758233086,0.031955763758233086,39.719297634068894
0.080466,0.11240976375823308,-0.03194376375823309,0.03194376375823309,39.69846111218978
39.102569,39.07062620295696,0.031942797043043925,0.031942797043043925,0.08168976581298848
0.080476,0.11240976375823308,-0.03193376375823308,0.03193376375823308,39.68110209075001
3.296071,3.3279751055633255,-0.03190410556332557,0.03190410556332557,0.9679435170649427
0.080546,0.11240976375823308,-0.03186376375823308,0.03186376375823308,39.55970963011616
0.080605,0.11240976375823308,-0.03180476375823309,0.03180476375823309,39.45755687460522
0.458593,0.4898653364959564,-0.031272336495956454,0.031272336495956454,6.819191851846249
0.458607,0.4898653364959564,-0.03125833649595644,0.03125833649595644,6.815930958127659
0.458816,0.4898653364959564,-0.031049336495956426,0.031049336495956426,6.767274133680854
9.960935,9.991831724166998,-0.030896724166998624,0.030896724166998624,0.31017895575755133
17.359476,17.390315318766692,-0.030839318766691548,0.030839318766691548,0.17765120771222528
17.359979,17.390315318766692,-0.030336318766693182,0.030336318766693182,0.17474859138089072
0.459735,0.4898653364959564,-0.030130336495956422,0.030130336495956422,6.553848736642321
28.631022,28.601463973320392,0.029558026679609384,0.029558026679609384,0.10323776314902816
9.963033,9.991831724166998,-0.02879872416699847,0.02879872416699847,0.2890557942215931
7.529821,7.558396243218983,-0.02857524321898275,0.02857524321898275,0.37949432288766566
7.529862,7.558396243218983,-0.028534243218983235,0.028534243218983235,0.3789477578553802
9.963448,9.991831724166998,-0.028383724166998192,0.028383724166998192,0.28487852966877847
9.963643,9.991831724166998,-0.02818872416699847,0.02818872416699847,0.28291583878221604
9.963993,9.991831724166998,-0.02783872416699751,0.02783872416699751,0.2793932529530893
0.462362,0.4898653364959564,-0.027503336495956432,0.027503336495956432,5.948442235739094
0.463067,0.4898653364959564,-0.02679833649595642,0.02679833649595642,5.78714019573178
3.302147,3.3279751055633255,-0.025828105563325376,0.025828105563325376,0.7821609868531962
0.464187,0.4898653364959564,-0.02567833649595641,0.02567833649595641,5.531894794646234
17.415741,17.390315318766692,0.02542568123330824,0.02542568123330824,0.14599253188918146
39.096011,39.07062620295696,0.02538479704303853,0.02538479704303853,0.06492937871071706
0.464676,0.4898653364959564,-0.02518933649595645,0.02518933649595645,5.420838711389358
7.533287,7.558396243218983,-0.025109243218983224,0.025109243218983224,0.33331058830826327
39.095598,39.07062620295696,0.024971797043043864,0.024971797043043864,0.06387367969913131
0.465018,0.4898653364959564,-0.02484733649595644,0.02484733649595644,5.343306386121212
39.095373,39.07062620295696,0.0247467970430435,0.0247467970430435,0.0632985316266971
0.465401,0.4898653364959564,-0.024464336495956418,0.024464336495956418,5.256614508928817
39.09505,39.07062620295696,0.024423797043041873,0.024423797043041873,0.06247286304271103
39.09454,39.07062620295696,0.023913797043043417,0.023913797043043417,0.06116914802676344
0.466351,0.4898653364959564,-0.02351433649595641,0.02351433649595641,5.042197077075896
39.093511,39.07062620295696,0.022884797043040805,0.022884797043040805,0.058538607706486806
0.467401,0.4898653364959564,-0.022464336495956416,0.022464336495956416,4.806223455052555
39.093045,39.07062620295696,0.02241879704303784,0.02241879704303784,0.057347277611607114
0.467773,0.4898653364959564,-0.022092336495956433,0.022092336495956433,4.7228755168069885
9.970645,9.991831724166998,-0.021186724166998516,0.021186724166998516,0.2124910090248527
3.306942,3.3279751055633255,-0.021033105563325716,0.021033105563325716,0.636028861791035
3.307001,3.3279751055633255,-0.020974105563325462,0.020974105563325462,0.634233420633717
0.468948,0.4898653364959564,-0.02091733649595645,0.02091733649595645,4.460481011006758
0.246848,0.26768955493855806,-0.02084155493855805,0.02084155493855805,8.44307222667997
0.246852,0.26768955493855806,-0.020837554938558073,0.020837554938558073,8.441315010660947
0.246885,0.26768955493855806,-0.020804554938558067,0.020804554938558067,8.426820151135649
0.246946,0.26768955493855806,-0.020743554938558062,0.020743554938558062,8.400036821879288
0.246963,0.26768955493855806,-0.020726554938558073,0.020726554938558073,8.392574972836215
17.369622,17.390315318766692,-0.02069331876669267,0.02069331876669267,0.11913511282268283
0.247011,0.26768955493855806,-0.020678554938558052,0.020678554938558052,8.371511766757974
39.0913,39.07062620295696,0.020673797043038178,0.020673797043038178,0.052885928692535916
0.247164,0.26768955493855806,-0.020525554938558066,0.020525554938558066,8.304427396487206
0.24718,0.26768955493855806,-0.02050955493855805,0.02050955493855805,8.29741683399168
0.247191,0.26768955493855806,-0.020498554938558067,0.020498554938558067,8.292597598725466
0.247207,0.26768955493855806,-0.02048255493855805,0.02048255493855805,8.285588567586055
0.247223,0.26768955493855806,-0.020466554938558063,0.020466554938558063,8.278580443680191
0.247233,0.26768955493855806,-0.020456554938558053,0.020456554938558053,8.274200826865286
3.307536,3.3279751055633255,-0.020439105563325732,0.020439105563325732,0.6179556492418459
0.247268,0.26768955493855806,-0.020421554938558073,0.020421554938558073,8.258874957656955
0.247274,0.26768955493855806,-0.020415554938558067,0.020415554938558067,8.256248101418597
0.247343,0.26768955493855806,-0.020346554938558054,0.020346554938558054,8.226048414684064
0.247352,0.26768955493855806,-0.020337554938558072,0.020337554938558072,8.222110567262833
0.469604,0.4898653364959564,-0.020261336495956406,0.020261336495956406,4.314557902326609
3.307886,3.3279751055633255,-0.02008910556332566,0.02008910556332566,0.6073094889823395
10.011857,9.991831724166998,0.020025275833001288,0.020025275833001288,0.2000155998312928
39.090575,39.07062620295696,0.019948797043042532,0.019948797043042532,0.05103224253670226
9.972117,9.991831724166998,-0.019714724166997044,0.019714724166997044,0.1976984843519119
0.470208,0.4898653364959564,-0.019657336495956412,0.019657336495956412,4.180561898516369
0.248104,0.26768955493855806,-0.01958555493855807,0.01958555493855807,7.894090756563369
0.470299,0.4898653364959564,-0.019566336495956405,0.019566336495956405,4.16040359256473
39.090084,39.07062620295696,0.019457797043038738,0.019457797043038738,0.04977681051539557
39.090011,39.07062620295696,0.019384797043038304,0.019384797043038304,0.04959015499634604
0.470536,0.4898653364959564,-0.019329336495956417,0.019329336495956417,4.107939985856231
39.089935,39.07062620295696,0.01930879704303834,0.01930879704303834,0.049395827961824304
9.972539,9.991831724166998,-0.019292724166998454,0.019292724166998454,0.19345849804954382
17.409547,17.390315318766692,0.01923168123330754,0.01923168123330754,0.11046629319646903
3.308759,3.3279751055633255,-0.019216105563325758,0.019216105563325758,0.580764738765954
39.089705,39.07062620295696,0.019078797043043494,0.019078797043043494,0.04880772838524794
39.089666,39.07062620295696,0.019039797043042483,0.019039797043042483,0.04870800646645017
0.470926,0.4898653364959564,-0.018939336495956416,0.018939336495956416,4.021722413273995
39.089564,39.07062620295696,0.018937797043044213,0.018937797043044213,0.048447194353448825
39.089339,39.07062620295696,0.01871279704304385,0.01871279704304385,0.04787186870311615
0.471257,0.4898653364959564,-0.018608336495956446,0.018608336495956446,3.9486599651586687
39.089164,39.07062620295696,0.01853779704303804,0.01853779704303804,0.047424388618264174
39.089021,39.07062620295696,0.01839479704304381,0.01839479704304381,0.04705873048853475
39.088837,39.07062620295696,0.018210797043039406,0.018210797043039406,0.04658822937861471
0.249524,0.26768955493855806,-0.018165554938558065,0.018165554938558065,7.280083251021137
39.088749,39.07062620295696,0.018122797043041317,0.018122797043041317,0.046363205542840354
0.249754,0.26768955493855806,-0.017935554938558057,0.017935554938558057,7.18128836029724
0.249816,0.26768955493855806,-0.01787355493855805,0.01787355493855805,7.154687822798925
0.249864,0.26768955493855806,-0.017825554938558058,0.017825554938558058,7.134102924560542
0.249899,0.26768955493855806,-0.01779055493855805,0.01779055493855805,7.119098088203215
0.24996,0.26768955493855806,-0.017729554938558073,0.017729554938558073,7.092956845681356
0.250007,0.26768955493855806,-0.01768255493855808,0.01768255493855808,7.072823933523965
7.540751,7.558396243218983,-0.017645243218982642,0.017645243218982642,0.23399848660628952
39.08821,39.07062620295696,0.01758379704303792,0.01758379704303792,0.044984912440331586
39.088145,39.07062620295696,0.017518797043038603,0.017518797043038603,0.04481869641804129
0.472562,0.4898653364959564,-0.017303336495956445,0.017303336495956445,3.6616013332207933
0.472754,0.4898653364959564,-0.01711133649595642,0.01711133649595642,3.6195011554290217
0.472759,0.4898653364959564,-0.017106336495956442,0.017106336495956442,3.618405253488149
39.087732,39.07062620295696,0.017105797043043935,0.017105797043043935,0.04376257246902985
39.087602,39.07062620295696,0.0169757970430382,0.0169757970430382,0.04343013174099237
39.087588,39.07062620295696,0.01696179704303802,0.01696179704303802,0.04339433029992699
39.087545,39.07062620295696,0.01691879704304,0.01691879704304,0.043284368570593826
9.974952,9.991831724166998,-0.01687972416699779,0.01687972416699779,0.16922110669633866
39.087489,39.07062620295696,0.01686279704303928,0.01686279704303928,0.04314116223479113
39.08701,39.07062620295696,0.016383797043040715,0.016383797043040715,0.04191621984643696
39.086906,39.07062620295696,0.01627979704304039,0.01627979704304039,0.04165025761568014
3.343989,3.3279751055633255,0.01601389443667456,0.01601389443667456,0.4788859782791054
7.57427,7.558396243218983,0.015873756781017434,0.015873756781017434,0.2095747416029249
3.312273,3.3279751055633255,-0.01570210556332574,0.01570210556332574,0.47405831472380705
0.252106,0.26768955493855806,-0.015583554938558064,0.015583554938558064,6.181350278207069
0.252112,0.26768955493855806,-0.015577554938558058,0.015577554938558058,6.178823273933504
0.252189,0.26768955493855806,-0.015500554938558064,0.015500554938558064,6.146404059023851
39.085985,39.07062620295696,0.015358797043042216,0.015358797043042216,0.03929489571006825
0.474641,0.4898653364959564,-0.015224336495956448,0.015224336495956448,3.207547702947891
39.085806,39.07062620295696,0.0151797970430394,0.0151797970430394,0.03883710890598127
39.085689,39.07062620295696,0.015062797043043474,0.015062797043043474,0.03853788286297047
0.252699,0.26768955493855806,-0.014990554938558054,0.014990554938558054,5.9321781774466364
39.085209,39.07062620295696,0.01458279704304033,0.01458279704304033,0.037310270089647005
0.253162,0.26768955493855806,-0.014527554938558063,0.014527554938558063,5.7384421567295325
39.08514,39.07062620295696,0.014513797043044008,0.014513797043044008,0.037133798274758316
7.572708,7.558396243218983,0.014311756781017593,0.014311756781017593,0.18899126680744327
39.084773,39.07062620295696,0.014146797043039783,0.014146797043039783,0.03619516235390081
0.475892,0.4898653364959564,-0.013973336495956445,0.013973336495956445,2.9362410994553816
7.572315,7.558396243218983,0.013918756781016839,0.013918756781016839,0.18381111695476257
0.47597,0.4898653364959564,-0.013895336495956423,0.013895336495956423,2.919372332927926
0.476401,0.4898653364959564,-0.013464336495956408,0.013464336495956408,2.82626117349253
0.254737,0.26768955493855806,-0.01295255493855807,0.01295255493855807,5.084677504042754
0.254741,0.26768955493855806,-0.012948554938558066,0.012948554938558066,5.0830274409989125
0.254763,0.26768955493855806,-0.012926554938558044,0.012926554938558044,5.073953020448059
7.545492,7.558396243218983,-0.012904243218982536,0.012904243218982536,0.1710192419369276
0.254804,0.26768955493855806,-0.012885554938558086,0.012885554938558086,5.057045781660037
0.254866,0.26768955493855806,-0.01282355493855808,0.01282355493855808,5.031489070149251
0.254873,0.26768955493855806,-0.012816554938558045,0.012816554938558045,5.02860441613252
0.477099,0.4898653364959564,-0.012766336495956432,0.012766336495956432,2.675825456201041
0.254951,0.26768955493855806,-0.012738554938558078,0.012738554938558078,4.996471845006141
39.083359,39.07062620295696,0.012732797043042865,0.012732797043042865,0.032578563789796795
0.254966,0.26768955493855806,-0.012723554938558035,0.012723554938558035,4.990294758347285
9.979165,9.991831724166998,-0.012666724166997767,0.012666724166997767,0.12693170387372926
0.477226,0.4898653364959564,-0.012639336495956444,0.012639336495956444,2.6485012328137914
39.083083,39.07062620295696,0.012456797043043366,0.012456797043043366,0.03187260596358658
0.478104,0.4898653364959564,-0.011761336495956454,0.011761336495956454,2.4599954180463786
0.256224,0.26768955493855806,-0.011465554938558054,0.011465554938558054,4.474816931311366
9.980557,9.991831724166998,-0.011274724166998595,0.011274724166998595,0.11296688317982283
0.478656,0.4898653364959564,-0.011209336495956401,0.011209336495956401,2.3418355757818903
0.478894,0.4898653364959564,-0.01097133649595644,0.01097133649595644,2.2909738885150923
3.317258,3.3279751055633255,-0.010717105563325724,0.010717105563325724,0.3230712101079462
0.257156,0.26768955493855806,-0.010533554938558065,0.010533554938558065,4.096173114553769
0.257198,0.26768955493855806,-0.010491554938558079,0.010491554938558079,4.079174384901479
0.257227,0.26768955493855806,-0.010462554938558077,0.010462554938558077,4.067440406524446
0.257237,0.26768955493855806,-0.010452554938558067,0.010452554938558067,4.063394820533078
7.547953,7.558396243218983,-0.010443243218983156,0.010443243218983156,0.1383586148303361
0.257252,0.26768955493855806,-0.01043755493855808,0.01043755493855808,4.057327031277018
0.257267,0.26768955493855806,-0.010422554938558037,0.010422554938558037,4.051259949588084
0.257303,0.26768955493855806,-0.010386554938558057,0.010386554938558057,4.036701839668155
7.548038,7.558396243218983,-0.010358243218982821,0.010358243218982821,0.13723093628894809
7.54821,7.558396243218983,-0.01018624321898276,0.01018624321898276,0.1349491232868165
7.548216,7.558396243218983,-0.01018024321898281,0.01018024321898281,0.13486952703589747
3.317865,3.3279751055633255,-0.0101101055633257,0.0101101055633257,0.3047172070901312
0.257721,0.26768955493855806,-0.009968554938558083,0.009968554938558083,3.867963780479713
0.257776,0.26768955493855806,-0.009913554938558056,0.009913554938558056,3.845802143997988
3.318144,3.3279751055633255,-0.009831105563325337,0.009831105563325337,0.29628327049787634
3.318268,3.3279751055633255,-0.009707105563325324,0.009707105563325324,0.29253530947568995
9.982312,9.991831724166998,-0.009519724166997534,0.009519724166997534,0.0953659249170149
0.382413,0.37292742857267314,0.009485571427326867,0.009485571427326867,2.4804521354782434
7.548912,7.558396243218983,-0.009484243218983224,0.009484243218983224,0.12563722055387036
7.548999,7.558396243218983,-0.00939724321898261,0.00939724321898261,0.12448330194318644
7.549034,7.558396243218983,-0.009362243218983046,0.009362243218983046,0.12401908931472592
9.982505,9.991831724166998,-0.00932672416699809,0.00932672416699809,0.09343069867638093
7.549291,7.558396243218983,-0.00910524321898265,0.00910524321898265,0.12061057414347968
7.549383,7.558396243218983,-0.009013243218983114,0.009013243218983114,0.11939046169552828
9.983035,9.991831724166998,-0.008796724166998615,0.008796724166998615,0.08811673170444158
9.983277,9.991831724166998,-0.00855472416699854,0.00855472416699854,0.08569054196245231
0.260101,0.26768955493855806,-0.007588554938558034,0.007588554938558034,2.9175416225391255
0.260132,0.26768955493855806,-0.0075575549385580865,0.0075575549385580865,2.9052769115882744
3.320828,3.3279751055633255,-0.007147105563325429,0.007147105563325429,0.2152205884529463
0.482931,0.4898653364959564,-0.006934336495956428,0.006934336495956428,1.435885560156739
0.48331,0.4898653364959564,-0.00655533649595641,0.00655533649595641,1.3563419947032065
0.483598,0.4898653364959564,-0.006267336495956455,0.006267336495956455,1.2959806481127867
9.9857,9.991831724166998,-0.006131724166998254,0.006131724166998254,0.06140505089214425
9.997689,9.991831724166998,0.005857275833001552,0.005857275833001552,0.058586297622810285
17.384474,17.390315318766692,-0.005841318766691472,0.005841318766691472,0.03360077944640644
9.997273,9.991831724166998,0.005441275833002024,0.005441275833002024,0.05442760073619673
9.997214,9.991831724166998,0.005382275833001771,0.005382275833001771,0.05383775752872684
0.484675,0.4898653364959564,-0.005190336495956405,0.005190336495956405,1.0708900799268612
9.996962,9.991831724166998,0.005130275833002074,0.005130275833002074,0.05131834884388633
9.996878,9.991831724166998,0.005046275833002767,0.005046275833002767,0.050478517722755925
9.996874,9.991831724166998,0.005042275833002208,0.005042275833002208,0.050438525412561656
9.99678,9.991831724166998,0.004948275833001503,0.004948275833001503,0.04949869690992504
9.996448,9.991831724166998,0.004616275833001282,0.004616275833001282,0.046179161167597765
9.996272,9.991831724166998,0.00444027583300155,0.00444027583300155,0.04441931785126626
17.385935,17.390315318766692,-0.004380318766692426,0.004380318766692426,0.025194611429682854
0.494032,0.4898653364959564,0.0041666635040435995,0.0041666635040435995,0.8433995172782734
9.995866,9.991831724166998,0.004034275833001644,0.004034275833001644,0.04035944292331734
9.99576,9.991831724166998,0.0039282758330028145,0.0039282758330028145,0.03929942128425968
9.98794,9.991831724166998,-0.0038917241669977898,0.0038917241669977898,0.03896423253402429
9.995694,9.991831724166998,0.003862275833002471,0.003862275833002471,0.0386393964537513
9.995669,9.991831724166998,0.003837275833001641,0.003837275833001641,0.03838938477217735
9.995645,9.991831724166998,0.003813275833001839,0.003813275833001839,0.03814937238130896
9.995571,9.991831724166998,0.0037392758330021536,0.0037392758330021536,0.03740932692054055
0.376644,0.37292742857267314,0.0037165714273268424,0.0037165714273268424,0.9867597589076377
0.486187,0.4898653364959564,-0.003678336495956447,0.003678336495956447,0.7565682536143251
0.376603,0.37292742857267314,0.0036755714273268847,0.0036755714273268847,0.9759803895218317
0.376601,0.37292742857267314,0.0036735714273268827,0.0036735714273268827,0.9754545065869256
0.48622,0.4898653364959564,-0.0036453364959564416,0.0036453364959564416,0.7497298538124124
0.376559,0.37292742857267314,0.0036315714273268407,0.0036315714273268407,0.9644096745430147
0.376549,0.37292742857267314,0.003621571427326886,0.003621571427326886,0.9617795894731114
0.376543,0.37292742857267314,0.00361557142732688,0.00361557142732688,0.9602014713768888
0.37654,0.37292742857267314,0.0036125714273268494,0.0036125714273268494,0.9594123934688047
0.376536,0.37292742857267314,0.0036085714273268454,0.0036085714273268454,0.9583602700322108
9.99542,9.991831724166998,0.0035882758330014752,0.0035882758330014752,0.035899200163330564
0.376506,0.37292742857267314,0.003578571427326871,0.003578571427326871,0.9504686316755648
0.376503,0.37292742857267314,0.00357557142732684,0.00357557142732684,0.9496793986707041
0.376497,0.37292742857267314,0.0035695714273268897,0.0035695714273268897,0.9481008949284558
9.995401,9.991831724166998,0.003569275833001484,0.003569275833001484,0.03570918098199137
0.376493,0.37292742857267314,0.0035655714273268857,0.0035655714273268857,0.9470485311492742
0.37649,0.37292742857267314,0.003562571427326855,0.003562571427326855,0.9462592436400956
0.376487,0.37292742857267314,0.0035595714273268797,0.0035595714273268797,0.9454699435522101
0.376429,0.37292742857267314,0.003501571427326877,0.003501571427326877,0.9302076690150518
0.376423,0.37292742857267314,0.003495571427326871,0.003495571427326871,0.9286285445889976
0.37642,0.37292742857267314,0.0034925714273268404,0.0034925714273268404,0.9278389634979548
0.376395,0.37292742857267314,0.003467571427326843,0.003467571427326843,0.9212586315986091
0.376289,0.37292742857267314,0.003361571427326848,0.003361571427326848,0.8933483111208406
0.375986,0.37292742857267314,0.0030585714273268505,0.0030585714273268505,0.8134801366309837
0.375957,0.37292742857267314,0.0030295714273268493,0.0030295714273268493,0.8058292375247754
0.375943,0.37292742857267314,0.0030155714273268908,0.0030155714273268908,0.8021352775619588
0.375941,0.37292742857267314,0.0030135714273268888,0.0030135714273268888,0.8016075465366322
0.37594,0.37292742857267314,0.00301257142732686,0.00301257142732686,0.8013436789183157
0.375933,0.37292742857267314,0.0030055714273268808,0.0030055714273268808,0.7994965662837219
0.375932,0.37292742857267314,0.003004571427326852,0.003004571427326852,0.7992326874348603
0.375923,0.37292742857267314,0.0029955714273268708,0.0029955714273268708,0.7968577146197527
0.375923,0.37292742857267314,0.0029955714273268708,0.0029955714273268708,0.7968577146197527
0.375909,0.37292742857267314,0.0029815714273268568,0.0029815714273268568,0.7931630864208342
0.375904,0.37292742857267314,0.0029765714273268795,0.0029765714273268795,0.7918435096554002
0.375903,0.37292742857267314,0.0029755714273268508,0.0029755714273268508,0.7915795900898028
0.375901,0.37292742857267314,0.0029735714273268488,0.0029735714273268488,0.7910517467460307
0.375893,0.37292742857267314,0.0029655714273268408,0.0029655714273268408,0.7889403172014112
0.375891,0.37292742857267314,0.0029635714273268388,0.0029635714273268388,0.788412445772425
0.375889,0.37292742857267314,0.0029615714273268368,0.0029615714273268368,0.7878845687261273
0.37588,0.37292742857267314,0.0029525714273268555,0.0029525714273268555,0.7855090525011564
9.99477,9.991831724166998,0.00293827583300299,0.00293827583300299,0.029398133553584442
0.375854,0.37292742857267314,0.002926571427326885,0.002926571427326885,0.7786458110192359
0.375853,0.37292742857267314,0.0029255714273268563,0.0029255714273268563,0.7783818212302348
0.375833,0.37292742857267314,0.0029055714273268363,0.0029055714273268363,0.7731017304371183
0.375826,0.37292742857267314,0.002898571427326857,0.002898571427326857,0.7712535658936858
0.375819,0.37292742857267314,0.0028915714273268778,0.0028915714273268778,0.7694053325024739
0.375819,0.37292742857267314,0.0028915714273268778,0.0028915714273268778,0.7694053325024739
0.375814,0.37292742857267314,0.002886571427326845,0.002886571427326845,0.7680851236406201
17.387433,17.390315318766692,-0.0028823187666908723,0.0028823187666908723,0.016577022995138475
0.375809,0.37292742857267314,0.0028815714273268678,0.0028815714273268678,0.766764879648998
0.375806,0.37292742857267314,0.002878571427326837,0.002878571427326837,0.7659727163911338
0.375767,0.37292742857267314,0.0028395714273268813,0.0028395714273268813,0.7556734430035654
17.387959,17.390315318766692,-0.0023563187666937324,0.0023563187666937324,0.013551439629459568
0.487561,0.4898653364959564,-0.002304336495956405,0.002304336495956405,0.4726252705782004
17.388364,17.390315318766692,-0.0019513187666930776,0.0019513187666930776,0.011221980208614542
17.38851,17.390315318766692,-0.00180531876669221,0.00180531876669221,0.010382251076612245
17.389111,17.390315318766692,-0.0012043187666925803,0.0012043187666925803,0.006925706361214525
17.389117,17.390315318766692,-0.001198318766693518,0.001198318766693518,0.0068911996318538025
9.991166,9.991831724166998,-0.0006657241669980607,0.0006657241669980607,0.006663127877080588
17.39038,17.390315318766692,6.468123330805042e-05,6.468123330805042e-05,0.0003719368599632584
