actual,predicted,error,abs_error,rel_error_pct
44.128097,29.771267,14.356830062744137,14.356830062744137,32.53444186073015
16.796899,10.202086,6.594812551330566,6.594812551330566,39.262083741119746
15.46651,10.202086,5.264423551330566,5.264423551330566,34.03756601390054
9.885891,5.6284285,4.25746254083252,4.25746254083252,43.06604777242086
9.882511,5.6284285,4.254082540832519,4.254082540832519,43.04657531663231
8.875626,4.6278534,4.247772606445313,4.247772606445313,47.85885081680384
8.842246,4.60001,4.242236081787109,4.242236081787109,47.9769063396238
9.311996,5.0700293,4.241966741271973,4.241966741271973,45.55378611874854
9.309661,5.0700293,4.239631741271973,4.239631741271973,45.54013020695848
9.30732,5.0700293,4.237290741271973,4.237290741271973,45.526432326668115
8.863519,4.7219615,4.141557501739502,4.141557501739502,46.72588282027461
8.834646,4.69334,4.141306175323486,4.141306175323486,46.87574550555404
8.943512,4.808063,4.13544896975708,4.13544896975708,46.23965361382464
8.856562,4.7219615,4.134600501739502,4.134600501739502,46.68403497534165
8.856209,4.7219615,4.134247501739502,4.134247501739502,46.681909852091565
8.941916,4.808063,4.133852969757081,4.133852969757081,46.23005818563774
9.061642,5.033524,4.02811796359253,4.02811796359253,44.45240678839528
9.060909,5.033524,4.02738496359253,4.02738496359253,44.447913156925885
8.675459,5.0700293,3.6054297412719727,3.6054297412719727,41.55895084318206
8.87127,5.6284285,3.2428415408325204,3.2428415408325204,36.55442276918598
28.376998,29.771267,-1.394268937255859,1.394268937255859,4.91337715586034
28.418155,29.771267,-1.3531119372558607,1.3531119372558607,4.761434854764848
28.451459,29.771267,-1.3198079372558595,1.3198079372558595,4.638805824514028
28.468642,29.771267,-1.3026249372558603,1.3026249372558603,4.575648312452996
28.470067,29.771267,-1.3011999372558591,1.3011999372558591,4.570414032574243
28.471706,29.771267,-1.2995609372558583,1.2995609372558583,4.56439434030154
28.47333,29.771267,-1.2979369372558587,1.2979369372558587,4.558430423316487
28.475906,29.771267,-1.295360937255861,1.295360937255861,4.548971812350104
28.476453,29.771267,-1.29481393725586,1.29481393725586,4.5469635465179365
28.47719,29.771267,-1.2940769372558591,1.2940769372558591,4.5442578332037495
28.48176,29.771267,-1.289506937255858,1.289506937255858,4.527483334075319
28.486361,29.771267,-1.2849059372558607,1.2849059372558607,4.510600484390935
28.48658,29.771267,-1.2846869372558594,1.2846869372558594,4.50979702460369
28.493662,29.771267,-1.2776049372558589,1.2776049372558589,4.483821480199264
28.49391,29.771267,-1.2773569372558597,1.2773569372558597,4.482912093325826
28.500459,29.771267,-1.27080793725586,1.27080793725586,4.45890340661321
28.50279,29.771267,-1.2684769372558584,1.2684769372558584,4.450360604177374
28.512094,29.771267,-1.2591729372558582,1.2591729372558582,4.416276606170848
28.512945,29.771267,-1.258321937255861,1.258321937255861,4.413160188298501
28.51592,29.771267,-1.255346937255858,1.255346937255858,4.40226700471686
28.516386,29.771267,-1.2548809372558587,1.2548809372558587,4.400560916981059
28.542181,29.771267,-1.22908593725586,1.22908593725586,4.306208895709665
28.631022,29.771267,-1.1402449372558578,1.1402449372558578,3.9825505958253093
28.641968,29.771267,-1.1292989372558608,1.1292989372558608,3.942811950812591
28.691868,29.771267,-1.07939893725586,1.07939893725586,3.762037861222901
28.692478,29.771267,-1.0787889372558581,1.0787889372558581,3.7598318878282257
28.701168,29.771267,-1.0700989372558602,1.0700989372558602,3.728415990778257
28.701399,29.771267,-1.0698679372558608,1.0698679372558608,3.727581144222738
28.708913,29.771267,-1.0623539372558604,1.0623539372558604,3.7004324658762244
28.718813,29.771267,-1.0524539372558586,1.0524539372558586,3.6646846694262534
28.719682,29.771267,-1.0515849372558606,1.0515849372558606,3.6615479838955007
28.72303,29.771267,-1.048236937255858,1.048236937255858,3.6494650364262005
28.731402,29.771267,-1.0398649372558602,1.0398649372558602,3.6192627747585764
28.735853,29.771267,-1.0354139372558606,1.0354139372558606,3.6032128131093155
28.736207,29.771267,-1.035059937255859,1.035059937255859,3.601936529940285
28.737327,29.771267,-1.0339399372558589,1.0339399372558589,3.5978987790070422
28.737798,29.771267,-1.0334689372558579,1.0334689372558579,3.5962008545409834
28.74018,29.771267,-1.0310869372558606,1.0310869372558606,3.5876147513768983
28.749222,29.771267,-1.0220449372558598,1.0220449372558598,3.5550351145234638
28.759083,29.771267,-1.012183937255859,1.012183937255859,3.519527855781561
28.765743,29.771267,-1.0055239372558589,1.0055239372558589,3.4955604562425635
28.809698,29.771267,-0.9615689372558585,0.9615689372558585,3.3376571224471734
28.818817,29.771267,-0.9524499372558601,0.9524499372558601,3.3049584833845027
28.846279,29.771267,-0.9249879372558603,0.9249879372558603,3.206610936726549
28.858176,29.771267,-0.9130909372558591,0.9130909372558591,3.1640632355028093
28.874389,29.771267,-0.8968779372558586,0.8968779372558586,3.1061365047508107
28.941853,29.771267,-0.8294139372558611,0.8294139372558611,2.8657941744538453
4.562297,5.033524,-0.47122703640747066,0.47122703640747066,10.328723368889442
4.282616,4.7219615,-0.43934549826049807,0.43934549826049807,10.258811395890719
4.649202,5.033524,-0.38432203640747087,0.38432203640747087,8.266408652478521
4.649204,5.033524,-0.3843200364074706,0.3843200364074706,8.26636207830855
4.65034,5.033524,-0.3831840364074708,0.3831840364074708,8.239914423444972
4.653482,5.033524,-0.38004203640747036,0.38004203640747036,8.166831555366572
4.653578,5.033524,-0.37994603640747027,0.37994603640747027,8.164600150664835
4.681464,5.033524,-0.35206003640747063,0.35206003640747063,7.520297846997229
4.681474,5.033524,-0.352050036407471,0.352050036407471,7.5200681751079035
4.681519,5.033524,-0.35200503640747094,0.35200503640747094,7.5190346637480685
4.681521,5.033524,-0.35200303640747066,0.35200303640747066,7.518988730370999
4.681544,5.033524,-0.351980036407471,0.351980036407471,7.518460499355609
4.681597,5.033524,-0.3519270364074707,0.3519270364074707,7.517243291123808
4.681601,5.033524,-0.351923036407471,0.351923036407471,7.517151427470088
4.681622,5.033524,-0.35190203640747075,0.35190203640747075,7.516669145863422
4.681626,5.033524,-0.3518980364074711,0.3518980364074711,7.516577283190809
4.681636,5.033524,-0.3518880364074706,0.3518880364074706,7.51634762719601
4.68164,5.033524,-0.3518840364074709,0.3518840364074709,7.516255765072809
4.681662,5.033524,-0.3518620364074705,0.3518620364074705,7.515750526201052
4.681712,5.033524,-0.3518120364074706,0.3518120364074706,7.514602273697228
4.681785,5.033524,-0.35173903640747106,0.35173903640747106,7.512925869085363
4.681808,5.033524,-0.3517160364074705,0.3517160364074705,7.512397697640699
4.681835,5.033524,-0.3516890364074703,0.3516890364074703,7.511777676914254
4.681843,5.033524,-0.35168103640747095,0.35168103640747095,7.511593968442757
4.681877,5.033524,-0.35164703640747064,0.35164703640747064,7.510813214442837
4.68191,5.033524,-0.35161403640747046,0.35161403640747046,7.510055434640145
4.68197,5.033524,-0.35155403640747096,0.35155403640747096,7.508677680548194
4.681986,5.033524,-0.3515380364074705,0.3515380364074705,7.508310285420807
4.682068,5.033524,-0.3514560364074706,0.3514560364074706,7.506427424803828
4.682101,5.033524,-0.3514230364074704,0.3514230364074704,7.505669706825306
4.682238,5.033524,-0.3512860364074708,0.3512860364074708,7.502524143368369
4.68225,5.033524,-0.3512740364074709,0.3512740364074709,7.502248628329728
4.682355,5.033524,-0.35116903640747044,0.35116903640747044,7.49983793198018
4.682441,5.033524,-0.35108303640747085,0.35108303640747085,7.497863537415057
4.682451,5.033524,-0.35107303640747034,0.35107303640747034,7.4976339613585425
4.682633,5.033524,-0.35089103640747066,0.35089103640747066,7.493455848450588
4.683801,5.033524,-0.3497230364074708,0.3497230364074708,7.466650192866951
4.684091,5.033524,-0.34943303640747114,0.34943303640747114,7.459996750703844
4.684204,5.033524,-0.34932003640747045,0.34932003640747045,7.457404425597455
4.684292,5.033524,-0.3492320364074706,0.3492320364074706,7.455385710370216
4.684298,5.033524,-0.34922603640747063,0.34922603640747063,7.4552480734576525
4.688921,5.033524,-0.34460303640747103,0.34460303640747103,7.349303526336266
5.313079,5.6284285,-0.31534945916748036,0.31534945916748036,5.935342936958872
4.504943,4.808063,-0.30312003024292,0.30312003024292,6.728609668006707
4.508025,4.808063,-0.30003803024292,0.30003803024292,6.655642553807139
4.533967,4.808063,-0.2740960302429203,0.2740960302429203,6.045390939918065
4.534176,4.808063,-0.2738870302429195,0.2738870302429195,6.040502844108366
4.534647,4.808063,-0.27341603024292027,0.27341603024292027,6.029488739407738
4.535099,4.808063,-0.27296403024292015,0.27296403024292015,6.018921091621181
4.449561,4.7219615,-0.27240049826049795,0.27240049826049795,6.12196345334688
4.449788,4.7219615,-0.2721734982604982,0.2721734982604982,6.1165497829195825
4.536306,4.808063,-0.2717570302429202,0.2717570302429202,5.990712051544351
4.536695,4.808063,-0.27136803024292,0.27136803024292,5.981623852538872
4.450648,4.7219615,-0.2713134982604979,0.2713134982604979,6.096044851320568
4.452139,4.7219615,-0.2698224982604982,0.2698224982604982,6.060513794704921
4.538278,4.808063,-0.2697850302429199,0.2697850302429199,5.9446563264078405
4.45237,4.7219615,-0.2695914982604979,0.2695914982604979,6.055011112159207
4.539013,4.808063,-0.2690500302429202,0.2690500302429202,5.927500763646033
4.454572,4.7219615,-0.2673894982604983,0.2673894982604983,6.00258561887642
4.455309,4.7219615,-0.2666524982604983,0.2666524982604983,5.985050604896614
4.455504,4.7219615,-0.2664574982604977,0.2664574982604977,5.980412053373025
9.936022,10.202086,-0.26606444866943413,0.26606444866943413,2.677776364291025
9.937039,10.202086,-0.2650474486694332,0.2650474486694332,2.6672678719160294
9.937609,10.202086,-0.26447744866943346,0.26447744866943346,2.661379096991762
4.429556,4.69334,-0.26378382467651385,0.26378382467651385,5.9550849943100115
4.429707,4.69334,-0.26363282467651405,0.26363282467651405,5.951473193837935
4.432085,4.69334,-0.26125482467651384,0.26125482467651384,5.894625772534128
4.432173,4.69334,-0.261166824676514,0.261166824676514,5.89252325373178
4.432452,4.69334,-0.26088782467651406,0.26088782467651406,5.885857865367256
4.432638,4.69334,-0.2607018246765138,0.2607018246765138,5.881414739273372
4.432667,4.69334,-0.2606728246765133,0.2606728246765133,5.880722027407711
4.433117,4.69334,-0.2602228246765135,0.2602228246765135,5.869974211613262
9.943169,10.202086,-0.25891744866943434,0.25891744866943434,2.6039731263426216
4.464257,4.7219615,-0.2577044982604981,0.2577044982604981,5.772617890384122
9.951836,10.202086,-0.25025044866943347,0.25025044866943347,2.5146158826061726
9.953116,10.202086,-0.24897044866943396,0.24897044866943396,2.50143220140238
4.352633,4.60001,-0.24737691821289065,0.24737691821289065,5.683385624453228
9.956543,10.202086,-0.24554344866943367,0.24554344866943367,2.466151641859705
4.355285,4.60001,-0.24472491821289033,0.24472491821289033,5.619033386041815
9.957792,10.202086,-0.24429444866943406,0.24429444866943406,2.4532993726619394
9.958582,10.202086,-0.24350444866943377,0.24350444866943377,2.4451718996438307
4.564892,4.808063,-0.24317103024291953,0.24317103024291953,5.326983206559817
4.565055,4.808063,-0.24300803024291984,0.24300803024291984,5.323222397925033
4.565107,4.808063,-0.24295603024291967,0.24295603024291967,5.322022687257881
4.565142,4.808063,-0.2429210302429201,0.2429210302429201,5.321215205082315
4.565152,4.808063,-0.2429110302429196,0.2429110302429196,5.3209844981634475
4.565178,4.808063,-0.24288503024291952,0.24288503024291952,5.320384664904613
4.565178,4.808063,-0.24288503024291952,0.24288503024291952,5.320384664904613
4.565197,4.808063,-0.24286603024291953,0.24286603024291953,5.319946329536263
4.565205,4.808063,-0.2428580302429202,0.2428580302429202,5.319761768367476
4.565211,4.808063,-0.24285203024292024,0.24285203024292024,5.319623347915368
4.565248,4.808063,-0.2428150302429195,0.2428150302429195,5.318769763167317
4.56525,4.808063,-0.2428130302429201,0.2428130302429201,5.318723623845384
4.565291,4.808063,-0.2427720302429197,0.2427720302429197,5.317777776654367
4.565307,4.808063,-0.24275603024292014,0.24275603024292014,5.317408670163972
4.565338,4.808063,-0.24272503024292025,0.24272503024292025,5.316693533701197
4.565346,4.808063,-0.24271703024292002,0.24271703024292002,5.316508983932511
4.565354,4.808063,-0.2427090302429198,0.2427090302429198,5.316324434810608
4.565365,4.808063,-0.24269803024292003,0.24269803024292003,5.316070680824073
4.565393,4.808063,-0.24267003024291967,0.24267003024291967,5.3154247671033845
4.565395,4.808063,-0.24266803024292027,0.24266803024292027,5.315378630712236
4.565414,4.808063,-0.24264903024292028,0.24264903024292028,5.3149403370122705
4.565469,4.808063,-0.2425940302429197,0.2425940302429197,5.313671612655918
4.565471,4.808063,-0.2425920302429203,0.2425920302429203,5.3136254778007945
4.565475,4.808063,-0.24258803024291975,0.24258803024291975,5.313533208211768
4.565527,4.808063,-0.2425360302429196,0.2425360302429196,5.312333718267513
4.565555,4.808063,-0.24250803024292011,0.24250803024292011,5.311687850384201
4.56557,4.808063,-0.2424930302429198,0.2424930302429198,5.311341852991159
4.5656,4.808063,-0.24246303024292004,0.24246303024292004,5.3106498650256135
4.565625,4.808063,-0.2424380302429201,0.2424380302429201,5.310073215334374
4.565627,4.808063,-0.24243603024291982,0.24243603024291982,5.310027083631882
4.565645,4.808063,-0.24241803024291997,0.24241803024291997,5.309611900128249
4.565649,4.808063,-0.2424140302429203,0.2424140302429203,5.309519637572025
4.565664,4.808063,-0.24239903024291998,0.24239903024291998,5.309173654425967
4.565678,4.808063,-0.2423850302429198,0.2423850302429198,5.308850738874072
4.565705,4.808063,-0.24235803024291958,0.24235803024291958,5.3082279787592785
4.565717,4.808063,-0.24234603024291967,0.24234603024291967,5.3079511988502945
4.565735,4.808063,-0.24232803024291982,0.24232803024291982,5.307536031714768
4.565746,4.808063,-0.24231703024292006,0.24231703024292006,5.30728232007678
4.56609,4.808063,-0.24197303024291994,0.24197303024291994,5.299348682080743
9.960935,10.202086,-0.2411514486694344,0.2411514486694344,2.420972013842209
4.567386,4.808063,-0.24067703024291998,0.24067703024291998,5.2694698945447245
4.567396,4.808063,-0.24066703024292035,0.24066703024292035,5.269239414266929
4.567523,4.808063,-0.24054003024291948,0.24054003024291948,5.266312402535316
4.567552,4.808063,-0.24051103024291987,0.24051103024291987,5.265644052605295
4.481628,4.7219615,-0.24033349826049832,0.24033349826049832,5.3626382701807405
4.481645,4.7219615,-0.24031649826049772,0.24031649826049772,5.3622386033506775
4.481655,4.7219615,-0.2403064982604981,0.2403064982604981,5.362003506631726
4.481671,4.7219615,-0.24029049826049764,0.24029049826049764,5.361627354063607
4.481685,4.7219615,-0.24027649826049835,0.24027649826049835,5.361298222769719
4.481692,4.7219615,-0.24026949826049826,0.24026949826049826,5.361133657893875
4.481694,4.7219615,-0.24026749826049798,0.24026749826049798,5.361086639452334
4.4817,4.7219615,-0.24026149826049803,0.24026149826049803,5.360945584379523
4.481727,4.7219615,-0.2402344982604978,0.2402344982604978,5.360310841225659
4.481731,4.7219615,-0.24023049826049814,0.24023049826049814,5.360216805853317
4.481743,4.7219615,-0.24021849826049824,0.24021849826049824,5.359934700743401
4.481774,4.7219615,-0.24018749826049834,0.24018749826049834,5.359205936201583
4.481774,4.7219615,-0.24018749826049834,0.24018749826049834,5.359205936201583
4.481794,4.7219615,-0.2401674982604982,0.2401674982604982,5.358735770879686
4.48181,4.7219615,-0.24015149826049775,0.24015149826049775,5.358359641643429
4.481855,4.7219615,-0.24010649826049768,0.24010649826049768,5.357301792564471
4.481903,4.7219615,-0.24005849826049808,0.24005849826049808,5.356173443627448
4.481913,4.7219615,-0.24004849826049846,0.24004849826049846,5.355938373974295
4.48197,4.7219615,-0.23999149826049848,0.23999149826049848,5.354598496981102
4.482071,4.7219615,-0.2398904982604977,0.2398904982604977,5.35222441266873
4.482079,4.7219615,-0.23988249826049834,0.23988249826049834,5.352036370959689
4.482101,4.7219615,-0.23986049826049793,0.23986049826049793,5.351519259720975
4.482118,4.7219615,-0.23984349826049822,0.23984349826049822,5.351119677240695
4.48212,4.7219615,-0.23984149826049794,0.23984149826049794,5.351072667736402
4.482132,4.7219615,-0.23982949826049804,0.23982949826049804,5.350790611591699
4.482163,4.7219615,-0.23979849826049815,0.23979849826049815,5.350061973541527
4.482163,4.7219615,-0.23979849826049815,0.23979849826049815,5.350061973541527
4.482177,4.7219615,-0.23978449826049797,0.23978449826049797,5.349732914499991
4.482241,4.7219615,-0.2397204982604979,0.2397204982604979,5.348228670773161
4.482335,4.7219615,-0.2396264982604981,0.2396264982604981,5.346019390678118
4.482361,4.7219615,-0.239600498260498,0.239600498260498,5.345408329564544
4.482601,4.7219615,-0.2393604982604982,0.2393604982604982,5.339768100153425
9.963033,10.202086,-0.23905344866943423,0.23905344866943423,2.3994043647856516
9.963448,10.202086,-0.23863844866943396,0.23863844866943396,2.3951391994722995
4.483379,4.7219615,-0.23858249826049782,0.23858249826049782,5.32148850800203
4.483439,4.7219615,-0.23852249826049832,0.23852249826049832,5.320079034312237
4.483445,4.7219615,-0.23851649826049837,0.23851649826049837,5.31993808901812
4.483451,4.7219615,-0.23851049826049842,0.23851049826049842,5.319797144101243
9.963643,10.202086,-0.23844344866943423,0.23844344866943423,2.3931352083474
4.483537,4.7219615,-0.23842449826049794,0.23842449826049794,5.317776975079723
9.963993,10.202086,-0.23809344866943327,0.23809344866943327,2.3895384979399696
4.484659,4.7219615,-0.23730249826049832,0.23730249826049832,5.291427915817165
4.8342,5.0700293,-0.2358292587280273,0.2358292587280273,4.878351303693454
5.395493,5.6284285,-0.23293545916748037,0.23293545916748037,4.317222896279601
4.460565,4.69334,-0.23277482467651378,0.23277482467651378,5.218505383764058
4.460839,4.69334,-0.23250082467651367,0.23250082467651367,5.212042503020208
4.460872,4.69334,-0.2324678246765135,0.2324678246765135,5.211264180440556
4.460974,4.69334,-0.23236582467651345,0.23236582467651345,5.20885852890657
4.461015,4.69334,-0.23232482467651394,0.23232482467651394,5.207891582326131
4.461023,4.69334,-0.2323168246765137,0.2323168246765137,5.207702911895008
4.461033,4.69334,-0.2323068246765141,0.2323068246765141,5.2074670748077105
4.461036,4.69334,-0.23230382467651367,0.23230382467651367,5.207396323887687
4.461052,4.69334,-0.2322878246765141,0.2322878246765141,5.2070189872547346
4.461095,4.69334,-0.23224482467651342,0.23224482467651342,5.206004908465464
4.461099,4.69334,-0.23224082467651375,0.23224082467651375,5.20591057654869
4.461107,4.69334,-0.23223282467651352,0.23223282467651352,5.20572191322261
4.461132,4.69334,-0.23220782467651357,0.23220782467651357,5.205132344689833
4.461146,4.69334,-0.2321938246765134,0.2321938246765134,5.204802189197766
4.46115,4.69334,-0.23218982467651372,0.23218982467651372,5.204707859437791
4.461152,4.69334,-0.23218782467651344,0.23218782467651344,5.204660694621227
4.837853,5.0700293,-0.23217625872802738,0.23217625872802738,4.799159022054375
4.461167,4.69334,-0.232172824676514,0.232172824676514,5.20430695984503
4.461169,4.69334,-0.23217082467651373,0.23217082467651373,5.204259795387924
4.461185,4.69334,-0.23215482467651327,0.23215482467651327,5.203882481253509
4.461214,4.69334,-0.23212582467651366,0.23212582467651366,5.203198606283188
4.461251,4.69334,-0.23208882467651382,0.23208882467651382,5.202326089056893
4.461255,4.69334,-0.23208482467651326,0.23208482467651326,5.2022317637371325
4.46133,4.69334,-0.23200982467651343,0.23200982467651343,5.200463195309761
4.461357,4.69334,-0.2319828246765141,0.2319828246765141,5.199826525232441
4.461375,4.69334,-0.23196482467651336,0.23196482467651336,5.199402082795415
4.461378,4.69334,-0.23196182467651383,0.23196182467651383,5.199331342722237
4.46138,4.69334,-0.23195982467651355,0.23195982467651355,5.199284182726292
4.461398,4.69334,-0.2319418246765137,0.2319418246765137,5.19885974466557
4.461412,4.69334,-0.23192782467651352,0.23192782467651352,5.198529628541703
4.461414,4.69334,-0.23192582467651324,0.23192582467651324,5.198482469264559
4.461449,4.69334,-0.23189082467651367,0.23189082467651367,5.197657188758989
4.46147,4.69334,-0.2318698246765134,0.2318698246765134,5.197162026670946
4.461488,4.69334,-0.23185182467651355,0.23185182467651355,5.1967376057341585
4.4615,4.69334,-0.23183982467651365,0.23183982467651365,5.196454660345561
4.461513,4.69334,-0.2318268246765136,0.2318268246765136,5.196148137892178
4.461525,4.69334,-0.2318148246765137,0.2318148246765137,5.195865195674525
4.461529,4.69334,-0.23181082467651404,0.23181082467651404,5.195770881940211
4.461545,4.69334,-0.23179482467651358,0.23179482467651358,5.195393628694055
4.461609,4.69334,-0.2317308246765135,0.2317308246765135,5.193884642767208
4.461683,4.69334,-0.23165682467651383,0.23165682467651383,5.192139931754938
4.461744,4.69334,-0.2315958246765133,0.2315958246765133,5.190701767544767
4.461765,4.69334,-0.2315748246765139,0.2315748246765139,5.1902066709323265
9.970645,10.202086,-0.23144144866943428,0.23144144866943428,2.3212284527943083
4.462367,4.69334,-0.23097282467651326,0.23097282467651326,5.176015882856278
4.462516,4.69334,-0.23082382467651374,0.23082382467651374,5.172504136037635
4.462651,4.69334,-0.23068882467651353,0.23068882467651353,5.169322554493824
4.462819,4.69334,-0.23052082467651402,0.23052082467651402,5.165363521831127
4.462852,4.69334,-0.23048782467651385,0.23048782467651385,5.164585889725881
9.972117,10.202086,-0.2299694486694328,0.2299694486694328,2.306124654044138
5.398821,5.6284285,-0.2296074591674806,0.2296074591674806,4.252918538385097
9.972539,10.202086,-0.22954744866943422,0.22954744866943422,2.3017954471487396
9.974952,10.202086,-0.22713444866943355,0.22713444866943355,2.2770480365936248
9.979165,10.202086,-0.22292144866943353,0.22292144866943353,2.233868752217241
5.40647,5.6284285,-0.2219584591674808,0.2219584591674808,4.10542293147609
9.980557,10.202086,-0.22152944866943436,0.22152944866943436,2.2196100745400758
9.982312,10.202086,-0.2197744486694333,0.2197744486694333,2.201638745284977
9.982505,10.202086,-0.21958144866943385,0.21958144866943385,2.1996627967352302
9.983035,10.202086,-0.21905144866943438,0.21905144866943438,2.1942370097594583
9.983277,10.202086,-0.2188094486694343,0.2188094486694343,2.1917597665299935
9.9857,10.202086,-0.21638644866943402,0.21638644866943402,2.1669632441117503
9.98794,10.202086,-0.21414644866943355,0.21414644866943355,2.1440502112276354
9.991166,10.202086,-0.21092044866943382,0.21092044866943382,2.1110694053859453
9.99477,10.202086,-0.20731644866943277,0.20731644866943277,2.0742493190674574
9.995401,10.202086,-0.20668544866943428,0.20668544866943428,2.067805470409506
9.99542,10.202086,-0.2066664486694343,0.2066664486694343,2.0676114527190124
9.995571,10.202086,-0.2065154486694336,0.2065154486694336,2.066069548876873
9.995645,10.202086,-0.20644144866943392,0.20644144866943392,2.0653139308905892
9.995669,10.202086,-0.20641744866943412,0.20641744866943412,2.0650688680004214
9.995694,10.202086,-0.2063924486694333,0.2063924486694333,2.0648135954078675
9.99576,10.202086,-0.20632644866943295,0.20632644866943295,2.064139681898813
9.995866,10.202086,-0.20622044866943412,0.20622044866943412,2.063057354584096
9.996272,10.202086,-0.2058144486694342,0.2058144486694342,2.0589120490856523
9.996448,10.202086,-0.20563844866943448,0.20563844866943448,2.0571151739835725
9.99678,10.202086,-0.20530644866943426,0.20530644866943426,2.053725786377019
9.996874,10.202086,-0.20521244866943356,0.20521244866943356,2.052766181382108
9.996878,10.202086,-0.205208448669433,0.205208448669433,2.052725347527301
9.996962,10.202086,-0.2051244486694337,0.2051244486694337,2.0518678441248634
9.997214,10.202086,-0.204872448669434,0.204872448669434,2.0492954203779643
9.997273,10.202086,-0.20481344866943374,0.20481344866943374,2.048693165300028
9.997689,10.202086,-0.2043974486694342,0.2043974486694342,2.044446958365976
4.866277,5.0700293,-0.20375225872802716,0.20375225872802716,4.187025496572434
5.425922,5.6284285,-0.20250645916748056,0.20250645916748056,3.7322036543051738
5.426887,5.6284285,-0.20154145916748067,0.20154145916748067,3.713758166767926
5.427521,5.6284285,-0.20090745916748087,0.20090745916748087,3.7016431472817746
5.427841,5.6284285,-0.20058745916748055,0.20058745916748055,3.6955293856946994
5.428388,5.6284285,-0.20004045916748048,0.20004045916748048,3.685080343626789
5.428867,5.6284285,-0.19956145916748014,0.19956145916748014,3.6759319976673623
5.431722,5.6284285,-0.19670645916748075,0.19670645916748075,3.6214382688189737
5.432259,5.6284285,-0.1961694591674803,0.1961694591674803,3.611194885293008
10.011857,10.202086,-0.19022944866943448,0.19022944866943448,1.9000416073415196
5.438376,5.6284285,-0.1900524591674806,0.1900524591674806,3.4946546388845854
5.446488,5.6284285,-0.18194045916748003,0.18194045916748003,3.340509685583435
5.446525,5.6284285,-0.18190345916748019,0.18190345916748019,3.3398076601895776
5.446922,5.6284285,-0.18150645916748065,0.18150645916748065,3.332275717628201
5.447279,5.6284285,-0.1811494591674805,0.1811494591674805,3.325503598478341
5.447369,5.6284285,-0.18105945916748034,0.18105945916748034,3.3237964816438272
5.447483,5.6284285,-0.1809454591674804,0.1809454591674804,3.32163421463011
5.447518,5.6284285,-0.18091045916748083,0.18091045916748083,3.3209703788800677
5.447598,5.6284285,-0.1808304591674803,0.1808304591674803,3.319453072054158
5.447608,5.6284285,-0.18082045916748068,0.18082045916748068,3.3192634118343576
5.447735,5.6284285,-0.1806934591674807,0.1806934591674807,3.3168547876165757
5.447799,5.6284285,-0.18062945916748063,0.18062945916748063,3.3156410352908576
5.447879,5.6284285,-0.1805494591674801,0.1805494591674801,3.3141238849865418
5.448002,5.6284285,-0.18042645916748068,0.18042645916748068,3.311791353310239
5.448028,5.6284285,-0.1804004591674806,0.1804004591674806,3.311298311318688
5.448043,5.6284285,-0.18038545916748028,0.18038545916748028,3.3110138661565127
5.448739,5.6284285,-0.1796894591674807,0.1796894591674807,3.297817332857802
5.449015,5.6284285,-0.1794134591674803,0.1794134591674803,3.2925851583118733
5.449028,5.6284285,-0.17940045916748026,0.17940045916748026,3.292338728378491
5.449325,5.6284285,-0.1791034591674805,0.1791034591674805,3.2867090724850105
5.449411,5.6284285,-0.1790174591674809,0.1790174591674809,3.28507905100562
5.449632,5.6284285,-0.17879645916748022,0.17879645916748022,3.2808905108491606
5.449677,5.6284285,-0.17875145916748014,0.17875145916748014,3.280037682310348
5.449824,5.6284285,-0.1786044591674809,0.1786044591674809,3.2772518738991145
5.449957,5.6284285,-0.17847145916748008,0.17847145916748008,3.274731510068893
5.450023,5.6284285,-0.17840545916748063,0.17840545916748063,3.2734808488736133
5.450045,5.6284285,-0.17838345916748022,0.17838345916748022,3.2730639685398404
5.452708,5.6284285,-0.17572045916748014,0.17572045916748014,3.2226273470770392
5.452788,5.6284285,-0.1756404591674805,0.1756404591674805,3.2211129272632535
5.452792,5.6284285,-0.17563645916748083,0.17563645916748083,3.221037207439048
5.453079,5.6284285,-0.17534945916748068,0.17534945916748068,3.2156045999748963
5.453296,5.6284285,-0.17513245916748055,0.17513245916748055,3.211497398348981
5.453431,5.6284285,-0.17499745916748033,0.17499745916748033,3.2089423917579842
5.453433,5.6284285,-0.17499545916748005,0.17499545916748005,3.208904540759392
5.453586,5.6284285,-0.17484245916748087,0.17484245916748087,3.2060090216652832
4.895662,5.0700293,-0.1743672587280276,0.1743672587280276,3.5616686512358484
4.896664,5.0700293,-0.173365258728027,0.173365258728027,3.540476919071566
4.897892,5.0700293,-0.17213725872802765,0.17213725872802765,3.5145172397536153
4.898843,5.0700293,-0.17118625872802706,0.17118625872802706,3.494422228361526
4.89932,5.0700293,-0.170709258728027,0.170709258728027,3.484345964838848
4.900235,5.0700293,-0.169794258728027,0.169794258728027,3.465022773898843
4.900307,5.0700293,-0.1697222587280276,0.1697222587280276,3.4635025667690638
4.434872,4.60001,-0.16513791821289026,0.16513791821289026,3.7236230991371704
4.435618,4.60001,-0.1643919182128908,0.1643919182128908,3.706178444789083
4.436922,4.60001,-0.1630879182128906,0.1630879182128906,3.6756994648365438
4.436963,4.60001,-0.1630469182128902,0.1630469182128902,3.6747414438483132
4.437484,4.60001,-0.1625259182128902,0.1625259182128902,3.6625691091895227
4.438065,4.60001,-0.1619449182128907,0.1619449182128907,3.6489983407012225
4.439693,4.60001,-0.1603169182128905,0.1603169182128905,3.6109910799976377
4.44016,4.60001,-0.15984991821289096,0.15984991821289096,3.6000936499876333
4.441569,4.60001,-0.1584409182128903,0.1584409182128903,3.56722856741217
4.444537,4.60001,-0.15547291821289022,0.15547291821289022,3.4980678124491287
4.480121,4.6278534,-0.14773239355468792,0.14773239355468792,3.297509008158271
4.480127,4.6278534,-0.14772639355468709,0.14772639355468709,3.2973706672018386
4.481722,4.6278534,-0.14613139355468707,0.14613139355468707,3.260608166937317
4.482327,4.6278534,-0.14552639355468777,0.14552639355468777,3.246670614425077
4.484647,4.6278534,-0.14320639355468767,0.14320639355468767,3.193258991209217
4.92705,5.0700293,-0.14297925872802697,0.14297925872802697,2.9019242492997845
4.927072,5.0700293,-0.14295725872802745,0.14295725872802745,2.901464779185812
4.927095,5.0700293,-0.14293425872802779,0.14293425872802779,2.9009844284538215
4.927212,5.0700293,-0.14281725872802742,0.14281725872802742,2.898540974594332
4.927242,5.0700293,-0.14278725872802767,0.14278725872802767,2.8979144666555805
4.927373,5.0700293,-0.14265625872802712,0.14265625872802712,2.8951788047126112
4.9275,5.0700293,-0.14252925872802713,0.14252925872802713,2.8925268132954765
4.927973,5.0700293,-0.14205625872802763,0.14205625872802763,2.882650913979135
4.928131,5.0700293,-0.14189825872802775,0.14189825872802775,2.8793524101763612
4.928133,5.0700293,-0.14189625872802747,0.14189625872802747,2.879310658319249
4.92816,5.0700293,-0.14186925872802725,0.14186925872802725,2.878747011565138
4.928172,5.0700293,-0.14185725872802735,0.14185725872802735,2.8784965038791026
4.928295,5.0700293,-0.14173425872802703,0.14173425872802703,2.8759288704339148
4.928315,5.0700293,-0.1417142587280278,0.1417142587280278,2.875511381174951
4.928375,5.0700293,-0.1416542587280274,0.1416542587280274,2.8742589337287265
4.928383,5.0700293,-0.14164625872802716,0.14164625872802716,2.8740919430400003
4.928399,5.0700293,-0.1416302587280276,0.1416302587280276,2.8737579632889676
4.92841,5.0700293,-0.14161925872802694,0.14161925872802694,2.873528353468023
4.928422,5.0700293,-0.14160725872802704,0.14160725872802704,2.873277871195968
4.928424,5.0700293,-0.14160525872802765,0.14160525872802765,2.8732361242692273
4.928461,5.0700293,-0.14156825872802692,0.14156825872802692,2.872463812235796
4.928469,5.0700293,-0.14156025872802758,0.14156025872802758,2.8722968273748966
4.92851,5.0700293,-0.14151925872802718,0.14151925872802718,2.8714410384711755
4.928535,5.0700293,-0.14149425872802723,0.14149425872802723,2.8709192229568483
4.928573,5.0700293,-0.14145625872802725,0.14145625872802725,2.870126073513715
4.928584,5.0700293,-0.1414452587280275,0.1414452587280275,2.86989647990493
4.928659,5.0700293,-0.14137025872802766,0.14137025872802766,2.8683310962507114
4.928752,5.0700293,-0.1412772587280271,0.1412772587280271,2.8663900866824035
4.928784,5.0700293,-0.14124525872802707,0.14124525872802707,2.8657222293604536
4.928791,5.0700293,-0.14123825872802698,0.14123825872802698,2.8655761367272703
4.928811,5.0700293,-0.14121825872802773,0.14121825872802773,2.865158731490467
4.928944,5.0700293,-0.1410852587280269,0.1410852587280269,2.8623830728278614
4.931641,5.0700293,-0.1383882587280274,0.1383882587280274,2.8061300229522237
4.466883,4.60001,-0.13312691821289047,0.13312691821289047,2.980309047940368
4.466936,4.60001,-0.13307391821289105,0.13307391821289105,2.9790871910838206
4.466938,4.60001,-0.13307191821289077,0.13307191821289077,2.979041083845617
4.46694,4.60001,-0.1330699182128905,0.1330699182128905,2.978994976648701
4.466973,4.60001,-0.13303691821289032,0.13303691821289032,2.978234213860529
4.466981,4.60001,-0.13302891821289098,0.13302891821289098,2.9780497882107166
4.467014,4.60001,-0.1329959182128908,0.1329959182128908,2.9772890393876876
4.467016,4.60001,-0.13299391821289053,0.13299391821289053,2.977242933759657
4.467055,4.60001,-0.1329549182128904,0.1329549182128904,2.976343882265028
4.467094,4.60001,-0.13291591821289028,0.13291591821289028,2.975444846468752
4.467147,4.60001,-0.13286291821289087,0.13286291821289087,2.9742231050358687
4.467147,4.60001,-0.13286291821289087,0.13286291821289087,2.9742231050358687
4.467167,4.60001,-0.13284291821289074,0.13284291821289074,2.9737620780668594
4.467196,4.60001,-0.13281391821289024,0.13281391821289024,2.973093596294345
4.467251,4.60001,-0.13275891821289054,0.13275891821289054,2.9718258098754404
4.46729,4.60001,-0.13271991821289042,0.13271991821289042,2.970926852967224
4.467306,4.60001,-0.13270391821289085,0.13270391821289085,2.9705580546736736
4.467343,4.60001,-0.132666918212891,0.132666918212891,2.9697052187378787
4.467345,4.60001,-0.13266491821289073,0.13266491821289073,2.9696591199005464
4.467354,4.60001,-0.13265591821289036,0.13265591821289036,2.969451675643365
4.467366,4.60001,-0.13264391821289045,0.13264391821289045,2.9691750846006637
4.467372,4.60001,-0.1326379182128905,0.1326379182128905,2.969036789636535
4.467382,4.60001,-0.13262791821289088,0.13262791821289088,2.9688062988551702
4.467403,4.60001,-0.1326069182128906,0.1326069182128906,2.9683222715730437
4.467419,4.60001,-0.13259091821289104,0.13259091821289104,2.967953491936241
4.467423,4.60001,-0.13258691821289048,0.13258691821289048,2.967861297439768
4.467479,4.60001,-0.13253091821289065,0.13253091821289065,2.9665705918242495
4.467524,4.60001,-0.13248591821289057,0.13248591821289057,2.965533441116937
4.46755,4.60001,-0.1324599182128905,0.1324599182128905,2.964934208009436
4.467612,4.60001,-0.1323979182128907,0.1323979182128907,2.96350529566863
4.467612,4.60001,-0.1323979182128907,0.1323979182128907,2.96350529566863
4.467663,4.60001,-0.13234691821289069,0.13234691821289069,2.962329929762571
17.472665,17.340328,0.13233678344726485,0.13233678344726485,0.7573932393627845
4.467694,4.60001,-0.1323159182128908,0.1323159182128908,2.9616155047756
4.468763,4.60001,-0.13124691821289058,0.13124691821289058,2.936985429971417
4.468771,4.60001,-0.13123891821289035,0.13123891821289035,2.936801152038302
4.468804,4.60001,-0.13120591821289018,0.13120591821289018,2.9360410125383463
4.468818,4.60001,-0.1311919182128909,0.1311919182128909,2.935718532505803
4.468834,4.60001,-0.13117591821289043,0.13117591821289043,2.935349986371279
4.468834,4.60001,-0.13117591821289043,0.13117591821289043,2.935349986371279
4.468881,4.60001,-0.13112891821289097,0.13112891821289097,2.934267397363159
4.468888,4.60001,-0.13112191821289088,0.13112191821289088,2.9341061626506812
4.468994,4.60001,-0.13101591821289027,0.13101591821289027,2.9316646701686913
4.469096,4.60001,-0.13091391821289022,0.13091391821289022,2.929315418822082
4.469156,4.60001,-0.13085391821289072,0.13085391821289072,2.9279335563574596
4.469305,4.60001,-0.13070491821289032,0.13070491821289032,2.924502091711481
4.499159,4.6278534,-0.1286943935546878,0.1286943935546878,2.8604099911078364
4.748427,4.6278534,0.1205736064453129,0.1205736064453129,2.539232601507271
4.509501,4.6278534,-0.1183523935546873,0.1183523935546873,2.6245119704389195
4.509587,4.6278534,-0.11826639355468771,0.11826639355468771,2.6225548714785893
4.509626,4.6278534,-0.11822739355468759,0.11822739355468759,2.6216673744577914
4.509721,4.6278534,-0.11813239355468763,0.11813239355468763,2.619505586976847
4.509739,4.6278534,-0.11811439355468778,0.11811439355468778,2.6190959954017003
4.509745,4.6278534,-0.11810839355468783,0.11810839355468783,2.618959465603241
4.509749,4.6278534,-0.11810439355468727,0.11810439355468727,2.618868445939417
4.509811,4.6278534,-0.11804239355468749,0.11804239355468749,2.617457661797136
4.509821,4.6278534,-0.11803239355468786,0.11803239355468786,2.6172301196005483
4.509903,4.6278534,-0.11795039355468706,0.11795039355468706,2.6153643116508642
4.509946,4.6278534,-0.11790739355468727,0.11790739355468727,2.614385927283229
4.50996,4.6278534,-0.11789339355468709,0.11789339355468709,2.6140673875615974
4.510028,4.6278534,-0.11782539355468735,0.11782539355468735,2.612520222758591
4.510075,4.6278534,-0.11777839355468789,0.11777839355468789,2.6114508861177796
4.510187,4.6278534,-0.11766639355468733,0.11766639355468733,2.6089027694877935
4.510216,4.6278534,-0.11763739355468772,0.11763739355468772,2.6082430099152565
4.510218,4.6278534,-0.11763539355468744,0.11763539355468744,2.6081975095678134
4.510263,4.6278534,-0.11759039355468737,0.11759039355468737,2.6071737624187366
4.510325,4.6278534,-0.11752839355468758,0.11752839355468758,2.605763299808369
4.510433,4.6278534,-0.11742039355468759,0.11742039355468759,2.603306457541533
4.510448,4.6278534,-0.11740539355468727,0.11740539355468727,2.602965238754206
4.510605,4.6278534,-0.11724839355468752,0.11724839355468752,2.5993939516337194
4.511152,4.6278534,-0.11670139355468745,0.11670139355468745,2.5869532561106454
4.511427,4.6278534,-0.1164263935546872,0.1164263935546872,2.580699932684414
4.511474,4.6278534,-0.11637939355468774,0.11637939355468774,2.579631259142979
4.511539,4.6278534,-0.11631439355468753,0.11631439355468753,2.5781533430634065
4.511666,4.6278534,-0.11618739355468755,0.11618739355468755,2.5752658453022073
4.511754,4.6278534,-0.11609939355468768,0.11609939355468768,2.5732651547959935
4.511795,4.6278534,-0.11605839355468728,0.11605839355468728,2.5723330415525294
4.51182,4.6278534,-0.11603339355468734,0.11603339355468734,2.57176468813285
4.511863,4.6278534,-0.11599039355468754,0.11599039355468754,2.5707871349843017
39.199702,39.09106,0.10864136157226767,0.10864136157226767,0.27714843743452566
17.441284,17.340328,0.10095578344726519,0.10095578344726519,0.5788322892207155
17.438664,17.340328,0.0983357834472649,0.0983357834472649,0.5638951667782636
17.437981,17.340328,0.09765278344726624,0.09765278344726624,0.5600005152357159
17.433244,17.340328,0.09291578344726403,0.09291578344726403,0.5329804564585402
17.426267,17.340328,0.08593878344726491,0.08593878344726491,0.49315658624289277
17.426003,17.340328,0.08567478344726709,0.08567478344726709,0.49164908009470354
7.595398,7.513256,0.08214192700195344,0.08214192700195344,1.081469687314239
3.362725,3.2870808,0.07564423522949237,0.07564423522949237,2.2494921596991393
17.415741,17.340328,0.07541278344726621,0.07541278344726621,0.43301507209387874
17.409547,17.340328,0.06921878344726551,0.06921878344726551,0.3975909507976739
17.275836,17.340328,-0.06449221655273263,0.06449221655273263,0.3733088028409121
7.57427,7.513256,0.061013927001953405,0.061013927001953405,0.8055420126447548
7.572708,7.513256,0.059451927001953564,0.059451927001953564,0.7850814662491737
7.572315,7.513256,0.05905892700195281,0.05905892700195281,0.7799322532299948
3.343989,3.2870808,0.05690823522949229,0.05690823522949229,1.7018068907460664
17.39038,17.340328,0.05005178344726602,0.05005178344726602,0.28781305208384295
17.389117,17.340328,0.04878878344726445,0.04878878344726445,0.28057079291020864
17.389111,17.340328,0.04878278344726539,0.04878278344726539,0.28053638536774456
17.29189,17.340328,-0.048438216552735724,0.048438216552735724,0.2801210078970871
17.38851,17.340328,0.04818178344726576,0.04818178344726576,0.27708977621997904
17.388364,17.340328,0.04803578344726489,0.04803578344726489,0.27625246082373617
17.387959,17.340328,0.047630783447264236,0.047630783447264236,0.27392969725193345
17.292709,17.340328,-0.04761921655273582,0.04761921655273582,0.27537164103357353
17.292767,17.340328,-0.04756121655273304,0.04756121655273304,0.2750353170921577
17.293035,17.340328,-0.04729321655273466,0.04729321655273466,0.2734812978315327
17.387433,17.340328,0.047104783447267096,0.047104783447267096,0.2709128106891695
17.293462,17.340328,-0.04686621655273271,0.04686621655273271,0.271005403964005
17.29349,17.340328,-0.0468382165527359,0.0468382165527359,0.27084305453939644
17.293796,17.340328,-0.046532216552733985,0.046532216552733985,0.26906884152250277
17.293872,17.340328,-0.04645621655273402,0.04645621655273402,0.26862819704265994
17.293981,17.340328,-0.04634721655273566,0.04634721655273566,0.2679962268518028
17.294489,17.340328,-0.045839216552735707,0.045839216552735707,0.26505100296672923
17.385935,17.340328,0.04560678344726554,0.04560678344726554,0.2623199928390577
17.294866,17.340328,-0.04546221655273541,0.04546221655273541,0.26286538763857753
17.294943,17.340328,-0.04538521655273442,0.04538521655273442,0.2624190004700912
17.295459,17.340328,-0.04486921655273335,0.04486921655273335,0.25942772928127505
17.295692,17.340328,-0.04463621655273542,0.04463621655273542,0.25807707810984
17.296031,17.340328,-0.04429721655273511,0.04429721655273511,0.2561120325956805
17.384474,17.340328,0.044145783447266496,0.044145783447266496,0.25393798769529957
17.296461,17.340328,-0.04386721655273362,0.04386721655273362,0.2536196078057818
17.29689,17.340328,-0.043438216552733167,0.043438216552733167,0.2511331028438178
17.297478,17.340328,-0.04285021655273269,0.04285021655273269,0.2477252264895782
17.297481,17.340328,-0.04284721655273316,0.04284721655273316,0.24770783995938747
17.297533,17.340328,-0.042795216552732995,0.042795216552732995,0.24740647439427105
17.297893,17.340328,-0.042435216552735966,0.042435216552735966,0.24532014709820818
17.297941,17.340328,-0.04238721655273281,0.04238721655273281,0.24504197668663436
7.471434,7.513256,-0.04182207299804652,0.04182207299804652,0.5597596525310504
17.299452,17.340328,-0.040876216552735656,0.040876216552735656,0.23628619306842424
17.299529,17.340328,-0.04079921655273466,0.04079921655273466,0.23584004253814558
7.47312,7.513256,-0.04013607299804711,0.04013607299804711,0.5370725078348807
39.130019,39.09106,0.038958361572262845,0.038958361572262845,0.09956131524537026
7.476289,7.513256,-0.03696707299804647,0.03696707299804647,0.49445751759398293
7.549383,7.513256,0.03612692700195286,0.03612692700195286,0.47854145168518164
7.549291,7.513256,0.03603492700195332,0.03603492700195332,0.47732862597926073
7.477384,7.513256,-0.035872072998047067,0.035872072998047067,0.4797409494760109
7.549034,7.513256,0.035777927001952925,0.035777927001952925,0.4739404671045194
7.548999,7.513256,0.03574292700195336,0.03574292700195336,0.4734790268415704
7.548912,7.513256,0.03565592700195275,0.03565592700195275,0.4723319996508162
17.305243,17.340328,-0.035085216552733556,0.035085216552733556,0.2027432758530511
7.548216,7.513256,0.03495992700195316,0.03495992700195316,0.4631548302471737
7.54821,7.513256,0.03495392700195321,0.03495392700195321,0.4630757093601018
5.104941,5.0700293,0.03491174127197283,0.03491174127197283,0.6838813861176642
7.548038,7.513256,0.03478192700195315,0.03478192700195315,0.460807523776276
7.547953,7.513256,0.034696927001952815,0.034696927001952815,0.4596865799441667
3.320828,3.2870808,0.0337472352294923,0.0337472352294923,1.0162295436100897
7.545492,7.513256,0.032235927001953435,0.032235927001953435,0.42722100827257137
3.255207,3.2870808,-0.03187376477050785,0.03187376477050785,0.9791624547848629
3.255208,3.2870808,-0.03187276477050771,0.03187276477050771,0.9791314339829768
3.255282,3.2870808,-0.031798764770508026,0.031798764770508026,0.9768359475317712
3.255405,3.2870808,-0.03167576477050771,0.03167576477050771,0.9730207077010291
3.255408,3.2870808,-0.03167276477050773,0.03167276477050773,0.9729276566726752
3.255484,3.2870808,-0.03159676477050777,0.03159676477050777,0.970570421158181
3.255516,3.2870808,-0.031564764770507736,0.031564764770507736,0.969577933867877
3.255536,3.2870808,-0.031544764770507605,0.031544764770507605,0.9689576392194295
3.25574,3.2870808,-0.031340764770507956,0.031340764770507956,0.9626310691131764
7.481948,7.513256,-0.03130807299804683,0.03130807299804683,0.4184481501024651
3.255775,3.2870808,-0.03130576477050795,0.03130576477050795,0.961545707843644
3.318268,3.2870808,0.031187235229492405,0.031187235229492405,0.9398648701235867
3.255967,3.2870808,-0.031113764770507757,0.031113764770507757,0.9555921411228112
7.482146,7.513256,-0.03111007299804669,0.03111007299804669,0.4157907771063395
3.318144,3.2870808,0.031063235229492392,0.031063235229492392,0.9361629642521913
3.317865,3.2870808,0.03078423522949203,0.03078423522949203,0.9278326643357762
17.310087,17.340328,-0.03024121655273504,0.03024121655273504,0.17470285708304262
3.317258,3.2870808,0.030177235229492005,0.030177235229492005,0.909704196314616
3.256973,3.2870808,-0.030107764770507917,0.030107764770507917,0.9244094062058086
17.369622,17.340328,0.029293783447265298,0.029293783447265298,0.1686495160752298
1.338549,1.3093352,0.02921376821899413,0.02921376821899413,2.182495240503832
3.258421,3.2870808,-0.028659764770508023,0.028659764770508023,0.879559908606913
1.337924,1.3093352,0.028588768218994032,0.028588768218994032,2.1368006117580096
7.484672,7.513256,-0.028584072998047105,0.028584072998047105,0.3819014780830102
7.485035,7.513256,-0.028221072998046992,0.028221072998046992,0.3770332803743731
17.312567,17.340328,-0.027761216552733003,0.027761216552733003,0.1603529768437728
7.540751,7.513256,0.02749492700195333,0.02749492700195333,0.36461788754977736
7.486092,7.513256,-0.027164072998046684,0.027164072998046684,0.36286052853322964
17.313678,17.340328,-0.026650216552734918,0.026650216552734918,0.15392579527343062
17.313786,17.340328,-0.026542216552734033,0.026542216552734033,0.15330105473511532
1.335002,1.3093352,0.025666768218994163,0.025666768218994163,1.9226014805274867
1.334899,1.3093352,0.0255637682189942,0.0255637682189942,1.9150338877382607
3.312273,3.2870808,0.025192235229491988,0.025192235229491988,0.7605724295289493
0.494032,0.46911788,0.024914120132446316,0.024914120132446316,5.043017482147573
17.315771,17.340328,-0.024557216552732797,0.024557216552732797,0.14181994294444628
7.48872,7.513256,-0.024536072998047054,0.024536072998047054,0.3276404111479587
17.317999,17.340328,-0.02232921655273401,0.02232921655273401,0.12893646981158202
7.491376,7.513256,-0.021880072998047062,0.021880072998047062,0.2920701483646661
3.308759,3.2870808,0.02167823522949197,0.02167823522949197,0.6551772198832492
17.318925,17.340328,-0.02140321655273425,0.02140321655273425,0.12358282371804641
3.266183,3.2870808,-0.020897764770507976,0.020897764770507976,0.6398222258173579
3.307886,3.2870808,0.02080523522949207,0.02080523522949207,0.6289586530147385
3.307536,3.2870808,0.020455235229491997,0.020455235229491997,0.6184433133569387
7.533287,7.513256,0.020030927001952747,0.020030927001952747,0.2658988964802064
3.307001,3.2870808,0.019920235229492267,0.019920235229492267,0.6023655641135247
3.306942,3.2870808,0.019861235229492014,0.019861235229492014,0.6005921854357114
17.359979,17.340328,0.019650783447264786,0.019650783447264786,0.11319589411457001
17.320987,17.340328,-0.019341216552735574,0.019341216552735574,0.11166347825689099
1.328532,1.3093352,0.019196768218994187,0.019196768218994187,1.4449609205912408
17.359476,17.340328,0.01914778344726642,0.01914778344726642,0.11030162112702088
0.487561,0.46911788,0.01844312013244631,0.01844312013244631,3.782730802640814
7.494953,7.513256,-0.01830307299804712,0.01830307299804712,0.2442053071954276
17.357954,17.340328,0.017625783447265064,0.017625783447265064,0.1015429782056314
0.48622,0.46911788,0.017102120132446275,0.017102120132446275,3.5173625373141606
0.486187,0.46911788,0.01706912013244627,0.01706912013244627,3.510813766911797
17.357319,17.340328,0.01699078344726601,0.01699078344726601,0.0978882939650307
39.107804,39.09106,0.01674336157226719,0.01674336157226719,0.04281335145339374
7.529862,7.513256,0.016605927001952736,0.016605927001952736,0.22053428073093773
3.270496,3.2870808,-0.016584764770507743,0.016584764770507743,0.5071024324750937
7.529821,7.513256,0.016564927001953222,0.016564927001953222,0.21999097988827662
0.452886,0.46911788,-0.0162318798675537,0.0162318798675537,3.5840983964992517
1.325531,1.3093352,0.016195768218994155,0.016195768218994155,1.2218324745156712
1.325018,1.3093352,0.01568276821899417,0.01568276821899417,1.1835890695681555
0.484675,0.46911788,0.015557120132446312,0.015557120132446312,3.2098045348401523
1.324781,1.3093352,0.015445768218994127,0.015445768218994127,1.1659110613624604
3.271983,3.2870808,-0.015097764770507727,0.015097764770507727,0.4614255260509086
3.302147,3.2870808,0.015066235229492353,0.015066235229492353,0.45625573994846674
7.498665,7.513256,-0.014591072998046961,0.014591072998046961,0.19458227561642477
0.483598,0.46911788,0.014480120132446261,0.014480120132446261,2.9942473148052753
1.323758,1.3093352,0.01442276821899413,0.01442276821899413,1.0895320910547548
1.32375,1.3093352,0.014414768218994123,0.014414768218994123,1.088934331853083
0.48331,0.46911788,0.014192120132446306,0.014192120132446306,2.936442475742249
0.482931,0.46911788,0.013813120132446288,0.013813120132446288,2.860267849772746
17.326797,17.340328,-0.013531216552735259,0.013531216552735259,0.07809415988804606
1.322698,1.3093352,0.01336276821899407,0.01336276821899407,1.0102660031226935
7.526338,7.513256,0.013081927001953098,0.013081927001953098,0.17381530037289425
1.296532,1.3093352,-0.012803231781005842,0.012803231781005842,0.9874983247631638
1.296534,1.3093352,-0.012801231781005784,0.012801231781005784,0.9873425440457745
1.29669,1.3093352,-0.012645231781005961,0.012645231781005961,0.975193128660726
1.321937,1.3093352,0.012601768218994058,0.012601768218994058,0.9532805434783033
1.296811,1.3093352,-0.012524231781005923,0.012524231781005923,0.9657715565367777
7.500767,7.513256,-0.012489072998047135,0.012489072998047135,0.1665039455015818
7.525741,7.513256,0.012484927001953139,0.012484927001953139,0.1658963150842853
1.29694,1.3093352,-0.012395231781005878,0.012395231781005878,0.9557290067428061
3.274728,3.2870808,-0.01235276477050773,0.01235276477050773,0.3772149861035944
1.29706,1.3093352,-0.012275231781005758,0.012275231781005758,0.9463888933479846
1.297198,1.3093352,-0.012137231781005786,0.012137231781005786,0.9356498992497779
1.297521,1.3093352,-0.011814231781005935,0.011814231781005935,0.9105233580108076
1.297635,1.3093352,-0.011700231781005765,0.011700231781005765,0.9016581534949433
39.102569,39.09106,0.0115083615722682,0.0115083615722682,0.029431216072373062
3.275617,3.2870808,-0.011463764770507812,0.011463764770507812,0.34997268515085367
0.457744,0.46911788,-0.011373879867553727,0.011373879867553727,2.484768749578139
0.457819,0.46911788,-0.011298879867553735,0.011298879867553735,2.467979674300489
1.298119,1.3093352,-0.011216231781005837,0.011216231781005837,0.864037255455147
0.457908,0.46911788,-0.01120987986755373,0.01120987986755373,2.4480637737505493
7.524426,7.513256,0.011169927001953184,0.011169927001953184,0.14844889167366035
1.298409,1.3093352,-0.010926231781005935,0.010926231781005935,0.8415092455585588
1.298488,1.3093352,-0.010847231781005773,0.010847231781005773,0.835374048906913
1.298543,1.3093352,-0.010792231781005857,0.010792231781005857,0.8311031502364383
1.298599,1.3093352,-0.0107362317810058,0.0107362317810058,0.8267549705628177
7.502539,7.513256,-0.01071707299804725,0.01071707299804725,0.14284594852361854
0.458593,0.46911788,-0.010524879867553738,0.010524879867553738,2.2950371822637283
0.458607,0.46911788,-0.010510879867553724,0.010510879867553724,2.2919143984417616
0.458816,0.46911788,-0.01030187986755371,0.01030187986755371,2.2453183553556086
1.319518,1.3093352,0.01018276821899411,0.01018276821899411,0.7717036234611734
7.503231,7.513256,-0.010025072998046447,0.010025072998046447,0.1336100807493843
1.319345,1.3093352,0.01000976821899413,0.01000976821899413,0.7586922463976775
1.319344,1.3093352,0.010008768218994213,0.010008768218994213,0.7586170262066296
1.299419,1.3093352,-0.009916231781005758,0.009916231781005758,0.7631281195859556
0.478894,0.46911788,0.009776120132446275,0.009776120132446275,2.04139540908946
0.478656,0.46911788,0.009538120132446315,0.009538120132446315,1.9926878865936342
0.459735,0.46911788,-0.009382879867553706,0.009382879867553706,2.0409322469493887
7.503898,7.513256,-0.009358072998046474,0.009358072998046474,0.12470949095952216
1.318618,1.3093352,0.009282768218994208,0.009282768218994208,0.7039770591854677
7.52251,7.513256,0.009253927001952711,0.009253927001952711,0.12301647989606786
7.522355,7.513256,0.00909892700195325,0.00909892700195325,0.12095848975264117
3.296071,3.2870808,0.00899023522949216,0.00899023522949216,0.2727561156667864
0.478104,0.46911788,0.008986120132446263,0.008986120132446263,1.8795325139648968
3.295947,3.2870808,0.008866235229492148,0.008866235229492148,0.2690041808689018
7.504465,7.513256,-0.008791072998047156,0.008791072998047156,0.11714456657376657
7.505067,7.513256,-0.008189072998046498,0.008189072998046498,0.10911392260638558
0.477226,0.46911788,0.008108120132446273,0.008108120132446273,1.6990105590951168
0.477099,0.46911788,0.007981120132446284,0.007981120132446284,1.6728436091405434
39.083083,39.09106,-0.007977638427732359,0.007977638427732359,0.02041199878656437
1.317273,1.3093352,0.007937768218994057,0.007937768218994057,0.6025909753248921
7.52111,7.513256,0.00785392700195331,0.00785392700195331,0.10442510482959143
39.083359,39.09106,-0.00770163842773286,0.00770163842773286,0.01970567173541341
3.294769,3.2870808,0.007688235229492246,0.007688235229492246,0.23334671502793972
3.294672,3.2870808,0.0075912352294920105,0.0075912352294920105,0.2304094377000685
0.260132,0.2526669,0.007465109378814672,0.007465109378814672,2.869738969425112
0.260101,0.2526669,0.007434109378814724,0.007434109378814724,2.8581625506847574
0.476401,0.46911788,0.007283120132446308,0.007283120132446308,1.5287793541402155
1.316511,1.3093352,0.007175768218994127,0.007175768218994127,0.545059495777025
1.302336,1.3093352,-0.006999231781005921,0.006999231781005921,0.5374367122208467
1.316259,1.3093352,0.0069237682189942085,0.0069237682189942085,0.5260186800977763
3.293981,3.2870808,0.006900235229492235,0.006900235229492235,0.20948011628733604
0.47597,0.46911788,0.006852120132446293,0.006852120132446293,1.4396117677598759
3.280262,3.2870808,-0.006818764770507801,0.006818764770507801,0.20787256537130047
0.475892,0.46911788,0.006774120132446271,0.006774120132446271,1.423457450644855
0.462362,0.46911788,-0.006755879867553716,0.006755879867553716,1.4611667624269618
1.302703,1.3093352,-0.006632231781005915,0.006632231781005915,0.5091131117758079
3.293556,3.2870808,0.006475235229492338,0.006475235229492338,0.1966031617284095
3.29353,3.2870808,0.006449235229492256,0.006449235229492256,0.19581528722363062
1.302892,1.3093352,-0.00644323178100592,0.00644323178100592,0.4945330680141859
7.506934,7.513256,-0.006322072998046657,0.006322072998046657,0.08421644572820862
39.084773,39.09106,-0.006287638427735942,0.006287638427735942,0.016087181644165758
0.382413,0.37614116,0.006271839273452762,0.006271839273452762,1.640069577083596
3.293337,3.2870808,0.006256235229492368,0.006256235229492368,0.18996644525909137
1.303184,1.3093352,-0.006151231781005961,0.006151231781005961,0.47201560029389145
0.463067,0.46911788,-0.0060508798675537045,0.0060508798675537045,1.3066964102920329
7.507328,7.513256,-0.005928072998046652,0.005928072998046652,0.07896382038946065
39.08514,39.09106,-0.005920638427731717,0.005920638427731717,0.015148054804758454
39.085209,39.09106,-0.005851638427735395,0.005851638427735395,0.014971490692861392
0.246848,0.2526669,-0.005818890621185291,0.005818890621185291,2.357276793341657
0.246852,0.2526669,-0.005814890621185315,0.005814890621185315,2.3556181918030625
0.246885,0.2526669,-0.005781890621185309,0.005781890621185309,2.3419367798138295
0.246946,0.2526669,-0.005720890621185304,0.005720890621185304,2.316656523640248
0.246963,0.2526669,-0.005703890621185315,0.005703890621185315,2.309613431516341
0.247011,0.2526669,-0.005655890621185294,0.005655890621185294,2.289732286778954
0.474641,0.46911788,0.005523120132446269,0.005523120132446269,1.1636416009747634
0.247164,0.2526669,-0.005502890621185308,0.005502890621185308,2.226412672945451
0.24718,0.2526669,-0.005486890621185292,0.005486890621185292,2.2197955412919717
0.247191,0.2526669,-0.005475890621185309,0.005475890621185309,2.215246760185469
0.247207,0.2526669,-0.005459890621185293,0.005459890621185293,2.208631073948821
1.30388,1.3093352,-0.005455231781005931,0.005455231781005931,0.41838449708466635
0.247223,0.2526669,-0.005443890621185304,0.005443890621185304,2.2020162440320226
0.247233,0.2526669,-0.005433890621185294,0.005433890621185294,2.1978824101100627
0.102355,0.096943095,0.0054119046735763565,0.0054119046735763565,5.287386711239285
0.247268,0.2526669,-0.005398890621185315,0.005398890621185315,2.1834166244730002
0.247274,0.2526669,-0.005392890621185309,0.005392890621185309,2.180937186685366
39.085689,39.09106,-0.00537163842773225,0.00537163842773225,0.013743235862411192
0.247343,0.2526669,-0.0053238906211852954,0.0053238906211852954,2.152432298077109
0.247352,0.2526669,-0.005314890621185314,0.005314890621185314,2.1487154415717677
39.085806,39.09106,-0.0052546384277363245,0.0052546384277363245,0.013443853320366171
0.257776,0.2526669,0.005109109378814702,0.005109109378814702,1.9819957547765137
39.085985,39.09106,-0.005075638427733509,0.005075638427733509,0.01298582708794603
0.257721,0.2526669,0.005054109378814675,0.005054109378814675,1.9610778232482404
1.314341,1.3093352,0.005005768218994122,0.005005768218994122,0.38085764794777494
1.314307,1.3093352,0.004971768218994033,0.004971768218994033,0.37828058578518964
39.096011,39.09106,0.004950361572262807,0.004950361572262807,0.01266206307403112
0.464187,0.46911788,-0.004930879867553695,0.004930879867553695,1.0622615166929348
7.50844,7.513256,-0.00481607299804665,0.00481607299804665,0.06414212536801929
3.282345,3.2870808,-0.004735764770507966,0.004735764770507966,0.144279920921283
0.257303,0.2526669,0.004636109378814701,0.004636109378814701,1.8018092976035613
0.257267,0.2526669,0.004600109378814721,0.004600109378814721,1.7880681848144737
0.257252,0.2526669,0.004585109378814678,0.004585109378814678,1.7823415860838152
0.257237,0.2526669,0.004570109378814691,0.004570109378814691,1.7766143194945037
0.248104,0.2526669,-0.0045628906211853115,0.0045628906211853115,1.8391040125698126
0.257227,0.2526669,0.004560109378814681,0.004560109378814681,1.7727957706779947
0.152446,0.14789449,0.004551513215065001,0.004551513215065001,2.985656043503499
39.095598,39.09106,0.004537361572268139,0.004537361572268139,0.011605811918407113
0.257198,0.2526669,0.0045311093788146795,0.0045311093788146795,1.7617202999451627
16.271405,16.275925,-0.004519682617186049,0.004519682617186049,0.027776842977962093
0.257156,0.2526669,0.004489109378814693,0.004489109378814693,1.745675534332863
0.464676,0.46911788,-0.004441879867553733,0.004441879867553733,0.9559090348108842
0.152323,0.14789449,0.004428513215064989,0.004428513215064989,2.907317484659356
16.280347,16.275925,0.004422317382811514,0.004422317382811514,0.02716353271084671
39.095373,39.09106,0.0043123615722677755,0.0043123615722677755,0.011030363036200587
16.271686,16.275925,-0.004238682617188516,0.004238682617188516,0.02604943714598762
0.152085,0.14789449,0.004190513215065,0.004190513215065,2.7553757519213757
0.152073,0.14789449,0.004178513215065016,0.004178513215065016,2.7477022300587963
39.086906,39.09106,-0.004154638427735335,0.004154638427735335,0.010629233298037727
0.465018,0.46911788,-0.004099879867553724,0.004099879867553724,0.8816604661909998
39.08701,39.09106,-0.004050638427735009,0.004050638427735009,0.010363131965644458
0.151898,0.14789449,0.004003513215065008,0.004003513215065008,2.6356589372008505
39.09505,39.09106,0.003989361572266148,0.003989361572266148,0.010204262617021703
0.151848,0.14789449,0.003953513215065013,0.003953513215065013,2.6035991336477355
7.517107,7.513256,0.0038509270019533304,0.0038509270019533304,0.05122884378128583
0.465401,0.46911788,-0.003716879867553702,0.003716879867553702,0.7986402837026696
0.472759,0.46911788,0.003641120132446274,0.003641120132446274,0.7701852596515537
0.472754,0.46911788,0.0036361201324462966,0.0036361201324462966,0.7691357728707024
39.087489,39.09106,-0.0035716384277364455,0.0035716384277364455,0.009137548916808924
0.256224,0.2526669,0.0035571093788147046,0.0035571093788147046,1.3882811045906798
3.283544,3.2870808,-0.0035367647705077943,0.0035367647705077943,0.1077118129192142
39.087545,39.09106,-0.0035156384277357233,0.0035156384277357233,0.008994267682267406
39.09454,39.09106,0.003479361572267692,0.003479361572267692,0.008899865741504547
39.087588,39.09106,-0.0034726384277377065,0.0034726384277377065,0.008884248441548306
39.087602,39.09106,-0.003458638427737526,0.003458638427737526,0.008848428275872943
1.312787,1.3093352,0.003451768218994067,0.003451768218994067,0.26293436930218933
0.472562,0.46911788,0.003444120132446271,0.003444120132446271,0.7288186802403606
16.272484,16.275925,-0.003440682617188884,0.003440682617188884,0.021144175758094096
16.272552,16.275925,-0.0033726826171864843,0.0033726826171864843,0.02072620580450908
3.290447,3.2870808,0.003366235229492087,0.003366235229492087,0.10230328066034142
3.290424,3.2870808,0.003343235229491981,0.003343235229491981,0.10160499769605302
39.087732,39.09106,-0.0033286384277317893,0.0033286384277317893,0.008515813677097646
0.076726,0.07349548,0.00323052256202698,0.00323052256202698,4.210466540438071
0.144696,0.14789449,-0.0031984867849350063,0.0031984867849350063,2.2104873546777513
0.144713,0.14789449,-0.0031814867849349893,0.0031814867849349893,2.1984802904621623
0.144731,0.14789449,-0.003163486784934999,0.003163486784934999,2.1857700027977622
0.249524,0.2526669,-0.003142890621185307,0.003142890621185307,1.2595544396233438
0.144761,0.14789449,-0.0031334867849349968,0.0031334867849349968,2.1645932141739856
0.144773,0.14789449,-0.0031214867849349848,0.0031214867849349848,2.1561249561581644
0.144787,0.14789449,-0.0031074867849349985,0.0031074867849349985,2.1462470959331648
0.144789,0.14789449,-0.0031054867849349965,0.0031054867849349965,2.1448361289809035
0.144797,0.14789449,-0.0030974867849349885,0.0030974867849349885,2.1391926509498096
0.14481,0.14789449,-0.0030844867849350033,0.0030844867849350033,2.1300233290553
7.516279,7.513256,0.0030229270019530574,0.0030229270019530574,0.04021839798539728
0.144907,0.14789449,-0.0029874867849349895,0.0029874867849349895,2.061658017123625
0.14493,0.14789449,-0.0029644867849349943,0.0029644867849349943,2.045461107354953
0.144931,0.14789449,-0.0029634867849349933,0.0029634867849349933,2.0447570105017117
0.144966,0.14789449,-0.002928486784934986,0.002928486784934986,2.020119740432147
0.144975,0.14789449,-0.002919486784935005,0.002919486784935005,2.0137863651810437
0.144975,0.14789449,-0.002919486784935005,0.002919486784935005,2.0137863651810437
39.088145,39.09106,-0.0029156384277371217,0.0029156384277371217,0.007459137361800265
0.249754,0.2526669,-0.002912890621185299,0.002912890621185299,1.1663038910363779
0.150801,0.14789449,0.002906513215064993,0.002906513215064993,1.927383248876075
16.278818,16.275925,0.0028933173828136205,0.0028933173828136205,0.017773510231491298
0.145006,0.14789449,-0.0028884867849350016,0.0028884867849350016,1.9919774236535206
0.145007,0.14789449,-0.0028874867849350005,0.0028874867849350005,1.9912740646615172
0.249816,0.2526669,-0.0028508906211852925,0.0028508906211852925,1.141196168397579
39.08821,39.09106,-0.002850638427737806,0.002850638427737806,0.00729283440641184
16.278772,16.275925,0.0028473173828125198,0.0028473173828125198,0.01749098385796563
0.14506,0.14789449,-0.002834486784935003,0.002834486784935003,1.9540099151943977
0.249864,0.2526669,-0.0028028906211853,0.0028028906211853,1.1217664889954269
16.273144,16.275925,-0.002780682617189001,0.002780682617189001,0.017087556142635463
0.249899,0.2526669,-0.0027678906211852927,0.0027678906211852927,1.1076037199339288
0.466351,0.46911788,-0.0027668798675536954,0.0027668798675536954,0.5933041565173852
0.24996,0.2526669,-0.002706890621185315,0.002706890621185315,1.0829295167636364
0.070811,0.07349548,-0.0026844774379730235,0.0026844774379730235,3.7910457897529732
0.250007,0.2526669,-0.0026598906211853235,0.0026598906211853235,1.063926458107732
1.306698,1.3093352,-0.0026372317810059442,0.0026372317810059442,0.20182412315654574
0.099577,0.096943095,0.002633904673576354,0.002633904673576354,2.6450934160812842
0.150527,0.14789449,0.0026325132150649966,0.0026325132150649966,1.7488644650568548
0.150511,0.14789449,0.0026165132150650083,0.0026165132150650083,1.7384199250065364
0.150503,0.14789449,0.0026085132150650003,0.0026085132150650003,1.7331968222107226
0.150503,0.14789449,0.0026085132150650003,0.0026085132150650003,1.7331968222107226
0.150448,0.14789449,0.002553513215065001,0.002553513215065001,1.6972729536901308
0.150441,0.14789449,0.002546513215064994,0.002546513215064994,1.6926989406958841
0.150439,0.14789449,0.002544513215064992,0.002544513215064992,1.691392001657549
18.50421,18.501678,0.002531533203125491,0.002531533203125491,0.01368084994232021
0.150413,0.14789449,0.0025185132150649936,0.0025185132150649936,1.6743986313620465
0.099448,0.096943095,0.0025049046735763497,0.0025049046735763497,2.5188084939441127
0.150393,0.14789449,0.0024985132150650013,0.0024985132150650013,1.6613228098406696
0.150381,0.14789449,0.0024865132150649893,0.0024865132150649893,1.6534756474631196
0.15037,0.14789449,0.002475513215065006,0.002475513215065006,1.6462813150353959
0.150362,0.14789449,0.002467513215064998,0.002467513215064998,1.6410484121147297
16.278387,16.275925,0.002462317382811108,0.002462317382811108,0.015126298341451041
39.093511,39.09106,0.0024503615722650807,0.0024503615722650807,0.006267949615113394
18.504117,18.501678,0.0024385332031258145,0.0024385332031258145,0.013178327845163519
0.075917,0.07349548,0.002421522562026976,0.002421522562026976,3.1896973785018887
39.088749,39.09106,-0.002311638427734408,0.002311638427734408,0.005913820439043711
0.254966,0.2526669,0.002299109378814723,0.002299109378814723,0.9017317516504126
18.503977,18.501678,0.002298533203124009,0.002298533203124009,0.012421833442138345
0.254951,0.2526669,0.0022841093788146805,0.0022841093788146805,0.8959013213985351
16.273652,16.275925,-0.002272682617189048,0.002272682617189048,0.013965412417416096
39.088837,39.09106,-0.0022236384277363186,0.0022236384277363186,0.005688678912935245
16.278137,16.275925,0.002212317382813467,0.002212317382813467,0.013590728366519315
16.278135,16.275925,0.002210317382811411,0.002210317382811411,0.01357844361653121
0.254873,0.2526669,0.0022061093788147135,0.0022061093788147135,0.865572021339703
0.254866,0.2526669,0.0021991093788146787,0.0021991093788146787,0.8628492533142238
7.257176,7.259368,-0.0021919428100583005,0.0021919428100583005,0.030203798420047917
1.3115,1.3093352,0.0021647682189942508,0.0021647682189942508,0.16506048180169194
0.471257,0.46911788,0.0021391201324462705,0.0021391201324462705,0.4539179538961443
0.254804,0.2526669,0.0021371093788146722,0.0021371093788146722,0.8387267774351839
0.254763,0.2526669,0.0020961093788147145,0.0020961093788147145,0.8227683682449751
0.254741,0.2526669,0.0020741093788146925,0.0020741093788146925,0.8142032016834704
0.254737,0.2526669,0.0020701093788146885,0.0020701093788146885,0.8126457397245169
39.089021,39.09106,-0.0020396384277319157,0.0020396384277319157,0.005217931724938053
0.094904,0.096943095,-0.0020390953264236428,0.0020390953264236428,2.1485873348594953
1.307297,1.3093352,-0.002038231781005928,0.002038231781005928,0.1559119144960951
16.277961,16.275925,0.002036317382813735,0.002036317382813735,0.012509658812926417
0.094921,0.096943095,-0.0020220953264236396,0.0020220953264236396,2.1302929007209643
0.094924,0.096943095,-0.0020190953264236505,0.0020190953264236505,2.1270651513806684
0.09493,0.096943095,-0.0020130953264236445,0.0020130953264236445,2.1206102647245704
16.277934,16.275925,0.002009317382810849,0.002009317382810849,0.012343810847239617
18.503687,18.501678,0.0020085332031243297,0.0020085332031243297,0.010854772906142842
0.094951,0.096943095,-0.0019920953264236513,0.0019920953264236513,2.098024585655366
39.093045,39.09106,0.0019843615722621166,0.0019843615722621166,0.005075996439410234
3.289055,3.2870808,0.0019742352294920273,0.0019742352294920273,0.060024390879204
0.094985,0.096943095,-0.001958095326423645,0.001958095326423645,2.061478469613272
0.094988,0.096943095,-0.001955095326423642,0.001955095326423642,2.0582550683932572
0.095011,0.096943095,-0.0019320953264236468,0.0019320953264236468,2.0335490884109184
18.499758,18.501678,-0.0019204667968750755,0.0019204667968750755,0.010381037399865957
0.095039,0.096943095,-0.0019040953264236465,0.0019040953264236465,2.0034883831060495
39.089164,39.09106,-0.0018966384277376847,0.0018966384277376847,0.004852082351346354
7.257473,7.259368,-0.0018949428100585308,0.0018949428100585308,0.026110228863854133
0.095066,0.096943095,-0.0018770953264236473,0.0018770953264236473,1.9745180447785005
18.503539,18.501678,0.0018605332031249588,0.0018605332031249588,0.010055012736292793
3.288935,3.2870808,0.0018542352294921294,0.0018542352294921294,0.0563779834334139
0.075346,0.07349548,0.0018505225620269738,0.0018505225620269738,2.456032914250181
7.515079,7.513256,0.0018229270019531896,0.0018229270019531896,0.024256924004776696
0.075311,0.07349548,0.0018155225620269805,0.0018155225620269805,2.4107003752656055
0.470926,0.46911788,0.0018081201324463003,0.0018081201324463003,0.383949947988081
0.095171,0.096943095,-0.0017720953264236394,0.0017720953264236394,1.8620118781578714
0.075262,0.07349548,0.0017665225620269731,0.0017665225620269731,2.347163986712829
0.095196,0.096943095,-0.0017470953264236422,0.0017470953264236422,1.8352612763019256
0.095211,0.096943095,-0.001732095326423641,0.001732095326423641,1.819217658258419
16.2742,16.275925,-0.0017246826171870566,0.0017246826171870566,0.010597649145128235
0.09522,0.096943095,-0.001723095326423646,0.001723095326423646,1.8095939136883554
39.089339,39.09106,-0.0017216384277318753,0.0017216384277318753,0.004404368228706735
0.467401,0.46911788,-0.0017168798675537,0.0017168798675537,0.36732481684600055
0.095244,0.096943095,-0.0016990953264236497,0.0016990953264236497,1.7839394866235252
0.095245,0.096943095,-0.0016980953264236487,0.0016980953264236487,1.7828708327374436
0.095247,0.096943095,-0.0016960953264236467,0.0016960953264236467,1.7807335922841803
0.095248,0.096943095,-0.0016950953264236457,0.0016950953264236457,1.7796650057155854
0.098628,0.096943095,0.0016849046735763484,0.0016849046735763484,1.7083431397453113
16.274248,16.275925,-0.0016766826171874527,0.0016766826171874527,0.01030267338421505
16.27425,16.275925,-0.0016746826171889495,0.0016746826171889495,0.010290382765280486
0.095269,0.096943095,-0.0016740953264236386,0.0016740953264236386,1.7572298698069768
0.095282,0.096943095,-0.0016610953264236394,0.0016610953264236394,1.7433464082201182
0.098571,0.096943095,0.0016279046735763608,0.0016279046735763608,1.6515046737122034
16.274297,16.275925,-0.0016276826171868208,0.0016276826171868208,0.010001554089720862
0.098562,0.096943095,0.0016189046735763518,0.0016189046735763518,1.6425241694911101
16.277525,16.275925,0.0016003173828131878,0.0016003173828131878,0.009831454000552027
0.098525,0.096943095,0.0015819046735763564,0.0015819046735763564,1.6055870814217401
0.098514,0.096943095,0.0015709046735763593,0.0015709046735763593,1.5946004344375
0.098496,0.096943095,0.0015529046735763552,0.0015529046735763552,1.5766169915526909
7.51171,7.513256,-0.0015460729980469878,0.0015460729980469878,0.020582171010680734
39.089564,39.09106,-0.0014966384277315115,0.0014966384277315115,0.0038287416757262437
18.500207,18.501678,-0.0014714667968753758,0.0014714667968753758,0.007953785581250103
7.25792,7.259368,-0.0014479428100582226,0.0014479428100582226,0.019949831494949968
0.072069,0.07349548,-0.0014264774379730283,0.0014264774379730283,1.9793218110334636
0.470536,0.46911788,0.0014181201324462989,0.0014181201324462989,0.3013839817027634
0.072088,0.07349548,-0.0014074774379730232,0.0014074774379730232,1.9524434524755572
39.089666,39.09106,-0.0013946384277332413,0.0013946384277332413,0.0035677931546656693
18.503072,18.501678,0.0013935332031245196,0.0013935332031245196,0.007531361295664787
18.503061,18.501678,0.0013825332031238702,0.0013825332031238702,0.007471916150070513
0.072117,0.07349548,-0.001378477437973022,0.001378477437973022,1.911445894950672
0.072128,0.07349548,-0.0013674774379730248,0.0013674774379730248,1.8959037212693006
16.277285,16.275925,0.0013603173828116155,0.0013603173828116155,0.008357151593790111
39.089705,39.09106,-0.0013556384277322309,0.0013556384277322309,0.003468019080033381
8.425836,8.424487,0.0013488860473636066,0.0013488860473636066,0.01600892834073198
0.467773,0.46911788,-0.0013448798675537166,0.0013448798675537166,0.2875069461611101
0.072168,0.07349548,-0.0013274774379730264,0.0013274774379730264,1.8394266657432656
0.072171,0.07349548,-0.0013244774379730234,0.0013244774379730234,1.835193410286445
3.285758,3.2870808,-0.001322764770507856,0.001322764770507856,0.04025752263153886
0.072194,0.07349548,-0.0013014774379730282,0.0013014774379730282,1.8027501401366848
3.285805,3.2870808,-0.0012757647705079478,0.0012757647705079478,0.03882655149861667
16.274657,16.275925,-0.0012676826171862388,0.0012676826171862388,0.007789304666626458
0.149161,0.14789449,0.0012665132150649905,0.0012665132150649905,0.8490913940077495
18.502919,18.501678,0.0012405332031235616,0.0012405332031235616,0.006704527016071665
0.072263,0.07349548,-0.0012324774379730286,0.0012324774379730286,1.7055442429285865
16.274704,16.275925,-0.0012206826171876628,0.0012206826171876628,0.007500490437062097
0.074715,0.07349548,0.0012195225620269812,0.0012195225620269812,1.6322325642705595
18.502886,18.501678,0.0012075332031251662,0.0012075332031251662,0.006526188417950801
0.074697,0.07349548,0.001201522562026977,0.001201522562026977,1.6085285358427361
0.14909,0.14789449,0.0011955132150650027,0.0011955132150650027,0.8018735087954452
0.074687,0.07349548,0.001191522562026981,0.001191522562026981,1.5953546941658205
18.502868,18.501678,0.0011895332031244266,0.0011895332031244266,0.006428912550843457
0.149081,0.14789449,0.0011865132150649937,0.0011865132150649937,0.7958849311911705
0.470299,0.46911788,0.0011811201324463116,0.0011811201324463116,0.2511423864807642
7.512076,7.513256,-0.0011800729980464553,0.0011800729980464553,0.015709013034888707
0.14907,0.14789449,0.0011755132150650105,0.0011755132150650105,0.7885645765589628
0.072321,0.07349548,-0.001174477437973026,0.001174477437973026,1.6239784244535445
1.308163,1.3093352,-0.0011722317810058946,0.0011722317810058946,0.08960899986594069
0.149044,0.14789449,0.0011495132150650123,0.0011495132150650123,0.771257624791172
0.074644,0.07349548,0.0011485225620269796,0.0011485225620269796,1.5386669531219022
0.14904,0.14789449,0.0011455132150650083,0.0011455132150650083,0.7685944808752104
0.074639,0.07349548,0.0011435225620269746,0.0011435225620269746,1.5320711162996605
0.074627,0.07349548,0.0011315225620269764,0.0011315225620269764,1.516237501856887
0.074623,0.07349548,0.0011275225620269724,0.0011275225620269724,1.5109584987416937
18.502805,18.501678,0.0011265332031236142,0.0011265332031236142,0.006088445525516406
39.089935,39.09106,-0.0011256384277373854,0.0011256384277373854,0.002879611919882972
8.423363,8.424487,-0.0011241139526365629,0.0011241139526365629,0.013345191850609048
8.425609,8.424487,0.0011218860473629633,0.0011218860473629633,0.013315192377781216
0.074612,0.07349548,0.0011165225620269753,0.0011165225620269753,1.4964383216245873
18.500565,18.501678,-0.001113466796873297,0.001113466796873297,0.006018555632583537
0.072385,0.07349548,-0.0011104774379730176,0.0011104774379730176,1.534126457745239
18.500575,18.501678,-0.0011034667968736755,0.0011034667968736755,0.005964500005365839
3.127314,3.1262121,0.0011018799438478055,0.0011018799438478055,0.035234068079270944
18.502769,18.501678,0.0010905332031256876,0.0010905332031256876,0.005893891898665512
0.470208,0.46911788,0.001090120132446304,0.001090120132446304,0.23183785308086335
16.277011,16.275925,0.0010863173828141726,0.0010863173828141726,0.006673936528073235
7.260451,7.259368,0.0010830571899411723,0.0010830571899411723,0.014917216436365385
0.074562,0.07349548,0.0010665225620269808,0.0010665225620269808,1.430383520555507
16.276977,16.275925,0.0010523173828111965,0.0010523173828111965,0.0064650664727530895
39.090011,39.09106,-0.0010496384277374204,0.0010496384277374204,0.002685183249845428
0.095908,0.096943095,-0.0010350953264236518,0.0010350953264236518,1.079258586712676
0.095912,0.096943095,-0.0010310953264236478,0.0010310953264236478,1.075043086734303
16.276953,16.275925,0.0010283173828113945,0.0010283173828113945,0.006317628261291146
0.095915,0.096943095,-0.0010280953264236448,0.0010280953264236448,1.0718816924899788
0.095918,0.096943095,-0.0010250953264236418,0.0010250953264236418,1.0687204960017112
0.09592,0.096943095,-0.0010230953264236398,0.0010230953264236398,1.0666131415315123
0.095922,0.096943095,-0.0010210953264236516,0.0010210953264236516,1.064505874939165
18.500666,18.501678,-0.0010124667968760548,0.0010124667968760548,0.00547259648312435
1.308325,1.3093352,-0.0010102317810058992,0.0010102317810058992,0.07721565978856045
0.095934,0.096943095,-0.0010090953264236396,0.0010090953264236396,1.0518641205117847
8.423481,8.424487,-0.0010061139526360563,0.0010061139526360563,0.011944158865249558
0.09594,0.096943095,-0.0010030953264236475,0.0010030953264236475,1.0455444292037765
18.500685,18.501678,-0.0009934667968742872,0.0009934667968742872,0.0053698919627512024
0.097921,0.096943095,0.0009779046735763491,0.0009779046735763491,0.9986669586479736
39.090084,39.09106,-0.0009766384277369866,0.0009766384277369866,0.00249843010758045
8.42353,8.424487,-0.0009571139526372008,0.0009571139526372008,0.011362385515642948
0.097888,0.096943095,0.0009449046735763578,0.0009449046735763578,0.9652916318762935
0.097878,0.096943095,0.0009349046735763616,0.0009349046735763616,0.9551734533002189
0.09601,0.096943095,-0.0009330953264236469,0.0009330953264236469,0.9718730605684553
3.125285,3.1262121,-0.0009271200561524751,0.0009271200561524751,0.029665136335496122
18.500763,18.501678,-0.000915466796875819,0.000915466796875819,0.004948265089774248
7.25846,7.259368,-0.0009079428100582376,0.0009079428100582376,0.012508752683706032
0.097843,0.096943095,0.0008999046735763544,0.0008999046735763544,0.919743540832365
8.423608,8.424487,-0.0008791139526369562,0.0008791139526369562,0.010436311288779344
18.502556,18.501678,0.0008775332031234484,0.0008775332031234484,0.004742767448555247
7.260244,7.259368,0.0008760571899415481,0.0008760571899415481,0.01206649790185401
16.275055,16.275925,-0.0008696826171892269,0.0008696826171892269,0.005343653936554337
7.258513,7.259368,-0.000854942810058823,0.000854942810058823,0.011778484243908423
8.425333,8.424487,0.0008458860473634644,0.0008458860473634644,0.01003979364795937
7.258528,7.259368,-0.0008399428100585027,0.0008399428100585027,0.011571806433025137
3.125379,3.1262121,-0.0008331200561522145,0.0008331200561522145,0.026656608882492584
8.423658,8.424487,-0.0008291139526370728,0.0008291139526370728,0.009842682984366533
7.260197,7.259368,0.0008290571899411958,0.0008290571899411958,0.01141921066232468
3.12704,3.1262121,0.000827879943847698,0.000827879943847698,0.026474875403615664
18.500853,18.501678,-0.0008254667968756735,0.0008254667968756735,0.00446177696169583
8.423672,8.424487,-0.0008151139526368922,0.0008151139526368922,0.009676468321976637
3.127024,3.1262121,0.000811879943847682,0.000811879943847682,0.025963342264776947
18.502476,18.501678,0.000797533203126477,0.000797533203126477,0.004310413390738442
7.260142,7.259368,0.0007740571899415016,0.0007740571899415016,0.01066173622955088
3.647754,3.648526,-0.0007719532928467387,0.0007719532928467387,0.0211624274231644
3.125443,3.1262121,-0.0007691200561521505,0.0007691200561521505,0.02460835331591528
18.502447,18.501678,0.000768533203125088,0.000768533203125088,0.004153684121462066
0.072739,0.07349548,-0.0007564774379730244,0.0007564774379730244,1.0399887775925372
3.126966,3.1262121,0.0007538799438475685,0.0007538799438475685,0.024108990754087494
0.074236,0.07349548,0.000740522562026974,0.000740522562026974,0.9975248680282467
0.097683,0.096943095,0.0007399046735763609,0.0007399046735763609,0.757454902919552
0.072758,0.07349548,-0.0007374774379730192,0.0007374774379730192,1.0136032284551746
7.258632,7.259368,-0.0007359428100581766,0.0007359428100581766,0.01013886377003322
3.649261,3.648526,0.0007350467071534084,0.0007350467071534084,0.020142344083727254
0.072766,0.07349548,-0.0007294774379730251,0.0007294774379730251,1.0024976458380666
3.126938,3.1262121,0.0007258799438476515,0.0007258799438476515,0.02321376195576752
7.258644,7.259368,-0.0007239428100582757,0.0007239428100582757,0.009973526874279853
18.500959,18.501678,-0.0007194667968732915,0.0007194667968732915,0.003888808125402595
7.258657,7.259368,-0.0007109428100582349,0.0007109428100582349,0.00979441252077954
3.125502,3.1262121,-0.0007101200561523413,0.0007101200561523413,0.02272019202450106
18.502387,18.501678,0.0007085332031238067,0.0007085332031238067,0.0038294151080072933
8.423783,8.424487,-0.0007041139526364759,0.0007041139526364759,0.008358643054173134
7.26007,7.259368,0.0007020571899412076,0.0007020571899412076,0.00967011598967417
3.126913,3.1262121,0.0007008799438477098,0.0007008799438477098,0.022414436980667366
0.072795,0.07349548,-0.0007004774379730239,0.0007004774379730239,0.9622603709193812
16.276625,16.275925,0.0007003173828117326,0.0007003173828117326,0.00430259579493556
1.316322,1.3156372,0.0006847691268920819,0.0006847691268920819,0.05202139953902317
18.500996,18.501678,-0.000682466796874337,0.000682466796874337,0.0036888111151996803
1.316318,1.3156372,0.0006807691268921889,0.0006807691268921889,0.05171767968230103
8.425165,8.424487,0.0006778860473630743,0.0006778860473630743,0.008045967614343794
0.072818,0.07349548,-0.0006774774379730286,0.0006774774379730286,0.9303708383128594
3.647849,3.648526,-0.0006769532928467825,0.0006769532928467825,0.018557601831331972
3.649202,3.648526,0.0006760467071531551,0.0006760467071531551,0.018525877907954378
7.258704,7.259368,-0.0006639428100587708,0.0006639428100587708,0.009146850595500572
3.647867,3.648526,-0.000658953292846487,0.000658953292846487,0.018064071218287917
0.074154,0.07349548,0.0006585225620269752,0.0006585225620269752,0.8880472545498934
18.501027,18.501678,-0.0006514667968744448,0.0006514667968744448,0.003521246668473721
1.316288,1.3156372,0.0006507691268919924,0.0006507691268919924,0.049439721918193645
0.074145,0.07349548,0.0006495225620269801,0.0006495225620269801,0.8760166715907526
7.260017,7.259368,0.000649057189941793,0.000649057189941793,0.00894016074525518
18.502327,18.501678,0.0006485332031260782,0.0006485332031260782,0.003505143991469684
8.42384,8.424487,-0.0006471139526365022,0.0006471139526365022,0.0076819354668277206
7.260008,7.259368,0.0006400571899414231,0.0006400571899414231,0.00881620502253726
0.072856,0.07349548,-0.0006394774379730184,0.0006394774379730184,0.8777278976272243
3.647891,3.648526,-0.000634953292846685,0.000634953292846685,0.017406037977266288
8.423854,8.424487,-0.0006331139526363216,0.0006331139526363216,0.007515727986605726
3.649158,3.648526,0.0006320467071532221,0.0006320467071532221,0.017320343683005827
16.276556,16.275925,0.0006313173828118579,0.0006313173828118579,0.0038786914308406475
7.259998,7.259368,0.0006300571899418017,0.0006300571899418017,0.008678476081303647
3.647896,3.648526,-0.0006299532928468743,0.0006299532928468743,0.01726894880856267
8.425114,8.424487,0.0006268860473639393,0.0006268860473639393,0.007440683263828816
7.259994,7.259368,0.0006260571899412426,0.0006260571899412426,0.008623384398563128
3.6479,3.648526,-0.0006259532928467593,0.0006259532928467593,0.017159277744170618
1.316259,1.3156372,0.0006217691268921577,0.0006217691268921577,0.047237597375966285
3.647905,3.648526,-0.0006209532928465045,0.0006209532928465045,0.01702218925189889
7.259988,7.259368,0.0006200571899412921,0.0006200571899412921,0.008540746760638604
3.647908,3.648526,-0.0006179532928465292,0.0006179532928465292,0.01693993633692487
18.501061,18.501678,-0.0006174667968750214,0.0006174667968750214,0.0033374669532287037
16.276537,16.275925,0.000612317382813643,0.000612317382813643,0.0037619635110950262
18.50229,18.501678,0.000611533203123571,0.000611533203123571,0.0033051757545701954
18.501068,18.501678,-0.0006104667968749311,0.0006104667968749311,0.0032996300368802038
0.072889,0.07349548,-0.000606477437973027,0.000606477437973027,0.8320561911138455
0.074097,0.07349548,0.0006015225620269737,0.0006015225620269737,0.811804204239267
7.258767,7.259368,-0.0006009428100588465,0.0006009428100588465,0.008278855211230332
7.258767,7.259368,-0.0006009428100588465,0.0006009428100588465,0.008278855211230332
18.501082,18.501678,-0.0005964667968747506,0.0005964667968747506,0.003223956290078206
7.259963,7.259368,0.0005950571899413504,0.0005950571899413504,0.008196421799025064
8.423902,8.424487,-0.0005851139526367177,0.0005851139526367177,0.006945877962846338
7.25879,7.259368,-0.0005779428100582962,0.0005779428100582962,0.007961971761827166
0.074071,0.07349548,0.0005755225620269755,0.0005755225620269755,0.7769877026771447
0.074069,0.07349548,0.0005735225620269735,0.0005735225620269735,0.7743084978231988
3.126782,3.1262121,0.0005698799438476065,0.0005698799438476065,0.018225765142225483
1.316205,1.3156372,0.0005677691268921592,0.0005677691268921592,0.04313683102928665
18.502246,18.501678,0.0005675332031245262,0.0005675332031245262,0.003067374648037102
0.074062,0.07349548,0.0005665225620269804,0.0005665225620269804,0.7649301413168025
7.258802,7.259368,-0.0005659428100583952,0.0005659428100583952,0.007796642063671092
0.074061,0.07349548,0.0005655225620269794,0.0005655225620269794,0.7635902313814142
16.276486,16.275925,0.0005613173828109552,0.0005613173828109552,0.0034486398526531264
0.252106,0.2526669,-0.000560890621185306,0.000560890621185306,0.22248205951576872
7.258812,7.259368,-0.0005559428100587738,0.0005559428100587738,0.007658867732779344
0.252112,0.2526669,-0.0005548906211853,0.0005548906211853,0.22009687002808395
1.316192,1.3156372,0.0005547691268921184,0.0005547691268921184,0.04214955924743266
7.25992,7.259368,0.0005520571899415572,0.0005520571899415572,0.007604177317848584
8.425038,8.424487,0.0005508860473639743,0.0005508860473639743,0.006538677301603097
16.275374,16.275925,-0.0005506826171881585,0.0005506826171881585,0.003383532797370893
0.074041,0.07349548,0.0005455225620269732,0.0005455225620269732,0.7367844319906388
18.501135,18.501678,-0.0005434667968735596,0.0005434667968735596,0.0029374781432091714
7.258825,7.259368,-0.000542942810058733,0.000542942810058733,0.007479761670122276
7.259904,7.259368,0.0005360571899410971,0.0005360571899410971,0.007383805487423984
3.647996,3.648526,-0.0005299532928466633,0.0005299532928466633,0.014527244350929551
0.147369,0.14789449,-0.0005254867849349976,0.0005254867849349976,0.3565789172610377
16.276449,16.275925,0.0005243173828120007,0.0005243173828120007,0.0032213253812842066
3.648004,3.648526,-0.0005219532928468773,0.0005219532928468773,0.01430791448782867
18.501162,18.501678,-0.0005164667968742265,0.0005164667968742265,0.002791537076814067
3.64801,3.648526,-0.0005159532928464827,0.0005159532928464827,0.014143417721780897
0.125684,0.1251704,0.0005136052217483422,0.0005136052217483422,0.4086480549152591
7.259873,7.259368,0.0005050571899412049,0.0005050571899412049,0.006956832301808145
1.316142,1.3156372,0.0005047691268920129,0.0005047691268920129,0.03835217832526132
0.054697,0.05419356,0.0005034399659633662,0.0005034399659633662,0.9204160466624315
0.376644,0.37614116,0.0005028392734527376,0.0005028392734527376,0.1335051861490512
18.50218,18.501678,0.0005015332031241826,0.0005015332031241826,0.00271067086754897
3.649024,3.648526,0.0004980467071531436,0.0004980467071531436,0.013648764906437854
3.12671,3.1262121,0.0004978799438477566,0.0004978799438477566,0.015923444893572898
3.12671,3.1262121,0.0004978799438477566,0.0004978799438477566,0.015923444893572898
0.253162,0.2526669,0.0004951093788146954,0.0004951093788146954,0.19557017981337055
18.501186,18.501678,-0.0004924667968744245,0.0004924667968744245,0.0026618120420591565
0.469604,0.46911788,0.00048612013244631047,0.00048612013244631047,0.10351703399945344
39.090575,39.09106,-0.00048563842773319266,0.00048563842773319266,0.0012423414793257717
0.166314,0.16582881,0.0004851908578872577,0.0004851908578872577,0.29173181908650253
7.259849,7.259368,0.0004810571899414029,0.0004810571899414029,0.00662626991187801
0.147415,0.14789449,-0.00047948678493500707,0.00047948678493500707,0.3252632260012508
0.252189,0.2526669,-0.00047789062118530623,0.00047789062118530623,0.18949701255638002
3.125739,3.1262121,-0.0004731200561525206,0.0004731200561525206,0.015136262373070317
0.20239,0.20191744,0.00047256030082701295,0.00047256030082701295,0.23348994544865015
3.126684,3.1262121,0.00047187994384767507,0.00047187994384767507,0.015092025411988645
16.276394,16.275925,0.0004693173828123065,0.0004693173828123065,0.0028834235814727952
1.315168,1.3156372,-0.0004692308731080175,0.0004692308731080175,0.03567839797442905
1.315173,1.3156372,-0.0004642308731079847,0.0004642308731079847,0.03529808421193917
0.202381,0.20191744,0.0004635603008270317,0.0004635603008270317,0.22905327110646673
0.376603,0.37614116,0.00046183927345277986,0.00046183927345277986,0.1226329246793432
0.376601,0.37614116,0.00045983927345277786,0.00045983927345277786,0.12210250990588854
1.315179,1.3156372,-0.0004582308731078122,0.0004582308731078122,0.0348417115140198
1.316085,1.3156372,0.0004477691268920392,0.0004477691268920392,0.03402281211760763
0.125615,0.1251704,0.0004446052217483565,0.0004446052217483565,0.3539427786445995
18.501235,18.501678,-0.00044346679687379265,0.00044346679687379265,0.002396957807797132
1.315194,1.3156372,-0.00044323087310793596,0.00044323087310793596,0.033700797986778774
1.315195,1.3156372,-0.00044223087310801823,0.00044223087310801823,0.03362473801028695
1.316079,1.3156372,0.0004417691268920887,0.0004417691268920887,0.03356706754370533
3.126653,3.1262121,0.00044087994384778284,0.00044087994384778284,0.01410069949667207
1.315197,1.3156372,-0.0004402308731079607,0.0004402308731079607,0.03347261840427618
3.648965,3.648526,0.0004390467071533344,0.0004390467071533344,0.012032088746844716
1.19809,1.1985286,-0.000438647422790428,0.000438647422790428,0.0366122263564353
7.258931,7.259368,-0.0004369428100590156,0.0004369428100590156,0.006019382331268836
3.126647,3.1262121,0.00043487994384783235,0.00043487994384783235,0.013908827694137635
7.259802,7.259368,0.0004340571899410506,0.0004340571899410506,0.005978912233902132
8.424919,8.424487,0.00043188604736243974,0.00043188604736243974,0.0051262931709766405
18.501247,18.501678,-0.000431466796875668,0.000431466796875668,0.002332095760211925
18.501248,18.501678,-0.00043046679687464007,0.00043046679687464007,0.002326690593371395
0.065252,0.06568197,-0.0004299716095924333,0.0004299716095924333,0.6589401228061871
3.6481,3.648526,-0.0004259532928467813,0.0004259532928467813,0.011676031162388785
7.258942,7.259368,-0.0004259428100583662,0.0004259428100583662,0.005867835974615838
8.424912,8.424487,0.00042488604736412583,0.00042488604736412583,0.005043210509012825
0.066105,0.06568197,0.00042302839040755935,0.00042302839040755935,0.6399340288444526
1.316057,1.3156372,0.0004197691268921222,0.0004197691268921222,0.031895968553050984
1.316057,1.3156372,0.0004197691268921222,0.0004197691268921222,0.031895968553050984
8.424906,8.424487,0.00041888604736328716,0.00041888604736328716,0.004971996688845136
8.424069,8.424487,-0.0004181139526373556,0.0004181139526373556,0.004963325355388143
0.065264,0.06568197,-0.0004179716095924352,0.0004179716095924352,0.6404321049154252
8.424905,8.424487,0.00041788604736403556,0.00041788604736403556,0.004960127708966159
8.424905,8.424487,0.00041788604736403556,0.00041788604736403556,0.004960127708966159
0.376559,0.37614116,0.00041783927345273586,0.00041783927345273586,0.11096249813223782
3.125795,3.1262121,-0.00041712005615224257,0.00041712005615224257,0.013344446969135792
1.315223,1.3156372,-0.0004142308731078792,0.0004142308731078792,0.03149510562667959
1.315223,1.3156372,-0.0004142308731078792,0.0004142308731078792,0.03149510562667959
3.648112,3.648526,-0.0004139532928468803,0.0004139532928468803,0.011347055486112633
7.258954,7.259368,-0.0004139428100584652,0.0004139428100584652,0.005702513200287021
1.315224,1.3156372,-0.00041323087310796147,0.00041323087310796147,0.03141904900431732
0.086447,0.086034365,0.0004126350016593894,0.0004126350016593894,0.47732714979358715
0.065272,0.06568197,-0.00040997160959244106,0.00040997160959244106,0.6280972070173182
1.316046,1.3156372,0.00040876912689213896,0.00040876912689213896,0.03106039810622718
0.376549,0.37614116,0.00040783927345278137,0.00040783927345278137,0.1083097480924054
0.086442,0.086034365,0.00040763500165939826,0.00040763500165939826,0.4715705342169637
1.315231,1.3156372,-0.0004062308731078712,0.0004062308731078712,0.03088665588607511
3.126616,3.1262121,0.00040387994384749604,0.00040387994384749604,0.01291747831631958
0.376543,0.37614116,0.00040183927345277537,0.00040183927345277537,0.10671803043637973
1.198127,1.1985286,-0.0004016474227905853,0.0004016474227905853,0.03352294228884437
3.648125,3.648526,-0.00040095329284683956,0.00040095329284683956,0.010990667612426902
0.37654,0.37614116,0.0003988392734527446,0.0003988392734527446,0.1059221525858667
18.501282,18.501678,-0.0003964667968752167,0.0003964667968752167,0.002142915268645026
0.05459,0.05419356,0.0003964399659633633,0.0003964399659633633,0.7262135285531228
1.315241,1.3156372,-0.0003962308731078057,0.0003962308731078057,0.030126104119144674
1.315241,1.3156372,-0.0003962308731078057,0.0003962308731078057,0.030126104119144674
7.258972,7.259368,-0.00039594281005861376,0.00039594281005861376,0.005454530063666856
1.315242,1.3156372,-0.00039523087310788796,0.00039523087310788796,0.030050049578544322
7.259763,7.259368,0.0003950571899418165,0.0003950571899418165,0.005441736733504589
0.065287,0.06568197,-0.00039497160959243993,0.00039497160959243993,0.6049774212132011
0.376536,0.37614116,0.0003948392734527406,0.0003948392734527406,0.10486096239081513
1.315243,1.3156372,-0.0003942308731079702,0.0003942308731079702,0.029973995153594904
0.066076,0.06568197,0.0003940283904075581,0.0003940283904075581,0.5963260333725288
1.315245,1.3156372,-0.0003922308731079127,0.0003922308731079127,0.029821886650630937
18.502069,18.501678,0.00039053320312376627,0.00039053320312376627,0.002110754224955358
3.648136,3.648526,-0.00038995329284663427,0.00038995329284663427,0.010689110626247078
8.424877,8.424487,0.0003898860473636745,0.0003898860473636745,0.004627795128154947
0.054583,0.05419356,0.0003894399659633632,0.0003894399659633632,0.7134821560740177
0.065295,0.06568197,-0.00038697160959243193,0.00038697160959243193,0.5926512121904903
0.065295,0.06568197,-0.00038697160959243193,0.00038697160959243193,0.5926512121904903
0.125557,0.1251704,0.000386605221748354,0.000386605221748354,0.30791212074232566
0.065296,0.06568197,-0.00038597160959243093,0.00038597160959243093,0.5911106484337789
0.125556,0.1251704,0.000385605221748353,0.000385605221748353,0.30711811577402504
0.054579,0.05419356,0.00038543996596336616,0.00038543996596336616,0.7062056198485874
0.065297,0.06568197,-0.0003849716095924438,0.0003849716095924438,0.5895701318634451
0.065298,0.06568197,-0.0003839716095924428,0.0003839716095924428,0.5880296624772783
0.125554,0.1251704,0.000383605221748351,0.000383605221748351,0.3055300678933534
0.065301,0.06568197,-0.0003809716095924398,0.0003809716095924398,0.5834085374022316
0.086413,0.086034365,0.000378635001659397,0.000378635001659397,0.438169026907095
7.259746,7.259368,0.0003780571899412166,0.0003780571899412166,0.005207581504036217
0.375767,0.37614116,-0.00037416072654722354,0.00037416072654722354,0.09957253469507726
0.065308,0.06568197,-0.0003739716095924328,0.0003739716095924328,0.5726275632691328
1.316011,1.3156372,0.0003737691268921317,0.0003737691268921317,0.02840167193615631
0.125544,0.1251704,0.000373605221748341,0.000373605221748341,0.29758906953000697
0.065309,0.06568197,-0.0003729716095924318,0.0003729716095924318,0.5710876127659958
0.06531,0.06568197,-0.0003719716095924308,0.0003719716095924308,0.5695477094210428
0.065311,0.06568197,-0.0003709716095924437,0.0003709716095924437,0.5680078532321292
0.054564,0.05419356,0.00037043996596336504,0.00037043996596336504,0.6789091072583681
18.502047,18.501678,0.0003685332031260202,0.0003685332031260202,0.001991850972619561
18.502047,18.501678,0.0003685332031260202,0.0003685332031260202,0.001991850972619561
1.316005,1.3156372,0.0003677691268921812,0.0003677691268921812,0.027945876107175527
0.065315,0.06568197,-0.0003669716095924397,0.0003669716095924397,0.5618488999932494
0.065315,0.06568197,-0.0003669716095924397,0.0003669716095924397,0.5618488999932494
0.05456,0.05419356,0.00036643996596336104,0.00036643996596336104,0.6716275023675469
0.054559,0.05419356,0.000365439965963367,0.000365439965963367,0.6698069343161716
0.054559,0.05419356,0.000365439965963367,0.000365439965963367,0.6698069343161716
0.376506,0.37614116,0.0003648392734527661,0.0003648392734527661,0.09690131720500199
0.073131,0.07349548,-0.0003644774379730209,0.0003644774379730209,0.49838979020474367
3.125848,3.1262121,-0.00036412005615238385,0.00036412005615238385,0.011648680810478795
0.066046,0.06568197,0.00036402839040755586,0.00036402839040755586,0.5511740148629469
0.066046,0.06568197,0.00036402839040755586,0.00036402839040755586,0.5511740148629469
0.147532,0.14789449,-0.0003624867849350011,0.0003624867849350011,0.24570044782779374
0.06532,0.06568197,-0.0003619716095924347,0.0003619716095924347,0.5541512691951676
0.376503,0.37614116,0.00036183927345273537,0.00036183927345273537,0.09610528292115338
0.125532,0.1251704,0.00036160522174835674,0.00036160522174835674,0.2880582014628131
0.054555,0.05419356,0.000361439965963363,0.000361439965963363,0.6625239946858015
0.065321,0.06568197,-0.0003609716095924337,0.0003609716095924337,0.5526118844473015
1.315998,1.3156372,0.00036076912689209095,0.00036076912689209095,0.027414109053712606
3.648167,3.648526,-0.00035895329284674204,0.00035895329284674204,0.009839277994590235
1.19817,1.1985286,-0.00035864742279057005,0.00035864742279057005,0.029932932952806125
0.202276,0.20191744,0.0003585603008270377,0.0003585603008270377,0.17726289853950777
0.056429,0.05607105,0.0003579495348930359,0.0003579495348930359,0.634336129044817
1.31528,1.3156372,-0.00035723087310790547,0.00035723087310790547,0.02716006273042587
7.259011,7.259368,-0.0003569428100584915,0.0003569428100584915,0.004917237486671039
18.502035,18.501678,0.0003565332031243429,0.0003565332031243429,0.0019269945339656742
0.065326,0.06568197,-0.00035597160959244256,0.00035597160959244256,0.5449156676476854
0.376497,0.37614116,0.0003558392734527849,0.0003558392734527849,0.09451317629576642
1.315282,1.3156372,-0.00035523087310784796,0.00035523087310784796,0.027007962785230846
18.501324,18.501678,-0.0003544667968746751,0.0003544667968746751,0.0019158996235769895
18.501326,18.501678,-0.0003524667968761719,0.0003524667968761719,0.0019050893804815224
0.376493,0.37614116,0.0003518392734527809,0.0003518392734527809,0.09345174368695543
16.275573,16.275925,-0.00035168261718609983,0.00035168261718609983,0.0021608002199611596
0.065332,0.06568197,-0.00034997160959243656,0.00034997160959243656,0.5356817624697772
3.648176,3.648526,-0.0003499532928468163,0.0003499532928468163,0.009592555097046408
3.126561,3.1262121,0.00034887994384780185,0.00034887994384780185,0.011158584266759652
0.37649,0.37614116,0.0003488392734527501,0.0003488392734527501,0.0926556544290936
3.125864,3.1262121,-0.00034812005615236785,0.00034812005615236785,0.011136762704366893
3.648874,3.648526,0.0003480467071534932,0.0003480467071534932,0.009538468775407281
1.31529,1.3156372,-0.00034723087310783995,0.00034723087310783995,0.02639956763006184
0.376487,0.37614116,0.0003458392734527749,0.0003458392734527749,0.09185955248412701
0.065337,0.06568197,-0.00034497160959243156,0.00034497160959243156,0.5279881369889089
0.125515,0.1251704,0.00034460522174833974,0.00034460522174833974,0.27455301874181315
3.648183,3.648526,-0.00034295329284672604,0.00034295329284672604,0.009400660351668911
0.066024,0.06568197,0.0003420283904075616,0.0003420283904075616,0.5180364562727572
3.125871,3.1262121,-0.0003411200561522776,0.0003411200561522776,0.010912800180857265
0.065342,0.06568197,-0.00033997160959244044,0.00033997160959244044,0.5202956889476061
8.424825,8.424487,0.00033788604736351147,0.00033788604736351147,0.004010600188840728
0.096606,0.096943095,-0.0003370953264236476,0.0003370953264236476,0.3489382916948319
0.066019,0.06568197,0.0003370283904075566,0.0003370283904075566,0.5105021128721347
0.375806,0.37614116,-0.0003351607265472678,0.0003351607265472678,0.0891845064895407
0.202252,0.20191744,0.0003345603008270137,0.0003345603008270137,0.16541754873207493
0.096609,0.096943095,-0.0003340953264236446,0.0003340953264236446,0.34582215536629346
0.375809,0.37614116,-0.00033216072654723705,0.00033216072654723705,0.08838551670099745
3.648858,3.648526,0.00033204670715347717,0.00033204670715347717,0.009100017242226942
7.259036,7.259368,-0.00033194281005854975,0.00033194281005854975,0.00457282220468361
0.065351,0.06568197,-0.00033097160959243144,0.00033097160959243144,0.506452248758212
7.259697,7.259368,0.00032905718994147293,0.00032905718994147293,0.004532657353839151
3.648855,3.648526,0.00032904670715350193,0.00032904670715350193,0.009017807151681392
0.375814,0.37614116,-0.0003271607265472598,0.0003271607265472598,0.08705389540043902
3.125885,3.1262121,-0.00032712005615254114,0.00032712005615254114,0.010464878143056328
0.125497,0.1251704,0.0003266052217483495,0.0003266052217483495,0.2602494254747923
1.315311,1.3156372,-0.00032623087310801324,0.00032623087310801324,0.02480256555926398
0.054519,0.05419356,0.00032543996596336167,0.00032543996596336167,0.59692944728706
0.055747,0.05607105,-0.00032405046510696617,0.00032405046510696617,0.5812877186676924
0.375819,0.37614116,-0.00032216072654722705,0.00032216072654722705,0.08572230953238254
0.375819,0.37614116,-0.00032216072654722705,0.00032216072654722705,0.08572230953238254
7.259046,7.259368,-0.00032194281005892833,0.00032194281005892833,0.004435056756142519
0.086356,0.086034365,0.0003216350016593955,0.0003216350016593955,0.37245240780830874
8.424166,8.424487,-0.00032111395263711984,0.00032111395263711984,0.0038118189104216138
1.315957,1.3156372,0.0003197691268921332,0.0003197691268921332,0.024299359847459595
3.286761,3.2870808,-0.0003197647705079909,0.0003197647705079909,0.009728871995811746
0.066001,0.06568197,0.00031902839040756636,0.00031902839040756636,0.483369024596896
0.125488,0.1251704,0.0003176052217483405,0.0003176052217483405,0.25309609006059897
0.065999,0.06568197,0.00031702839040756436,0.00031702839040756436,0.48035332342491716
0.125486,0.1251704,0.0003156052217483385,0.0003156052217483385,0.25150632062288397
0.375826,0.37614116,-0.0003151607265472478,0.0003151607265472478,0.08385814884105666
7.259681,7.259368,0.00031305718994101284,0.00031305718994101284,0.0043122719846326665
0.065369,0.06568197,-0.0003129716095924412,0.0003129716095924412,0.47877680416353996
1.31595,1.3156372,0.00031276912689204295,0.00031276912689204295,0.02376755400040088
0.054506,0.05419356,0.00031243996596336254,0.00031243996596336254,0.5732212332406365
0.06537,0.06568197,-0.0003119716095924402,0.0003119716095924402,0.4772397263503144
8.424799,8.424487,0.00031188604736342995,0.00031188604736342995,0.0037019998620706315
1.198217,1.1985286,-0.0003116474227904398,0.0003116474227904398,0.02600926399512196
0.202229,0.20191744,0.00031156030082701847,0.00031156030082701847,0.15406311689864233
0.375833,0.37614116,-0.00030816072654726856,0.00030816072654726856,0.08199405759081148
1.315945,1.3156372,0.0003077691268920102,0.0003077691268920102,0.023387689217149843
1.198221,1.1985286,-0.0003076474227905468,0.0003076474227905468,0.025675348935202395
0.086342,0.086034365,0.0003076350016593954,0.0003076350016593954,0.35629821095538344
3.125906,3.1262121,-0.00030612005615227034,0.00030612005615227034,0.009793002609242802
18.501373,18.501678,-0.0003054667968740432,0.0003054667968740432,0.0016510493403510767
0.065987,0.06568197,0.00030502839040756624,0.00030502839040756624,0.46225527747179135
0.065986,0.06568197,0.00030402839040756524,0.00030402839040756524,0.46074680984878374
3.648222,3.648526,-0.0003039532928466038,0.0003039532928466038,0.008331545965083053
0.147591,0.14789449,-0.0003034867849349976,0.0003034867849349976,0.20562689102273896
1.309032,1.3093352,-0.000303231781005886,0.000303231781005886,0.0231645812312244
0.065985,0.06568197,0.00030302839040756424,0.00030302839040756424,0.45923829650424486
1.31594,1.3156372,0.0003027691268921995,0.0003027691268921995,0.023007821547273558
0.086337,0.086034365,0.0003026350016593904,0.0003026350016593904,0.3505275852865664
18.501376,18.501678,-0.00030246679687451206,0.00030246679687451206,0.0016348340624658254
7.259669,7.259368,0.00030105718994111186,0.00030105718994111186,0.004146982320226513
0.125471,0.1251704,0.00030060522174835125,0.00030060522174835125,0.23958143436233853
1.315337,1.3156372,-0.00030023087310793173,0.00030023087310793173,0.022825395551490327
8.424787,8.424487,0.000299886047363529,0.000299886047363529,0.003559568299589882
0.086334,0.086034365,0.0002996350016593874,0.0002996350016593874,0.347064889049879
7.259667,7.259368,0.0002990571899417205,0.0002990571899417205,0.004119433989707807
0.086332,0.086034365,0.00029763500165939927,0.00029763500165939927,0.3447562911952034
0.065979,0.06568197,0.00029702839040755824,0.00029702839040755824,0.45018625616843544
0.202214,0.20191744,0.0002965603008270312,0.0002965603008270312,0.14665666110179046
0.357831,0.35753745,0.00029355159378052775,0.00029355159378052775,0.08203637854140401
0.086327,0.086034365,0.00029263500165939427,0.00029263500165939427,0.3389843285651186
3.287373,3.2870808,0.0002922352294922881,0.0002922352294922881,0.008889627963830039
0.054485,0.05419356,0.00029143996596336236,0.00029143996596336236,0.5348994501761273
7.259077,7.259368,-0.0002909428100590361,0.0002909428100590361,0.0040079862778012705
0.086325,0.086034365,0.00029063500165939227,0.00029063500165939227,0.3366753562962258
0.202208,0.20191744,0.0002905603008270252,0.0002905603008270252,0.1436937711086265
0.065971,0.06568197,0.0002890283904075641,0.0002890283904075641,0.43811430775560445
0.065971,0.06568197,0.0002890283904075641,0.0002890283904075641,0.43811430775560445
7.259079,7.259368,-0.00028894281005875655,0.00028894281005875655,0.003980433468967291
0.202206,0.20191744,0.0002885603008270232,0.0002885603008270232,0.14270610203669382
0.202206,0.20191744,0.0002885603008270232,0.0002885603008270232,0.14270610203669382
0.375853,0.37614116,-0.00028816072654724856,0.00028816072654724856,0.07666846519000249
7.259656,7.259368,0.0002880571899410711,0.0002880571899410711,0.003967917900477697
0.06597,0.06568197,0.0002880283904075631,0.0002880283904075631,0.43660510833857513
0.376429,0.37614116,0.0002878392734527724,0.0002878392734527724,0.07646575406685102
1.315925,1.3156372,0.0002877691268921012,0.0002877691268921012,0.021868201217412314
0.375854,0.37614116,-0.0002871607265472198,0.0002871607265472198,0.07640220044773172
0.096656,0.096943095,-0.0002870953264236392,0.0002870953264236392,0.29702794045544123
0.065829,0.06554203,0.00028697264575958115,0.00028697264575958115,0.43593651023658975
0.125457,0.1251704,0.000286605221748365,0.000286605221748365,0.22844896778969367
3.125926,3.1262121,-0.0002861200561521393,0.0002861200561521393,0.009153129541229899
0.086319,0.086034365,0.00028463500165940014,0.00028463500165940014,0.3297477975065192
0.086319,0.086034365,0.00028463500165940014,0.00028463500165940014,0.3297477975065192
1.198813,1.1985286,0.0002843525772093791,0.0002843525772093791,0.023719510648087704
0.065399,0.06568197,-0.00028297160959243894,0.00028297160959243894,0.4326849174448448
0.054476,0.05419356,0.0002824399659633603,0.0002824399659633603,0.5184667843543828
1.315355,1.3156372,-0.0002822308731078582,0.0002822308731078582,0.021456631334233082
0.376423,0.37614116,0.0002818392734527664,0.0002818392734527664,0.07487302140886538
3.126493,3.1262121,0.0002808799438476228,0.0002808799438476228,0.008983866070982375
0.086314,0.086034365,0.00027963500165939514,0.00027963500165939514,0.32397409613205397
0.055792,0.05607105,-0.0002790504651069628,0.0002790504651069628,0.5001621461980224
0.065961,0.06568197,0.000279028390407568,0.000279028390407568,0.4230202543693209
0.37642,0.37614116,0.0002788392734527356,0.0002788392734527356,0.07407663603917407
0.357814,0.35753745,0.0002765515937805385,0.0002765515937805385,0.07728920436406883
1.315361,1.3156372,-0.0002762308731079077,0.0002762308731079077,0.02100038491995029
0.086309,0.086034365,0.00027463500165939014,0.00027463500165939014,0.31819972580054273
0.086308,0.086034365,0.00027363500165938914,0.00027363500165938914,0.31704477144916393
18.501405,18.501678,-0.00027346679687667574,0.00027346679687667574,0.0014780866473394735
0.125443,0.1251704,0.000272605221748351,0.000272605221748351,0.21731401635088207
0.166101,0.16582881,0.0002721908578872667,0.0002721908578872667,0.1638706917618774
0.073226,0.07349548,-0.00026947743797302304,0.00026947743797302304,0.3680078627878283
3.126481,3.1262121,0.00026887994384772185,0.00026887994384772185,0.008600082451776351
0.125439,0.1251704,0.000268605221748347,0.000268605221748347,0.21413214513366247
3.125944,3.1262121,-0.00026812005615228784,0.00026812005615228784,0.00857725078068291
0.086302,0.086034365,0.000267635001659397,0.000267635001659397,0.31011448326722735
8.424221,8.424487,-0.00026611395263742565,0.00026611395263742565,0.0031589146656321905
0.065808,0.06554203,0.0002659726457595879,0.0002659726457595879,0.40416460818657807
8.424753,8.424487,0.0002658860473641056,0.0002658860473641056,0.0031560100024410156
0.065947,0.06568197,0.00026502839040756787,0.00026502839040756787,0.4018808892075257
0.14763,0.14789449,-0.00026448678493498634,0.00026448678493498634,0.1791551749345195
18.501414,18.501678,-0.00026446679687452956,0.00026446679687452956,0.0014294409977156349
0.086297,0.086034365,0.000262635001659392,0.000262635001659392,0.3043385069643829
0.20218,0.20191744,0.00026256030082702497,0.00026256030082702497,0.1298646259259869
0.37588,0.37614116,-0.0002611607265472493,0.0002611607265472493,0.06947981442954387
8.424227,8.424487,-0.000260113952636587,0.000260113952636587,0.003087689263756773
0.053934,0.05419356,-0.0002595600340366336,0.0002595600340366336,0.48125492927537106
3.648784,3.648526,0.00025804670715334765,0.00025804670715334765,0.007072128883109428
3.126469,3.1262121,0.00025687994384782087,0.00025687994384782087,0.008216295886497022
0.086291,0.086034365,0.0002566350016593999,0.0002566350016593999,0.2974064518454919
0.053937,0.05419356,-0.0002565600340366375,0.0002565600340366375,0.47566611706429984
0.357794,0.35753745,0.0002565515937805185,0.0002565515937805185,0.07170371602341424
0.08629,0.086034365,0.0002556350016593989,0.0002556350016593989,0.296251015602211
0.08629,0.086034365,0.0002556350016593989,0.0002556350016593989,0.296251015602211
0.055816,0.05607105,-0.00025505046510696655,0.00025505046510696655,0.4569486610470437
3.648271,3.648526,-0.0002549532928468601,0.0002549532928468601,0.006988332084975918
0.202172,0.20191744,0.00025456030082701697,0.00025456030082701697,0.1259127380157016
0.376395,0.37614116,0.0002538392734527384,0.0002538392734527384,0.06743959759967555
8.42474,8.424487,0.00025288604736317666,0.00025288604736317666,0.0030017074397568943
0.375889,0.37614116,-0.00025216072654726807,0.00025216072654726807,0.06708382700216932
0.065794,0.06554203,0.0002519726457595878,0.0002519726457595878,0.3829720724938683
0.080605,0.08035328,0.0002517176079750022,0.0002517176079750022,0.31228535160686915
0.05582,0.05607105,-0.00025105046510696255,0.00025105046510696255,0.44975002625799443
0.375891,0.37614116,-0.00025016072654726607,0.00025016072654726607,0.06655140093290733
8.424736,8.424487,0.00024888604736261755,0.00024888604736261755,0.00295422963235481
0.202166,0.20191744,0.0002485603008270387,0.0002485603008270387,0.12294861683175712
0.053945,0.05419356,-0.00024856003403663646,0.00024856003403663646,0.46076565682801146
0.375893,0.37614116,-0.00024816072654726407,0.00024816072654726407,0.06601898052936477
0.08628,0.086034365,0.0002456350016593889,0.0002456350016593889,0.2846951800819353
3.648281,3.648526,-0.00024495329284679457,0.00024495329284679457,0.006714211236472201
1.198772,1.1985286,0.00024335257720942138,0.00024335257720942138,0.020300155257974097
0.097185,0.096943095,0.0002419046735763486,0.0002419046735763486,0.24891153298084798
0.053953,0.05419356,-0.0002405600340366354,0.0002405600340366354,0.44586961538888614
0.375901,0.37614116,-0.00024016072654725606,0.00024016072654725606,0.0638893555705802
1.198289,1.1985286,-0.00023964742279058981,0.00023964742279058981,0.019999133996105336
39.0913,39.09106,0.00023936157226245314,0.00023936157226245314,0.0006123141779931617
0.053955,0.05419356,-0.0002385600340366334,0.0002385600340366334,0.4421462952358207
0.375903,0.37614116,-0.00023816072654725406,0.00023816072654725406,0.06335696349427834
0.06578,0.06554203,0.00023797264575958765,0.00023797264575958765,0.36177051595898013
3.648288,3.648526,-0.0002379532928467043,0.0002379532928467043,0.0065223275366468325
0.375904,0.37614116,-0.0002371607265472253,0.0002371607265472253,0.06309076958056699
0.055834,0.05607105,-0.00023705046510696243,0.00023705046510696243,0.42456292703800463
18.501442,18.501678,-0.0002364667968741685,0.0002364667968741685,0.0012780992793582813
8.424723,8.424487,0.00023588604736346497,0.00023588604736346497,0.002799926446966447
0.08627,0.086034365,0.00023563500165939277,0.00023563500165939277,0.2731366655688607
0.08627,0.086034365,0.00023563500165939277,0.00023563500165939277,0.2731366655688607
0.125404,0.1251704,0.00023360522174833975,0.00023360522174833975,0.1862821134589468
0.124937,0.1251704,-0.00023339477825164157,0.00023339477825164157,0.18680997467910354
0.124938,0.1251704,-0.00023239477825165444,0.00023239477825165444,0.18600808246141798
0.375909,0.37614116,-0.00023216072654724806,0.00023216072654724806,0.06175982125607214
0.125402,0.1251704,0.0002316052217483655,0.0002316052217483655,0.18469021352424622
0.053962,0.05419356,-0.00023156003403663333,0.00023156003403663333,0.4291168481663327
18.50191,18.501678,0.00023153320312374603,0.00023153320312374603,0.00125140162892639
3.648756,3.648526,0.00023004670715343067,0.00023004670715343067,0.006304798324336456
0.357767,0.35753745,0.00022955159378051926,0.00022955159378051926,0.06416231617682931
0.085805,0.086034365,-0.00022936499834060042,0.00022936499834060042,0.2673095950973613
0.053965,0.05419356,-0.00022856003403663727,0.00022856003403663727,0.42353383417604634
3.648298,3.648526,-0.0002279532928466388,0.0002279532928466388,0.006248209242786379
1.198756,1.1985286,0.00022735257720940538,0.00022735257720940538,0.01896570921775905
0.124945,0.1251704,-0.00022539477825164744,0.00022539477825164744,0.1803951963433929
3.648751,3.648526,0.00022504670715317587,0.00022504670715317587,0.006167773770997476
1.198752,1.1985286,0.0002233525772095124,0.0002233525772095124,0.018632092141734096
0.08013,0.08035328,-0.00022328239202498712,0.00022328239202498712,0.27865018313532625
1.315415,1.3156372,-0.00022223087310790923,0.00022223087310790923,0.016894354488204474
0.055849,0.05607105,-0.0002220504651069613,0.0002220504651069613,0.3975907620716047
3.648306,3.648526,-0.00021995329284685283,0.00021995329284685283,0.006028915689660459
0.053974,0.05419356,-0.0002195600340366352,0.0002195600340366352,0.4067885160074234
0.375923,0.37614116,-0.00021816072654723406,0.00021816072654723406,0.05803335430106716
0.375923,0.37614116,-0.00021816072654723406,0.00021816072654723406,0.05803335430106716
0.055853,0.05607105,-0.00021805046510696424,0.00021805046510696424,0.39040063150871684
0.080136,0.08035328,-0.000217282392024995,0.000217282392024995,0.27114204821035864
0.065759,0.06554203,0.00021697264575958053,0.00021697264575958053,0.32995125447410895
8.424271,8.424487,-0.00021611395263754218,0.00021611395263754218,0.002565372750175972
0.085819,0.086034365,-0.0002153649983406003,0.0002153649983406003,0.2509525840310977
0.065757,0.06554203,0.00021497264575957853,0.00021497264575957853,0.3269197886653265
0.086249,0.086034365,0.00021463500165939953,0.00021463500165939953,0.24885506082452488
0.08582,0.086034365,-0.00021436499834061318,0.00021436499834061318,0.24978443030858632
3.126426,3.1262121,0.00021387994384758358,0.00021387994384758358,0.006841036501127567
0.065895,0.06568197,0.0002130283904075575,0.0002130283904075575,0.32328460442260104
1.198316,1.1985286,-0.00021264742279059057,0.00021264742279059057,0.01774552144616654
0.20213,0.20191744,0.00021256030082703048,0.00021256030082703048,0.10516019429172824
0.124958,0.1251704,-0.00021239477825164832,0.00021239477825164832,0.16997293337095296
0.357747,0.35753745,0.00020955159378049926,0.00020955159378049926,0.058575360162887155
0.124961,0.1251704,-0.00020939477825164532,0.00020939477825164532,0.16756810371562103
0.375932,0.37614116,-0.00020916072654725282,0.00020916072654725282,0.05563791496643407
0.086243,0.086034365,0.00020863500165939353,0.00020863500165939353,0.24191528752186062
0.053985,0.05419356,-0.0002085600340366381,0.0002085600340366381,0.38632959831491803
1.198737,1.1985286,0.00020835257720941414,0.00020835257720941414,0.01738100827721453
0.375933,0.37614116,-0.00020816072654722406,0.00020816072654722406,0.05537176212033854
1.315843,1.3156372,0.00020576912689218574,0.00020576912689218574,0.015637817496201894
0.08624,0.086034365,0.00020563500165939053,0.00020563500165939053,0.23844503875341547
1.315432,1.3156372,-0.0002052308731079755,0.0002052308731079755,0.015601785047982238
0.053989,0.05419356,-0.00020456003403663409,0.00020456003403663409,0.3788920588596603
0.08583,0.086034365,-0.00020436499834060318,0.00020436499834060318,0.2381043901928216
0.124967,0.1251704,-0.0002033947782516532,0.0002033947782516532,0.1627587907918846
8.424284,8.424487,-0.00020311395263661325,0.00020311395263661325,0.0024110530062163406
0.053991,0.05419356,-0.00020256003403663903,0.00020256003403663903,0.3751737023975576
1.198731,1.1985286,0.00020235257720946365,0.00020235257720946365,0.01688056596455611
0.080151,0.08035328,-0.00020228239202499387,0.00020228239202499387,0.25237662882885714
0.37594,0.37614116,-0.00020116072654724482,0.00020116072654724482,0.053508731843841056
3.648325,3.648526,-0.00020095329284686159,0.00020095329284686159,0.005508097355398807
0.086235,0.086034365,0.0002006350016593994,0.0002006350016593994,0.23266075424913163
0.375941,0.37614116,-0.00020016072654721606,0.00020016072654721606,0.053242590325070546
0.053994,0.05419356,-0.00019956003403663602,0.00019956003403663602,0.36959668420016917
0.124971,0.1251704,-0.0001993947782516492,0.0001993947782516492,0.15955283873226297
0.085835,0.086034365,-0.00019936499834061205,0.00019936499834061205,0.23226539070116697
7.259169,7.259368,-0.00019894281005861103,0.00019894281005861103,0.0027405727853404495
0.125369,0.1251704,0.00019860522174836026,0.00019860522174836026,0.15841653167046377
0.053995,0.05419356,-0.00019856003403663502,0.00019856003403663502,0.36773781585127735
0.073694,0.07349548,0.00019852256202697316,0.00019852256202697316,0.2693876865926473
0.375943,0.37614116,-0.00019816072654721406,0.00019816072654721406,0.05271031153512733
0.097141,0.096943095,0.0001979046735763601,0.0001979046735763601,0.20372929388479716
8.424685,8.424487,0.00019788604736348248,0.00019788604736348248,0.0023488836361375363
0.055874,0.05607105,-0.00019705046510696406,0.00019705046510696406,0.3526693359242129
0.065739,0.06554203,0.00019697264575958828,0.00019697264575958828,0.29962829592777496
7.259171,7.259368,-0.00019694281005833147,0.00019694281005833147,0.0027130206748899903
0.080157,0.08035328,-0.00019628239202498787,0.00019628239202498787,0.24487242758600677
0.080546,0.08035328,0.00019271760797501258,0.00019271760797501258,0.23926403264687082
0.124978,0.1251704,-0.0001923947782516422,0.0001923947782516422,0.15394291643145136
0.080161,0.08035328,-0.00019228239202499775,0.00019228239202499775,0.2398702508515706
3.12602,3.1262121,-0.00019212005615232286,0.00019212005615232286,0.006145835795873891
0.086226,0.086034365,0.0001916350016593904,0.0001916350016593904,0.22224735165395945
0.05588,0.05607105,-0.000191050465106965,0.000191050465106965,0.3418941745974782
0.202108,0.20191744,0.00019056030082703623,0.00019056030082703623,0.09428637200543762
0.12498,0.1251704,-0.00019039477825165407,0.00019039477825165407,0.15234019691095685
3.648714,3.648526,0.00018804670715333316,0.00018804670715333316,0.005153780404498116
0.056259,0.05607105,0.00018794953489303934,0.00018794953489303934,0.3340790532340786
0.056259,0.05607105,0.00018794953489303934,0.00018794953489303934,0.3340790532340786
1.31545,1.3156372,-0.00018723087310790199,0.00018723087310790199,0.014233218525498404
0.054007,0.05419356,-0.0001865600340366369,0.0001865600340366369,0.34543676503268117
0.124984,0.1251704,-0.00018639477825165007,0.00018639477825165007,0.14913491175071622
0.085848,0.086034365,-0.00018636499834061293,0.00018636499834061293,0.21708717515087805
0.080167,0.08035328,-0.00018628239202499175,0.00018628239202499175,0.2323679217042222
0.080167,0.08035328,-0.00018628239202499175,0.00018628239202499175,0.2323679217042222
0.065728,0.06554203,0.00018597264575957728,0.00018597264575957728,0.282942802879495
0.085849,0.086034365,-0.00018536499834061193,0.00018536499834061193,0.21591981050995604
0.165644,0.16582881,-0.00018480914211271848,0.00018480914211271848,0.11157007920670134
0.08585,0.086034365,-0.00018436499834061093,0.00018436499834061093,0.2147524730644828
0.166013,0.16582881,0.00018419085788726197,0.00018419085788726197,0.11094965922928465
0.375957,0.37614116,-0.00018416072654725557,0.00018416072654725557,0.04898451857480271
18.501495,18.501678,-0.00018346679687653022,0.00018346679687653022,0.0009916322809348035
1.31582,1.3156372,0.00018276912689207947,0.00018276912689207947,0.013890131391694103
0.124988,0.1251704,-0.00018239477825164607,0.00018239477825164607,0.14592983174842086
0.085852,0.086034365,-0.00018236499834060893,0.00018236499834060893,0.21241787975608148
0.054012,0.05419356,-0.00018156003403663884,0.00018156003403663884,0.3361475851671689
0.085853,0.086034365,-0.00018136499834060793,0.00018136499834060793,0.21125062389125288
3.648345,3.648526,-0.00018095329284673056,0.00018095329284673056,0.004959873390311791
0.201737,0.20191744,-0.00018043969917297398,0.00018043969917297398,0.08944303676744025
0.12499,0.1251704,-0.00018039477825164407,0.00018039477825164407,0.1443273686753474
0.085854,0.086034365,-0.00018036499834060693,0.00018036499834060693,0.210083395218072
0.054014,0.05419356,-0.00017956003403663684,0.00017956003403663684,0.33243239475729336
0.080175,0.08035328,-0.00017828239202499763,0.00017828239202499763,0.22236656289695175
7.259546,7.259368,0.00017805718994168274,0.00017805718994168274,0.002452731754013681
0.085857,0.086034365,-0.00017736499834060393,0.00017736499834060393,0.20658187233891478
0.124994,0.1251704,-0.00017639477825165395,0.00017639477825165395,0.141122596373051
0.124994,0.1251704,-0.00017639477825165395,0.00017639477825165395,0.141122596373051
0.080177,0.08035328,-0.00017628239202499563,0.00017628239202499563,0.21986653504761852
0.065506,0.06568197,-0.00017597160959244296,0.00017597160959244296,0.2686343378069317
3.64835,3.648526,-0.00017595329284647576,0.00017595329284647576,0.0048228183381981695
0.201742,0.20191744,-0.00017543969917296898,0.00017543969917296898,0.08696240697822295
0.124996,0.1251704,-0.00017439477825165195,0.00017439477825165195,0.13952028713889378
0.065716,0.06554203,0.00017397264575957916,0.00017397264575957916,0.2647340761684295
0.085861,0.086034365,-0.00017336499834059993,0.00017336499834059993,0.20191355579213655
0.055898,0.05607105,-0.00017305046510696087,0.00017305046510696087,0.3095825696757993
0.055898,0.05607105,-0.00017305046510696087,0.00017305046510696087,0.3095825696757993
3.126385,3.1262121,0.00017287994384762584,0.00017287994384762584,0.00552970743661117
0.165657,0.16582881,-0.00017180914211273324,0.00017180914211273324,0.10371378330467138
0.054023,0.05419356,-0.00017056003403663478,0.00017056003403663478,0.31571744205415714
0.468948,0.46911788,-0.00016987986755373496,0.00016987986755373496,0.036225736652573254
0.085865,0.086034365,-0.0001693649983406098,0.0001693649983406098,0.1972456741901405
8.424318,8.424487,-0.00016911395263718987,0.00016911395263718987,0.002007449773799878
0.055902,0.05607105,-0.0001690504651069638,0.0001690504651069638,0.3024050388260863
0.055902,0.05607105,-0.0001690504651069638,0.0001690504651069638,0.3024050388260863
0.202086,0.20191744,0.00016856030082701423,0.00016856030082701423,0.08341018217175067
0.054025,0.05419356,-0.00016856003403663972,0.00016856003403663972,0.312003764413949
0.085866,0.086034365,-0.0001683649983406088,0.0001683649983406088,0.1960787717426339
0.085866,0.086034365,-0.0001683649983406088,0.0001683649983406088,0.1960787717426339
0.085866,0.086034365,-0.0001683649983406088,0.0001683649983406088,0.1960787717426339
0.06571,0.06554203,0.00016797264575958704,0.00016797264575958704,0.25562721884638534
1.198361,1.1985286,-0.0001676474227905178,0.0001676474227905178,0.01398972619907758
0.085867,0.086034365,-0.0001673649983406078,0.0001673649983406078,0.19491189647442664
1.31547,1.3156372,-0.000167230873107993,0.000167230873107993,0.012712632982529469
0.108319,0.108151965,0.00016703515672683578,0.00016703515672683578,0.15420670110749646
1.315471,1.3156372,-0.00016623087310785323,0.00016623087310785323,0.01263660491909108
0.096777,0.096943095,-0.0001660953264236431,0.0001660953264236431,0.17162685994814497
1.198363,1.1985286,-0.0001656474227904603,0.0001656474227904603,0.013822808512665817
0.080189,0.08035328,-0.0001642823920249975,0.0001642823920249975,0.20486898679386017
0.085871,0.086034365,-0.0001633649983406038,0.0001633649983406038,0.19024466717559962
0.085872,0.086034365,-0.0001623649983406028,0.0001623649983406028,0.18907792778964608
0.201756,0.20191744,-0.00016143969917298273,0.00016143969917298273,0.08001729767291453
0.085874,0.086034365,-0.0001603649983406008,0.0001603649983406008,0.18674453053759726
8.424647,8.424487,0.00015988604736349998,0.00015988604736349998,0.0018978367563840023
0.165669,0.16582881,-0.00015980914211272124,0.00015980914211272124,0.09646291220219734
1.198369,1.1985286,-0.0001596474227905098,0.0001596474227905098,0.013322058796346346
18.501519,18.501678,-0.00015946679687672827,0.00015946679687672827,0.000861911915858727
0.055912,0.05607105,-0.00015905046510696075,0.00015905046510696075,0.28446570471901383
0.125012,0.1251704,-0.00015839477825163595,0.00015839477825163595,0.12670365894868674
1.198371,1.1985286,-0.0001576474227904523,0.0001576474227904523,0.013155143338523474
0.086192,0.086034365,0.00015763500165939803,0.00015763500165939803,0.1828882047945399
0.20176,0.20191744,-0.00015743969917297873,0.00015743969917297873,0.0780331577591919
0.125013,0.1251704,-0.00015739477825163495,0.00015739477825163495,0.1259027286168096
1.198686,1.1985286,0.0001573525772093909,0.0001573525772093909,0.01312708892873228
0.055914,0.05607105,-0.0001570504651069657,0.0001570504651069657,0.28087860790872965
0.055914,0.05607105,-0.0001570504651069657,0.0001570504651069657,0.28087860790872965
8.424644,8.424487,0.00015688604736396883,0.00015688604736396883,0.0018622276189012449
0.108308,0.108151965,0.00015603515672683865,0.00015603515672683865,0.14406614154335093
0.065698,0.06554203,0.0001559726457595889,0.0001559726457595889,0.23740851399156807
3.126368,3.1262121,0.00015587994384747006,0.00015587994384747006,0.004985975542306091
0.357693,0.35753745,0.00015555159378050076,0.00015555159378050076,0.04348745816580512
0.080198,0.08035328,-0.0001552823920249885,0.0001552823920249885,0.1936237709560896
0.375986,0.37614116,-0.00015516072654725432,0.00015516072654725432,0.041267687229308174
0.201763,0.20191744,-0.00015443969917297573,0.00015443969917297573,0.07654510445246682
3.64868,3.648526,0.0001540467071534657,0.0001540467071534657,0.004221984584815432
0.108306,0.108151965,0.00015403515672683665,0.00015403515672683665,0.14222218213636778
0.125017,0.1251704,-0.0001533947782516587,0.0001533947782516587,0.12269913542075045
1.198682,1.1985286,0.0001533525772094979,0.0001533525772094979,0.012793432886846094
0.0802,0.08035328,-0.00015328239202500038,0.00015328239202500038,0.1911251768502185
0.107999,0.108151965,-0.00015296484327316506,0.00015296484327316506,0.14163542544980012
0.125018,0.1251704,-0.0001523947782516577,0.0001523947782516577,0.12189826915304952
3.126364,3.1262121,0.00015187994384779913,0.00015187994384779913,0.004858037766649727
0.165677,0.16582881,-0.000151809142112741,0.000151809142112741,0.09162958166861508
0.055921,0.05607105,-0.00015005046510696562,0.00015005046510696562,0.26832578966513443
1.315786,1.3156372,0.00014876912689198996,0.00014876912689198996,0.011306483492048363
0.06569,0.06554203,0.0001479726457595809,0.0001479726457595809,0.22525901283958275
0.376289,0.37614116,0.0001478392734527434,0.0001478392734527434,0.039288757687164555
1.31549,1.3156372,-0.00014723087310786198,0.00014723087310786198,0.01119209367586754
1.31549,1.3156372,-0.00014723087310786198,0.00014723087310786198,0.01119209367586754
0.125024,0.1251704,-0.0001463947782516517,0.0001463947782516517,0.11709334058625412
0.165683,0.16582881,-0.000145809142112735,0.000145809142112735,0.088004890076067
1.198383,1.1985286,-0.00014564742279055132,0.00014564742279055132,0.012153662291470895
0.08618,0.086034365,0.0001456350016593999,0.0001456350016593999,0.16898932639871267
0.085889,0.086034365,-0.00014536499834061356,0.00014536499834061356,0.16924751501515453
0.085889,0.086034365,-0.00014536499834061356,0.00014536499834061356,0.16924751501515453
0.108007,0.108151965,-0.00014496484327315706,0.00014496484327315706,0.13421800729484112
0.08589,0.086034365,-0.00014436499834061256,0.00014436499834061256,0.16808126460883843
0.165685,0.16582881,-0.000143809142112733,0.000143809142112733,0.08679671788389792
1.198385,1.1985286,-0.0001436474227904938,0.0001436474227904938,0.011986750733571186
0.201774,0.20191744,-0.00014343969917296473,0.00014343969917296473,0.07108928757019013
0.085892,0.086034365,-0.00014236499834061056,0.00014236499834061056,0.16574884526482295
0.165687,0.16582881,-0.000141809142112731,0.000141809142112731,0.08558857485930846
0.073354,0.07349548,-0.00014147743797301993,0.00014147743797301993,0.19286942468052254
0.085894,0.086034365,-0.00014036499834060856,0.00014036499834060856,0.16341653453930663
0.056211,0.05607105,0.00013994953489303297,0.00013994953489303297,0.24897179314379955
3.126352,3.1262121,0.00013987994384745406,0.00013987994384745406,0.004474222475363614
0.125031,0.1251704,-0.0001393947782516447,0.0001393947782516447,0.11148817344511083
0.085895,0.086034365,-0.00013936499834060756,0.00013936499834060756,0.1622504199061146
0.085895,0.086034365,-0.00013936499834060756,0.00013936499834060756,0.1622504199061146
0.055933,0.05607105,-0.0001380504651069675,0.0001380504651069675,0.246813982550826
0.108014,0.108151965,-0.00013796484327316394,0.00013796484327316394,0.12772866771477334
0.080216,0.08035328,-0.00013728239202499826,0.00013728239202499826,0.17114090936204418
0.080216,0.08035328,-0.00013728239202499826,0.00013728239202499826,0.17114090936204418
7.259505,7.259368,0.0001370571899412809,0.0001370571899412809,0.001887968806955749
0.086171,0.086034365,0.0001366350016593909,0.0001366350016593909,0.15856262721893477
0.085898,0.086034365,-0.00013636499834060456,0.00013636499834060456,0.15875223891342327
0.054329,0.05419356,0.00013543996596336594,0.00013543996596336594,0.24929589301122798
0.201782,0.20191744,-0.00013543969917298448,0.00013543969917298448,0.06712179436513797
0.080218,0.08035328,-0.00013528239202499626,0.00013528239202499626,0.16864343645609817
3.126077,3.1262121,-0.00013512005615234912,0.00013512005615234912,0.004322352141294881
7.259503,7.259368,0.00013505718994100135,0.00013505718994100135,0.0018604192317179418
0.065677,0.06554203,0.0001349726457595818,0.0001349726457595818,0.20550976072913202
0.201783,0.20191744,-0.00013443969917298348,0.00013443969917298348,0.06662587983445464
0.125036,0.1251704,-0.0001343947782516397,0.0001343947782516397,0.10748486687366425
0.0859,0.086034365,-0.00013436499834060256,0.00013436499834060256,0.15642025399788395
0.055937,0.05607105,-0.0001340504651069635,0.0001340504651069635,0.23964543123034499
0.086167,0.086034365,0.0001326350016593869,0.0001326350016593869,0.1539278395504765
0.085903,0.086034365,-0.00013136499834061344,0.00013136499834061344,0.15292248022501073
0.080222,0.08035328,-0.00013128239202499226,0.00013128239202499226,0.1636488642284453
0.065673,0.06554203,0.0001309726457595778,0.0001309726457595778,0.1994314947697628
0.201787,0.20191744,-0.00013043969917297948,0.00013043969917297948,0.06464227086399878
0.085904,0.086034365,-0.00013036499834061244,0.00013036499834061244,0.15175660992370069
0.055941,0.05607105,-0.00013005046510696644,0.00013005046510696644,0.23247790506871263
0.108022,0.108151965,-0.00012996484327315594,0.00012996484327315594,0.12031330946737019
0.201788,0.20191744,-0.00012943969917297848,0.00012943969917297848,0.0641463809090888
0.201788,0.20191744,-0.00012943969917297848,0.00012943969917297848,0.0641463809090888
0.085906,0.086034365,-0.00012836499834061044,0.00012836499834061044,0.14942495074987253
0.055943,0.05607105,-0.00012805046510696444,0.00012805046510696444,0.22889452635373486
0.108024,0.108151965,-0.00012796484327316782,0.00012796484327316782,0.11845964151920702
1.198401,1.1985286,-0.0001276474227904778,0.0001276474227904778,0.010651478326522284
0.20179,0.20191744,-0.00012743969917297648,0.00012743969917297648,0.06315461574400212
0.065669,0.06554203,0.00012697264575958767,0.00012697264575958767,0.19335248833732077
1.198402,1.1985286,-0.00012664742279056007,0.00012664742279056007,0.010568024984937613
1.198402,1.1985286,-0.00012664742279056007,0.00012664742279056007,0.010568024984937613
0.054067,0.05419356,-0.00012656003403663935,0.00012656003403663935,0.23408000037464508
0.125044,0.1251704,-0.00012639477825165946,0.00012639477825165946,0.10108024227518252
0.108026,0.108151965,-0.00012596484327316582,0.00012596484327316582,0.11660604220887544
0.202043,0.20191744,0.00012556030082702674,0.00012556030082702674,0.062145335777473804
0.357663,0.35753745,0.00012555159378052627,0.00012555159378052627,0.035103321770891295
0.201792,0.20191744,-0.00012543969917297448,0.00012543969917297448,0.062162870238072675
0.201792,0.20191744,-0.00012543969917297448,0.00012543969917297448,0.062162870238072675
0.085909,0.086034365,-0.00012536499834060744,0.00012536499834060744,0.1459276655468924
0.165954,0.16582881,0.00012519085788725848,0.00012519085788725848,0.07543708365680936
1.198404,1.1985286,-0.00012464742279050256,0.00012464742279050256,0.010401118719572151
1.198653,1.1985286,0.00012435257720944115,0.00012435257720944115,0.010374359985672817
0.055947,0.05607105,-0.00012405046510696738,0.00012405046510696738,0.22172853751807756
0.097067,0.096943095,0.00012390467357635548,0.00012390467357635548,0.12764860709479728
0.08023,0.08035328,-0.00012328239202499813,0.00012328239202499813,0.15366121384935427
0.165706,0.16582881,-0.00012280914211273974,0.00012280914211273974,0.07411267065684228
0.080476,0.08035328,0.00012271760797501197,0.00012271760797501197,0.15248969608643853
1.198406,1.1985286,-0.00012264742279044505,0.00012264742279044505,0.010234213011300912
0.055949,0.05607105,-0.00012205046510696538,0.00012205046510696538,0.21814592734243587
0.097065,0.096943095,0.00012190467357635348,0.00012190467357635348,0.12559076232500152
0.085913,0.086034365,-0.00012136499834060344,0.00012136499834060344,0.14126499854426972
0.065663,0.06554203,0.00012097264575958167,0.00012097264575958167,0.1842325900055573
0.165708,0.16582881,-0.00012080914211273774,0.00012080914211273774,0.07290483382807886
0.165708,0.16582881,-0.00012080914211273774,0.00012080914211273774,0.07290483382807886
0.201797,0.20191744,-0.00012043969917296948,0.00012043969917296948,0.059683592478226084
0.108032,0.108151965,-0.00011996484327315982,0.00011996484327315982,0.11104565606682665
0.201798,0.20191744,-0.00011943969917296848,0.00011943969917296848,0.059187751669382616
0.201798,0.20191744,-0.00011943969917296848,0.00011943969917296848,0.059187751669382616
0.108034,0.108151965,-0.00011796484327315782,0.00011796484327315782,0.10919233126975349
0.2018,0.20191744,-0.00011743969917296648,0.00011743969917296648,0.05819608479423706
8.42437,8.424487,-0.00011711395263702684,0.00011711395263702684,0.001390180543300409
1.198412,1.1985286,-0.00011664742279049456,0.00011664742279049456,0.009733499229043189
7.259484,7.259368,0.00011605718994101011,0.00011605718994101011,0.0015986975098975548
3.648642,3.648526,0.0001160467071534832,0.0001160467071534832,0.003180545176816543
0.165714,0.16582881,-0.00011480914211273174,0.00011480914211273174,0.06928149827018251
0.05408,0.05419356,-0.00011356003403663328,0.00011356003403663328,0.20998526964986688
0.165716,0.16582881,-0.00011280914211272974,0.00011280914211272974,0.06807377805682974
0.080466,0.08035328,0.00011271760797500197,0.00011271760797500197,0.14008103774876463
0.20203,0.20191744,0.00011256030082701374,0.00011256030082701374,0.055714646721427064
0.080241,0.08035328,-0.00011228239202498713,0.00011228239202498713,0.13993144637411756
0.080241,0.08035328,-0.00011228239202498713,0.00011228239202498713,0.13993144637411756
3.1261,3.1262121,-0.00011212005615224285,0.00011212005615224285,0.0035865793208360664
7.25948,7.259368,0.00011205718994133917,0.00011205718994133917,0.0015435980254755932
0.05596,0.05607105,-0.00011105046510696132,0.00011105046510696132,0.19844614887154247
0.065653,0.06554203,0.00011097264575958554,0.00011097264575958554,0.16902905516968988
0.16572,0.16582881,-0.00010880914211272574,0.00010880914211272574,0.06565842508271018
0.357429,0.35753745,-0.0001084484062194857,0.0001084484062194857,0.03034124432800485
0.357429,0.35753745,-0.0001084484062194857,0.0001084484062194857,0.03034124432800485
0.201809,0.20191744,-0.00010843969917298524,0.00010843969917298524,0.05373382709356442
0.056179,0.05607105,0.00010794953489303566,0.00010794953489303566,0.19215282347653542
8.424595,8.424487,0.00010788604736333696,0.00010788604736333696,0.0012806081166163638
1.198635,1.1985286,0.00010635257720936764,0.00010635257720936764,0.008872807585336222
0.108046,0.108151965,-0.00010596484327315969,0.00010596484327315969,0.09807382334846813
0.07339,0.07349548,-0.00010547743797302556,0.00010547743797302556,0.14372181200341158
0.054089,0.05419356,-0.00010456003403663816,0.00010456003403663816,0.1933110869924145
0.357433,0.35753745,-0.0001044484062194817,0.0001044484062194817,0.02922181393163471
0.201813,0.20191744,-0.00010443969917298124,0.00010443969917298124,0.0517507292004135
0.108048,0.108151965,-0.00010396484327315769,0.00010396484327315769,0.09622097880288087
0.065645,0.06554203,0.00010297264575957754,0.00010297264575957754,0.1568628922274578
0.108049,0.108151965,-0.00010296484327315669,0.00010296484327315669,0.09529458225236893
0.054091,0.05419356,-0.00010256003403663616,0.00010256003403663616,0.18960646659708583
0.073393,0.07349548,-0.00010247743797302256,0.00010247743797302256,0.13962835397571186
0.201815,0.20191744,-0.00010243969917297924,0.00010243969917297924,0.050759209732784985
0.202019,0.20191744,0.00010156030082703049,0.00010156030082703049,0.05027264800675077
0.054092,0.05419356,-0.00010156003403663516,0.00010156003403663516,0.18775425913052005
0.05597,0.05607105,-0.00010105046510696519,0.00010105046510696519,0.18054397878581602
0.080454,0.08035328,0.00010071760797500384,0.00010071760797500384,0.12518657599350844
0.054093,0.05419356,-0.00010056003403663416,0.00010056003403663416,0.18590212014628887
0.201817,0.20191744,-0.00010043969917297724,0.00010043969917297724,0.04976770991700874
3.126112,3.1262121,-0.00010012005615234187,0.00010012005615234187,0.0032027021472403796
0.054094,0.05419356,-9.956003403663316e-05,9.956003403663316e-05,0.18405004964059435
0.357439,0.35753745,-9.84484062194757e-05,9.84484062194757e-05,0.027542715314202697
0.201819,0.20191744,-9.843969917297524e-05,9.843969917297524e-05,0.04877622975250051
3.126114,3.1262121,-9.812005615250641e-05,9.812005615250641e-05,0.003138722904838649
0.20182,0.20191744,-9.743969917297424e-05,9.743969917297424e-05,0.048280497039289334
0.108055,0.108151965,-9.696484327316457e-05,9.696484327316457e-05,0.08973656303126001
0.056168,0.05607105,9.694953489303854e-05,9.694953489303854e-05,0.17260635009334885
8.424584,8.424487,9.688604736268758e-05,9.688604736268758e-05,0.0011500395433357606
0.065638,0.06554203,9.597264575958442e-05,9.597264575958442e-05,0.14621506690235742
8.424583,8.424487,9.588604736343598e-05,9.588604736343598e-05,0.001138169656139631
0.201823,0.20191744,-9.443969917297124e-05,9.443969917297124e-05,0.046793328374951274
1.198623,1.1985286,9.435257720946666e-05,9.435257720946666e-05,0.007871747597167326
0.165923,0.16582881,9.419085788725523e-05,9.419085788725523e-05,0.05676781267846375
0.065636,0.06554203,9.397264575958242e-05,9.397264575958242e-05,0.14317241394419222
0.201824,0.20191744,-9.343969917297024e-05,9.343969917297024e-05,0.04629761531169366
0.108059,0.108151965,-9.296484327316057e-05,9.296484327316057e-05,0.08603155978412627
0.065634,0.06554203,9.197264575958042e-05,9.197264575958042e-05,0.14012957555451575
0.05598,0.05607105,-9.105046510696213e-05,9.105046510696213e-05,0.16264820461649504
0.108061,0.108151965,-9.096484327315857e-05,9.096484327315857e-05,0.08417916101922007
0.165738,0.16582881,-9.08091421127355e-05,9.08091421127355e-05,0.05479077945790629
0.165919,0.16582881,9.019085788727899e-05,9.019085788727899e-05,0.05435836633111374
7.259458,7.259368,9.005718994181677e-05,9.005718994181677e-05,0.0012405497757625463
0.065632,0.06554203,8.997264575957842e-05,8.997264575957842e-05,0.13708655171637596
0.065632,0.06554203,8.997264575957842e-05,8.997264575957842e-05,0.13708655171637596
18.501589,18.501678,-8.94667968758256e-05,8.94667968758256e-05,0.00048356277331283303
7.259457,7.259368,8.9057189941677e-05,8.9057189941677e-05,0.0012267748116760002
0.108063,0.108151965,-8.896484327315657e-05,8.896484327315657e-05,0.08232683082167785
0.054105,0.05419356,-8.856003403663604e-05,8.856003403663604e-05,0.16368179257546298
0.201829,0.20191744,-8.843969917296524e-05,8.843969917296524e-05,0.04381912367853287
1.315549,1.3156372,-8.823087310783073e-05,8.823087310783073e-05,0.006706772085351739
0.165741,0.16582881,-8.78091421127325e-05,8.78091421127325e-05,0.05297973468227702
3.648439,3.648526,-8.695329284647002e-05,8.695329284647002e-05,0.0023833012651187733
1.198442,1.1985286,-8.664742279052007e-05,8.664742279052007e-05,0.0072300055224441455
0.165915,0.16582881,8.619085788727499e-05,8.619085788727499e-05,0.0519488038063624
0.065628,0.06554203,8.59726457595883e-05,8.59726457595883e-05,0.13099994762690978
0.097029,0.096943095,8.590467357635911e-05,8.590467357635911e-05,0.08853504981791431
0.165743,0.16582881,-8.58091421127305e-05,8.58091421127305e-05,0.05177240792127455
7.259453,7.259368,8.505718994111788e-05,8.505718994111788e-05,0.0011716749173793979
0.108067,0.108151965,-8.496484327316645e-05,8.496484327316645e-05,0.07862237611347042
1.198444,1.1985286,-8.464742279046256e-05,8.464742279046256e-05,0.007063110398433254
0.201833,0.20191744,-8.443969917296124e-05,8.443969917296124e-05,0.0418364187873761
8.424571,8.424487,8.3886047363535e-05,8.3886047363535e-05,0.0009957307898828232
0.357454,0.35753745,-8.344840621948846e-05,8.344840621948846e-05,0.023345215383278196
0.055988,0.05607105,-8.305046510696107e-05,8.305046510696107e-05,0.14833618803783824
0.165911,0.16582881,8.219085788727098e-05,8.219085788727098e-05,0.049539125095823575
0.065624,0.06554203,8.19726457595843e-05,8.19726457595843e-05,0.12491260154009463
0.065624,0.06554203,8.19726457595843e-05,8.19726457595843e-05,0.12491260154009463
8.424569,8.424487,8.188604736325544e-05,8.188604736325544e-05,0.0009719909393855454
1.19861,1.1985286,8.13525772094259e-05,8.13525772094259e-05,0.00678724332373655
1.19861,1.1985286,8.13525772094259e-05,8.13525772094259e-05,0.00678724332373655
0.05599,0.05607105,-8.105046510696601e-05,8.105046510696601e-05,0.14475882293660866
0.108071,0.108151965,-8.096484327316245e-05,8.096484327316245e-05,0.0749181956290256
0.108071,0.108151965,-8.096484327316245e-05,8.096484327316245e-05,0.0749181956290256
0.065622,0.06554203,7.99726457595823e-05,7.99726457595823e-05,0.12186865020528734
0.065622,0.06554203,7.99726457595823e-05,7.99726457595823e-05,0.12186865020528734
3.126292,3.1262121,7.987994384750507e-05,7.987994384750507e-05,0.002555101821741218
0.165749,0.16582881,-7.98091421127245e-05,7.98091421127245e-05,0.04815060245586633
0.201839,0.20191744,-7.843969917298299e-05,7.843969917298299e-05,0.03886250879865659
0.065618,0.06554203,7.59726457595783e-05,7.59726457595783e-05,0.11578019086805162
0.073571,0.07349548,7.552256202697505e-05,7.552256202697505e-05,0.10265262389300461
0.108077,0.108151965,-7.496484327315645e-05,7.496484327315645e-05,0.06936243900533325
0.054119,0.05419356,-7.456003403663591e-05,7.456003403663591e-05,0.13777053141940054
0.201843,0.20191744,-7.443969917297899e-05,7.443969917297899e-05,0.036880000364688886
3.6486,3.648526,7.404670715338568e-05,7.404670715338568e-05,0.0020294553294786005
0.065616,0.06554203,7.39726457595763e-05,7.39726457595763e-05,0.11273568283168836
0.165755,0.16582881,-7.38091421127185e-05,7.38091421127185e-05,0.04452905919470872
0.080427,0.08035328,7.37176079750046e-05,7.37176079750046e-05,0.09165778641917119
0.357464,0.35753745,-7.344840621947846e-05,7.344840621947846e-05,0.020547077803340023
0.108079,0.108151965,-7.296484327316832e-05,7.296484327316832e-05,0.06751065720968706
0.065614,0.06554203,7.197264575958817e-05,7.197264575958817e-05,0.10969098919422254
0.065614,0.06554203,7.197264575958817e-05,7.197264575958817e-05,0.10969098919422254
0.165757,0.16582881,-7.180914211274425e-05,7.180914211274425e-05,0.04332193637036283
0.165757,0.16582881,-7.180914211274425e-05,7.180914211274425e-05,0.04332193637036283
0.165757,0.16582881,-7.180914211274425e-05,7.180914211274425e-05,0.04332193637036283
1.198457,1.1985286,-7.16474227904218e-05,7.16474227904218e-05,0.005978305670077732
0.085963,0.086034365,-7.136499834060894e-05,7.136499834060894e-05,0.08301827327756206
7.259439,7.259368,7.105718994182553e-05,7.105718994182553e-05,0.0009788248092014644
0.108081,0.108151965,-7.096484327316632e-05,7.096484327316632e-05,0.06565894394713907
0.056001,0.05607105,-7.005046510696195e-05,7.005046510696195e-05,0.1250878823268764
0.165759,0.16582881,-6.980914211274225e-05,6.980914211274225e-05,0.042114842675587696
0.080423,0.08035328,6.97176079750006e-05,6.97176079750006e-05,0.08668864365705328
0.357607,0.35753745,6.955159378052578e-05,6.955159378052578e-05,0.01944917011162438
0.357468,0.35753745,-6.944840621947446e-05,6.944840621947446e-05,0.019427866606254708
0.357468,0.35753745,-6.944840621947446e-05,6.944840621947446e-05,0.019427866606254708
0.108083,0.108151965,-6.896484327316432e-05,6.896484327316432e-05,0.06380729921389769
8.424419,8.424487,-6.811395263639497e-05,6.811395263639497e-05,0.0008085299726377147
0.06561,0.06554203,6.797264575958417e-05,6.797264575958417e-05,0.10360104504798526
0.35747,0.35753745,-6.744840621947246e-05,6.744840621947246e-05,0.018868270400482327
3.648459,3.648526,-6.695329284678309e-05,6.695329284678309e-05,0.001835111559289771
0.056138,0.05607105,6.694953489303629e-05,6.694953489303629e-05,0.11925885278025122
0.165763,0.16582881,-6.580914211273825e-05,6.580914211273825e-05,0.0397007426705824
0.357472,0.35753745,-6.544840621947046e-05,6.544840621947046e-05,0.018308680456416662
0.165894,0.16582881,6.519085788728174e-05,6.519085788728174e-05,0.03929669418302352
0.165894,0.16582881,6.519085788728174e-05,6.519085788728174e-05,0.03929669418302352
0.108087,0.108151965,-6.496484327316032e-05,6.496484327316032e-05,0.06010421532011816
18.501614,18.501678,-6.446679687499568e-05,6.446679687499568e-05,0.0003484387733667303
18.501614,18.501678,-6.446679687499568e-05,6.446679687499568e-05,0.0003484387733667303
0.357474,0.35753745,-6.344840621946846e-05,6.344840621946846e-05,0.017749096773952613
0.357474,0.35753745,-6.344840621946846e-05,6.344840621946846e-05,0.017749096773952613
0.08029,0.08035328,-6.328239202499364e-05,6.328239202499364e-05,0.0788172773024989
0.108089,0.108151965,-6.296484327315832e-05,6.296484327315832e-05,0.05825277615197249
0.201855,0.20191744,-6.243969917296699e-05,6.243969917296699e-05,0.03093294649230093
1.315575,1.3156372,-6.223087310797126e-05,6.223087310797126e-05,0.004730317397582118
0.056009,0.05607105,-6.205046510696088e-05,6.205046510696088e-05,0.11078659679011281
0.065604,0.06554203,6.197264575957817e-05,6.197264575957817e-05,0.09446473639581952
0.065604,0.06554203,6.197264575957817e-05,6.197264575957817e-05,0.09446473639581952
0.16589,0.16582881,6.119085788727774e-05,6.119085788727774e-05,0.03688640535920871
0.16589,0.16582881,6.119085788727774e-05,6.119085788727774e-05,0.03688640535920871
0.108091,0.108151965,-6.096484327315632e-05,6.096484327315632e-05,0.05640140549791835
0.108091,0.108151965,-6.096484327315632e-05,6.096484327315632e-05,0.05640140549791835
0.165769,0.16582881,-5.980914211273225e-05,5.980914211273225e-05,0.0360798111086225
0.080413,0.08035328,5.971760797500447e-05,5.971760797500447e-05,0.07426362391745221
3.648585,3.648526,5.904670715350946e-05,5.904670715350946e-05,0.001618345390114006
0.201859,0.20191744,-5.843969917296299e-05,5.843969917296299e-05,0.028950752329107068
0.056129,0.05607105,5.794953489303423e-05,5.794953489303423e-05,0.10324348338611189
8.424545,8.424487,5.7886047363453486e-05,5.7886047363453486e-05,0.0006871118542635403
18.501736,18.501678,5.753320312607002e-05,5.753320312607002e-05,0.00031096110724830936
0.065599,0.06554203,5.697264575958705e-05,5.697264575958705e-05,0.08684986916376344
0.097,0.096943095,5.690467357635787e-05,5.690467357635787e-05,0.05866461187391057
0.056127,0.05607105,5.5949534893039166e-05,5.5949534893039166e-05,0.099683814907897
0.357593,0.35753745,5.5551593780511777e-05,5.5551593780511777e-05,0.015534866108949814
0.357593,0.35753745,5.5551593780511777e-05,5.5551593780511777e-05,0.015534866108949814
7.259423,7.259368,5.5057189941365436e-05,5.5057189941365436e-05,0.0007584237747353613
0.065597,0.06554203,5.497264575958505e-05,5.497264575958505e-05,0.08380359723124754
0.14784,0.14789449,-5.448678493499837e-05,5.448678493499837e-05,0.03685523870274833
0.056017,0.05607105,-5.405046510696676e-05,5.405046510696676e-05,0.09648939609489506
0.108206,0.108151965,5.403515672683379e-05,5.403515672683379e-05,0.04993730169944041
0.108098,0.108151965,-5.39648432731632e-05,5.39648432731632e-05,0.04992214770230814
0.108098,0.108151965,-5.39648432731632e-05,5.39648432731632e-05,0.04992214770230814
0.357591,0.35753745,5.3551593780509776e-05,5.3551593780509776e-05,0.014975654802703122
1.198582,1.1985286,5.335257720950892e-05,5.335257720950892e-05,0.004451308062782322
0.065593,0.06554203,5.097264575958105e-05,5.097264575958105e-05,0.07771049606188245
0.201867,0.20191744,-5.0439699172982744e-05,5.0439699172982744e-05,0.02498659966611489
0.056021,0.05607105,-5.005046510696276e-05,5.005046510696276e-05,0.08934232701597691
7.259318,7.259368,-4.994281005821222e-05,4.994281005821222e-05,0.0006879821225289239
16.275974,16.275925,4.931738281399589e-05,4.931738281399589e-05,0.000303007259741831
0.080402,0.08035328,4.871760797500735e-05,4.871760797500735e-05,0.060592532417619985
0.080402,0.08035328,4.871760797500735e-05,4.871760797500735e-05,0.060592532417619985
0.056023,0.05607105,-4.805046510696076e-05,4.805046510696076e-05,0.08576917519802864
3.648478,3.648526,-4.795329284679184e-05,4.795329284679184e-05,0.0013143369055665817
0.20187,0.20191744,-4.7439699172979743e-05,4.7439699172979743e-05,0.023500123420755744
0.20187,0.20191744,-4.7439699172979743e-05,4.7439699172979743e-05,0.023500123420755744
0.065495,0.06554203,-4.7027354240419816e-05,4.7027354240419816e-05,0.07180296842295879
16.27597,16.275925,4.531738281343678e-05,4.531738281343678e-05,0.0002784312259924192
0.065587,0.06554203,4.4972645759588925e-05,4.4972645759588925e-05,0.0685694507921074
0.165784,0.16582881,-4.4809142112745004e-05,4.4809142112745004e-05,0.027028628869924947
16.27588,16.275925,-4.468261718670874e-05,4.468261718670874e-05,0.00027453272687212127
0.357493,0.35753745,-4.444840621947721e-05,4.444840621947721e-05,0.012433364067840165
0.108196,0.108151965,4.4035156726837665e-05,4.4035156726837665e-05,0.040699431297033385
0.056115,0.05607105,4.3949534893034103e-05,4.3949534893034103e-05,0.07832047547841688
0.357581,0.35753745,4.3551593780499775e-05,4.3551593780499775e-05,0.012179504439083808
0.085991,0.086034365,-4.3364998340608696e-05,4.3364998340608696e-05,0.05042969414261842
3.126169,3.1262121,-4.3120056152368136e-05,4.3120056152368136e-05,0.001379325818629409
0.065585,0.06554203,4.2972645759586925e-05,4.2972645759586925e-05,0.06552206402998377
0.357495,0.35753745,-4.244840621947521e-05,4.244840621947521e-05,0.011873846125848294
7.25941,7.259368,4.205718994132468e-05,4.205718994132468e-05,0.000579347218861386
0.056029,0.05607105,-4.20504651069617e-05,4.20504651069617e-05,0.07505125030236208
0.10811,0.108151965,-4.1964843273165076e-05,4.1964843273165076e-05,0.038816800697759946
0.357579,0.35753745,4.1551593780497775e-05,4.1551593780497775e-05,0.011620255599148028
18.501637,18.501678,-4.146679687622168e-05,4.146679687622168e-05,0.00022412501594317065
0.080312,0.08035328,-4.128239202499939e-05,4.128239202499939e-05,0.051402520138456115
0.065583,0.06554203,4.0972645759584925e-05,4.0972645759584925e-05,0.06247449140342838
0.165788,0.16582881,-4.0809142112741004e-05,4.0809142112741004e-05,0.024615256887184685
1.198569,1.1985286,4.0352577209468166e-05,4.0352577209468166e-05,0.0033667295922138346
0.108112,0.108151965,-3.9964843273163075e-05,3.9964843273163075e-05,0.03696614921211052
0.201878,0.20191744,-3.943969917297174e-05,3.943969917297174e-05,0.019536402754849632
0.16579,0.16582881,-3.8809142112739003e-05,3.8809142112739003e-05,0.023408614566216533
0.080392,0.08035328,3.8717607975011226e-05,3.8717607975011226e-05,0.04816102090612275
1.19849,1.1985286,-3.8647422790472064e-05,3.8647422790472064e-05,0.003224676283260385
1.19849,1.1985286,-3.8647422790472064e-05,3.8647422790472064e-05,0.003224676283260385
0.065579,0.06554203,3.6972645759580924e-05,3.6972645759580924e-05,0.05637878848900127
0.165792,0.16582881,-3.6809142112737e-05,3.6809142112737e-05,0.02220200135744487
0.165792,0.16582881,-3.6809142112737e-05,3.6809142112737e-05,0.02220200135744487
0.056035,0.05607105,-3.605046510696264e-05,3.605046510696264e-05,0.06433562067034355
3.64849,3.648526,-3.595329284689086e-05,3.595329284689086e-05,0.0009854293925954417
0.357573,0.35753745,3.5551593780491775e-05,3.5551593780491775e-05,0.009942471543027383
0.080388,0.08035328,3.4717607975007225e-05,3.4717607975007225e-05,0.043187550295839774
1.198563,1.1985286,3.4352577209517676e-05,3.4352577209517676e-05,0.002866146978227388
1.198563,1.1985286,3.4352577209517676e-05,3.4352577209517676e-05,0.002866146978227388
0.165863,0.16582881,3.419085788727849e-05,3.419085788727849e-05,0.020613915018216585
3.126178,3.1262121,-3.41200561524424e-05,3.41200561524424e-05,0.0010914303712504846
0.056037,0.05607105,-3.4050465106967576e-05,3.4050465106967576e-05,0.06076425405750366
0.108118,0.108151965,-3.3964843273157075e-05,3.3964843273157075e-05,0.031414605562202845
0.357571,0.35753745,3.3551593780545286e-05,3.3551593780545286e-05,0.00938319767854834
18.501645,18.501678,-3.3466796875103455e-05,3.3466796875103455e-05,0.00018088552058437277
1.198561,1.1985286,3.2352577209460165e-05,3.2352577209460165e-05,0.002699284993151027
0.165861,0.16582881,3.219085788727649e-05,3.219085788727649e-05,0.01940833461022673
8.424455,8.424487,-3.2113952636692034e-05,3.2113952636692034e-05,0.00038119917117856094
0.252699,0.2526669,3.2109378814704215e-05,3.2109378814704215e-05,0.012706571376221372
0.108183,0.108151965,3.103515672683854e-05,3.103515672683854e-05,0.02868764657862224
3.126182,3.1262121,-3.012005615232738e-05,3.012005615232738e-05,0.0009634773711627762
0.056101,0.05607105,2.994953489303398e-05,2.994953489303398e-05,0.05338502850153999
0.065571,0.06554203,2.89726457595868e-05,2.89726457595868e-05,0.04418515153864002
0.080382,0.08035328,2.8717607975001225e-05,2.8717607975001225e-05,0.03572641628632631
0.080382,0.08035328,2.8717607975001225e-05,2.8717607975001225e-05,0.03572641628632631
0.357509,0.35753745,-2.844840621946121e-05,2.844840621946121e-05,0.007957395817029448
0.056043,0.05607105,-2.8050465106961575e-05,2.8050465106961575e-05,0.05005168363026585
0.108124,0.108151965,-2.7964843273164952e-05,2.7964843273164952e-05,0.02586367804308135
0.165802,0.16582881,-2.6809142112727002e-05,2.6809142112727002e-05,0.0161693719596613
0.08038,0.08035328,2.6717607974999225e-05,2.6717607974999225e-05,0.03323912408778316
0.357564,0.35753745,2.655159378051053e-05,2.655159378051053e-05,0.007425689882953776
0.357511,0.35753745,-2.644840621945921e-05,2.644840621945921e-05,0.007397927955240895
1.198555,1.1985286,2.6352577209509676e-05,2.6352577209509676e-05,0.0021986956966773305
1.198555,1.1985286,2.6352577209509676e-05,2.6352577209509676e-05,0.0021986956966773305
0.056097,0.05607105,2.594953489303692e-05,2.594953489303692e-05,0.0462583290492871
0.056046,0.05607105,-2.5050465106965514e-05,2.5050465106965514e-05,0.04469625854167872
0.065567,0.06554203,2.49726457595828e-05,2.49726457595828e-05,0.03808721723045982
0.065567,0.06554203,2.49726457595828e-05,2.49726457595828e-05,0.03808721723045982
3.648501,3.648526,-2.495329284668557e-05,2.495329284668557e-05,0.00068393273966491
0.165804,0.16582881,-2.4809142112725002e-05,2.4809142112725002e-05,0.01496293340194571
0.357562,0.35753745,2.455159378050853e-05,2.455159378050853e-05,0.006866387863822818
1.198553,1.1985286,2.4352577209452164e-05,2.4352577209452164e-05,0.0020318314840829174
0.056095,0.05607105,2.394953489303492e-05,2.394953489303492e-05,0.0426945981822628
0.35756,0.35753745,2.255159378050653e-05,2.255159378050653e-05,0.006307079587817275
1.198551,1.1985286,2.2352577209394653e-05,2.2352577209394653e-05,0.0018649667146020225
0.165851,0.16582881,2.219085788726649e-05,2.219085788726649e-05,0.013379996426844874
0.06552,0.06554203,-2.202735424042257e-05,2.202735424042257e-05,0.033619282977416495
0.10813,0.108151965,-2.196484327315895e-05,2.196484327315895e-05,0.020313366552155356
8.424508,8.424487,2.0886047362722593e-05,2.0886047362722593e-05,0.0002479200846206648
3.126233,3.1262121,2.087994384769587e-05,2.087994384769587e-05,0.0006678946785805145
0.165808,0.16582881,-2.0809142112721002e-05,2.0809142112721002e-05,0.01255014359992935
0.165808,0.16582881,-2.0809142112721002e-05,2.0809142112721002e-05,0.01255014359992935
0.357517,0.35753745,-2.044840621950872e-05,2.044840621950872e-05,0.005719561926786462
1.198549,1.1985286,2.0352577209559186e-05,2.0352577209559186e-05,0.0016981013882503828
0.056091,0.05607105,1.9949534893037857e-05,1.9949534893037857e-05,0.0355663740305423
0.065561,0.06554203,1.89726457595768e-05,1.89726457595768e-05,0.028938920594008457
0.080372,0.08035328,1.87176079750051e-05,1.87176079750051e-05,0.02328871740371819
0.357519,0.35753745,-1.844840621950672e-05,1.844840621950672e-05,0.005160119102578213
0.080335,0.08035328,-1.8282392024990268e-05,1.8282392024990268e-05,0.02275769216684207
0.165847,0.16582881,1.819085788726249e-05,1.819085788726249e-05,0.01096845760025447
0.065524,0.06554203,-1.802735424041857e-05,1.802735424041857e-05,0.027512597235983722
0.108134,0.108151965,-1.796484327316883e-05,1.796484327316883e-05,0.01661350107880531
1.198512,1.1985286,-1.6647422790505573e-05,1.6647422790505573e-05,0.0013890076018526778
0.165845,0.16582881,1.619085788726049e-05,1.619085788726049e-05,0.009762644564200215
0.056056,0.05607105,-1.5050465106962452e-05,1.5050465106962452e-05,0.026848981518683937
0.357552,0.35753745,1.4551593780498528e-05,1.4551593780498528e-05,0.004069783912949374
0.065528,0.06554203,-1.4027354240414569e-05,1.4027354240414569e-05,0.021406657030594422
0.065556,0.06554203,1.3972645759585678e-05,1.3972645759585678e-05,0.021314060861357644
0.065556,0.06554203,1.3972645759585678e-05,1.3972645759585678e-05,0.021314060861357644
0.065556,0.06554203,1.3972645759585678e-05,1.3972645759585678e-05,0.021314060861357644
0.108138,0.108151965,-1.3964843273164829e-05,1.3964843273164829e-05,0.012913909319805175
3.648539,3.648526,1.3046707153296921e-05,1.3046707153296921e-05,0.00035758716442223405
0.108165,0.108151965,1.3035156726834418e-05,1.3035156726834418e-05,0.012051178028736875
0.080366,0.08035328,1.2717607975012979e-05,1.2717607975012979e-05,0.015824612347495666
1.198541,1.1985286,1.2352577209551185e-05,1.2352577209551185e-05,0.0010306345138397894
0.065554,0.06554203,1.1972645759583678e-05,1.1972645759583678e-05,0.018263791288586337
0.05606,0.05607105,-1.105046510696539e-05,1.105046510696539e-05,0.019711853527030927
0.05606,0.05607105,-1.105046510696539e-05,1.105046510696539e-05,0.019711853527030927
0.108163,0.108151965,1.1035156726832418e-05,1.1035156726832418e-05,0.010202339724887512
0.108163,0.108151965,1.1035156726832418e-05,1.1035156726832418e-05,0.010202339724887512
0.108141,0.108151965,-1.0964843273161828e-05,1.0964843273161828e-05,0.010139395107334345
0.165818,0.16582881,-1.0809142112738757e-05,1.0809142112738757e-05,0.006518678374012519
0.357548,0.35753745,1.0551593780494528e-05,1.0551593780494528e-05,0.002951098531537984
0.108143,0.108151965,-8.964843273159828e-06,8.964843273159828e-06,0.008289804485607042
0.080362,0.08035328,8.717607975008979e-06,8.717607975008979e-06,0.010847923103159523
0.357546,0.35753745,8.551593780492528e-06,8.551593780492528e-06,0.002391746454470413
0.357546,0.35753745,8.551593780492528e-06,8.551593780492528e-06,0.002391746454470413
0.357546,0.35753745,8.551593780492528e-06,8.551593780492528e-06,0.002391746454470413
0.357546,0.35753745,8.551593780492528e-06,8.551593780492528e-06,0.002391746454470413
0.065534,0.06554203,-8.027354240422446e-06,8.027354240422446e-06,0.012249144303984655
8.424495,8.424487,7.886047363570015e-06,7.886047363570015e-06,9.360854702241981e-05
0.080361,0.08035328,7.717607975007978e-06,7.717607975007978e-06,0.00960367338062531
0.35753,0.35753745,-7.448406219467962e-06,7.448406219467962e-06,0.0020832954486014227
0.35753,0.35753745,-7.448406219467962e-06,7.448406219467962e-06,0.0020832954486014227
0.108145,0.108151965,-6.964843273157828e-06,6.964843273157828e-06,0.006440282275387254
0.108145,0.108151965,-6.964843273157828e-06,6.964843273157828e-06,0.006440282275387254
1.315643,1.3156372,5.769126891985721e-06,5.769126891985721e-06,0.00043850245785119664
0.108157,0.108151965,5.035156726840295e-06,5.035156726840295e-06,0.004655414556787708
0.056076,0.05607105,4.949534893036733e-06,4.949534893036733e-06,0.00882647636102835
0.056076,0.05607105,4.949534893036733e-06,4.949534893036733e-06,0.00882647636102835
0.357534,0.35753745,-3.448406219463962e-06,3.448406219463962e-06,0.0009644974236015216
0.35754,0.35753745,2.5515937805420386e-06,2.5515937805420386e-06,0.0007136526765755958
0.080351,0.08035328,-2.2823920249881446e-06,2.2823920249881446e-06,0.002840527214530768
0.06554,0.06554203,-2.0273542404164457e-06,2.0273542404164457e-06,0.0030933082656746077
0.06554,0.06554203,-2.0273542404164457e-06,2.0273542404164457e-06,0.0030933082656746077
0.065544,0.06554203,1.9726457595875546e-06,1.9726457595875546e-06,0.003009651160408128
0.080355,0.08035328,1.717607975001978e-06,1.717607975001978e-06,0.0021375247002233255
0.357536,0.35753745,-1.4484062194619618e-06,1.4484062194619618e-06,0.0004051077986711419
0.108153,0.108151965,1.0351567268362949e-06,1.0351567268362949e-06,0.0009571225263091846
0.357538,0.35753745,5.515937805400384e-07,5.515937805400384e-07,0.00015427556801955673
