actual,predicted,error,abs_error,rel_error_pct
57.507791,23.511555,33.99623628198242,33.99623628198242,59.11587924134193
50.197746,21.974646,28.22310038537598,28.22310038537598,56.223839981420184
60.24089,32.593544,27.647345993652344,27.647345993652344,45.89465061622836
41.027791,25.23905,15.788741088500977,15.788741088500977,38.483039675381235
73.472314,58.117462,15.354851841796872,15.354851841796872,20.89882706263474
42.137114,57.142776,-15.005662489257816,15.005662489257816,35.61150981821443
50.008825,36.1396,13.869226153564455,13.869226153564455,27.73355733420395
20.86028,8.788967,12.07131286743164,12.07131286743164,57.86745368410096
37.400004,25.904684,11.495319933227542,11.495319933227542,30.73614626671378
145.648671,136.06268,9.585987894531257,9.585987894531257,6.581582810683302
144.941826,135.61545,9.326378001953117,9.326378001953117,6.434566376959183
42.152658,32.96248,9.19017936230469,9.19017936230469,21.802134902816537
48.858787,39.79659,9.062198102294921,9.062198102294921,18.547734519639985
72.954733,63.95781,8.996923551757817,8.996923551757817,12.332199957123391
30.624369,39.067345,-8.442975665527342,8.442975665527342,27.56946817581702
29.077237,37.335545,-8.25830758618164,8.25830758618164,28.401280307868454
30.80947,39.05551,-8.246041474609374,8.246041474609374,26.764632674897065
36.767755,28.81043,7.957324473266603,7.957324473266603,21.642127655727037
51.229236,43.360065,7.869170539794922,7.869170539794922,15.360702509363133
24.484569,16.62145,7.8631185758056645,7.8631185758056645,32.114588481314705
33.496838,25.647272,7.849565890014645,7.849565890014645,23.433751836490394
37.957129,30.269346,7.687782762817385,7.687782762817385,20.253857352586206
11.743963,4.163923,7.580040213287354,7.580040213287354,64.54414249451237
33.602903,26.02665,7.5762535249023415,7.5762535249023415,22.546425601620772
103.2909,95.752686,7.5382144531249935,7.5382144531249935,7.2980431510594785
18.950894,26.331415,-7.3805211763916,7.3805211763916,38.94550397650187
37.445311,30.095314,7.34999697412109,7.34999697412109,19.628617783683147
28.962577,36.19554,-7.232964381835938,7.232964381835938,24.973483477699396
37.64909,30.579676,7.0694143255615245,7.0694143255615245,18.77711871798959
21.622408,28.49216,-6.8697527971191406,6.8697527971191406,31.77145115885044
72.703167,66.0705,6.632663765136712,6.632663765136712,9.122936508567212
42.80123,36.350655,6.4505753979492155,6.4505753979492155,15.07100473031767
77.967022,71.75383,6.2131920439453125,6.2131920439453125,7.969000077926977
38.771052,32.615948,6.1551042766113255,6.1551042766113255,15.875515259672216
55.422851,61.57514,-6.15229090673828,6.15229090673828,11.100639529942583
34.466684,28.43893,6.027753488525391,6.027753488525391,17.488637689973025
21.873304,27.822042,-5.94873846520996,5.94873846520996,27.196341554905302
18.678736,24.502457,-5.823720665039062,5.823720665039062,31.17834453577525
33.679025,28.076368,5.602656668090823,5.602656668090823,16.6354479325758
29.744697,35.318916,-5.574219320800783,5.574219320800783,18.74021214867996
20.13384,14.593884,5.539955531921386,5.539955531921386,27.515642976669486
81.710672,76.18547,5.525201418945315,5.525201418945315,6.761909165229424
38.16346,32.67974,5.483719094238282,5.483719094238282,14.369030203823009
16.334445,21.803371,-5.468926429443361,5.468926429443361,33.48094428313836
27.908781,33.290245,-5.381464056152343,5.381464056152343,19.282332883450053
15.59008,20.929502,-5.339422487182617,5.339422487182617,34.24884597865032
19.924901,25.16872,-5.24381924536133,5.24381924536133,26.317918695480657
23.984265,18.793545,5.190720230712891,5.190720230712891,21.642190122112346
20.778812,25.911379,-5.132566860473634,5.132566860473634,24.700963945623716
14.09024,19.20146,-5.111219884643555,5.111219884643555,36.27489584710608
13.184501,18.288347,-5.103846244262696,5.103846244262696,38.710954963134256
12.93015,17.94258,-5.01242926940918,5.01242926940918,38.76543790575063
8.081788,3.1058886,4.975899394882202,4.975899394882202,61.56928881109766
12.609706,17.550516,-4.94081012854004,4.94081012854004,39.18259575997139
13.727024,18.57403,-4.8470059224853514,4.8470059224853514,35.30995445516844
7.163124,2.408301,4.754822884963989,4.754822884963989,66.37917876191463
21.342328,16.627953,4.714375424316405,4.714375424316405,22.08932139124802
18.544554,23.249325,-4.704770798583983,4.704770798583983,25.37009409101245
13.731094,18.349264,-4.61817014489746,4.61817014489746,33.63293663901673
21.579669,17.015665,4.56400394567871,4.56400394567871,21.149554915126643
25.72637,30.192667,-4.46629700744629,4.46629700744629,17.360774207278094
11.612258,16.058558,-4.446299510375976,4.446299510375976,38.28970653543597
20.300863,15.883796,4.417067261779785,4.417067261779785,21.758027044259286
57.187081,52.811256,4.375824591308593,4.375824591308593,7.65177119514273
24.780656,20.436121,4.344535013061524,4.344535013061524,17.53196127271204
14.675018,18.975857,-4.30083878100586,4.30083878100586,29.307212985882213
80.035683,75.741905,4.293777787597662,4.293777787597662,5.364829319432805
24.52287,20.287174,4.235695775146485,4.235695775146485,17.272430898704812
16.061147,11.829761,4.231386448547362,4.231386448547362,26.345481107426615
59.889029,55.676613,4.2124161459960945,4.2124161459960945,7.033702526699942
12.523085,16.652077,-4.128991721191406,4.128991721191406,32.97104284733702
11.338908,15.441773,-4.102865414611816,4.102865414611816,36.18395540889504
101.275697,97.18306,4.092637307617181,4.092637307617181,4.041085303627326
24.235797,20.164997,4.0707998991699235,4.0707998991699235,16.79664134483849
55.696211,51.689274,4.0069371657714825,4.0069371657714825,7.194272453765819
12.158051,16.130243,-3.972192301391601,3.972192301391601,32.67129165158897
21.149744,25.10359,-3.9538460115966814,3.9538460115966814,18.694533662336468
8.929167,12.879167,-3.9499996030883793,3.9499996030883793,44.23704476626031
11.750997,15.640744,-3.889747209289551,3.889747209289551,33.10142287719459
119.654362,115.77015,3.884212769042975,3.884212769042975,3.2461940409992978
10.264449,14.143333,-3.878884435058593,3.878884435058593,37.789504677950106
11.482158,15.360163,-3.8780047349853515,3.8780047349853515,33.774180210301736
15.422703,11.55645,3.8662531098632815,3.8662531098632815,25.068583048238775
10.239933,14.100592,-3.860658659545898,3.860658659545898,37.70199140471129
10.999152,14.84246,-3.843307678649902,3.843307678649902,34.94185441400355
12.950767,16.745647,-3.794880430419921,3.794880430419921,29.302360473249333
24.1075,20.315588,3.7919120025634783,3.7919120025634783,15.729179726424345
20.020193,16.283821,3.7363718940429678,3.7363718940429678,18.663016355658037
22.59938,26.277851,-3.678471104736328,3.678471104736328,16.276867350874454
9.310456,12.979543,-3.6690867322387692,3.6690867322387692,39.40823878228264
12.914531,16.484945,-3.5704142972412107,3.5704142972412107,27.64648826359675
9.488396,13.043193,-3.5547968634643556,3.5547968634643556,37.46467646825545
10.08617,13.618424,-3.5322544155883797,3.5322544155883797,35.020770178902
120.240229,116.71974,3.520487178710937,3.520487178710937,2.92787797227832
35.099961,31.639545,3.4604155593261723,3.4604155593261723,9.858744741386788
15.368272,11.913794,3.454478436157226,3.454478436157226,22.47798865178042
15.43283,11.98236,3.4504701138305656,3.4504701138305656,22.357986926624655
19.864589,16.42439,3.440198207153319,3.440198207153319,17.31824507990576
9.84646,13.271222,-3.424762114562988,3.424762114562988,34.78165873347585
13.970281,10.619712,3.3505691240844726,3.3505691240844726,23.983548534639276
20.15046,16.802181,3.3482787561035146,3.3482787561035146,16.61638868833217
14.787475,11.545844,3.2416309219360357,3.2416309219360357,21.921463413558527
7.758219,10.959247,-3.2010276354370113,3.2010276354370113,41.25982568158686
26.123668,22.927803,3.1958649604492173,3.1958649604492173,12.233599663098552
9.938797,13.1178875,-3.179090496948243,3.179090496948243,31.986673003948635
7.478034,4.3361645,3.1418695255126954,3.1418695255126954,42.01464616864112
6.739329,3.6158898,3.1234392123260495,3.1234392123260495,46.34644209059542
15.963143,12.865148,3.0979954093627935,3.0979954093627935,19.40717695345701
28.642041,25.547718,3.094322951904296,3.094322951904296,10.803430355726022
25.89224,22.799955,3.092284631958009,3.092284631958009,11.942901162456652
57.055058,60.142418,-3.0873599077148413,3.0873599077148413,5.41119405699216
51.918359,48.840218,3.078141409667971,3.078141409667971,5.928811058265617
15.864798,12.812277,3.0525211597900395,3.0525211597900395,19.2408447921669
37.915681,34.87446,3.041222687011718,3.041222687011718,8.021015597751486
44.324824,47.36141,-3.0365842336425786,3.0365842336425786,6.850753053493744
8.93467,11.947981,-3.013310880737304,3.013310880737304,33.72604562567591
25.085908,28.041975,-2.956067021362305,2.956067021362305,11.78377526279105
11.728172,8.788495,2.9396769362182624,2.9396769362182624,25.06509058865437
6.606241,3.7303085,2.875932467285156,2.875932467285156,43.53356874570005
11.352587,8.487483,2.865103975402832,2.865103975402832,25.23745447075274
12.476533,9.618746,2.857787196166992,2.857787196166992,22.9052990613986
6.808369,3.985863,2.822506029647827,2.822506029647827,41.456419732925326
11.052613,8.290768,2.7618453303222648,2.7618453303222648,24.9881664208932
11.900318,9.150647,2.749670836608887,2.749670836608887,23.105860167650825
72.885823,75.620415,-2.7345917338867167,2.7345917338867167,3.7518842778011368
16.194811,13.490664,2.7041474715576186,2.7041474715576186,16.697616733785413
10.923351,8.232394,2.690956781555176,2.690956781555176,24.634901703062926
8.240232,10.9305935,-2.6903614906005853,2.6903614906005853,32.649098842944426
15.792056,13.1178875,2.6741685030517583,2.6741685030517583,16.93363108030281
7.34033,9.991433,-2.651103143615723,2.651103143615723,36.116947651939434
15.990736,13.357397,2.6333389205322266,2.6333389205322266,16.467903169158436
8.353404,10.979548,-2.6261444542846686,2.6261444542846686,31.438015619180288
16.247001,13.627904,2.619097061706544,2.619097061706544,16.120495479075945
16.728626,14.115219,2.613406883789061,2.613406883789061,15.622364226287559
11.232986,8.625864,2.6071219710693363,2.6071219710693363,23.20951856475319
46.643463,44.091545,2.5519178950195283,2.5519178950195283,5.471115845352343
17.236936,14.715096,2.5218395263061524,2.5218395263061524,14.630439692364828
44.34036,46.858162,-2.5178019262695344,2.5178019262695344,5.678352467737872
21.44323,18.931149,2.5120814709472654,2.5120814709472654,11.715033000791161
3.543247,1.0633174,2.4799295819015503,2.4799295819015503,69.99031063404725
5.413036,7.870001,-2.4569648392333985,2.4569648392333985,45.389774595772295
11.652463,9.230375,2.422087710083007,2.422087710083007,20.78605793523842
2.976794,0.5848531,2.3919408873023986,2.3919408873023986,80.35291952422794
23.691365,26.074986,-2.3836205041503895,2.3836205041503895,10.061136216255704
2.561594,0.17852296,2.3830710406484603,2.3830710406484603,93.0307863211512
2.501398,0.12732194,2.374076056359291,2.374076056359291,94.90996859613628
6.853129,9.222238,-2.3691085869750976,2.3691085869750976,34.56973576508669
6.490483,8.855861,-2.3653777101440427,2.3653777101440427,36.443785618229015
6.361469,3.9977164,2.3637525731506344,2.3637525731506344,37.157338550474385
25.358919,27.718565,-2.359645987182617,2.359645987182617,9.304994377612516
2.48816,0.13341083,2.3547491736745836,2.3547491736745836,94.63817333209863
48.158667,45.828587,2.3300804216308606,2.3300804216308606,4.8383407738964666
6.31353,8.620992,-2.3074617068481444,2.3074617068481444,36.54788536383919
2.70384,0.39754722,2.3062927847766876,2.3062927847766876,85.29694008119529
5.684737,7.975013,-2.2902757792358397,2.2902757792358397,40.28815720402811
3.155358,0.9003539,2.2550040914611817,2.2550040914611817,71.46587142852621
6.048419,8.296065,-2.247646330505371,2.247646330505371,37.1608899857667
11.791486,14.037796,-2.2463100205078117,2.2463100205078117,19.0502708521111
62.356644,64.60197,-2.2453228579101534,2.2453228579101534,3.6007756573726972
104.912794,107.14964,-2.2368489443359323,2.2368489443359323,2.1321031106404433
7.855062,10.088913,-2.2338509638671873,2.2338509638671873,28.438361961226388
7.103612,4.8788147,2.224797302734375,2.224797302734375,31.31924016546872
11.631014,9.412296,2.218717704833985,2.218717704833985,19.075875111274986
4.479735,2.263723,2.216012103424072,2.216012103424072,49.467481968790665
7.059511,4.8456426,2.2138684333190914,2.2138684333190914,31.360081927597133
27.200494,29.410118,-2.2096241030273447,2.2096241030273447,8.12347048924634
7.738472,5.533545,2.204926982757568,2.204926982757568,28.493053702708686
12.105001,9.906379,2.198622253967285,2.198622253967285,18.162925008838265
6.566549,4.372331,2.194217857574463,2.194217857574463,33.415083897813716
6.620557,4.4282074,2.1923496025390623,2.1923496025390623,33.11427728068723
16.970759,14.787593,2.183166112121583,2.183166112121583,12.864280920545268
7.779548,5.5983524,2.1811955677490236,2.1811955677490236,28.037561664520688
12.662151,10.48958,2.1725708455810544,2.1725708455810544,17.1579919206768
6.849705,4.689788,2.1599171353149416,2.1599171353149416,31.532995001732317
9.613018,7.4642076,2.1488103507690433,2.1488103507690433,22.35312937879332
6.732342,8.880008,-2.147665743835449,2.147665743835449,31.900722568811098
21.972201,24.117367,-2.145165790771486,2.145165790771486,9.763090146325002
16.531261,14.410019,2.121242079101563,2.121242079101563,12.831701580954602
20.543684,22.6538,-2.110115057006837,2.110115057006837,10.271356670967904
4.121735,2.0140471,2.1076878541564943,2.1076878541564943,51.13593799954044
4.438641,6.53964,-2.1009989497985844,2.1009989497985844,47.334284294477754
17.234251,15.138354,2.0958966985473637,2.0958966985473637,12.161228814267604
28.893659,26.812874,2.0807851596679683,2.0807851596679683,7.201528749476717
3.441119,1.367085,2.0740340199890137,2.0740340199890137,60.27208067866127
6.880393,4.8439045,2.036488504760742,2.036488504760742,29.598432890841313
7.913974,5.877612,2.036361886047363,2.036361886047363,25.731217793003008
7.010021,4.976026,2.0339949418029786,2.0339949418029786,29.015532789045324
15.653953,13.634897,2.0190557679443355,2.0190557679443355,12.89805691847572
4.360227,6.37903,-2.0188032276611327,2.0188032276611327,46.300415726402136
12.091196,14.105685,-2.014489234069824,2.014489234069824,16.660793804460397
32.940655,30.929005,2.0116503308105464,2.0116503308105464,6.106892321371386
69.928236,71.92372,-1.9954853134765642,1.9954853134765642,2.8536188349920777
16.644938,14.656258,1.9886803706054685,1.9886803706054685,11.947658625063795
7.135009,5.1719384,1.9630705806579591,1.9630705806579591,27.513218001973733
16.696489,14.746919,1.9495703217163083,1.9495703217163083,11.676528650452392
7.579537,5.641034,1.938502873718262,1.938502873718262,25.575478735609924
16.115895,14.190121,1.925774302978514,1.925774302978514,11.949533693081053
8.607015,10.532516,-1.9255005258178706,1.9255005258178706,22.371292786122705
33.394323,35.319588,-1.9252647075195313,1.9252647075195313,5.765245510483222
11.65931,9.73638,1.9229303765869137,1.9229303765869137,16.49266017088851
4.546104,6.4507113,-1.904607250305176,1.904607250305176,41.89537349482724
78.795445,76.89166,1.9037824023437508,1.9037824023437508,2.416107177694516
3.892666,5.791254,-1.8985880435791014,1.8985880435791014,48.77346382993886
4.965627,6.862289,-1.8966619518737797,1.8966619518737797,38.19582002102824
3.305419,5.199949,-1.8945297876892089,1.8945297876892089,57.31587395219465
9.082644,10.973992,-1.891348347717285,1.891348347717285,20.82376395790104
7.20529,5.325977,1.8793131513977048,1.8793131513977048,26.08240822189839
4.277799,2.400225,1.8775740759124755,1.8775740759124755,43.89112428771395
25.000007,23.124617,1.8753903770751954,1.8753903770751954,7.501559407834142
7.121422,5.2464714,1.874950594970703,1.874950594970703,26.328317503784703
4.06372,5.9385796,-1.8748595593261719,1.8748595593261719,46.13653399545331
4.889206,6.7634053,-1.8741993230285647,1.8741993230285647,38.33340879869311
6.865543,4.995189,1.870353810089111,1.870353810089111,27.242620285997315
3.494489,5.3609686,-1.8664795897827147,1.8664795897827147,53.412089427933594
12.209281,10.35408,1.8552007998046882,1.8552007998046882,15.195004519836125
19.182121,17.328362,1.85375948876953,1.85375948876953,9.663996430633851
12.820045,10.973924,1.8461213168334965,1.8461213168334965,14.400271737104637
4.171248,6.012665,-1.8414167949218747,1.8414167949218747,44.14546425620651
7.641053,5.813337,1.8277161507873538,1.8277161507873538,23.91968948210978
12.464338,10.637868,1.8264700724487302,1.8264700724487302,14.65356661889365
100.876387,99.0544,1.8219894169921815,1.8219894169921815,1.8061604615065916
6.708269,4.891363,1.8169058560791012,1.8169058560791012,27.084570640384527
21.087138,19.280088,1.8070495753173823,1.8070495753173823,8.569439699729822
11.586291,9.779847,1.8064438549194328,1.8064438549194328,15.591217715003374
3.916167,5.7108536,-1.794686576660156,1.794686576660156,45.82763137052961
11.926119,10.132476,1.7936431470336913,1.7936431470336913,15.03962141429791
21.429961,23.206825,-1.7768642563476575,1.7768642563476575,8.291495520404196
31.009911,29.248259,1.7616524093017567,1.7616524093017567,5.680933458003397
12.808002,11.048964,1.7590384532470704,1.7590384532470704,13.733902081162514
4.751736,6.494645,-1.7429091187133787,1.7429091187133787,36.67941818898818
13.611719,11.8713455,1.7403734799804695,1.7403734799804695,12.78584637228908
28.415721,30.155903,-1.7401818625488268,1.7401818625488268,6.124010939376491
5.099868,6.8399415,-1.7400735016174318,1.7400735016174318,34.11997137148083
7.222895,5.4830956,1.7397993540954593,1.7397993540954593,24.087285694605445
3.182458,4.91116,-1.7287019922180176,1.7287019922180176,54.319711121519845
20.643456,22.370173,-1.726716500610351,1.726716500610351,8.364473955339584
56.92752,58.652393,-1.724873341064452,1.724873341064452,3.0299463968594136
7.179261,5.4564576,1.7228033851013187,1.7228033851013187,23.996945995936375
6.61925,8.31401,-1.694759666442871,1.694759666442871,25.603499889221098
25.280701,26.97453,-1.6938282663574213,1.6938282663574213,6.700084251424521
7.296726,5.6134605,1.6832654592285152,1.6832654592285152,23.06877713656024
26.462809,28.141457,-1.6786476040039062,1.6786476040039062,6.343421834006975
3.590961,5.266798,-1.6758370194091796,1.6758370194091796,46.66820439883673
12.274146,10.5991535,1.6749924813232422,1.6749924813232422,13.646509348264194
3.80916,5.48272,-1.673559898223877,1.673559898223877,43.93514313339272
7.102401,5.4314966,1.6709043798217778,1.6709043798217778,23.525908770826256
3.298438,4.9509516,-1.6525135762329102,1.6525135762329102,50.099882919818725
56.35825,54.710503,1.6477473754882794,1.6477473754882794,2.923702165140606
31.02597,29.381516,1.6444544970703134,1.6444544970703134,5.300251682912776
3.921713,5.5638776,-1.6421645825500488,1.6421645825500488,41.8736552753395
30.306211,31.946465,-1.6402535385742176,1.6402535385742176,5.412268589329116
16.861317,15.223206,1.6381114335937497,1.6381114335937497,9.71520453345391
8.333974,6.7034473,1.6305266580810542,1.6305266580810542,19.56481575370273
4.270017,5.9002857,-1.6302687208251951,1.6302687208251951,38.17944333212293
49.573178,51.196407,-1.6232293181152357,1.6232293181152357,3.274410444518932
6.38939,4.769344,1.6200461470031735,1.6200461470031735,25.35525530571492
35.07621,36.68748,-1.6112709265136687,1.6112709265136687,4.593628919740972
19.325367,17.731161,1.594205882446289,1.594205882446289,8.249291630208317
8.004829,6.4108276,1.5940013632812509,1.5940013632812509,19.912997057917636
22.079002,23.668736,-1.5897335041503915,1.5897335041503915,7.2002054447170725
10.475492,8.888538,1.586953639404296,1.586953639404296,15.14920386927074
5.795941,7.380054,-1.584112997039795,1.584112997039795,27.331420333858876
5.082276,6.6631255,-1.5808495149841306,1.5808495149841306,31.105148853644028
5.111827,6.6903305,-1.5785035053710939,1.5785035053710939,30.879439099566834
12.08521,10.518514,1.5666963204956055,1.5666963204956055,12.963749247904188
4.466148,6.030628,-1.5644802043457036,1.5644802043457036,35.02974384885306
8.594745,7.041574,1.5531709986877438,1.5531709986877438,18.071170217029973
3.421963,4.970676,-1.5487129452819826,1.5487129452819826,45.25802719774365
12.198348,10.649828,1.548520042846679,1.548520042846679,12.694506197347252
8.908072,7.360908,1.5471639685363776,1.5471639685363776,17.368112522204683
4.798459,6.3390827,-1.5406237178955076,1.5406237178955076,32.10663502310639
12.540279,11.005947,1.5343318869628906,1.5343318869628906,12.23522927161872
7.820835,6.2879763,1.5328587350463865,1.5328587350463865,19.599681300357148
12.209533,10.6879835,1.5215494871215824,1.5215494871215824,12.461979398467742
54.606477,53.09572,1.5107586162109357,1.5107586162109357,2.766628977379678
3.150537,4.6574993,-1.5069623133544923,1.5069623133544923,47.83191923493234
18.338033,19.838379,-1.5003459062500006,1.5003459062500006,8.181607625211598
24.633511,23.133228,1.5002826979980455,1.5002826979980455,6.090413575198254
3.894362,5.3908615,-1.4964995112304686,1.4964995112304686,38.42733446947257
3.754859,5.250741,-1.4958820049438475,1.4958820049438475,39.83856663869425
11.889484,10.393684,1.4957996127929682,1.4957996127929682,12.580862321530418
8.145211,6.6526313,1.4925797171936033,1.4925797171936033,18.324629247483934
5.719101,7.210799,-1.4916982172241209,1.4916982172241209,26.082739528433546
7.464921,5.973626,1.4912948632202152,1.4912948632202152,19.977369662722992
3.337209,4.820235,-1.4830257755432128,1.4830257755432128,44.43910391883678
87.994214,86.51511,1.4791077988281245,1.4791077988281245,1.680914836998764
9.164599,7.690955,1.473643837951661,1.473643837951661,16.079741600648116
5.557127,7.01744,-1.4603128422241207,1.4603128422241207,26.27819810844421
4.114727,5.574464,-1.4597368442993162,1.4597368442993162,35.475909927045954
3.111671,4.567929,-1.4562577910461427,1.4562577910461427,46.79986383519797
35.543229,34.091793,1.4514359396972623,1.4514359396972623,4.083579293522202
4.905331,6.3544526,-1.4491216100158688,1.4491216100158688,29.54177016772827
11.993875,10.553558,1.4403166503906242,1.4403166503906242,12.008768228605145
7.560853,6.1234546,1.4373984292297362,1.4373984292297362,19.011061704423103
8.434512,7.004212,1.4303000973815916,1.4303000973815916,16.957710148075357
2.807149,4.2265706,-1.4194216062316896,1.4194216062316896,50.56452672021061
3.779288,2.3633227,1.4159652651672365,1.4159652651672365,37.466455722077015
7.301502,5.891001,1.410500775482178,1.410500775482178,19.317953695867782
3.881446,5.287011,-1.4055651465454102,1.4055651465454102,36.21241018190638
27.124482,28.524488,-1.4000064490966793,1.4000064490966793,5.161412664365416
5.520037,6.91854,-1.398503000915527,1.398503000915527,25.335029473356645
28.438342,29.834938,-1.3965960493164076,1.3965960493164076,4.910961578953853
7.89463,6.5025516,1.3920784443664553,1.3920784443664553,17.633232264828397
9.302082,7.910639,1.3914431907958988,1.3914431907958988,14.95840598675587
8.054512,6.6631255,1.39138648501587,1.39138648501587,17.274621789608048
4.303027,5.689137,-1.3861099819641112,1.3861099819641112,32.21243979951552
8.588942,7.215271,1.3736710039062494,1.3736710039062494,15.993483293870842
40.068106,41.438404,-1.370298083251953,1.370298083251953,3.4199222774556226
3.103832,4.472934,-1.369101769226074,1.369101769226074,44.110047489102634
41.677151,40.309208,1.3679430837402364,1.3679430837402364,3.282237511237162
21.020658,22.384735,-1.364077107421874,1.364077107421874,6.489221733284395
37.802277,36.449066,1.3532108378906216,1.3532108378906216,3.5797072168087705
21.759979,23.112373,-1.35239435205078,1.35239435205078,6.2150535717179
21.052031,19.71085,1.3411812380371089,1.3411812380371089,6.370792623432571
2.511953,3.8481379,-1.336184855529785,1.336184855529785,53.19306752461499
8.020261,9.355944,-1.3356826798095707,1.3356826798095707,16.653855526558512
2.921395,4.2527347,-1.331339661102295,1.331339661102295,45.572052428949966
8.078678,6.756258,1.3224199891357422,1.3224199891357422,16.36926226196134
7.437156,6.1164446,1.3207114122924803,1.3207114122924803,17.758285724741043
24.122918,22.805809,1.3171089790039048,1.3171089790039048,5.459990283921891
19.520901,18.203867,1.3170340413818344,1.3170340413818344,6.746789204940325
1.800439,3.1162329,-1.3157938720092774,1.3157938720092774,73.08183570430299
17.077813,15.770396,1.3074167673950186,1.3074167673950186,7.655645177677979
2.438512,1.1320287,1.3064833010787962,1.3064833010787962,53.57707081307039
4.69126,5.987438,-1.2961782019042971,1.2961782019042971,27.629638985617245
1.021283,2.313279,-1.2919959134979249,1.2919959134979249,126.507139879095
7.247945,5.9653053,1.282639671630859,1.282639671630859,17.696597747543098
20.023866,21.302872,-1.2790057041015608,1.2790057041015608,6.3874064283848755
34.032486,32.75442,1.2780647658691393,1.2780647658691393,3.7554258183354103
8.086399,6.823328,1.2630709818115236,1.2630709818115236,15.619696502681895
2.009549,3.2685459,-1.2589968660125734,1.2589968660125734,62.650717447045224
44.270655,43.01753,1.253126466064451,1.253126466064451,2.830602949203305
3.139619,4.3877068,-1.2480877565917967,1.2480877565917967,39.752841238126145
7.9887,6.7468705,1.2418294822692868,1.2418294822692868,15.544825594323758
14.992054,16.23281,-1.2407550667724614,1.2407550667724614,8.276084562957053
15.737093,14.498237,1.238856343811035,1.238856343811035,7.872205773983561
2.843868,1.6052084,1.238659603088379,1.238659603088379,43.55545345440869
3.040403,4.278214,-1.2378109778137207,1.2378109778137207,40.712069346498104
3.532193,4.7679896,-1.2357966354675294,1.2357966354675294,34.98666792648484
2.273098,1.0404164,1.2326816400985718,1.2326816400985718,54.229146303606036
2.807901,4.037223,-1.2293218622436521,1.2293218622436521,43.780812151136075
26.413922,27.641666,-1.2277444123535162,1.2277444123535162,4.648095850168969
32.69808,31.472431,1.2256488171386692,1.2256488171386692,3.7483816087517092
8.131936,6.9089403,1.2229956847534176,1.2229956847534176,15.039416010386434
0.566404,1.7893025,-1.2228984682998658,1.2228984682998658,215.90569065260135
0.971011,2.1873155,-1.2163044640197755,1.2163044640197755,125.26165655121456
28.018346,26.803783,1.2145625832519542,1.2145625832519542,4.334883234176705
7.235515,6.0232253,1.2122896925354008,1.2122896925354008,16.754711897061174
0.415317,1.6255747,-1.2102577079849244,1.2102577079849244,291.40577142123215
0.966876,2.1769307,-1.2100546659698486,1.2100546659698486,125.15096722275634
0.411788,1.6210564,-1.2092684374923706,1.2092684374923706,293.6628646776272
18.098931,16.889725,1.2092062685546878,1.2092062685546878,6.681092206760758
0.663154,1.869051,-1.2058969796142578,1.2058969796142578,181.84267597457227
2.413867,1.2102302,1.203636768714905,1.203636768714905,49.8634253115454
3.439068,4.642223,-1.2031548813171389,1.2031548813171389,34.98491106550246
8.376971,7.174612,1.2023589547119133,1.2023589547119133,14.35314691548485
3.248323,4.4488754,-1.2005524272460937,1.2005524272460937,36.95914560248887
11.021007,9.822097,1.1989101753540048,1.1989101753540048,10.878408618587452
22.605258,23.803812,-1.1985540269775399,1.1985540269775399,5.302102842499023
0.355375,1.5522625,-1.196887544631958,1.196887544631958,336.7956508744741
0.3986,1.5952888,-1.1966887535095214,1.1966887535095214,300.2229686927492
0.457714,1.6541691,-1.1964550826416016,1.1964550826416016,261.3979651879129
79.75602,78.56043,1.1955875659179753,1.1955875659179753,1.4990562040539086
0.330649,1.5261651,-1.1955161277542115,1.1955161277542115,361.56653351216687
0.269675,1.4604038,-1.1907288000106813,1.1907288000106813,441.5421524313114
0.780261,1.9705696,-1.1903086105957033,1.1903086105957033,152.55262155139764
1.147906,2.3371832,-1.1892772370758056,1.1892772370758056,103.60406139284936
3.235944,2.0480971,1.1878468663635253,1.1878468663635253,36.70789316276232
7.642567,6.457308,1.1852591844482419,1.1852591844482419,15.508652844426921
0.424064,1.6076683,-1.1836042806015015,1.1836042806015015,279.1098231216023
0.367528,1.5498792,-1.1823511933059692,1.1823511933059692,321.7037050195537
0.220046,1.4022102,-1.1821642355957032,1.1821642355957032,537.2350486073221
2.266687,1.0848374,1.1818495633239747,1.1818495633239747,52.13995418299194
2.242777,1.0639087,1.1788683038253782,1.1788683038253782,52.56288537704887
28.601424,29.780146,-1.1787216451416,1.1787216451416,4.121199158256871
0.390879,1.5694073,-1.178528343864441,1.178528343864441,301.507203907842
0.966985,2.145248,-1.1782629362487793,1.1782629362487793,121.84914307118831
0.767254,1.9448775,-1.1776235053024293,1.1776235053024293,153.48548266270933
2.253483,1.0765778,1.1769052173690797,1.1769052173690797,52.226052617963106
7.967374,6.792464,1.1749102205505375,1.1749102205505375,14.746517742681478
0.422356,1.5955131,-1.173157105392456,1.173157105392456,277.7649909352989
1.174272,2.3470886,-1.1728165753631592,1.1728165753631592,99.87605727321125
2.24286,1.0701412,1.1727188037490843,1.1727188037490843,52.28675903519603
2.326672,1.1553526,1.1713194075317381,1.1713194075317381,50.343125609514146
19.522707,20.693487,-1.170780167358398,1.170780167358398,5.997017561921106
2.245228,1.0745517,1.1706762984542847,1.1706762984542847,52.140642215496335
2.262122,1.0922543,1.1698677189559938,1.1698677189559938,51.71550070704755
2.280237,1.1121575,1.1680795359725953,1.1680795359725953,51.22623376084894
0.377432,1.5435634,-1.1661313659362793,1.1661313659362793,308.96462558217496
3.763399,4.928275,-1.1648761083374022,1.1648761083374022,30.952766589629466
0.345189,1.5099273,-1.164738272796631,1.164738272796631,337.4204486409504
2.275402,1.110699,1.1647029424209596,1.1647029424209596,51.18668887386812
0.365551,1.5297282,-1.1641771742095948,1.1641771742095948,318.47188870803876
2.280858,1.1174555,1.1634025175170897,1.1634025175170897,51.00723137810782
0.235267,1.3982118,-1.1629448368148805,1.1629448368148805,494.308524493691
2.509475,3.671356,-1.1618809627532958,1.1618809627532958,46.299762408750674
8.025753,6.864123,1.1616301324157714,1.1616301324157714,14.47378373594724
2.291593,1.1307831,1.1608099189453127,1.1608099189453127,50.6551520664733
1.279783,2.4401314,-1.160348425857544,1.160348425857544,90.66759175320163
0.57749,1.7370579,-1.1595679242706298,1.1595679242706298,200.7944594832526
2.3063,1.147466,1.1588340557098387,1.1588340557098387,50.24645777477311
2.269201,1.110699,1.1585019424209593,1.1585019424209593,51.05329771888458
0.964796,2.1224065,-1.1576104826965332,1.1576104826965332,119.98500020486695
0.355787,1.5132234,-1.1574364096527099,1.1574364096527099,325.31722893961626
0.332482,1.4895393,-1.1570572656326295,1.1570572656326295,348.00598687586796
0.49069,1.6470269,-1.1563368964767455,1.1563368964767455,235.65528057247755
0.645935,1.8015896,-1.1556546081924437,1.1556546081924437,178.91190414105625
2.223292,1.0677111,1.155580885116577,1.155580885116577,51.976118524449376
2.292754,1.1373383,1.1554157193222045,1.1554157193222045,50.394229789668245
2.237627,1.0822853,1.155341715003967,1.155341715003967,51.632453261975066
2.232285,1.0770808,1.1552041541671754,1.1552041541671754,51.74985067388015
12.229525,11.074408,1.1551174224853522,1.1551174224853522,9.4453171523498
2.230496,1.0765778,1.1539182173690796,1.1539182173690796,51.73370484938533
2.303571,1.1497895,1.1537815474472044,1.1537815474472044,50.08665013568576
2.22852,1.0750006,1.1535193562698365,1.1535193562698365,51.76167843313386
2.232459,1.0810357,1.1514232667770385,1.1514232667770385,51.57645747247596
10.887368,9.738602,1.1487663154296879,1.1487663154296879,10.551368479683395
0.999224,2.1476247,-1.1484007310638429,1.1484007310638429,114.929258199254
0.302319,1.4493426,-1.1470236084518433,1.1470236084518433,379.40837594475863
2.261192,1.1143335,1.1468584896011351,1.1468584896011351,50.71919985345853
2.349859,1.2040985,1.1457605369415282,1.1457605369415282,48.75869304893483
0.228699,1.3731446,-1.1444456266174317,1.1444456266174317,500.41566693208796
0.180034,1.3241819,-1.1441479143295288,1.1441479143295288,635.5176876001261
2.386371,1.2424203,1.1439506842575073,1.1439506842575073,47.936833133220716
2.329199,1.1862292,1.1429697710266113,1.1429697710266113,49.07136620690375
0.369182,1.5120739,-1.1428918744735719,1.1428918744735719,309.57410549918404
2.292497,1.1496067,1.142890295288086,1.142890295288086,49.85351323200128
0.542544,1.6842128,-1.1416688038406373,1.1416688038406373,210.4287953843759
2.254745,1.1140593,1.1406856709671023,1.1406856709671023,50.59045128901546
2.259295,1.1187388,1.1405562295150755,1.1405562295150755,50.482837764196034
4.083837,5.2243032,-1.1404662455444337,1.1404662455444337,27.92634097581533
0.87325,2.0133607,-1.1401107387542724,1.1401107387542724,130.5594891066376
6.289865,7.429926,-1.1400609185791017,1.1400609185791017,18.12536387602876
0.736068,1.8747708,-1.138702760536194,1.138702760536194,154.70075596025004
0.388495,1.5270077,-1.1385126990127563,1.1385126990127563,293.0572333542772
0.344084,1.4801298,-1.136045837989807,1.136045837989807,330.1652612907435
0.053256,1.188125,-1.1348690143051148,1.1348690143051148,2130.969303316331
26.305028,25.170313,1.1347151185302735,1.1347151185302735,4.313681470044282
0.331215,1.4659162,-1.1347011567687988,1.1347011567687988,342.58749042954315
0.197013,1.3309064,-1.1338933911437987,1.1338933911437987,575.5424213469448
0.368909,1.50184,-1.1329309953842164,1.1329309953842164,307.1031053937728
0.783156,1.9159197,-1.1327636615219117,1.1327636615219117,144.6408712156034
2.234578,1.1018151,1.1327628955154418,1.1327628955154418,50.692475065303135
1.501464,2.634118,-1.1326540801391602,1.1326540801391602,75.43664583791045
0.255698,1.3871363,-1.1314383401412964,1.1314383401412964,442.4901014864435
2.306737,1.1756415,1.1310954632873536,1.1310954632873536,49.03443536208589
0.577003,1.7070955,-1.130092503807068,1.130092503807068,195.85556810124248
2.329282,1.1993716,1.129910423690796,1.129910423690796,48.508957852346214
73.39118,72.26201,1.1291713330078181,1.1291713330078181,1.5385654420684876
0.548065,1.6771585,-1.1290934749221802,1.1290934749221802,206.01451921143763
0.462498,1.5911397,-1.1286416741867065,1.1286416741867065,244.03168747598363
0.785823,1.9143016,-1.1284786338348387,1.1284786338348387,143.604683712647
0.036828,1.1652753,-1.1284473353118896,1.1284473353118896,3064.101586422798
2.262162,1.1338557,1.1283062995071411,1.1283062995071411,49.87734297796815
0.382047,1.5101207,-1.1280737494735718,1.1280737494735718,295.2709350363439
33.581064,34.70861,-1.127546534667971,1.127546534667971,3.357685553574518
0.381168,1.5084529,-1.1272848923034668,1.1272848923034668,295.74489254284777
2.323523,1.1964438,1.1270792038421629,1.1270792038421629,48.507340094918604
2.334768,1.2086242,1.1261437562637329,1.1261437562637329,48.23364703540135
0.054343,1.1802576,-1.1259145588226318,1.1259145588226318,2071.866766190245
0.607341,1.7330785,-1.1257374797668458,1.1257374797668458,185.35509369225701
0.528337,1.6540704,-1.1257333773498535,1.1257333773498535,213.0710847691497
0.653758,1.7790012,-1.1252432359619142,1.1252432359619142,172.11923001933363
0.237049,1.36051,-1.123460991645813,1.123460991645813,473.9361866837138
0.594781,1.7178333,-1.1230522805633545,1.1230522805633545,188.81778005258013
0.458354,1.5805507,-1.1221966706237794,1.1221966706237794,244.8318702092591
0.062756,1.1836259,-1.1208699365081787,1.1208699365081787,1786.0761277361569
2.314783,1.1940774,1.1207056274490355,1.1207056274490355,48.41514852150809
0.03584,1.1564139,-1.1205739127731322,1.1205739127731322,3126.6013103976866
0.737221,1.8577821,-1.1205611254730226,1.1205611254730226,151.99799318264462
2.346552,1.2261565,1.12039552684021,1.12039552684021,47.746460627868615
2.23866,1.118294,1.1203659993743895,1.1203659993743895,50.04627765379036
0.028112,1.1484364,-1.1203244271163941,1.1203244271163941,3985.217782908282
0.530456,1.650767,-1.1203109687271118,1.1203109687271118,211.19771828689164
2.395297,3.515603,-1.1203060654907229,1.1203060654907229,46.771071205113685
1.045296,2.1653898,-1.1200937762298584,1.1200937762298584,107.15565506064337
2.265259,1.1457499,1.1195090734329223,1.1195090734329223,49.42079794776233
1.657619,2.7770278,-1.1194088453826905,1.1194088453826905,67.53113021238049
0.379741,1.4986253,-1.1188842784729003,1.1188842784729003,294.6440542839083
0.365395,1.4840593,-1.1186643338012696,1.1186643338012696,306.15206379264015
2.322512,1.2039124,1.1185996226425172,1.1185996226425172,48.163351689651286
42.579087,43.69763,-1.1185448359374988,1.1185448359374988,2.6269817291640654
0.05773,1.1760397,-1.118309695739746,1.118309695739746,1937.137872514478
0.679005,1.797292,-1.1182869940948486,1.1182869940948486,164.69495716970474
2.229899,1.1116319,1.1182671297302247,1.1182671297302247,50.14877936983137
0.040997,1.1590066,-1.1180095956115723,1.1180095956115723,2727.0522059773157
2.304301,1.1863041,1.1179969075927736,1.1179969075927736,48.51783285014656
2.305591,1.1875987,1.1179922947082521,1.1179922947082521,48.490486589328356
0.062378,1.179977,-1.1175990593643188,1.1175990593643188,1791.6558042461493
2.226763,1.1097903,1.1169726748352051,1.1169726748352051,50.161273327473275
2.22541,1.1084903,1.1169196521377565,1.1169196521377565,50.18938766733173
0.155323,1.2722311,-1.116908101989746,1.116908101989746,719.0873864596091
0.469651,1.5863678,-1.1167168455352783,1.1167168455352783,237.77589003270566
0.469919,1.5862097,-1.1162906548080445,1.1162906548080445,237.54958930592184
0.655698,1.7716856,-1.1159876002807616,1.1159876002807616,170.19841453086073
2.265516,1.1496321,1.1158839037094115,1.1158839037094115,49.2551764657657
0.745724,1.8613778,-1.1156538352737426,1.1156538352737426,149.6068029356888
0.042844,1.1584642,-1.115620193344116,1.115620193344116,2603.9123115026696
0.435194,1.550758,-1.1155640041885375,1.1155640041885375,256.33717466973354
2.239658,1.1243949,1.1152631063537597,1.1152631063537597,49.79613433407974
0.165041,1.2799606,-1.1149196323242188,1.1149196323242188,675.5410059613537
0.036161,1.1505259,-1.1143649275436402,1.1143649275436402,3081.676182799049
0.68126,1.7952268,-1.113966812362671,1.113966812362671,163.51566394609333
0.569187,1.6830586,-1.1138716194992067,1.1138716194992067,195.69519671101264
2.264614,1.150932,1.1136820456161498,1.1136820456161498,49.177566047325165
0.029949,1.1435031,-1.1135540698776245,1.1135540698776245,3718.167772411288
2.250983,1.1374564,1.11352658291626,1.11352658291626,49.46845812992775
2.247891,1.1351398,1.1127511770401002,1.1127511770401002,49.5020077481781
0.044886,1.1564322,-1.1115461517944336,1.1115461517944336,2476.3760400081483
2.27449,1.163478,1.1110119831466676,1.1110119831466676,48.84664180092332
2.264142,1.1531484,1.1109935872955323,1.1109935872955323,49.069077259573966
0.026775,1.1375068,-1.1107318426132202,1.1107318426132202,4148.391553556783
0.052871,1.163462,-1.1105910428085326,1.1105910428085326,2100.567495806709
2.360519,1.2500566,1.1104623755874634,1.1104623755874634,47.04314498381162
22.041548,20.931395,1.1101534229736316,1.1101534229736316,5.036639999008215
2.237602,1.1275529,1.1100491330642699,1.1100491330642699,49.60887293695041
0.367839,1.4774022,-1.1095632102355957,1.1095632102355957,301.64371095342034
0.094806,1.2043415,-1.1095355307998658,1.1095355307998658,1170.3220572849225
33.605047,32.49591,1.109136355468749,1.109136355468749,3.3005052945334326
0.049422,1.1584642,-1.1090421933441161,1.1090421933441161,2244.0253148397287
2.223785,1.1148076,1.1089773942565917,1.1089773942565917,49.868912426638495
0.146037,1.2549995,-1.1089625183944702,1.1089625183944702,759.3709249266277
2.223358,1.1148076,1.108550394256592,1.108550394256592,49.85928465891379
0.09852,1.2069968,-1.1084767985153199,1.1084767985153199,1125.1287021824921
0.487198,1.5955131,-1.108315105392456,1.108315105392456,227.48761389927063
0.038937,1.147108,-1.1081709587936401,1.1081709587936401,2846.061473527952
0.381862,1.4897507,-1.1078887429122926,1.1078887429122926,290.1280417067329
0.307594,1.4147712,-1.1071771992263795,1.1071771992263795,359.94759288751794
0.179595,1.2860111,-1.1064160998153687,1.1064160998153687,616.0617496028881
0.080035,1.1863254,-1.106290430870056,1.106290430870056,1382.258298853999
0.068382,1.1745626,-1.1061805734329224,1.1061805734329224,1617.64875525032
2.234948,1.1288027,1.1061453428726198,1.1061453428726198,49.49311316518892
0.714344,1.8204687,-1.1061246641693114,1.1061246641693114,154.84481762490714
2.275598,1.1696848,1.1059132322769165,1.1059132322769165,48.598796106707674
0.072977,1.1785539,-1.1055769388656616,1.1055769388656616,1514.9662734158644
2.24429,1.1387376,1.1055524406814574,1.1055524406814574,49.26067667869111
2.252962,1.1477052,1.1052568026657106,1.1052568026657106,49.057942504873694
2.252347,1.1478195,1.1045274809570311,1.1045274809570311,49.03895718146414
0.033358,1.1377956,-1.1044375675125122,1.1044375675125122,3310.86265424081
0.144838,1.2492424,-1.1044044249649048,1.1044044249649048,762.5101314588676
1.116312,2.2202973,-1.1039853365783692,1.1039853365783692,98.89576896776828
0.389283,1.493119,-1.1038360013885498,1.1038360013885498,283.5561792076699
0.292689,1.3962388,-1.1035498038635254,1.1035498038635254,377.03835931192737
2.32681,1.2234789,1.10333108669281,1.10333108669281,47.41818569824747
0.303352,1.4063567,-1.1030046923141479,1.1030046923141479,363.6055446974281
0.963951,2.066923,-1.102971903060913,1.102971903060913,114.42198856025784
2.240462,1.1376073,1.1028546639556884,1.1028546639556884,49.22443067128405
2.315976,1.2131689,1.1028071405181885,1.1028071405181885,47.61738206572828
2.260671,1.1578723,1.1027986807785033,1.1027986807785033,48.781918321141
2.241398,1.1387062,1.1026917927246092,1.1026917927246092,49.19660821841604
0.069816,1.1722811,-1.1024651460494994,1.1024651460494994,1579.1009861212308
0.3205,1.4228462,-1.1023461980819702,1.1023461980819702,343.9457715251246
2.268398,1.1660584,1.1023395788650512,1.1023395788650512,48.595510083171284
0.072003,1.1743202,-1.1023172209472656,1.1023172209472656,1530.9323492303563
0.136341,1.2384855,-1.1021444555130004,1.1021444555130004,808.373456777218
0.316424,1.4184244,-1.102000367904663,1.102000367904663,348.26699857039796
2.239431,1.1374564,1.10197458291626,1.10197458291626,49.20779353626221
2.23313,1.1311896,1.1019404152679444,1.1019404152679444,49.34510822113353
3.334776,2.2329483,1.101827696777344,1.101827696777344,33.04053096052939
2.229519,1.1279887,1.1015303039016722,1.1015303039016722,49.40663451857847
2.27083,1.1696848,1.1011452322769166,1.1011452322769166,48.49087039665786
0.680388,1.7814847,-1.1010967230911255,1.1010967230911255,161.83364829028318
0.087791,1.1886487,-1.1008577007141114,1.1008577007141114,1253.9527963688292
0.052458,1.1532675,-1.100809502784729,1.100809502784729,2098.4587683218388
0.208798,1.3095233,-1.100725344039917,1.100725344039917,527.1723596551425
2.233883,1.133215,1.1006680494384766,1.1006680494384766,49.27151732607326
2.444572,1.3441154,1.1004566235275268,1.1004566235275268,45.01633101755688
0.32706,1.4274849,-1.1004248699569703,1.1004248699569703,336.45963114428866
0.24141,1.3416836,-1.1002736261749266,1.1002736261749266,455.7696970793078
0.119094,1.2192273,-1.1001333139953613,1.1001333139953613,923.7520891662125
0.209438,1.3094636,-1.100025620185852,1.100025620185852,525.2273320317347
0.96973,2.069696,-1.0999659495544434,1.0999659495544434,113.43012482247772
0.200087,1.2997842,-1.0996971835021974,1.0996971835021974,549.6095113388616
2.25233,1.1529493,1.0993806668090822,1.0993806668090822,48.81081665476512
2.245528,1.1462601,1.0992678576736452,1.0992678576736452,48.95364732146255
0.053996,1.1531484,-1.0991524127044678,1.0991524127044678,2035.6182136988841
0.067613,1.1660584,-1.0984454211349488,1.0984454211349488,1624.606835239291
2.349111,1.2506701,1.0984409245834352,1.0984409245834352,46.75985615565528
2.327664,1.2296826,1.0979814352645874,1.0979814352645874,47.170959176986734
0.033903,1.1311896,-1.0972865847320556,1.0972865847320556,3236.547153630972
2.23351,1.1363075,1.09720252204895,1.09720252204895,49.124585159673586
12.591232,11.494051,1.097181020385742,1.097181020385742,8.713849608815309
2.264505,1.1674153,1.0970897387313845,1.0970897387313845,48.44722085766811
0.054503,1.1508818,-1.0963787672729493,1.0963787672729493,2011.5934265294677
2.238883,1.1426338,1.0962492042617797,1.0962492042617797,48.9641130962545
2.229402,1.133215,1.0961870494384764,1.0961870494384764,49.169555306279754
0.544248,1.6404135,-1.0961655227203368,1.0961655227203368,201.40919627062067
1.346377,2.442328,-1.0959509762268067,1.0959509762268067,81.40000728959323
0.077882,1.1735809,-1.0956988849334717,1.0956988849334717,1406.8705009201115
2.221247,1.1257372,1.095509809753418,1.095509809753418,49.319585336709444
0.706034,1.8013438,-1.09530979863739,1.09530979863739,155.1355598288828
0.178544,1.2738442,-1.0953002420959472,1.0953002420959472,613.4623630491558
0.39692,1.4921504,-1.0952304259109498,1.0952304259109498,275.9322850032796
2.222247,1.1270372,1.0952098324508666,1.0952098324508666,49.28389294266491
2.22815,1.133215,1.0949350494384764,1.0949350494384764,49.14099362203332
2.238819,1.1441942,1.09462475466156,1.09462475466156,48.89295448237071
2.279328,1.1848366,1.0944913739471436,1.0944913739471436,48.01816034809933
2.340885,1.2464479,1.0944370792007447,1.0944370792007447,46.753133073773014
0.777223,1.8714895,-1.0942665248413086,1.0942665248413086,140.7918351233194
0.142215,1.2364265,-1.0942114726638794,1.0942114726638794,769.4065126002691
1.033337,2.1272867,-1.0939496725921631,1.0939496725921631,105.8657216848228
2.466389,1.3724434,1.093945562423706,1.093945562423706,44.35413725812724
0.221833,1.3156071,-1.0937740709228516,1.0937740709228516,493.0619296632105
2.2351,1.1413829,1.0937170673370362,1.0937170673370362,48.93369725238703
9.07406,7.980607,1.0934529672241204,1.0934529672241204,12.05031669629769
0.07908,1.1722811,-1.0932011460494995,1.0932011460494995,1382.399019558802
2.274405,1.1814504,1.0929546330261228,1.0929546330261228,48.05452999699123
1.170554,2.2633994,-1.0928453625640868,1.0928453625640868,93.36137952377467
2.311565,1.2188644,1.0927005590820311,1.0927005590820311,47.27102889318536
0.022534,1.1148076,-1.0922736057434081,1.0922736057434081,4847.2246423013385
1.204406,2.296652,-1.09224607862854,1.09224607862854,90.68753215592187
0.060134,1.1522775,-1.0921434696350099,1.0921434696350099,1816.1829710626716
0.194782,1.2868626,-1.0920806117706299,1.0920806117706299,560.6681373073291
2.256928,1.1651626,1.0917654366760252,1.0917654366760252,48.373959498382376
0.101638,1.1932639,-1.09162588835907,1.09162588835907,1074.0332230908093
0.326799,1.4183915,-1.091592466140747,1.091592466140747,334.02564445017316
0.157827,1.249359,-1.0915320116500855,1.0915320116500855,691.6003034705628
0.106558,1.1977668,-1.0912087808532716,1.0912087808532716,1024.051483538749
2.240778,1.150647,1.0901309558181764,1.0901309558181764,48.64966345481465
0.031965,1.121815,-1.0898499662017822,1.0898499662017822,3409.510285600725
0.068048,1.1578723,-1.0898243192214965,1.0898243192214965,1601.5523125146135
15.588914,14.499204,1.0897103180542,1.0897103180542,6.990290138538256
0.100994,1.1902711,-1.0892771391448974,1.0892771391448974,1078.556288558074
1.240959,2.330222,-1.0892628914031983,1.0892628914031983,87.77589681169341
0.103106,1.1923575,-1.0892515401306153,1.0892515401306153,1056.4385574788826
2.265447,1.1764157,1.0890313181610107,1.0890313181610107,48.07136596499231
12.465145,11.376378,1.0887669406127927,1.0887669406127927,8.734490778920408
0.027752,1.1161076,-1.0883555830459595,1.0883555830459595,3921.7194404880365
2.0029,3.0911882,-1.0882881923675538,1.0882881923675538,54.335622962365484
2.395376,1.3077127,1.08766332585907,1.08766332585907,45.40678898902148
0.100525,1.188125,-1.0876000143051148,1.0876000143051148,1081.9199335719422
0.354949,1.4422644,-1.0873154376754761,1.0873154376754761,306.3300466740704
2.240383,1.1531484,1.0872345872955322,1.0872345872955322,48.52896077353753
2.266791,1.1799514,1.0868395706329346,1.0868395706329346,47.946174595937094
0.276981,1.3629599,-1.0859788617553712,1.0859788617553712,392.0770238259282
1.022491,2.1083655,-1.085874535736084,1.085874535736084,106.19893335294736
2.253622,1.1678734,1.0857486174316406,1.0857486174316406,48.177938331426596
2.294839,1.2091782,1.0856607906951905,1.0856607906951905,47.30879990482477
2.215261,3.3008916,-1.085630637802124,1.085630637802124,49.00689524860128
2.394242,1.3086456,1.0855963939590456,1.0855963939590456,45.34196601319764
2.338374,1.252933,1.0854409746398925,1.0854409746398925,46.418621426404584
2.22804,1.1428016,1.0852383575820923,1.0852383575820923,48.708208000457084
2.316672,1.2316616,1.085010441848755,1.085010441848755,46.83487527806785
24.432428,23.3478,1.0846286988525407,1.0846286988525407,4.439299683388411
0.05946,1.1439793,-1.0845193109893798,1.0845193109893798,1823.9477113444873
0.085549,1.1696848,-1.0841357677230834,1.0841357677230834,1267.2687774910457
2.264001,1.1799514,1.0840495706329345,1.0840495706329345,47.88202702141264
2.249922,1.1660584,1.0838635788650515,1.0838635788650515,48.17338462475046
0.373682,1.4572867,-1.0836047155075073,1.0836047155075073,289.98044198476964
2.256201,1.1726313,1.0835697362670897,1.0835697362670897,48.02629447549502
2.247259,1.164033,1.0832259446945192,1.0832259446945192,48.20209618234111
0.123522,1.20658,-1.0830580428390504,1.0830580428390504,876.8138808975215
0.100132,1.1828203,-1.0826883201293946,1.0826883201293946,1081.2610544562513
18.78431,19.86699,-1.082679135742186,1.082679135742186,5.763741844850422
0.206811,1.289399,-1.0825880278244018,1.0825880278244018,523.4673336045638
2.343248,1.2613449,1.0819030903320312,1.0819030903320312,46.171087750244965
0.114305,1.195795,-1.0814900592041015,1.0814900592041015,946.1441391522307
0.055167,1.1363661,-1.0811991289215088,1.0811991289215088,1959.8657294426796
0.086253,1.1673229,-1.081069874069214,1.081069874069214,1253.3707497893909
2.326095,1.2452533,1.080841675491333,1.080841675491333,46.46593004347918
38.85112,37.770473,1.0806465197753923,1.0806465197753923,2.781506735900048
0.058303,1.1387376,-1.0804345593185425,1.0804345593185425,1853.137158405923
0.109942,1.1902711,-1.0803291391448975,1.0803291391448975,982.6355152373633
0.037845,1.1179583,-1.0801133072662354,1.0801133072662354,2854.0449317272837
2.325057,1.2452533,1.0798036754913332,1.0798036754913332,46.442030257533084
0.172254,1.251897,-1.0796429774246217,1.0796429774246217,626.7738205196093
2.246691,1.1673229,1.0793681259307863,1.0793681259307863,48.042571314112344
0.090465,1.1696848,-1.0792197677230835,1.0792197677230835,1192.9693986957543
0.073129,1.1522775,-1.0791484696350098,1.0791484696350098,1475.6778680951907
2.278156,1.199225,1.0789310511169434,1.0789310511169434,47.359840637321746
0.806947,1.8853164,-1.0783693719177245,1.0783693719177245,133.63571235584106
2.352467,1.274963,1.0775039787216185,1.0775039787216185,45.803149573439946
2.526096,1.4489471,1.0771489279708861,1.0771489279708861,42.640854818195564
0.450243,1.5273585,-1.0771155319519043,1.0771155319519043,239.22982294287186
2.245254,1.1682981,1.0769558747329713,1.0769558747329713,47.96588157442344
0.018872,1.0957513,-1.0768792855529785,1.0768792855529785,5706.227638017967
0.074184,1.1508818,-1.0766977672729492,1.0766977672729492,1451.3881238832648
0.944515,2.021202,-1.0766870874023438,1.0766870874023438,113.9936461875513
2.388492,1.3118958,1.0765961526794432,1.0765961526794432,45.07430431562546
0.051107,1.1275529,-1.07644586693573,1.07644586693573,2106.2591520329324
0.760061,1.835661,-1.0756000536575319,1.0756000536575319,141.5149643931233
2.412761,1.3372866,1.075474408470154,1.075474408470154,44.57442773758277
2.237482,1.16217,1.0753119474716186,1.0753119474716186,48.059021141781685
0.094775,1.1696848,-1.0749097677230834,1.0749097677230834,1134.1701573082705
2.332618,1.2578183,1.074799658744812,1.074799658744812,46.076968397685995
2.25606,1.1814504,1.0746096330261232,1.0746096330261232,47.63213890492678
0.0644,1.1387376,-1.0743375593185425,1.0743375593185425,1668.2260211961438
0.112131,1.1863254,-1.0741944308700562,1.0741944308700562,957.9816731430867
2.229418,1.1552815,1.0741364562683104,1.0741364562683104,48.18012845595265
2.361602,1.287753,1.0738490140457153,1.0738490140457153,45.471210390245446
2.275348,1.2017754,1.0735725683670045,1.0735725683670045,47.1827855923499
2.416635,1.3432972,1.0733377568817137,1.0733377568817137,44.41455812885683
2.248147,1.1750286,1.0731184374542235,1.0731184374542235,47.73346393302974
3.601906,2.5288577,1.0730482920227051,1.0730482920227051,29.791124254572825
0.082907,1.1555526,-1.0726456256561279,1.0726456256561279,1293.7937983069394
15.923222,16.995836,-1.0726142579345694,1.0726142579345694,6.736163434308919
0.088973,1.1614211,-1.0724480605621338,1.0724480605621338,1205.3634915724663
0.072923,1.1451743,-1.0722512649078368,1.0722512649078368,1470.388304701464
0.372358,1.4445659,-1.0722078922195435,1.0722078922195435,287.9508139832077
15.808774,16.879725,-1.070950502563477,1.070950502563477,6.774405798683077
0.110518,1.1814504,-1.070932366973877,1.070932366973877,969.0117139333549
0.122988,1.1934446,-1.0704566096420287,1.0704566096420287,870.3748404491935
0.15104,1.221426,-1.0703860101318359,1.0703860101318359,708.6771778490192
0.174514,1.2448238,-1.0703098134384155,1.0703098134384155,613.3088536307154
2.304352,1.2353367,1.069015338661194,1.069015338661194,46.39114764648816
2.347257,1.2783833,1.0688737449951171,1.0688737449951171,45.5371416487236
1.50027,2.568763,-1.068493017654419,1.068493017654419,71.2200482301985
0.157523,1.2250872,-1.0675641658325195,1.0675641658325195,677.7195489895444
0.133158,1.2001239,-1.0669659061355592,1.0669659061355592,801.278109714986
0.865333,1.9322575,-1.0669245330734252,1.0669245330734252,123.29641108684504
38.116097,39.182976,-1.0668787690429653,1.0668787690429653,2.7990241735405545
2.352898,1.2864857,1.0664123280029298,1.0664123280029298,45.32335562177393
2.229741,1.1634004,1.0663405883941652,1.0663405883941652,47.82351799362983
0.14566,1.2119261,-1.0662661026382447,1.0662661026382447,732.02396121531
1.217081,2.28308,-1.0659991010131835,1.0659991010131835,87.58653704441997
2.004317,3.0701208,-1.0658038114624024,1.0658038114624024,53.17541144485762
2.338562,1.2727777,1.0657843234176636,1.0657843234176636,45.57434540423086
0.041494,1.107194,-1.065699946838379,1.065699946838379,2568.3229967466523
2.338214,1.2725395,1.0656745035781858,1.0656745035781858,45.57643156411729
0.844099,1.9088174,-1.0647184104690552,1.0647184104690552,126.13667476716812
0.020563,1.084958,-1.0643949572677611,1.0643949572677611,5176.262958184593
2.353404,1.2890849,1.0643190886535643,1.0643190886535643,45.224665574136004
0.574949,1.6388264,-1.0638773702392577,1.0638773702392577,185.03856342983795
0.092098,1.15523,-1.0631320453186035,1.0631320453186035,1154.348676588259
0.232614,1.2956431,-1.0630290912017824,1.0630290912017824,456.99273936426425
2.344367,1.2815152,1.0628517593307496,1.0628517593307496,45.33640676930759
0.022283,1.084958,-1.0626749572677612,1.0626749572677612,4768.994087415371
2.308313,1.2460301,1.0622829077606202,1.0622829077606202,46.01988152016647
0.106122,1.1680645,-1.0619424750595092,1.0619424750595092,1000.6807957434166
0.075878,1.1375303,-1.0616523268432618,1.0616523268432618,1399.1569696672354
0.759697,1.8208209,-1.061123927619934,1.061123927619934,139.67725652204192
2.402924,1.3422353,1.0606886732330323,1.0606886732330323,44.14158222186347
0.025879,1.0859945,-1.0601154820404053,1.0601154820404053,4096.431384303775
2.299477,1.2397085,1.0597684571762085,1.0597684571762085,46.08736930746083
0.088221,1.1478195,-1.0595985190429689,1.0595985190429689,1201.0728940296485
0.088982,1.1480219,-1.0590399364166259,1.0590399364166259,1190.173220681096
0.209135,1.2672985,-1.0581634600067138,1.0581634600067138,505.97148229647945
2.528194,1.470297,1.0578970210494996,1.0578970210494996,41.843981158394314
0.266475,1.3232359,-1.0567608694076538,1.0567608694076538,396.5703608259999
0.088293,1.1449603,-1.0566672842330933,1.0566672842330933,1196.7735641968443
1.304432,2.3607206,-1.0562886344604492,1.0562886344604492,80.97690292629069
2.328102,1.2721795,1.0559225156326293,1.0559225156326293,45.35550914810751
0.107671,1.1635699,-1.055898927215576,1.055898927215576,980.671607243273
2.381199,1.325564,1.0556349731674195,1.0556349731674195,44.33207695463871
3.865227,2.8102121,1.0550148646850586,1.0550148646850586,27.295029882016337
2.328783,1.2742199,1.0545631294326783,1.0545631294326783,45.28387270893829
0.101712,1.156179,-1.0544669512634277,1.0544669512634277,1036.718332376425
0.06202,1.1163307,-1.0543107428359986,1.0543107428359986,1699.9528235021698
1.929761,2.9833913,-1.053630284942627,1.053630284942627,54.59900396411928
0.143393,1.1967784,-1.0533854166336059,1.0533854166336059,734.6142530660434
2.456969,1.4045852,1.0523837577285766,1.0523837577285766,42.8326021893538
41.478152,42.53048,-1.0523274311523423,1.0523274311523423,2.5370644071843054
10.488353,9.436775,1.0515777924804688,1.0515777924804688,10.02614798024478
0.240015,1.2906797,-1.0506646932220458,1.0506646932220458,437.7495959770415
0.348048,1.3985943,-1.0505462602157594,1.0505462602157594,301.839476139475
23.963847,25.014284,-1.0504371339111316,1.0504371339111316,4.383424472317605
0.024149,1.0740284,-1.0498793727645874,1.0498793727645874,4347.506598273555
2.574044,1.524306,1.0497379411163332,1.0497379411163332,40.781662670706154
0.064608,1.1143053,-1.0496972577972412,1.0496972577972412,1624.7171498460318
3.020371,1.9712927,1.0490782658538818,1.0490782658538818,34.733424000533326
2.340664,1.292033,1.0486310429229735,1.0486310429229735,44.800579787537764
19.851537,18.802956,1.0485813725585942,1.0485813725585942,5.282116808150987
0.138445,1.1863041,-1.0478590924072266,1.0478590924072266,756.8775265631471
0.051477,1.0993181,-1.0478411467056274,1.0478411467056274,2035.552080871215
2.466365,1.4186392,1.0477258169555665,1.0477258169555665,42.48056621437159
0.434683,1.4822906,-1.0476076255722047,1.0476076255722047,241.00496806435947
2.410295,1.3629599,1.047335138244629,1.047335138244629,43.452570668784375
2.291362,1.2444631,1.046898913871765,1.046898913871765,45.68893583057047
0.060031,1.1067867,-1.0467557279052735,1.0467557279052735,1743.6919694184362
2.307741,1.2611552,1.0465857523117066,1.0465857523117066,45.35109235682667
0.051325,1.0978167,-1.0464917057037353,1.0464917057037353,2038.9512005158967
0.546585,1.5927163,-1.0461313362503053,1.0461313362503053,191.3940807118584
0.028026,1.0740284,-1.0460023727645873,1.0460023727645873,3732.2570792561555
0.215541,1.2614746,-1.045933609375,1.045933609375,485.2596994955671
0.051568,1.0966595,-1.0450915411300659,1.0450915411300659,2026.6280233932625
2.434937,1.3901253,1.044811725341797,1.044811725341797,42.909189243864944
0.032592,1.0770808,-1.0444888458328248,1.0444888458328248,3204.739944244246
2.774206,1.731077,1.0431290442047119,1.0431290442047119,37.60099445272308
2.364896,1.3232454,1.041650593849182,1.041650593849182,44.04635949340418
0.131224,1.1725768,-1.0413527850875854,1.0413527850875854,793.5688473861615
2.333499,1.292491,1.0410080408325197,1.0410080408325197,44.611462905615475
2.317457,1.2764759,1.0409810936279298,1.0409810936279298,44.91911149087171
2.391781,1.3514096,1.0403714455184936,1.0403714455184936,43.49777197306091
0.333434,1.3730468,-1.0396127557907104,1.0396127557907104,311.7896661644946
0.839845,1.8793175,-1.0394725220489502,1.0394725220489502,123.76956723266564
0.141115,1.1801248,-1.0390097596740722,1.0390097596740722,736.2858370391427
2.366469,1.327734,1.0387350064697265,1.0387350064697265,43.89387760523517
25.309975,24.272379,1.0375960784912124,1.0375960784912124,4.099553944589486
2.417797,1.3803014,1.0374956436843874,1.0374956436843874,42.91078381028169
0.039624,1.0770808,-1.0374568458328246,1.0374568458328246,2618.253692748261
0.342433,1.3798461,-1.0374130960388184,1.0374130960388184,302.95359843702704
0.072125,1.1090355,-1.0369104919433594,1.0369104919433594,1437.6575258311293
2.329948,1.2936262,1.0363218107681273,1.0363218107681273,44.4783235816271
2.512101,1.4763925,1.0357084924468993,1.0357084924468993,41.22877592921903
0.619225,1.6548213,-1.0355962766647338,1.0355962766647338,167.240708385077
0.458413,1.4932375,-1.0348244954223633,1.0348244954223633,225.74065203138275
4.043177,5.0773215,-1.0341445293884277,1.0341445293884277,25.577523055825907
2.543071,1.5092868,1.0337842387161253,1.0337842387161253,40.65101755615452
2.631477,1.5983558,1.0331212298889159,1.0331212298889159,39.26012767163292
2.452607,1.4209207,1.031686270362854,1.031686270362854,42.06488321695196
0.367708,1.3987836,-1.031075564567566,1.031075564567566,280.40607337538484
0.145937,1.1766583,-1.0307212727432251,1.0307212727432251,706.2782378950826
0.561993,1.5922203,-1.0302273063964844,1.0302273063964844,183.31675060243947
0.560462,1.5898625,-1.0294004658584595,1.0294004658584595,183.66998399084852
2.327429,1.2989162,1.028512779335022,1.028512779335022,44.19094113250419
2.954379,1.9261196,1.0282594340362547,1.0282594340362547,34.8045878339052
1.656223,2.6841486,-1.0279255500335693,1.0279255500335693,62.06444119973607
0.037568,1.0651147,-1.0275467365570068,1.0275467365570068,2735.1648579158914
0.130404,1.1571736,-1.0267696335754395,1.0267696335754395,787.3758725100945
2.352407,1.3260077,1.0263992761917113,1.0263992761917113,43.63187476266137
2.436305,1.4100679,1.026237084083557,1.026237084083557,42.12268513348839
0.927291,1.9529513,-1.0256603120651246,1.0256603120651246,110.60824616593025
3.11,2.0844176,1.0255824184417723,1.0255824184417723,32.97692663693876
2.323613,1.2985506,1.0250623942260741,1.0250623942260741,44.11502234588803
2.485622,1.4609293,1.0246927254409792,1.0246927254409792,41.22480109203066
34.945551,35.96951,-1.0239581247558576,1.0239581247558576,2.9301530393752477
0.842357,1.8655835,-1.0232265390090942,1.0232265390090942,121.47183900503258
19.316993,20.340153,-1.0231597404785155,1.0231597404785155,5.29668225522067
0.0488,1.0701412,-1.0213411962509156,1.0213411962509156,2092.912283110662
0.172902,1.1938856,-1.020983564804077,1.020983564804077,590.4984119406245
2.381338,1.36051,1.020828008354187,1.020828008354187,42.86783347476583
44.257341,45.277588,-1.0202468906250033,1.0202468906250033,2.305260251904194
2.447995,1.4285214,1.0194736052703859,1.0194736052703859,41.64524867202509
0.323168,1.3417554,-1.0185873901672364,1.0185873901672364,315.1881961865185
2.471409,1.4529023,1.0185066829528808,1.0185066829528808,41.211579423384364
2.339434,1.3209828,1.0184511861648557,1.0184511861648557,43.53408500181333
0.125732,1.1439475,-1.0182154821090699,1.0182154821090699,809.8300204396969
0.419399,1.4373503,-1.0179512731323241,1.0179512731323241,242.71666668008444
0.185214,1.2021128,-1.0168987939224243,1.0168987939224243,549.0399178104162
0.099708,1.1159971,-1.016289076034546,1.016289076034546,1019.2653297782331
2.82913,1.8137897,1.0153402746963502,1.0153402746963502,35.88878116807857
2.801674,1.787138,1.014536014770508,1.014536014770508,36.211779626548136
0.279195,1.2925801,-1.0133851277160644,1.0133851277160644,362.96678928816686
4.056525,3.0457408,1.0107841571807858,1.0107841571807858,24.917488667168783
1.386333,2.3970115,-1.0106785184783935,1.0106785184783935,72.90301236466928
63.831716,64.841805,-1.0100885043945311,1.0100885043945311,1.5824241735768918
25.748792,26.755354,-1.006561927612303,1.006561927612303,3.909161748669195
0.948178,1.9537637,-1.0055857233734131,1.0055857233734131,106.05453019025528
1.131012,2.1365213,-1.005509339416504,1.005509339416504,88.90350759564006
7.028549,6.02414,1.0044091188659667,1.0044091188659667,14.29041924373973
2.390408,1.3860725,1.0043354835586547,1.0043354835586547,42.01523269319043
0.07142,1.0751994,-1.0037793656158447,1.0037793656158447,1405.459765066347
42.066516,43.069897,-1.0033806979980469,1.0033806979980469,2.3852241483360817
2.407606,1.4044012,1.003204816871643,1.003204816871643,41.668147397455186
8.180768,7.17874,1.00202797543335,1.00202797543335,12.248580761868585
2.669758,1.6679819,1.0017761369781493,1.0017761369781493,37.523106474093396
3.561884,2.560757,1.0011270782318116,1.0011270782318116,28.106672710388796
2.613984,1.6138587,1.0001253002014159,1.0001253002014159,38.260574669284715
2.3963,1.3970914,0.9992086112976075,0.9992086112976075,41.69797651612526
2.462939,1.4641807,0.9987582920684814,0.9987582920684814,40.551483086992
0.288458,1.2868962,-0.9984382287902832,0.9984382287902832,346.1294983824868
3.214619,2.2164032,0.9982157540740966,0.9982157540740966,31.052381449964813
0.130329,1.1279633,-0.9976343045196533,0.9976343045196533,765.4737654353056
0.08934,1.0869051,-0.9975651218032837,0.9975651218032837,1116.594045989131
2.494487,3.4920118,-0.9975247855072022,0.9975247855072022,39.989175548608316
0.60977,1.6068181,-0.9970480799484253,0.9970480799484253,163.51215700754597
2.22935,3.226176,-0.9968260234832762,0.9968260234832762,44.71375169616984
2.453595,1.4571635,0.9964315468978882,0.9964315468978882,40.61108483092267
2.404933,1.4086983,0.9962346796112063,0.9962346796112063,41.42463343343792
1.175019,2.17105,-0.9960310717163086,0.9960310717163086,84.76723113681918
2.29948,1.3039176,0.9955623535919189,0.9955623535919189,43.29510817874579
38.457906,39.452927,-0.9950206357421862,0.9950206357421862,2.587298007695996
12.832625,11.838369,0.9942556304931642,0.9942556304931642,7.747874113717312
0.058045,1.0520145,-0.9939694701004028,0.9939694701004028,1712.4118673236126
2.470017,1.4760892,0.9939277608795165,0.9939277608795165,40.23971336388684
1.606467,2.6003215,-0.9938545312957763,0.9938545312957763,61.86585415286528
2.359356,1.3667486,0.992607428604126,0.992607428604126,42.07111722699138
0.092449,1.0848374,-0.9923884366760254,0.9923884366760254,1073.4442077281324
0.089665,1.0805206,-0.9908556298828125,0.9908556298828125,1105.0639923913998
2.24954,3.239765,-0.9902249288177489,0.9902249288177489,44.01899627362616
2.629164,1.6389794,0.9901845650329588,0.9901845650329588,37.661574743732125
1.198257,2.1880808,-0.9898237876586915,0.9898237876586915,82.60529982934264
10.719274,11.708832,-0.9895577871093746,0.9895577871093746,9.2315747045942
12.867109,11.878989,0.9881197803344719,0.9881197803344719,7.679423406818055
49.001038,49.9891,-0.9880634099121082,0.9880634099121082,2.016413223552717
2.445366,1.458471,0.9868950594100951,0.9868950594100951,40.35776482415056
2.621007,1.636383,0.9846239433593751,0.9846239433593751,37.56662776260454
2.424028,1.439952,0.9840759841232298,0.9840759841232298,40.59672512374581
2.444871,1.4608872,0.9839838063201904,0.9839838063201904,40.24685990712572
2.379685,1.3963645,0.9833205495452879,0.9833205495452879,41.32145849152163
2.374519,1.3914927,0.9830262755813597,0.9830262755813597,41.398964402473126
1.946036,2.929023,-0.9829870274200438,0.9829870274200438,50.51227353294243
1.191618,2.1744926,-0.982874597579956,0.982874597579956,82.48235571277654
2.482823,1.5000064,0.982816562698364,0.982816562698364,39.584640655366066
2.51736,1.5356967,0.9816632550811768,0.9816632550811768,38.99574375703836
2.484572,1.503093,0.9814789957733154,0.9814789957733154,39.502940374994665
23.075081,22.094267,0.9808141085205087,0.9808141085205087,4.250533762010448
1.691823,2.6721692,-0.9803462085266113,0.9803462085266113,57.94614498494612
2.430538,1.4502734,0.9802646054153441,0.9802646054153441,40.33117792747996
2.414487,1.4344603,0.9800267176742552,0.9800267176742552,40.58943856950424
2.446916,1.4679415,0.9789744774017333,0.9789744774017333,40.00850365773589
2.571415,1.5927206,0.978694372215271,0.978694372215271,38.060537570839806
2.638205,1.6603348,0.9778701744842531,0.9778701744842531,37.065738805255364
0.088606,1.0648966,-0.9762905835571289,0.9762905835571289,1101.8334903452312
0.318922,1.2951835,-0.976261539390564,0.976261539390564,306.11294896070234
3.180719,2.2045028,0.9762161790313719,0.9762161790313719,30.6916825724209
2.389879,1.413835,0.976043951324463,0.976043951324463,40.840726718115114
2.424793,1.4487541,0.9760389278106691,0.9760389278106691,40.25246393281474
2.42717,1.4517937,0.975376329345703,0.975376329345703,40.185744274423186
2.629214,1.6542128,0.9750011675491335,0.9750011675491335,37.08337044881284
2.402936,1.4284449,0.9744911376342773,0.9744911376342773,40.55418611206137
2.39303,1.4189401,0.9740899327087402,0.9740899327087402,40.70529549015411
2.380894,1.4089892,0.9719048089447022,0.9719048089447022,40.82100290495424
2.976768,3.9484994,-0.9717314411468507,0.9717314411468507,32.643841949194794
2.54905,1.578164,0.9708860185623167,0.9708860185623167,38.08815121414757
0.106831,1.0756528,-0.9688218377532959,0.9688218377532959,906.8733203343811
13.33174,14.298955,-0.9672149636840821,0.9672149636840821,7.254979197590315
21.569139,20.601992,0.967147346557617,0.967147346557617,4.483940441726177
2.565663,1.598791,0.9668719967727659,0.9668719967727659,37.685073867264755
2.527772,1.5611961,0.9665759112091066,0.9665759112091066,38.23825531617837
2.676431,1.7098659,0.966565072303772,0.966565072303772,36.11395445156845
2.392591,1.4284449,0.9641461376342773,0.9641461376342773,40.29715641302589
5.33376,4.369844,0.9639160401916502,0.9639160401916502,18.071979994855003
0.540925,1.5033307,-0.9624057075500488,0.9624057075500488,177.91851132266586
2.546592,1.5842303,0.9623616962356567,0.9623616962356567,37.79017982456029
2.86306,1.9023632,0.9606968188858032,0.9606968188858032,33.554896469240894
2.844618,1.8841231,0.9604949130706788,0.9604949130706788,33.7653390731871
2.396404,3.3565578,-0.960153846069336,0.960153846069336,40.06644313852212
0.131086,1.0906982,-0.9596122421875,0.9596122421875,732.0478475622507
2.512319,1.5535476,0.9587713792266848,0.9587713792266848,38.16280413389072
2.683482,1.7254747,0.958007284767151,0.958007284767151,35.70015691297541
15.044671,16.002226,-0.957554875854493,0.957554875854493,6.364744538768101
2.726925,1.7696121,0.9573129261016846,0.9573129261016846,35.10594996439501
2.660302,1.7030711,0.9572308825988771,0.9572308825988771,35.9820382258441
2.531997,3.489126,-0.9571289670257568,0.9571289670257568,37.80134680206791
2.841124,1.884632,0.9564920086135866,0.9564920086135866,33.66597193856799
2.521307,1.5655334,0.955773600418091,0.955773600418091,37.907862881441375
2.543917,1.5897356,0.9541813728256225,0.9541813728256225,37.50835317300502
2.615435,1.6612586,0.9541764216995241,0.9541764216995241,36.48251329752188
2.679009,1.7254905,0.9535185491409304,0.9535185491409304,35.59221148959701
5.784181,4.831049,0.9531320345458987,0.9531320345458987,16.4782539572918
2.805008,1.8528259,0.9521821199493408,0.9521821199493408,33.94578981291301
2.368876,1.4171565,0.9517195420989992,0.9517195420989992,40.17599663548548
2.44125,1.492793,0.9484570360183717,0.9484570360183717,38.851286676068426
1.783084,2.7315059,-0.9484218708190919,0.9484218708190919,53.18997146325704
2.498461,1.5500711,0.9483898797378538,0.9483898797378538,37.95896272544959
2.572544,1.6245171,0.9480269168319704,0.9480269168319704,36.85172797025507
27.984668,28.932098,-0.9474303886718758,0.9474303886718758,3.385533781099316
2.885104,1.9392737,0.945830284980774,0.945830284980774,32.78323016944938
2.694193,1.7488444,0.9453486148529051,0.9453486148529051,35.08837766328607
2.432166,1.487251,0.9449149566802979,0.9449149566802979,38.850759226197844
3.239689,2.2950099,0.9446791485443113,0.9446791485443113,29.159562801094545
2.519563,1.5760627,0.9435003207092287,0.9435003207092287,37.44698269786394
2.532581,1.5900074,0.9425735756454467,0.9425735756454467,37.2179044069362
2.763031,1.8217763,0.9412547291336057,0.9412547291336057,34.066021304123616
2.623772,1.6827753,0.9409967409820559,0.9409967409820559,35.86427254144764
3.30612,2.3662412,0.939878783340454,0.939878783340454,28.428453392860074
1.410955,2.3501616,-0.9392065524291993,0.9392065524291993,66.56530877048765
2.859325,1.9202629,0.9390620672225953,0.9390620672225953,32.84208920601027
1.638856,2.5775063,-0.9386503037872314,0.9386503037872314,57.27472723228622
2.434374,1.4964985,0.9378755344619751,0.9378755344619751,38.52635356865661
2.840425,1.9035665,0.9368585203170778,0.9368585203170778,32.983040224054314
2.454611,1.5182742,0.9363368119583129,0.9363368119583129,38.146036659990806
0.104474,1.0404164,-0.9359423599014283,0.9359423599014283,895.8615148319839
2.530673,1.5955253,0.9351477352600099,0.9351477352600099,36.9525314105401
2.639504,1.7046431,0.9348608696975709,0.9348608696975709,35.41805087857994
0.954671,1.8885374,-0.9338664069213867,0.9338664069213867,97.82075781327451
1.678259,2.6116138,-0.9333547504577637,0.9333547504577637,55.61446417997158
2.544718,1.6119543,0.9327636686019898,0.9327636686019898,36.65489333455946
2.585154,1.6551822,0.9299717576065065,0.9299717576065065,35.97355351249995
25.92835,26.857393,-0.9290432647705096,0.9290432647705096,3.583117571179526
9.749362,8.820805,0.928557404052734,0.928557404052734,9.524288912886911
2.727572,1.800947,0.9266250490875243,0.9266250490875243,33.9725238803431
2.743361,1.8177176,0.9256434478149416,0.9256434478149416,33.74121917535462
1.429226,2.353498,-0.9242719820251464,0.9242719820251464,64.66940721484754
2.57924,1.6551435,0.9240965006256103,0.9240965006256103,35.82824787882408
1.425395,2.3480473,-0.9226522564697266,0.9226522564697266,64.72958417877129
2.43547,1.5145744,0.9208955914688111,0.9208955914688111,37.81182241747996
2.06184,2.9821038,-0.9202638246154784,0.9202638246154784,44.63313470350974
2.379017,1.4595345,0.9194824741287233,0.9194824741287233,38.64968069122977
1.180915,2.100283,-0.919367907485962,0.919367907485962,77.85216610917041
6.88395,5.965921,0.9180290748596187,0.9180290748596187,13.335789406464066
2.594082,1.677381,0.9167009613342287,0.9167009613342287,35.33816437949496
29.53384,28.617146,0.9166944616699233,0.9166944616699233,3.103878336399261
2.734673,1.8197274,0.9149455791931151,0.9149455791931151,33.4572206314853
2.71539,1.8009027,0.914487275733948,0.914487275733948,33.677934871243906
2.644775,1.7307657,0.9140092996597291,0.9140092996597291,34.559056994457755
2.624721,1.7110081,0.913712928100586,0.913712928100586,34.81181154361832
2.626529,1.713116,0.9134129502334596,0.9134129502334596,34.776427376156256
2.210706,3.1235628,-0.9128568128051757,0.9128568128051757,41.29254694038389
2.556633,1.6455503,0.9110827489929201,0.9110827489929201,35.636039625448156
2.475926,1.5657648,0.9101612151870726,0.9101612151870726,36.760436909274034
2.485614,1.5755723,0.9100417477264404,0.9100417477264404,36.61235202609207
1.324785,2.2347565,-0.9099714697265624,0.9099714697265624,68.68823768821916
1.023575,1.9322846,-0.9087095935821534,0.9087095935821534,88.77801758477645
7.367971,6.4595203,0.9084506600341795,0.9084506600341795,12.329726325223726
3.142654,2.2347565,0.9078975302734373,0.9078975302734373,28.889516002860887
2.555755,3.4633148,-0.9075597716522217,0.9075597716522217,35.51043709654139
2.772712,1.8673303,0.905381687271118,0.905381687271118,32.65328989229551
2.273814,1.3694046,0.9044094456329344,0.9044094456329344,39.77499679363217
5.003477,5.9077444,-0.9042674076538084,0.9042674076538084,18.072780341265396
18.500867,17.598566,0.902300944702148,0.902300944702148,4.877073840362567
3.414242,2.514356,0.8998861020965578,0.8998861020965578,26.356834169054245
5.120791,4.222386,0.8984051166687008,0.8984051166687008,17.544264482794876
1.276541,2.1744926,-0.8979515975799561,0.8979515975799561,70.34255832829605
2.512096,1.6143183,0.8977777483901979,0.8977777483901979,35.738194255094534
2.518599,1.6208512,0.8977478409042359,0.8977478409042359,35.64473109330192
14.728751,13.831055,0.8976963125000008,0.8976963125000008,6.0948570078610596
1.495017,2.392218,-0.8972011129455566,0.8972011129455566,60.01276994746841
53.989096,54.884483,-0.8953873374023402,0.8953873374023402,1.6584595848774384
2.7502,1.8571651,0.8930349018096924,0.8930349018096924,32.47163485481859
2.981782,2.0892837,0.8924982952423095,0.8924982952423095,29.931708461999495
8.716451,7.8245974,0.891853641296386,0.891853641296386,10.231843685992777
3.139175,4.030606,-0.8914307929992678,0.8914307929992678,28.396976688807435
2.656512,1.7651392,0.8913727778549196,0.8913727778549196,33.55425376664458
2.496893,1.6064501,0.890442919128418,0.890442919128418,35.66203754396988
2.92884,3.8191311,-0.8902911359405516,0.8902911359405516,30.3973974648719
1.888241,2.7778678,-0.8896267940368652,0.8896267940368652,47.11404921245493
1.051746,1.9412514,-0.8895053971328735,0.8895053971328735,84.57416496457311
1.531377,2.418896,-0.887518959854126,0.887518959854126,57.95561509648965
3.033592,2.1464899,0.8871021413726807,0.8871021413726807,29.242631881394665
1.974058,2.8610604,-0.8870023809356689,0.8870023809356689,44.93294426459283
2.487174,1.6008774,0.8862965957870483,0.8862965957870483,35.63468401291641
1.35794,2.2427874,-0.8848473611450196,0.8848473611450196,65.16100572041907
1.509401,2.3932443,-0.8838432665100098,0.8838432665100098,58.55589511676843
2.464536,1.5815628,0.8829732425079344,0.8829732425079344,35.82715945200668
3.066965,2.1840634,0.8829015653991701,0.8829015653991701,28.787467916014126
2.495544,1.6128548,0.8826891616287234,0.8826891616287234,35.37061104085332
2.56766,1.6856751,0.8819848558044434,0.8819848558044434,34.34975252837578
2.701953,1.8200927,0.8818603219299317,0.8818603219299317,32.63788533321245
15.897852,15.016495,0.8813572490234378,0.8813572490234378,5.54387629862131
2.631997,1.7510157,0.8809813368530275,0.8809813368530275,33.4719734414422
29.135986,28.255554,0.880431800781249,0.880431800781249,3.0218019763540087
2.526581,1.6465356,0.8800453650054934,0.8800453650054934,34.831472451137
15.146354,14.266475,0.8798792761840826,0.8798792761840826,5.809182039309746
12.930269,13.809968,-0.8796989946899423,0.8796989946899423,6.803408302512028
2.489069,1.6095201,0.8795489222946169,0.8795489222946169,35.336462036981715
2.979554,2.1009252,0.8786287928619383,0.8786287928619383,29.48860107359859
3.195453,2.3177886,0.8776643990783692,0.8776643990783692,27.466039996548318
2.493646,1.6168376,0.8768083792648316,0.8768083792648316,35.161702151374726
2.611549,1.7349167,0.8766323129882814,0.8766323129882814,33.567523065993164
19.86311,18.986809,0.8763012231445302,0.8763012231445302,4.411702010108782
3.403319,2.5271575,0.8761614549102785,0.8761614549102785,25.74432355252429
2.121258,2.9961736,-0.8749156202239989,0.8749156202239989,41.245130021089075
3.379659,4.253522,-0.8738629192504881,0.8738629192504881,25.856541125144027
22.308513,21.43469,0.8738225245361342,0.8738225245361342,3.916991350038513
3.321639,2.4491823,0.8724567280426023,0.8724567280426023,26.265850323178903
1.521367,2.3937423,-0.872375322921753,0.872375322921753,57.3415436817291
5.486472,6.3569484,-0.8704763757019043,0.8704763757019043,15.865867458833991
1.866853,2.736086,-0.8692328917236327,0.8692328917236327,46.56139994295594
3.004779,2.1357353,0.869043726638794,0.869043726638794,28.922051392460872
15.131104,15.999213,-0.8681092186889643,0.8681092186889643,5.737249698919703
2.916047,2.0493827,0.8666643133850096,0.8666643133850096,29.720519365952917
2.719112,1.8525108,0.8666011901016235,0.8666011901016235,31.87074273033817
57.848021,58.712467,-0.8644461936035128,0.8644461936035128,1.494340132399721
2.570598,1.7098142,0.860783809135437,0.860783809135437,33.48574180412306
3.636384,2.7765543,0.8598296539154053,0.8598296539154053,23.645183068998218
24.514133,25.373953,-0.8598198656005849,0.8598198656005849,3.5074455441564156
2.693652,1.8343098,0.8593421836395265,0.8593421836395265,31.902494591269548
3.14154,2.2852335,0.8563065023803711,0.8563065023803711,27.257539370917243
2.704444,1.848887,0.8555570332946778,0.8555570332946778,31.63522828585257
2.539245,1.684309,0.8549359942626955,0.8549359942626955,33.668905293858074
9.944389,9.090445,0.8539444351806633,0.8539444351806633,8.587198621977441
3.726257,2.873326,0.852930936843872,0.852930936843872,22.889750675301844
3.11695,2.264044,0.8529059535980226,0.8529059535980226,27.36347883574196
42.604198,43.45589,-0.8516926555175814,0.8516926555175814,1.9990815353819884
2.685073,1.8338029,0.8512700615386963,0.8512700615386963,31.7037958188471
10.676835,11.527916,-0.8510809545898432,0.8510809545898432,7.9712850726069275
7.873006,7.0230317,0.849974288421631,0.849974288421631,10.796057927694136
2.678145,1.8302159,0.8479290690612795,0.8479290690612795,31.66105901770137
3.064362,2.2168198,0.8475422368164063,0.8475422368164063,27.65803246446563
2.170335,3.0171726,-0.8468375749969481,0.8468375749969481,39.01874940771491
3.205362,2.3589206,0.8464414258117676,0.8464414258117676,26.407046248921667
2.592695,1.7466875,0.8460074685287475,0.8460074685287475,32.63042774009735
1.555142,2.399996,-0.8448540422515869,0.8448540422515869,54.32648865487912
2.709112,1.8670647,0.8420472855682375,0.8420472855682375,31.082040371057207
19.925555,19.083618,0.8419368359374992,0.8419368359374992,4.225412220303395
3.029269,2.1880808,0.8411882123413088,0.8411882123413088,27.768686515246422
5.606431,4.768168,0.8382630274353025,0.8382630274353025,14.951812078314184
2.493799,1.6567655,0.8370335390319825,0.8370335390319825,33.564595181825716
17.188724,16.35444,0.8342833109130865,0.8342833109130865,4.853666339096683
2.494033,1.6605015,0.8335315198974609,0.8335315198974609,33.421030109226294
3.364726,2.5318778,0.8328482438812257,0.8328482438812257,24.75233477722921
12.78775,13.61991,-0.832160240173339,0.832160240173339,6.50747973777116
0.235952,1.0677111,-0.8317591148834229,0.8317591148834229,352.5120001232924
1.267594,2.0986748,-0.8310807741699218,0.8310807741699218,65.56364057453396
4.844857,4.0144835,0.8303735481567385,0.8303735481567385,17.13927878861232
3.38127,2.554381,0.8268891062927248,0.8268891062927248,24.454986033894656
3.887147,3.061019,0.826128056213379,0.826128056213379,21.252812311757857
3.675774,2.8499806,0.825793407272339,0.825793407272339,22.465837324326063
0.344074,1.1682981,-0.8242241252670288,0.8242241252670288,239.54850556202456
2.47533,1.6519352,0.8233947802352906,0.8233947802352906,33.264040762323674
58.391115,57.568336,0.822778513183593,0.822778513183593,1.4090816953609875
1.940836,2.7626405,-0.8218044762268066,0.8218044762268066,42.342808778509045
42.295224,43.114643,-0.8194190969238306,0.8194190969238306,1.9373797309168839
0.347865,1.1660584,-0.8181934211349488,0.8181934211349488,235.20429502817026
2.873089,2.0549583,0.8181306564941404,0.8181306564941404,28.47564612393368
15.475925,16.294,-0.8180756256103514,0.8180756256103514,5.2861177965457005
4.258803,3.4414778,0.8173252244262699,0.8173252244262699,19.191430653333306
11.591447,12.407624,-0.8161772446899409,0.8161772446899409,7.041202402796645
56.461871,55.647346,0.8145245034179709,0.8145245034179709,1.442609833840838
2.77553,1.962541,0.8129890158462523,0.8129890158462523,29.29130709511196
0.931412,1.7443621,-0.8129501158599853,0.8129501158599853,87.28147326561219
1.326782,2.1394243,-0.8126423240356446,0.8126423240356446,61.24912185833057
17.59942,18.41061,-0.8111901989746109,0.8111901989746109,4.609187115086757
10.789865,11.600911,-0.8110461404418938,0.8110461404418938,7.516740389563512
1.381729,2.1917295,-0.8100005455932617,0.8100005455932617,58.62224398088478
2.980326,2.1726193,0.8077066571960447,0.8077066571960447,27.10128546907095
23.639152,24.44202,-0.8028684162597663,0.8028684162597663,3.3963503270183724
13.281718,14.084144,-0.8024256386108402,0.8024256386108402,6.041580152543508
3.120207,2.3178046,0.8024024250335695,0.8024024250335695,25.71632026361883
0.739397,1.5366915,-0.7972945464401245,0.7972945464401245,107.83037344380546
2.972956,2.1765718,0.7963841539916992,0.7963841539916992,26.78761992995899
1.977771,2.773848,-0.796077056793213,0.796077056793213,40.251225078786256
5.513482,4.71846,0.7950219169921873,0.7950219169921873,14.419597578767243
3.516542,2.7227283,0.7938137475891112,0.7938137475891112,22.573703017525098
50.136634,50.93011,-0.7934769313964836,0.7934769313964836,1.5826290440536972
15.54383,14.750716,0.7931137905883787,0.7931137905883787,5.102434796207088
1.762851,2.5553894,-0.792538404296875,0.792538404296875,44.95776468073123
2.917376,2.1258683,0.7915076795349121,0.7915076795349121,27.13080794206099
33.12715,33.917007,-0.7898574462890622,0.7898574462890622,2.3843205536446024
2.160298,2.949427,-0.7891288894195556,0.7891288894195556,36.52870527043153
23.42436,24.212309,-0.7879488836669921,0.7879488836669921,3.363801118423847
2.982693,2.1965566,0.7861364318542479,0.7861364318542479,26.356598946921167
3.149756,2.3651514,0.7846045946655273,0.7846045946655273,24.91001190697366
3.618097,4.4015875,-0.7834904862670897,0.7834904862670897,21.654767305725496
32.435862,33.217625,-0.7817626643066404,0.7817626643066404,2.4101800171187993
1.836222,2.617756,-0.7815338898925781,0.7815338898925781,42.562058936774314
1.576249,2.3573835,-0.7811344896087646,0.7811344896087646,49.556541482926114
3.050832,2.2704415,0.7803904678649904,0.7803904678649904,25.579594938017262
1.898752,1.1199259,0.778826143409729,0.778826143409729,41.01779186374583
1.514336,2.2921689,-0.7778328556671144,0.7778328556671144,51.36461496099609
3.869453,3.0942729,0.7751801480560303,0.7751801480560303,20.03332636514766
3.683206,2.9097755,0.7734305044708254,0.7734305044708254,20.998839175702543
3.078797,2.3063874,0.7724095755310056,0.7724095755310056,25.08803196527467
1.395638,2.1673985,-0.7717604527587891,0.7717604527587891,55.29803951336171
25.08507,25.855139,-0.7700687786865217,0.7700687786865217,3.069829100271404
1.171075,1.9398037,-0.7687287195205688,0.7687287195205688,65.64299634565897
8.033443,7.2676063,0.7658367416076661,0.7658367416076661,9.533107306520169
4.226649,3.4633024,0.7633466261138917,0.7633466261138917,18.060326894800856
25.432326,24.670017,0.7623087575683591,0.7623087575683591,2.997400857339442
3.489284,2.727568,0.7617160888519288,0.7617160888519288,21.830154519669325
14.019411,13.259096,0.760314854370117,0.760314854370117,5.42330098150838
2.922207,2.1622972,0.7599097511596682,0.7599097511596682,26.004651659983825
3.241468,2.4819765,0.7594914909057615,0.7594914909057615,23.430479365593957
4.173854,3.4172547,0.7565993136444096,0.7565993136444096,18.127114978776987
0.441119,1.19721,-0.7560909542617797,0.7560909542617797,171.40294435070282
31.856367,31.100496,0.755870707885741,0.755870707885741,2.3727461071859457
3.775038,3.0193305,0.7557074984436034,0.7557074984436034,20.018540168962137
1.693157,2.4475636,-0.7544066482238769,0.7544066482238769,44.55621352180103
11.512766,10.75975,0.7530156337890617,0.7530156337890617,6.540701285707717
3.264765,4.0153384,-0.7505734208679198,0.7505734208679198,22.990120907475106
25.802916,26.551493,-0.7485766910400393,0.7485766910400393,2.901132147378762
1.578439,2.326072,-0.7476329776153565,0.7476329776153565,47.365338639503406
1.811249,1.0651147,0.7461342634429933,0.7461342634429933,41.19446102671686
4.070836,3.3254278,0.7454082293853759,0.7454082293853759,18.310937344738647
10.056048,9.311595,0.7444530369262701,0.7444530369262701,7.403037822799444
2.934784,2.1907425,0.7440415073242188,0.7440415073242188,25.352513414917972
2.275587,3.0189028,-0.7433157786254885,0.7433157786254885,32.664792802596594
2.705918,1.9646617,0.7412562825851441,0.7412562825851441,27.393893035847732
13.547412,14.287366,-0.7399539133911137,0.7399539133911137,5.461957703697591
22.956084,22.216839,0.7392451633300787,0.7392451633300787,3.220258138656656
2.595151,3.3323574,-0.737206406616211,0.737206406616211,28.407071749882913
6.582145,7.3180346,-0.735889648895264,0.735889648895264,11.18008869272986
10.185187,9.450522,0.7346645772094735,0.7346645772094735,7.213069109111697
3.420346,2.6877694,0.7325765870056151,0.7325765870056151,21.418201169828926
5.921633,5.198091,0.7235419698791503,0.7235419698791503,12.218622293325703
1.481043,2.2042677,-0.7232247402496337,0.7232247402496337,48.83212305117417
13.082943,12.36038,0.722562827270508,0.722562827270508,5.522937975537959
5.724602,5.0035815,0.7210204761047363,0.7210204761047363,12.595119732203935
3.944104,3.2234993,0.7206047019042967,0.7206047019042967,18.270428515222374
22.444065,23.163988,-0.7199231134033219,0.7199231134033219,3.2076324560640614
3.259411,2.5408924,0.7185186374053956,0.7185186374053956,22.044431873837055
3.034845,2.3173435,0.7175015265655516,0.7175015265655516,23.642114392725478
3.725797,3.0084026,0.7173944140167237,0.7173944140167237,19.25479069303746
3.432247,2.7157762,0.7164707949371336,0.7164707949371336,20.874686318212497
1.75791,2.4739316,-0.7160215509796142,0.7160215509796142,40.731411217803114
2.762949,2.0511181,0.7118308645477294,0.7118308645477294,25.76344567062099
15.619417,16.331161,-0.7117444990234372,0.7117444990234372,4.556792990537869
2.848864,3.5602283,-0.7113643477783205,0.7113643477783205,24.970105549206643
4.056339,3.3466606,0.7096783859863285,0.7096783859863285,17.495539351342007
11.156958,11.864289,-0.7073312837524419,0.7073312837524419,6.339822053162718
2.840682,2.1367345,0.7039475143737794,0.7039475143737794,24.78093339377651
19.974078,20.677017,-0.7029392119140638,0.7029392119140638,3.5192573690287214
3.725219,3.0227144,0.7025046235504151,0.7025046235504151,18.85807582135593
3.726167,3.0237553,0.7024116880340574,0.7024116880340574,18.85078387563431
2.811615,3.511483,-0.6998679540252684,0.6998679540252684,24.89202661105366
5.779177,5.07935,0.699827005340576,0.699827005340576,12.109457892161227
3.824429,3.1276186,0.6968104487457274,0.6968104487457274,18.219986532041972
23.397817,22.702574,0.6952432237548827,0.6952432237548827,2.9714020917075783
3.378772,2.6845999,0.6941721235961915,0.6941721235961915,20.54510110701895
2.134354,2.8276923,-0.6933382702789306,0.6933382702789306,32.484689524157936
3.776755,3.0848596,0.6918953903961182,0.6918953903961182,18.319837807265717
9.266461,8.576571,0.6898895354614254,0.6898895354614254,7.445016338535073
24.405449,25.09441,-0.6889609426269523,0.6889609426269523,2.8229799936240854
5.351306,4.662389,0.6889171984252931,0.6889171984252931,12.873814325183783
4.681006,5.3691306,-0.6881246114196777,0.6881246114196777,14.700357389094936
9.871642,10.558522,-0.68688022442627,0.68688022442627,6.958115219527936
3.019609,2.3346095,0.6849994914855957,0.6849994914855957,22.685039402879998
3.557794,2.8737717,0.6840223325195312,0.6840223325195312,19.226024117762446
4.709651,4.029112,0.6805391378173828,0.6805391378173828,14.449884668798877
5.035648,5.7154136,-0.6797655704040526,0.6797655704040526,13.499068449394269
3.299529,2.6216195,0.6779095370330812,0.6779095370330812,20.545645666776547
2.724899,2.0499945,0.6749045313110353,0.6749045313110353,24.768056771508494
1.885849,2.5582721,-0.6724231233367919,0.6724231233367919,35.656254732013835
30.759489,31.431602,-0.6721134780273452,0.6721134780273452,2.1850606101589016
17.194925,16.522882,0.6720425384521498,0.6720425384521498,3.90837725926831
32.015826,32.686985,-0.6711590158691436,0.6711590158691436,2.0963351558290184
2.997206,2.327859,0.6693470751342772,0.6693470751342772,22.332368049174626
13.974741,14.642525,-0.6677837192382814,0.6677837192382814,4.77850515607769
2.290313,2.9559832,-0.6656701619262697,0.6656701619262697,29.06459343754348
2.371092,3.0357835,-0.6646915292816162,0.6646915292816162,28.033139551463336
3.740919,3.0762453,0.6646736920776366,0.6646736920776366,17.767657948751868
8.211735,7.551108,0.66062711654663,0.66062711654663,8.04491519196108
4.504889,3.8453293,0.6595597153320316,0.6595597153320316,14.64097595562045
47.017299,47.67676,-0.6594626271972643,0.6594626271972643,1.4025957280018608
3.72932,3.0701208,0.6591991885375976,0.6591991885375976,17.676122953244064
5.745674,5.087618,0.6580561258544924,0.6580561258544924,11.453071055598338
3.783524,3.1283786,0.6551453703155516,0.6551453703155516,17.315745064607384
7.152827,6.4986324,0.6541945689697268,0.6541945689697268,9.145958219883981
12.892958,12.2389965,0.6539614942626955,0.6539614942626955,5.072237839118247
7.758764,8.409392,-0.6506283568725584,0.6506283568725584,8.385721705985292
3.683314,4.3337493,-0.6504352942810057,0.6504352942810057,17.658969456944117
28.747842,28.098999,0.6488429765624986,0.6488429765624986,2.257014549336404
2.236148,1.5908586,0.6452894213180542,0.6452894213180542,28.857187506783855
3.895849,3.2505913,0.6452577219238282,0.6452577219238282,16.562698449228026
3.53304,2.888276,0.6447638998413088,0.6447638998413088,18.249549957630233
10.744931,11.389253,-0.6443216626586921,0.6443216626586921,5.996517452300956
2.396024,3.0400803,-0.6440563089141844,0.6440563089141844,26.880211086671256
39.546108,38.903297,0.6428105756835905,0.6428105756835905,1.6254711479621837
3.597811,2.9552777,0.6425333186492921,0.6425333186492921,17.859007008190066
12.443038,11.800663,0.642375005615234,0.642375005615234,5.162525466932364
8.507014,7.8655667,0.6414472695007323,0.6414472695007323,7.540216455423632
3.347892,2.707958,0.6399340169830321,0.6399340169830321,19.114535862086278
4.27009,3.6308036,0.6392864149475095,0.6392864149475095,14.971263250482735
2.951808,3.5881424,-0.636334395019531,0.636334395019531,21.55744530125176
41.878439,42.51307,-0.6346301528320311,0.6346301528320311,1.5154102396952178
3.629741,2.9953141,0.6344268787536622,0.6344268787536622,17.478571576764942
35.260279,35.893803,-0.6335236428222686,0.6335236428222686,1.7967062677537857
3.311447,2.6799867,0.6314602846832273,0.6314602846832273,19.069013777486347
13.8123,14.441855,-0.6295554306030269,0.6295554306030269,4.557933368073883
3.797834,3.1686592,0.6291747897949218,0.6291747897949218,16.566674314315875
7.638563,7.00966,0.6289032328491215,0.6289032328491215,8.233266294208587
3.990962,3.3664358,0.6245262337799073,0.6245262337799073,15.648513660722873
1.627004,2.2505982,-0.6235941922149659,0.6235941922149659,38.3277602376293
8.769127,9.392218,-0.6230906361083992,0.6230906361083992,7.105503616281231
26.06229,25.440077,0.6222131719970712,0.6222131719970712,2.3874079061919873
8.273879,8.895022,-0.6211433922729483,0.6211433922729483,7.507281557603647
5.158113,5.776759,-0.6186461476440428,0.6186461476440428,11.99365247779661
2.870969,2.2527227,0.6182462598266603,0.6182462598266603,21.53441084891985
11.442026,12.0594,-0.617373604797363,0.617373604797363,5.395666858229192
3.457367,2.8405797,0.6167872518463136,0.6167872518463136,17.839796927212927
4.185489,3.568822,0.6166670929565425,0.6166670929565425,14.73345391522494
21.402644,22.017565,-0.6149207735595716,0.6149207735595716,2.8731065823301956
3.690756,3.0793269,0.611429131942749,0.611429131942749,16.566501061738638
3.608273,2.9975607,0.6107122604827881,0.6107122604827881,16.92533409932848
31.246345,30.6367,0.6096453234863297,0.6096453234863297,1.9510932350147792
16.248956,16.851814,-0.6028582700195315,0.6028582700195315,3.710135408181433
25.565264,24.96569,0.5995733872070304,0.5995733872070304,2.3452657762684757
4.828322,4.230013,0.5983091063232422,0.5983091063232422,12.39165710801497
2.810769,3.4089358,-0.598166785293579,0.598166785293579,21.2812502654006
4.043691,4.639546,-0.5958549175109864,0.5958549175109864,14.735421611004673
10.930156,11.525194,-0.5950381680908201,0.5950381680908201,5.444004349849866
20.308516,19.714561,0.5939545375976572,0.5939545375976572,2.924657506214302
9.612894,10.205765,-0.5928707705078118,0.5928707705078118,6.167453531700696
84.116732,84.70812,-0.5913902534179698,0.5913902534179698,0.7030589983182736
4.10242,3.5119324,0.5904876269531254,0.5904876269531254,14.393641483288686
3.643311,3.0536602,0.5896508456573488,0.5896508456573488,16.18447740643509
27.922897,27.333435,0.589461941406249,0.589461941406249,2.111034329296627
13.975213,13.385766,0.58944697064209,0.58944697064209,4.217803124989023
3.560964,2.972702,0.5882619736328123,0.5882619736328123,16.519739419333995
23.477794,22.892511,0.5852826322021478,0.5852826322021478,2.492920042656712
14.217601,13.63267,0.5849305974731447,0.5849305974731447,4.114130066450947
3.509721,2.9249363,0.5847847054443358,0.5847847054443358,16.66185732221091
8.43141,7.8497148,0.5816952439880367,0.5816952439880367,6.899145504502066
7.329984,6.7497435,0.5802405383911129,0.5802405383911129,7.91598642484345
3.974105,3.395229,0.57887589881897,0.57887589881897,14.566195377434763
13.163958,12.58631,0.5776476133422843,0.5776476133422843,4.3880997898800365
15.058791,14.48394,0.5748508754882806,0.5748508754882806,3.817377341145536
3.352344,2.7775419,0.5748021241607666,0.5748021241607666,17.146275088225444
6.355275,5.7810783,0.5741966613769529,0.5741966613769529,9.034961687227035
9.264807,9.838659,-0.5738522864990241,0.5738522864990241,6.193893585617383
46.268638,45.69512,0.5735162348632841,0.5735162348632841,1.2395355896623637
23.608409,24.181734,-0.5733250850830061,0.5733250850830061,2.4284782811098267
2.381034,2.9517934,-0.5707594322357177,0.5707594322357177,23.971074424462085
7.608224,8.174946,-0.5667218312988282,0.5667218312988282,7.448805809231951
2.945285,3.5094512,-0.5641661508941649,0.5641661508941649,19.154891661588266
22.498489,21.935091,0.5633979813232415,0.5633979813232415,2.504159196294193
12.554045,11.99378,0.5602648638916019,0.5602648638916019,4.4628234476389
3.485685,2.926257,0.5594281049346925,0.5594281049346925,16.04930178483263
10.139911,9.580603,0.5593083541259762,0.5593083541259762,5.5159098942827045
13.240834,12.684171,0.5566632770385738,0.5566632770385738,4.204140592914085
11.575237,12.131695,-0.5564577937011723,0.5564577937011723,4.807312314178665
3.812362,3.2634692,0.5488927807922361,0.5488927807922361,14.39770884238796
3.982267,3.4338667,0.5484002607269285,0.5484002607269285,13.771057056524775
27.655093,28.200695,-0.5456020378417961,0.5456020378417961,1.97288086443905
4.242936,4.7884135,-0.5454775246276853,0.5454775246276853,12.856133691736785
13.680591,13.135142,0.5454486736450193,0.5454486736450193,3.987025660229388
32.673699,33.219036,-0.5453371022949227,0.5453371022949227,1.6690399892992025
4.17709,3.6317976,0.5452924478912351,0.5452924478912351,13.054361957204197
13.925418,13.380624,0.5447941825561529,0.5447941825561529,3.912228577642988
4.091045,3.5519304,0.5391145724487307,0.5391145724487307,13.177918415357267
55.094581,54.556538,0.5380433718261699,0.5380433718261699,0.9765812935852862
15.336375,15.8743725,-0.5379974822998044,0.5379974822998044,3.507983355234183
11.94469,12.481485,-0.5367953668212895,0.5367953668212895,4.494008356992065
10.287493,10.8231735,-0.5356805229492192,0.5356805229492192,5.207104616683696
1.837442,2.3728487,-0.5354067491607666,0.5354067491607666,29.13870201789378
10.413357,10.946962,-0.5336053565673833,0.5336053565673833,5.124239537377419
52.505805,53.03846,-0.532654777832029,0.532654777832029,1.0144683579863492
11.67081,11.139505,0.5313046136474604,0.5313046136474604,4.552422785075826
3.272985,2.7417588,0.5312261766052244,0.5312261766052244,16.230632788998236
12.235877,12.766623,-0.5307455433349606,0.5307455433349606,4.337617510625703
6.250411,5.719783,0.5306281707153317,0.5306281707153317,8.489492462285158
4.74767,5.2777824,-0.5301124401855466,0.5301124401855466,11.165738987216484
0.683568,1.2089528,-0.5253847845382691,0.5253847845382691,76.85918364543248
4.188029,3.6634417,0.5245873419799807,0.5245873419799807,12.525876539237307
0.778844,1.3031105,-0.5242664803085327,0.5242664803085327,67.31341324337342
0.929526,1.4512793,-0.5217532825698853,0.5217532825698853,56.131112256543034
15.436648,14.915597,0.5210510380249023,0.5210510380249023,3.3754156862391813
17.059992,16.539223,0.5207692827148449,0.5207692827148449,3.052576359424977
4.597147,5.1179013,-0.5207543252258304,0.5207543252258304,11.327771881440874
29.082146,28.565348,0.5167983284912125,0.5167983284912125,1.777029551015374
10.072503,9.555975,0.5165280396728509,0.5165280396728509,5.1281001322881
12.427693,12.944211,-0.5165180061645511,0.5165180061645511,4.156185755154999
2.041917,1.5269078,0.5150091983718874,0.5150091983718874,25.22184781980196
3.125901,2.611546,0.514354960418701,0.514354960418701,16.454614538408173
1.730224,1.21637,0.5138540134658813,0.5138540134658813,29.69869874861189
11.214266,11.72622,-0.5119541309204099,0.5119541309204099,4.565204097315371
1.531546,2.0432813,-0.5117353167572021,0.5117353167572021,33.41299031983297
37.370081,36.859997,0.5100842043457021,0.5100842043457021,1.3649534351941521
4.00109,4.510858,-0.5097680589294438,0.5097680589294438,12.740729624095012
16.133195,15.624154,0.509040909118653,0.509040909118653,3.1552393008049413
3.614897,3.106816,0.5080809466094971,0.5080809466094971,14.055198435679964
13.787922,14.294042,-0.506119633605957,0.506119633605957,3.670746277809566
19.984838,19.47953,0.5053076655273436,0.5053076655273436,2.5284551494728915
5.751458,5.2464023,0.505055736358643,0.505055736358643,8.781351378204649
6.121034,6.6258044,-0.5047704242858888,0.5047704242858888,8.246489470204581
15.383218,15.887645,-0.5044267677612311,0.5044267677612311,3.279071828520873
7.651836,7.148136,0.5036998610839847,0.5036998610839847,6.582732053815605
11.654306,12.156717,-0.502411300415039,0.502411300415039,4.310949964851859
21.369847,20.868292,0.5015551451416016,0.5015551451416016,2.3470226302474444
6.451865,5.9511156,0.5007493917846677,0.5007493917846677,7.761312299263956
5.895135,5.395445,0.4996901300048826,0.4996901300048826,8.476313604292459
1.470972,1.970152,-0.4991800204544068,0.4991800204544068,33.93538561036318
1.574773,2.073897,-0.4991238849182129,0.4991238849182129,31.694973490561367
26.39812,26.896683,-0.4985627392578138,0.4985627392578138,1.8886297177826497
2.892834,3.3911583,-0.49832434236145007,0.49832434236145007,17.226164458251798
4.508104,4.010842,0.4972621535339359,0.4972621535339359,11.030405543503553
7.070707,7.565723,-0.4950159423522953,0.4950159423522953,7.0009398260357045
1.616994,1.1238729,0.4931211238327027,0.4931211238327027,30.496162867778516
14.992917,14.500436,0.4924811708374026,0.4924811708374026,3.2847588686985856
25.085117,24.593424,0.49169315661621127,0.49169315661621127,1.9600991161980676
1.24188,0.7531342,0.48874580896377573,0.48874580896377573,39.355316852225684
6.279489,5.791102,0.4883870674743651,0.4883870674743651,7.777496982104556
20.317087,20.805273,-0.48818605603027265,0.48818605603027265,2.4028348947261478
42.431687,42.91875,-0.4870637629394565,0.4870637629394565,1.1478774410697097
6.178091,5.69225,0.4858412250671389,0.4858412250671389,7.8639376639041885
5.666241,5.180787,0.4854539135131839,0.4854539135131839,8.56747733646727
8.160065,8.645286,-0.4852206063842779,0.4852206063842779,5.946283594289159
11.385033,10.900081,0.484952319152832,0.484952319152832,4.259560065821262
3.84097,3.359454,0.4815160834503174,0.4815160834503174,12.536314614219352
7.556024,8.036849,-0.48082502191162124,0.48082502191162124,6.36346604914513
9.112768,8.632473,0.4802950080566415,0.4802950080566415,5.270572103354007
1.850141,2.3287156,-0.47857456282043453,0.47857456282043453,25.866923807135112
2.604393,3.0828362,-0.4784431511230469,0.4784431511230469,18.370620375061534
15.887248,16.364738,-0.47749046435546916,0.47749046435546916,3.0054951263583454
2.621628,2.1450462,0.4765817658691405,0.4765817658691405,18.17884787052021
2.669291,2.1929617,0.47632930718994126,0.47632930718994126,17.84478751743802
1.319652,1.7948089,-0.4751568645935058,0.4751568645935058,36.006224713598705
5.018198,5.4906363,-0.4724383487243653,0.4724383487243653,9.41450195299091
20.145624,19.676786,0.46883757727050934,0.46883757727050934,2.327242766310848
7.556118,7.089667,0.466451156585693,0.466451156585693,6.173158711649552
3.672693,3.2070005,0.4656925059967043,0.4656925059967043,12.679864774540764
32.506257,32.970455,-0.4641981696777364,0.4641981696777364,1.4280271323650349
14.750467,14.287319,0.46314781665039106,0.46314781665039106,3.139885785631405
8.458185,8.921067,-0.4628822378540036,0.4628822378540036,5.472595336334344
6.98416,7.4461923,-0.4620322645568846,0.4620322645568846,6.6154306967519245
4.145786,3.688716,0.4570700652465822,0.4570700652465822,11.02493146620586
44.348361,44.805077,-0.4567155991210967,0.4567155991210967,1.0298364783313343
2.275817,1.822256,0.4535610309524536,0.4535610309524536,19.92959148000582
5.4956,5.0424495,0.4531505256652828,0.4531505256652828,8.245697024110873
10.650956,11.103827,-0.4528714765014641,0.4528714765014641,4.251932657474241
4.502126,4.0512,0.4509260869750973,0.4509260869750973,10.015847778695699
6.530905,6.9814167,-0.4505117022705081,0.4505117022705081,6.898151209726828
8.46445,8.913454,-0.44900405578613345,0.44900405578613345,5.304586308393681
3.457662,3.9061623,-0.4485002619628906,0.4485002619628906,12.971200248894178
1.941261,2.3891933,-0.4479322964324952,0.4479322964324952,23.074295337382296
3.217527,2.7704873,0.44703969149780276,0.44703969149780276,13.893890913235813
16.302798,15.856284,0.4465138584594719,0.4465138584594719,2.7388786787196473
12.510209,12.956523,-0.4463139415893558,0.4463139415893558,3.5675978042076535
7.839033,7.39317,0.4458631200866696,0.4458631200866696,5.687731128073857
5.745362,6.1898293,-0.4444673495178222,0.4444673495178222,7.736106959145239
13.231701,13.676151,-0.44445027563476636,0.44445027563476636,3.358980645280659
6.191069,5.746741,0.44432818197631807,0.44432818197631807,7.176921820272737
1.093686,0.65185654,0.441829458366394,0.441829458366394,40.39820006162608
12.226412,11.78563,0.44078177386474593,0.44078177386474593,3.605160482577724
2.925853,2.485726,0.4401268819122315,0.4401268819122315,15.04268607811769
4.81902,4.3820124,0.4370076327514649,0.4370076327514649,9.06839217812743
8.921166,8.484711,0.4364553066406245,0.4364553066406245,4.8923571945161894
0.837571,1.2697465,-0.43217554197692876,0.43217554197692876,51.59867544665827
2.490374,2.9211488,-0.43077477700805655,0.43077477700805655,17.297593734545853
19.517839,19.087845,0.4299941513671861,0.4299941513671861,2.203082786803309
1.251616,1.6812639,-0.42964792364501947,0.42964792364501947,34.32745535457297
6.446392,6.874653,-0.4282608625488278,0.4282608625488278,6.6434194901921
1.094513,1.5214628,-0.42694979811859124,0.42694979811859124,39.00819799121463
4.591193,5.016934,-0.42574091799926794,0.42574091799926794,9.27299109381799
14.09307,13.669576,0.42349430877685634,0.42349430877685634,3.0049826529908055
19.161967,19.58358,-0.4216130170898431,0.4216130170898431,2.200259592805075
7.469092,7.8905554,-0.4214633817749025,0.4214633817749025,5.642765971677143
12.982659,12.561254,0.4214054523315429,0.4214054523315429,3.245910197042817
36.793264,36.373093,0.42017134863281314,0.42017134863281314,1.1419790009162305
7.845351,7.427323,0.41802813546752926,0.41802813546752926,5.328354785683915
14.849011,14.431684,0.41732745965576257,0.41732745965576257,2.8104730992047355
3.427709,3.0109794,0.41672958601379406,0.41672958601379406,12.157671085895458
2.758778,2.3421543,0.4166237355499267,0.4166237355499267,15.10174923588723
1.846979,1.4306333,0.41634569349670403,0.41634569349670403,22.541983069334414
8.854587,9.268945,-0.4143577402954097,0.4143577402954097,4.679582913248581
5.291775,5.706074,-0.414299237823486,0.414299237823486,7.829116653970678
1.694234,2.108427,-0.41419304772949217,0.41419304772949217,24.4472161286484
14.589159,15.002896,-0.41373730889892535,0.41373730889892535,2.835922954133884
9.834707,10.248369,-0.41366221691894545,0.41366221691894545,4.206146831977193
26.75928,27.172697,-0.4134170672607418,0.4134170672607418,1.5449483964411481
5.300315,4.88747,0.4128452314758304,0.4128452314758304,7.7890697339316874
10.332333,10.742867,-0.41053446978759744,0.41053446978759744,3.973298864676779
6.884044,7.2936273,-0.40958326211547824,0.40958326211547824,5.949747882342537
0.804879,1.2137096,-0.40883059281921386,0.40883059281921386,50.79404392069116
1.611706,2.018667,-0.40696098265075675,0.40696098265075675,25.25032373308199
4.185688,3.7804725,0.40521548298645005,0.40521548298645005,9.680976770766696
9.163247,9.567004,-0.4037572037963866,0.4037572037963866,4.4062678196056515
4.369219,3.9662833,0.40293567861938495,0.40293567861938495,9.222144246149318
10.005818,10.4058485,-0.4000305031127933,0.4000305031127933,3.9979790069017382
11.426976,11.027394,0.39958170526123027,0.39958170526123027,3.4968280782048855
12.158622,12.558137,-0.39951494000244203,0.39951494000244203,3.2858570650453336
2.006558,2.4051683,-0.39861029490661615,0.39861029490661615,19.865376175856902
4.157088,3.7592192,0.3978688303833007,0.3978688303833007,9.570854174213531
2.563942,2.960588,-0.39664597836303717,0.39664597836303717,15.47016189709311
1.459035,1.8548597,-0.395824709739685,0.395824709739685,27.12921278191104
11.751638,11.356848,0.39479023693847637,0.39479023693847637,3.359448588657317
8.037658,7.642963,0.3946950674133305,0.3946950674133305,4.910573047626808
17.947006,18.341187,-0.39418052343750176,0.39418052343750176,2.19635811920554
1.426376,1.8194125,-0.3930364698638915,0.3930364698638915,27.55489925772283
13.432158,13.824292,-0.3921341829223639,0.3921341829223639,2.91936845084345
23.67926,24.070414,-0.39115358947753975,0.39115358947753975,1.651882657971102
14.286949,14.675621,-0.38867203271484385,0.38867203271484385,2.720469098840651
3.247076,3.6354456,-0.3883695947875978,0.3883695947875978,11.960594540307563
10.151367,9.763607,0.3877599748535161,0.3877599748535161,3.819780871381128
17.996434,18.383852,-0.3874180050048821,0.3874180050048821,2.152748733458692
9.951738,9.568491,0.3832470179443366,0.3832470179443366,3.851056146579477
14.966932,14.583839,0.38309258349609365,0.38309258349609365,2.5595932652966824
16.552565,16.169516,0.38304939025879037,0.38304939025879037,2.3141391697085996
3.030868,3.4137657,-0.38289766886901866,0.38289766886901866,12.633267725825913
12.44439,12.062297,0.3820931326293948,0.3820931326293948,3.0704046773391416
1.094494,1.4752136,-0.38071964688873283,0.38071964688873283,34.78499168144803
19.972059,19.591526,0.38053296850586094,0.38053296850586094,1.9053266791568941
5.775239,6.1552186,-0.37997960122680663,0.37997960122680663,6.579461061615409
1.810745,1.4312158,0.37952923690795903,0.37952923690795903,20.95983901029682
0.835614,1.2138115,-0.3781975167617798,0.3781975167617798,45.259834889855846
1.921477,2.2989953,-0.3775182564239501,0.3775182564239501,19.647295096652357
7.342691,7.7197094,-0.3770183963623044,0.3770183963623044,5.1346079571804095
7.366339,7.7432094,-0.3768703620300293,0.3768703620300293,5.116114830242176
7.552598,7.176031,0.37656688732910126,0.37656688732910126,4.985925205129617
8.185173,8.558984,-0.37381080279540946,0.37381080279540946,4.566926108841469
12.621035,12.989944,-0.3689094580078134,0.3689094580078134,2.922973100105423
3.042231,2.6755009,0.36673013024902357,0.36673013024902357,12.054644444717344
1.391264,1.7566026,-0.36533864492034906,0.36533864492034906,26.25947662658486
0.973529,1.3382443,-0.3647153189620972,0.3647153189620972,37.463220810539184
7.995201,8.359835,-0.36463367102050803,0.36463367102050803,4.56065671164424
6.045451,6.4099193,-0.36446826193237314,0.36446826193237314,6.028801853266933
2.09172,2.4556887,-0.3639687149810791,0.3639687149810791,17.40045106245954
4.562233,4.9250965,-0.36286351184082033,0.36286351184082033,7.953638313362485
16.540298,16.901352,-0.36105392871093756,0.36105392871093756,2.1828743878057986
4.196552,4.556728,-0.36017588619995156,0.36017588619995156,8.582662294935673
28.581835,28.939346,-0.35751131347656084,0.35751131347656084,1.2508340121455113
3.734476,4.0908136,-0.35633763677978525,0.35633763677978525,9.541837643895514
10.338029,9.983367,0.354662033752442,0.354662033752442,3.4306542741272184
4.720464,5.0750785,-0.35461448739624046,0.35461448739624046,7.512280305256606
8.971506,9.325356,-0.3538495297851565,0.3538495297851565,3.944148616533415
22.9444,22.591955,0.35244481506347825,0.35244481506347825,1.536082072583908
16.203527,15.851559,0.35196831469726675,0.35196831469726675,2.1721710013819497
4.097543,4.4486747,-0.3511316788024903,0.3511316788024903,8.569322610987145
3.953061,4.3034773,-0.35041628729248053,0.35041628729248053,8.864429040776658
25.33451,24.984297,0.35021320129394695,0.35021320129394695,1.38235632460452
5.138556,5.488754,-0.35019779562377895,0.35019779562377895,6.815101277809638
13.134741,12.78509,0.34965055352783203,0.34965055352783203,2.662028535813306
15.4056,15.755154,-0.34955365600585964,0.34955365600585964,2.2690038427817845
2.274486,1.9258397,0.3486463374481201,0.3486463374481201,15.328576981031826
10.060323,10.408735,-0.34841227526855434,0.34841227526855434,3.4632315012658252
0.953185,0.60526717,0.3479178329086303,0.3479178329086303,36.50055685644757
42.342017,42.689354,-0.3473369428710953,0.3473369428710953,0.8203126999601247
7.834468,8.181546,-0.34707821124267557,0.34707821124267557,4.430143964315706
11.423791,11.077472,0.34631926690673787,0.34631926690673787,3.0315616497510005
1.546575,1.2008284,0.34574656696319583,0.34574656696319583,22.355628853488525
6.184363,6.5300207,-0.34565771380615207,0.34565771380615207,5.58922097232266
4.917473,5.262877,-0.3454039874572752,0.3454039874572752,7.024013908164847
9.594936,9.249666,0.34526978601074276,0.34526978601074276,3.5984584577442127
11.685249,12.0302305,-0.34498152215576106,0.34498152215576106,2.9522821649141475
5.195229,5.5402026,-0.34497361764526335,0.34497361764526335,6.640200415393107
3.454283,3.1104083,0.34387469387817404,0.34387469387817404,9.955023773912531
43.379007,43.035458,0.34354938891601705,0.34354938891601705,0.7919715380188972
1.643617,1.9854839,-0.34186688481140126,0.34186688481140126,20.799668340653664
7.544467,7.203346,0.341121224395752,0.341121224395752,4.52147546528112
1.421778,1.0811495,0.3406285411148071,0.3406285411148071,23.957927404338033
2.885231,2.544775,0.34045599084472666,0.34045599084472666,11.799956080914377
5.095173,4.754825,0.34034788479614253,0.34034788479614253,6.679810180919524
6.288916,5.9486732,0.34024275170898477,0.34024275170898477,5.4101971103378474
4.049463,4.389355,-0.3398921826477048,0.3398921826477048,8.393512488922884
4.810965,4.4714546,0.33951037963867225,0.33951037963867225,7.057012047096897
9.337733,9.676648,-0.3389151399536132,0.3389151399536132,3.629522711240337
52.121387,52.459217,-0.33783007153320455,0.33783007153320455,0.6481601718169097
28.562224,28.8993,-0.33707562158203075,0.33707562158203075,1.18014487100462
6.194075,5.857442,0.33663309783935524,0.33663309783935524,5.434759795997312
2.806118,3.1422062,-0.33608819201660145,0.33608819201660145,11.976980013122201
1.406677,1.7427232,-0.33604622654724126,0.33604622654724126,23.889366679298224
15.972957,16.308727,-0.3357702644042977,0.3357702644042977,2.1021171246012593
6.000198,6.3355722,-0.33537424273681626,0.33537424273681626,5.589386262440454
3.516886,3.1839738,0.33291221078491207,0.33291221078491207,9.466107538755763
3.537613,3.2054322,0.3321808234100341,0.3321808234100341,9.389970677986657
4.262284,4.594411,-0.33212689630126935,0.33212689630126935,7.792228211294158
49.260292,48.92859,0.33170313281249975,0.33170313281249975,0.67336818225078
5.457028,5.78857,-0.33154192721557596,0.33154192721557596,6.075503501347262
5.77102,5.439499,0.33152109863281254,0.33152109863281254,5.744584122513316
4.335719,4.665957,-0.3302379740295409,0.3302379740295409,7.616683046616357
4.820433,5.1503596,-0.3299266305847164,0.3299266305847164,6.844335987615055
2.297933,2.626915,-0.32898197802734375,0.32898197802734375,14.316430375168784
8.150762,7.8218164,0.32894555560302763,0.32894555560302763,4.035764454893811
5.139972,5.466674,-0.3267018510131834,0.3267018510131834,6.356101764889523
1.807763,2.1336877,-0.3259247346038818,0.3259247346038818,18.029173878758037
14.888619,14.562973,0.32564597753906277,0.32564597753906277,2.187214123330549
4.666473,4.9914575,-0.32498446231079114,0.32498446231079114,6.964241779687291
4.040712,4.365665,-0.32495295895385734,0.32495295895385734,8.041972774744039
4.019996,4.3447237,-0.3247277014770509,0.3247277014770509,8.077811556752124
0.484394,0.807507,-0.3231129785118103,0.3231129785118103,66.70457900905167
9.731179,9.408388,0.3227908621826163,0.3227908621826163,3.3170786620953048
3.473149,3.7957091,-0.32256013314819354,0.32256013314819354,9.28725295513974
7.874734,8.19711,-0.32237617608642566,0.32237617608642566,4.093804007631646
18.514464,18.193054,0.32140980078125025,0.32140980078125025,1.7359930094628409
4.702802,5.0240254,-0.3212234402160643,0.3212234402160643,6.830469158795838
1.028338,1.3491944,-0.32085640746307376,0.32085640746307376,31.20145394139595
4.122076,4.4419093,-0.31983331320190445,0.31983331320190445,7.759034845406669
1.163501,1.4830748,-0.31957378427886973,0.31957378427886973,27.466567218369658
3.356083,3.0381114,0.31797155171203606,0.31797155171203606,9.474484144240819
3.364481,3.6824398,-0.3179588040771484,0.3179588040771484,9.450456223937598
4.761466,5.0794077,-0.317941691955566,0.317941691955566,6.677390785713655
6.502904,6.1856833,0.3172207495727539,0.3172207495727539,4.878139821345599
28.997231,29.314232,-0.31700087255859444,0.31700087255859444,1.0932108398815779
1.264938,0.94795185,0.3169861467247008,0.3169861467247008,25.059421623798272
6.625538,6.308703,0.3168350542907712,0.3168350542907712,4.782027577020751
12.930688,13.2475,-0.31681241961669926,0.31681241961669926,2.4500816941391608
1.371392,1.6875688,-0.31617678376007086,0.31617678376007086,23.05517195207612
8.356918,8.672499,-0.3155807030029294,0.3155807030029294,3.7762809566774873
7.528146,7.213366,0.31477996835327104,0.31477996835327104,4.181374382870493
7.301652,6.9869695,0.3146825290222166,0.3146825290222166,4.309744274554674
5.021398,5.3352566,-0.31385857653808635,0.31385857653808635,6.250422223688224
1.14743,1.4612318,-0.31380182773590093,0.31380182773590093,27.34823280797545
6.789284,7.1029387,-0.3136546520385739,0.3136546520385739,4.619848750383016
8.289386,7.9772773,0.3121087210998539,0.3121087210998539,3.765160906924695
1.634183,1.9458992,-0.311716248123169,0.311716248123169,19.074745490810656
1.685078,1.9947711,-0.309693122932434,0.309693122932434,18.37856306438369
4.079213,4.388736,-0.309522771179199,0.309522771179199,7.587806058953313
0.554619,0.86398536,-0.3093663596687317,0.3093663596687317,55.779978618286016
7.589185,7.8972287,-0.30804371780395545,0.30804371780395545,4.05898285257108
9.612482,9.919666,-0.30718429028320315,0.30718429028320315,3.1956813056191677
0.80693,0.50015515,0.3067748491096497,0.3067748491096497,38.01752928650963
12.375328,12.681734,-0.30640608508300815,0.30640608508300815,2.4759431433294714
3.849475,3.5433726,0.30610236892700193,0.30610236892700193,7.951795216725661
17.513608,17.207668,0.305939695556642,0.305939695556642,1.7468684668224568
3.413502,3.7192845,-0.3057825344543459,0.3057825344543459,8.958030036173637
33.236257,33.541687,-0.30543001171874806,0.30543001171874806,0.9189663316113758
28.784588,29.08914,-0.3045519383544928,0.3045519383544928,1.0580382055613746
1.968078,2.2722788,-0.3042007857055664,0.3042007857055664,15.45674438157988
3.279951,2.976006,0.3039449689636231,0.3039449689636231,9.266753343399225
1.063247,1.367085,-0.3038379800109863,0.3038379800109863,28.576424855410814
3.631728,3.328044,0.3036840623168944,0.3036840623168944,8.361971554822729
0.8251,1.1280757,-0.30297571887969976,0.30297571887969976,36.71987866234152
3.997613,3.694751,0.30286197575378404,0.30286197575378404,7.57607041367456
2.272396,2.5747774,-0.3023813647308349,0.3023813647308349,13.30671963502524
1.850676,2.1529455,-0.30226951849365236,0.30226951849365236,16.332924751675574
2.139422,2.4416847,-0.30226272290039047,0.30226272290039047,14.128242248900039
0.681435,0.9831214,-0.30168639511108397,0.30168639511108397,44.27221893017115
1.420345,1.7212632,-0.3009181702423096,0.3009181702423096,21.18627306894616
9.125211,8.824927,0.30028366998291034,0.30028366998291034,3.2907038530902972
10.907618,10.607354,0.3002638358764642,0.3002638358764642,2.752790168061546
12.724921,13.024833,-0.2999117255249022,0.2999117255249022,2.356884773764374
8.270419,8.570216,-0.29979717889404256,0.29979717889404256,3.624933378712948
2.799786,2.5003142,0.29947176431274425,0.29947176431274425,10.696237651807959
1.130207,0.8310411,0.29916590235900875,0.29916590235900875,26.470009682521763
4.451782,4.750354,-0.29857181317138703,0.29857181317138703,6.70679321594544
4.775849,5.0722528,-0.2964037503967285,0.2964037503967285,6.206304897632278
1.767908,2.064234,-0.29632601832580563,0.29632601832580563,16.76139359678469
4.653041,4.948657,-0.29561603582763674,0.29561603582763674,6.3531792610742865
3.763374,3.4680848,0.2952891878356936,0.2952891878356936,7.8463949590938125
4.783645,5.0789065,-0.295261536102295,0.295261536102295,6.172312872216117
15.203644,14.909035,0.29460927099609435,0.29460927099609435,1.9377543370139199
3.554926,3.8493178,-0.29439178907775876,0.29439178907775876,8.28123536381566
0.791781,1.0857253,-0.29394430746459965,0.29394430746459965,37.124445702470155
27.212853,27.506273,-0.29342026965332124,0.29342026965332124,1.0782414826267686
1.88503,1.5922076,0.29282244899749754,0.29282244899749754,15.534100199039985
2.116275,1.823533,0.292741941833496,0.292741941833496,13.832887588789886
15.918836,16.211557,-0.2927213883056634,0.2927213883056634,1.8388366354413388
3.311282,3.0204012,0.29088076060485824,0.29088076060485824,8.784536037585253
0.574908,0.8653962,-0.2904882016105652,0.2904882016105652,50.5277716713
0.481909,0.77206534,-0.29015634147262576,0.29015634147262576,60.209778487726105
1.524916,1.8147866,-0.2898705533828736,0.2898705533828736,19.00895218909531
11.968158,11.678483,0.28967499066162183,0.28967499066162183,2.4203807357757263
1.895199,2.184386,-0.2891870149383544,0.2891870149383544,15.258926103437975
1.853872,2.1430223,-0.28915029881286625,0.28915029881286625,15.59710156889306
4.932941,5.221782,-0.2888412074890141,0.2888412074890141,5.855354999850166
1.417421,1.1288233,0.2885977196655274,0.2885977196655274,20.3607622326159
4.258128,3.969933,0.2881949670104982,0.2881949670104982,6.768114227748204
4.550043,4.2620173,0.28802574993896446,0.28802574993896446,6.330176438610236
0.951185,1.2387955,-0.2876105188751221,0.2876105188751221,30.23707468524893
1.061682,1.348467,-0.28678499237823485,0.28678499237823485,27.01232500421242
5.487467,5.77382,-0.28635292340087926,0.28635292340087926,5.218307889517348
1.753583,2.0395777,-0.2859947225494386,0.2859947225494386,16.309163725533917
2.12918,1.8431909,0.285989091567993,0.285989091567993,13.431888875274103
5.339613,5.625375,-0.2857617940063477,0.2857617940063477,5.351732307210204
4.704495,4.9877706,-0.2832755574035648,0.2832755574035648,6.0213807730169435
1.692555,1.9753832,-0.2828281624984741,0.2828281624984741,16.710131279737674
3.963194,3.6805606,0.2826334111633302,0.2826334111633302,7.131455365450158
2.149604,2.4321454,-0.28254135713195794,0.28254135713195794,13.143879389823152
1.614465,1.8967865,-0.28232145133972164,0.28232145133972164,17.486997322471197
6.518918,6.2372637,0.2816543204956057,0.2816543204956057,4.320568543603173
4.013929,4.295437,-0.2815078591308593,0.2815078591308593,7.0132745029582235
3.341814,3.0604577,0.2813562935485838,0.2813562935485838,8.419268503278895
29.518876,29.79932,-0.28044422094726684,0.28044422094726684,0.950050472607144
2.522163,2.802393,-0.28022995959472663,0.28022995959472663,11.110699807411969
0.896107,1.1762034,-0.28009637009429933,0.28009637009429933,31.257022884883423
2.032523,2.3120651,-0.2795421245117189,0.2795421245117189,13.753454425753874
6.952113,6.673152,0.2789610300903318,0.2789610300903318,4.012607822777323
8.412748,8.691294,-0.2785457164306635,0.2785457164306635,3.3109956036642547
2.374089,2.6519656,-0.2778766181335448,0.2778766181335448,11.704557753388361
3.262917,3.5406644,-0.27774743443298355,0.27774743443298355,8.512243321680305
0.815732,1.0931956,-0.2774635575942993,0.2774635575942993,34.01405823975095
7.460011,7.182636,0.2773752158508298,0.2773752158508298,3.7181609497239565
3.819884,3.5425115,0.27737253683471685,0.27737253683471685,7.261281673146502
3.93085,4.20775,-0.27689984359741215,0.27689984359741215,7.044273976121396
2.657675,2.9341958,-0.27652075691223166,0.27652075691223166,10.404611432994141
12.134673,12.410482,-0.27580940661621156,0.27580940661621156,2.2729034940944732
1.201932,1.4753582,-0.273426247756958,0.273426247756958,22.748894923690287
7.436734,7.16337,0.27336386755371134,0.27336386755371134,3.675859154704679
0.603253,0.87605935,-0.272806353351593,0.272806353351593,45.22254399171996
22.251737,22.523197,-0.2714601740722671,0.2714601740722671,1.2199504877801097
3.60857,3.3372352,0.27133478767395003,0.27133478767395003,7.519177615133719
0.544453,0.8153217,-0.270868683883667,0.270868683883667,49.75060911298431
1.003154,1.2738951,-0.27074114446258535,0.27074114446258535,26.988991165423887
7.432311,7.702325,-0.2700138672485348,0.2700138672485348,3.6329732063809206
1.808166,2.0778282,-0.2696621688690186,0.2696621688690186,14.913573690363885
2.93912,2.669746,0.2693740779113769,0.2693740779113769,9.165126905407462
8.720109,8.45104,0.26906873205566484,0.26906873205566484,3.085612026782913
2.794541,2.5255017,0.26903927194213884,0.26903927194213884,9.627315252576773
2.358668,2.0901227,0.2685453002624514,0.2685453002624514,11.38546417940405
1.780379,2.048798,-0.26841908425903327,0.26841908425903327,15.076513722300518
1.199846,1.4669054,-0.26705935545349124,0.26705935545349124,22.257802703949796
8.676679,8.943413,-0.2667337807617187,0.2667337807617187,3.074146004002736
5.876106,5.6097264,0.26637957101440435,0.26637957101440435,4.53326694599912
2.45024,2.7163792,-0.2661391656494141,0.2661391656494141,10.86175907823529
0.745649,1.0109735,-0.2653244535217285,0.2653244535217285,35.583022774273886
2.45285,2.7178864,-0.26503644790649394,0.26503644790649394,10.805244833385192
33.223187,32.958176,0.2650113408203154,0.2650113408203154,0.7976698346835832
2.138488,2.4032705,-0.2647824830169676,0.2647824830169676,12.38176145971293
27.256447,26.991766,0.264681024047853,0.264681024047853,0.9710767659735031
11.280004,11.0153675,0.2646364920654296,0.2646364920654296,2.3460673601098327
2.144436,2.408528,-0.26409208952331564,0.26409208952331564,12.315223653725289
7.91301,7.649493,0.26351678253173816,0.26351678253173816,3.3301712310284963
8.723246,8.459956,0.26328983087158164,0.26328983087158164,3.018255255767903
6.806688,7.069444,-0.2627561795349118,0.2627561795349118,3.860264779743857
3.568044,3.3058076,0.26223640951538085,0.26223640951538085,7.349584520483248
4.543165,4.805358,-0.2621929330444335,0.2621929330444335,5.7711514558388775
9.683862,9.421839,0.26202323962402296,0.26202323962402296,2.7057721353455593
0.585814,0.8472602,-0.2614461771354676,0.2614461771354676,44.62955427675646
1.726297,1.4657172,0.2605798035354614,0.2605798035354614,15.094726082497198
1.138323,0.8784845,0.25983851246643064,0.25983851246643064,22.826430849908526
3.757106,3.4973338,0.2597722349700926,0.2597722349700926,6.91415773106158
1.880037,2.139802,-0.25976497906494145,0.25976497906494145,13.817014189142258
20.130709,20.390028,-0.25931899987793017,0.25931899987793017,1.288176188313298
10.022391,9.763295,0.2590958263549812,0.2590958263549812,2.58516980980283
1.735769,1.4780439,0.25772508615875234,0.25772508615875234,14.847890827863871
1.231773,1.4882365,-0.25646354651641845,0.25646354651641845,20.82068258482673
2.375992,2.119738,0.2562538980407716,0.2562538980407716,10.785133032013006
1.318326,1.5744182,-0.25609218714141835,0.25609218714141835,19.425558406797165
3.2571,3.5120997,-0.2549997428894044,0.2549997428894044,7.8290424881512815
7.411333,7.156403,0.25492993527221675,0.25492993527221675,3.4397312233680095
37.582335,37.328617,0.25371790405273487,0.25371790405273487,0.6750988304799576
6.585846,6.33238,0.2534661820373536,0.2534661820373536,3.8486503029907615
2.432351,2.1795194,0.25283158509826675,0.25283158509826675,10.394535372891173
3.719972,3.9725626,-0.25259055149841325,0.25259055149841325,6.79011969691232
1.313934,1.5662986,-0.2523646040115357,0.2523646040115357,19.20679455682926
15.225553,14.973196,0.25235697033691373,0.25235697033691373,1.6574568446561928
4.296203,4.5483294,-0.2521263533325193,0.2521263533325193,5.868585663355542
2.599928,2.8520396,-0.25211157557678243,0.25211157557678243,9.696867588913447
3.928837,3.676959,0.2518779622192384,0.2518779622192384,6.411005654162476
2.399853,2.6509833,-0.2511303335876467,0.2511303335876467,10.464404843845948
19.874865,19.624655,0.25021023010253884,0.25021023010253884,1.2589279479447026
7.433599,7.1847425,0.24885654928588874,0.24885654928588874,3.347726307035677
2.68288,2.9311342,-0.24825422393798835,0.24825422393798835,9.253273494481121
8.1385,8.38675,-0.2482502212524409,0.2482502212524409,3.0503191159229655
1.391888,1.6399053,-0.24801733351898192,0.24801733351898192,17.81877087101571
6.208049,5.960087,0.2479621774902343,0.2479621774902343,3.9942045799934904
8.671552,8.9193735,-0.24782151226806626,0.24782151226806626,2.8578680294508803
1.791733,2.0392451,-0.24751212863159178,0.24751212863159178,13.814118990819372
2.579901,2.8273792,-0.2474782266845703,0.2474782266845703,9.592547414609234
1.989982,2.2374282,-0.2474461883239747,0.2474461883239747,12.43459429841778
0.530894,0.7781839,-0.24728987746810915,0.24728987746810915,46.57989681961545
3.863038,3.6161563,0.24688166035461423,0.24688166035461423,6.390868025326786
2.200064,2.4466863,-0.2466222678527834,0.2466222678527834,11.209776981104806
5.503273,5.749816,-0.2465429408569335,0.2465429408569335,4.47993295721389
1.878875,2.1253467,-0.2464716606140136,0.2464716606140136,13.118044606527604
3.718813,3.9652002,-0.2463871857757569,0.2463871857757569,6.625425526078657
1.664469,1.9107997,-0.24633074174499514,0.24633074174499514,14.799358938508064
2.019973,2.266082,-0.2461090484161379,0.2461090484161379,12.183779110114548
8.502798,8.748837,-0.24603947100830048,0.24603947100830048,2.893629497083276
15.345257,15.591274,-0.24601726147460923,0.24601726147460923,1.6032136931496552
4.291928,4.537428,-0.24549990222167928,0.24549990222167928,5.720037759625959
13.030806,13.2762165,-0.2454105069580077,0.2454105069580077,1.8833102645847417
5.536659,5.7817945,-0.24513554803466775,0.24513554803466775,4.427499472700779
0.840864,1.0854328,-0.24456876786804205,0.24456876786804205,29.08541307975566
1.005367,0.7611434,0.24422361363601675,0.24422361363601675,24.29198627085679
4.553728,4.7975106,-0.24378262393188432,0.24378262393188432,5.353473547970604
4.45834,4.7014837,-0.2431437265014651,0.2431437265014651,5.4536829065529195
11.80787,11.564987,0.24288281738281192,0.24288281738281192,2.056957075075818
1.258212,1.5008433,-0.24263128651428212,0.24263128651428212,19.283815962254238
4.658684,4.416113,0.2425711002197266,0.2425711002197266,5.206858851437868
3.443309,3.685769,-0.24246008111572248,0.24246008111572248,7.041484836495387
2.235024,2.4772344,-0.24221036355590808,0.24221036355590808,10.837036360462841
1.904718,2.1465778,-0.2418598350830079,0.2418598350830079,12.697934028570632
2.523839,2.7654867,-0.24164771722412093,0.24164771722412093,9.574609046557498
8.029859,8.271327,-0.2414680187377929,0.2414680187377929,3.0071265103756586
12.850315,12.6089525,0.24136247772216812,0.24136247772216812,1.8782611766348905
1.676831,1.9174411,-0.24061012968444828,0.24061012968444828,14.349098368893417
3.679886,3.9199817,-0.24009571806335428,0.24009571806335428,6.524542283560679
5.999556,6.2392955,-0.23973948263549794,0.23973948263549794,3.9959537444354543
3.011854,3.2512112,-0.2393571663818359,0.2393571663818359,7.947170293576273
19.146256,19.385052,-0.23879572729492082,0.23879572729492082,1.247218919947971
13.488864,13.250523,0.2383413864746089,0.2383413864746089,1.7669492884859834
10.502095,10.263873,0.2382218997192389,0.2382218997192389,2.2683274119779964
4.495012,4.73279,-0.2377779932861328,0.2377779932861328,5.289818876586825
1.37552,1.6128778,-0.23735784576416008,0.23735784576416008,17.255862927976633
26.445459,26.682573,-0.2371143184814457,0.2371143184814457,0.896616384992785
6.522694,6.2857075,0.23698652624511762,0.23698652624511762,3.633261444450473
5.427758,5.664117,-0.2363588594360353,0.2363588594360353,4.354631496682067
4.442447,4.2068443,0.23560267016601522,0.23560267016601522,5.303443578746394
2.537039,2.772465,-0.23542599061584468,0.23542599061584468,9.279557413447925
1.457125,1.2225908,0.23453419589996338,0.23453419589996338,16.095681282241927
5.778674,5.544206,0.23446785757446253,0.23446785757446253,4.057468159138327
4.694767,4.460488,0.23427915744018524,0.23427915744018524,4.990219055284214
1.172324,1.4063613,-0.2340373414764405,0.2340373414764405,19.9635375081016
12.415681,12.64959,-0.23390853857421945,0.23390853857421945,1.8839767111633705
2.079176,1.8458629,0.23331313455200187,0.23331313455200187,11.22142303204637
1.584783,1.817313,-0.2325299558563232,0.2325299558563232,14.672668487840323
2.147497,2.3784635,-0.2309665066986084,0.2309665066986084,10.755149212681241
1.060702,1.2914916,-0.23078962769317624,0.23078962769317624,21.75819671042555
1.209305,1.4399297,-0.23062472373962395,0.23062472373962395,19.07084843943861
5.532105,5.7622075,-0.2301025080871586,0.2301025080871586,4.1594023989602364
40.40326,40.173466,0.22979427124023744,0.22979427124023744,0.5687518067593275
1.711281,1.9409491,-0.2296680823745727,0.2296680823745727,13.420828160959648
1.293738,1.5233774,-0.22963941851806635,0.22963941851806635,17.750071382329054
7.461823,7.6908174,-0.22899435610961927,0.22899435610961927,3.0688794964253425
10.727156,10.498172,0.22898419366455158,0.22898419366455158,2.1346216430749863
5.323921,5.552871,-0.22895022726440395,0.22895022726440395,4.300406171693823
0.062554,0.29106832,-0.22851431550598145,0.22851431550598145,365.30727873625057
4.193582,4.4218087,-0.22822671963500962,0.22822671963500962,5.442285846075439
21.069709,20.843021,0.22668760717773395,0.22668760717773395,1.0758933935758586
4.914099,5.1407413,-0.22664234826660135,0.22664234826660135,4.6120834818750955
0.058699,0.28533038,-0.2266313849697113,0.2266313849697113,386.0907078206112
13.891756,14.118353,-0.22659689001464756,0.22659689001464756,1.6311608842900522
2.606124,2.8322039,-0.22607986505126965,0.22607986505126965,8.674946588980212
28.939102,29.164665,-0.22556322216797042,0.22556322216797042,0.7794409866871163
0.697469,0.9227624,-0.225293393951416,0.225293393951416,32.30156378550365
1.787891,2.013056,-0.22516503981018077,0.22516503981018077,12.593890779560212
7.839122,8.064145,-0.22502308819580108,0.22502308819580108,2.87051391970849
2.311226,2.5359557,-0.22472966749572754,0.22472966749572754,9.723396478146409
12.044811,11.820806,0.22400545037841724,0.22400545037841724,1.8597672506157008
2.159885,2.3838596,-0.223974634399414,0.223974634399414,10.369748129601541
0.848297,0.62446755,0.22382944829177853,0.22382944829177853,26.38574087440988
8.19987,8.423055,-0.22318469512939387,0.22318469512939387,2.7218077253257924
0.072885,0.29570326,-0.22281826209068298,0.22281826209068298,305.7120968443039
0.335608,0.558103,-0.2224950249595642,0.2224950249595642,66.29610286204979
3.374375,3.5965817,-0.22220669746398913,0.22220669746398913,6.585121613851573
3.885725,3.6642742,0.22145078430175769,0.22145078430175769,5.699085352052927
2.641535,2.8628654,-0.2213304479980467,0.2213304479980467,8.378857292811484
3.226714,3.446286,-0.21957196305847182,0.21957196305847182,6.804816387559201
35.520577,35.30183,0.21874670825195608,0.21874670825195608,0.6158309541293212
7.157969,7.376655,-0.21868610177612346,0.21868610177612346,3.055141783557156
9.120879,8.902891,0.21798784094238322,0.21798784094238322,2.389987203426262
3.808475,3.5908566,0.21761844787597662,0.21761844787597662,5.714057408024539
1.624567,1.4073827,0.21718427333068857,0.21718427333068857,13.368748307537937
3.730615,3.513544,0.21707091735839823,0.21707091735839823,5.818636266475624
0.074328,0.29106832,-0.21674031550598144,0.21674031550598144,291.59982135182116
0.688377,0.90482074,-0.2164437402229309,0.2164437402229309,31.442616501058033
2.136216,2.3519049,-0.21568886907958973,0.21568886907958973,10.096772473827222
4.223943,4.4394155,-0.21547245486450173,0.21547245486450173,5.101215969519487
2.149216,1.9339217,0.21529430524444582,0.21529430524444582,10.017341450762904
14.129301,14.344119,-0.21481807196044933,0.21481807196044933,1.5203729608345733
2.077036,2.2914524,-0.21441640783691396,0.21441640783691396,10.323191693672655
1.963714,2.1780488,-0.214334849105835,0.214334849105835,10.914769110721839
2.607933,2.821965,-0.21403197917175287,0.21403197917175287,8.206958505588368
0.394148,0.60814553,-0.21399753499221802,0.21399753499221802,54.293700573876905
3.65346,3.8674178,-0.21395781234741218,0.21395781234741218,5.856306414783681
1.199657,1.4135963,-0.21393927246856692,0.21393927246856692,17.83337007584114
9.99727,10.211162,-0.21389161346435515,0.21389161346435515,2.13950021818172
17.295023,17.508266,-0.2132434489746089,0.2132434489746089,1.2329758045038501
0.831726,1.0448819,-0.21315593988800052,0.21315593988800052,25.628144348303692
27.693709,27.906782,-0.21307315026855633,0.21307315026855633,0.7693918870447688
0.442203,0.6550182,-0.21281521041107176,0.21281521041107176,48.1261344592745
2.146758,2.3594563,-0.21269830073547347,0.21269830073547347,9.907884387786865
1.327892,1.5397462,-0.21185416527557366,0.21185416527557366,15.95417136782355
9.735135,9.5236,0.2115353753662106,0.2115353753662106,2.1729064400651628
2.96255,3.1740549,-0.2115048610687258,0.2115048610687258,7.139284098549781
15.41687,15.205988,0.21088206970214785,0.21088206970214785,1.3678656543175105
3.350145,3.1400776,0.21006740905761712,0.21006740905761712,6.27039752164001
5.959379,6.1692495,-0.2098705346069334,0.2098705346069334,3.521684635318742
1.942779,2.1525946,-0.2098155663452148,0.2098155663452148,10.79976499305454
0.802004,1.0115056,-0.20950160379028315,0.20950160379028315,26.12226419870236
11.377879,11.168578,0.20930085211181648,0.20930085211181648,1.839541905042029
19.269145,19.061083,0.20806216003418143,0.20806216003418143,1.0797685109178516
5.424584,5.216884,0.20769986380004912,0.20769986380004912,3.8288625228445214
1.112207,1.3195271,-0.2073201492004395,0.2073201492004395,18.640428371858754
0.101444,0.30818957,-0.20674557090377807,0.20674557090377807,203.80266028545347
13.365314,13.571286,-0.2059722014770511,0.2059722014770511,1.5410951173725511
2.211619,2.0068035,0.2048154874267576,0.2048154874267576,9.26088478248273
25.6998,25.495823,0.20397709350585913,0.20397709350585913,0.7936913653221639
0.035315,0.23927371,-0.20395871203899385,0.20395871203899385,577.5413038693263
0.415574,0.6195188,-0.20394481647109985,0.20394481647109985,49.07545140505046
20.834516,21.038347,-0.2038312442626946,0.2038312442626946,0.978334434367068
7.313089,7.110136,0.20295296789550754,0.20295296789550754,2.7752016677594424
1.579737,1.7825615,-0.20282454060363775,0.20282454060363775,12.839133386810502
13.497958,13.295428,0.20252972393798885,0.20252972393798885,1.5004471338293421
1.72686,1.9293462,-0.20248620380401605,0.20248620380401605,11.725687304835967
0.534002,0.73556346,-0.20156145701217654,0.20156145701217654,37.74544982498775
2.246917,2.4484053,-0.20148826580810564,0.20148826580810564,8.967321258379297
3.595505,3.7969213,-0.20141625320434553,0.20141625320434553,5.601890504914988
0.710679,0.91199595,-0.20131694736099248,0.20131694736099248,28.32740904580902
2.911878,3.1127448,-0.2008668081970213,0.2008668081970213,6.89818763664285
0.41871,0.6195188,-0.20080881647109983,0.20080881647109983,47.95892537153182
6.06029,5.8595114,0.20077862457275408,0.20077862457275408,3.313020079392918
3.789166,3.5897365,0.19942953836059552,0.19942953836059552,5.263151267464459
1.174771,0.9758881,0.19888292655563355,0.19888292655563355,16.929505966584472
8.236684,8.037969,0.1987153644409183,0.1987153644409183,2.412565110407365
4.05811,3.8595445,0.1985654843902589,0.1985654843902589,4.8930532781360245
1.491582,1.2935094,0.19807263587188717,0.19807263587188717,13.279366193652633
1.463483,1.2654635,0.1980195285873414,0.1980195285873414,13.530702343232596
2.106819,2.3040757,-0.19725671792602517,0.19725671792602517,9.362774776412325
1.884807,2.0820544,-0.19724737660217295,0.19724737660217295,10.465123303962041
4.483011,4.6802025,-0.19719148413085907,0.19719148413085907,4.398639310197107
4.863166,5.0600395,-0.19687352026367222,0.19687352026367222,4.048258279886477
5.966301,6.1631117,-0.19681068670654334,0.19681068670654334,3.298705289981928
2.225023,2.0286932,0.19632980084228535,0.19632980084228535,8.823720061925725
2.758021,2.9543068,-0.1962858408966066,0.1962858408966066,7.116908859268646
6.854442,7.0506897,-0.1962476972656253,0.1962476972656253,2.863073278069349
3.76569,3.961857,-0.19616708045959452,0.19616708045959452,5.209326324110195
7.265181,7.4612575,-0.19607645773315419,0.19607645773315419,2.69885165600768
1.709129,1.905133,-0.19600400895690928,0.19600400895690928,11.468064080911459
5.475502,5.2797713,0.19573067202758754,0.19573067202758754,3.574661684426613
5.047499,4.851855,0.19564419882202166,0.19564419882202166,3.8760621610454127
11.09568,10.900081,0.1955993191528318,0.1955993191528318,1.7628421074784868
10.564765,10.75975,-0.19498536621093798,0.19498536621093798,1.8456195306671979
1.193859,1.3888144,-0.19495544931030273,0.19495544931030273,16.32985547656573
6.529626,6.3349237,0.19470225579834022,0.19470225579834022,2.9818286038948996
5.367285,5.561939,-0.19465376266479506,0.19465376266479506,3.6266708896801343
0.679473,0.8740818,-0.1946087904472351,0.1946087904472351,28.64113664834276
0.946099,1.140485,-0.19438604829406736,0.19438604829406736,20.546057893890733
7.046568,7.2408624,-0.1942943695373538,0.1942943695373538,2.757290776653209
7.520897,7.326685,0.19421204821777316,0.19421204821777316,2.5822990025683223
23.845269,24.039381,-0.19411202722168142,0.19411202722168142,0.8140483851151663
13.373999,13.180682,0.1933168176879878,0.1933168176879878,1.4454675649859279
3.076307,3.2691388,-0.19283181301879893,0.19283181301879893,6.268288991070483
40.47183,40.664486,-0.1926559313964873,0.1926559313964873,0.47602475943393535
5.700245,5.8925595,-0.1923145283508303,0.1923145283508303,3.3737940798589627
0.047053,0.23927371,-0.19222071203899382,0.19222071203899382,408.51956651111357
10.409995,10.602172,-0.19217689788818326,0.19217689788818326,1.846080597409866
4.782024,4.974166,-0.19214191644287126,0.19214191644287126,4.018004017521728
0.529509,0.7212987,-0.1917896946105957,0.1917896946105957,36.220289848590944
2.286108,2.0948339,0.19127414913940433,0.19127414913940433,8.366802842693238
1.805076,1.9961219,-0.19104588339233408,0.19104588339233408,10.583813832866332
5.905861,5.7149796,0.19088135140991191,0.19088135140991191,3.2320664405525266
5.997197,6.188033,-0.1908361039428712,0.1908361039428712,3.1820882979113265
4.180545,4.3713107,-0.19076571090698202,0.19076571090698202,4.563178028281452
0.031072,0.22181465,-0.1907426473169327,0.1907426473169327,613.8730905736985
1.484677,1.6753186,-0.1906415987472534,0.1906415987472534,12.840611037580077
3.378772,3.1888099,0.18996212832641612,0.18996212832641612,5.622223941739599
1.342044,1.5319394,-0.18989538732147215,0.18989538732147215,14.149713966704702
2.798206,2.9877818,-0.18957576307678226,0.18957576307678226,6.774903744399354
5.869881,6.0592985,-0.18941751531982387,0.18941751531982387,3.2269396145611284
0.883752,0.6943809,0.18937112059783934,0.18937112059783934,21.42808396206303
0.787195,0.9764711,-0.18927612607955935,0.18927612607955935,24.04437605110741
19.454385,19.64366,-0.1892745916748062,0.1892745916748062,0.9729148039058203
4.960745,5.1498775,-0.18913254821777326,0.18913254821777326,3.812583557791434
1.151698,1.3407838,-0.18908583445739735,0.18908583445739735,16.418004931933485
8.524588,8.335513,0.1890748850708004,0.1890748850708004,2.2179944071031046
1.759937,1.9489372,-0.18900017765808097,0.18900017765808097,10.739030865726553
5.68144,5.8697205,-0.18828045898437473,0.18828045898437473,3.3139566550216277
5.446927,5.63468,-0.1877527943115238,0.1877527943115238,3.446948973395033
11.893725,11.706212,0.18751295623779285,0.18751295623779285,1.5765704708677584
0.68409,0.8715631,-0.18747307697296145,0.18747307697296145,27.404738696013204
0.078167,0.26550424,-0.18733724098968507,0.18733724098968507,239.66282542507997
0.433022,0.62020534,-0.18718334276962278,0.18718334276962278,43.22721310381356
4.849193,5.035403,-0.18620977481079137,0.18620977481079137,3.840015747093411
9.283261,9.09718,0.18608063348388626,0.18608063348388626,2.004474865910608
2.09397,1.9079353,0.18603473827362071,0.18603473827362071,8.884307715236437
1.779609,1.59393,0.18567899397277832,0.18567899397277832,10.433696051342999
0.113388,0.2990261,-0.18563810182762147,0.18563810182762147,163.71935448539716
0.015231,0.20066941,-0.18543840784454346,0.18543840784454346,1217.5064449283502
1.713967,1.8992628,-0.18529578591156004,0.18529578591156004,10.81093077642388
3.402299,3.217059,0.18524010298156757,0.18524010298156757,5.444556841598079
1.379615,1.1944675,0.18514745544433597,0.18514745544433597,13.42022632625158
0.015529,0.20066941,-0.18514040784454347,0.18514040784454347,1192.2236245239221
1.745666,1.9306465,-0.1849805387344361,0.1849805387344361,10.596559635339151
1.2487,1.4332569,-0.18455686454772957,0.18455686454772957,14.779920279726888
0.173928,0.35844693,-0.18451892587852478,0.18451892587852478,106.08925864290713
32.281783,32.097343,0.18443955517577848,0.18443955517577848,0.5713425283083253
5.262468,5.078038,0.18442978436279311,0.18442978436279311,3.5046252891093777
0.093658,0.27793664,-0.1842786374015808,0.1842786374015808,196.7569638523392
0.880083,1.0643442,-0.18426116770935064,0.18426116770935064,20.936794335126784
18.849887,19.03409,-0.18420304211425886,0.18420304211425886,0.9772103255222786
6.089249,5.905226,0.1840227693786618,0.1840227693786618,3.0220930261784287
1.472755,1.6566225,-0.18386752902984616,0.18386752902984616,12.484597167713677
0.017765,0.20143475,-0.18366974638462066,0.18366974638462066,1033.885422745484
0.236632,0.4202777,-0.18364571472930907,0.18364571472930907,77.60814879293625
0.063977,0.24744168,-0.18346467923927307,0.18346467923927307,286.7666176164973
0.017983,0.20143475,-0.18345174638462067,0.18345174638462067,1020.1398285296159
2.068236,2.2515087,-0.1832727127685545,0.1832727127685545,8.861305613077676
5.598619,5.7814326,-0.18281362863159156,0.18281362863159156,3.2653343374201067
8.919772,8.736995,0.18277725665283207,0.18277725665283207,2.049124760708939
0.081645,0.26391226,-0.18226726053237916,0.18226726053237916,223.24362827991374
0.636636,0.8188903,-0.18225427357101442,0.18225427357101442,28.62770461337196
0.706047,0.8882604,-0.1822134241371155,0.1822134241371155,25.807548805009855
9.495461,9.313402,0.18205882409668028,0.18205882409668028,1.9173247522659822
9.912066,9.730216,0.18184997369384703,0.18184997369384703,1.8346323934083208
7.16832,6.9865866,0.1817334292602535,0.1817334292602535,2.535230420206105
41.149609,41.33131,-0.18170127221679877,0.18170127221679877,0.4415625728457279
1.60836,1.7898412,-0.1814811750793457,0.1814811750793457,11.283616545304662
2.956046,3.1374686,-0.18142257643127424,0.18142257643127424,6.137339419790385
3.728617,3.5474198,0.18119721354675278,0.18119721354675278,4.859635986798675
5.788415,5.607331,0.18108420089721644,0.18108420089721644,3.128390084230105
0.120029,0.30079976,-0.18077075724220276,0.18077075724220276,150.60590115021944
6.027772,6.2082243,-0.18045229656982453,0.18045229656982453,2.993681522241234
0.017382,0.19751252,-0.18013052233982085,0.18013052233982085,1036.3049206277524
1.808513,1.988572,-0.18005900145721432,0.18005900145721432,9.956190607823007
24.974406,24.794521,0.17988466821288895,0.17988466821288895,0.7202760626705945
1.852031,2.0317953,-0.1797642632904053,0.1797642632904053,9.706331226674875
1.639084,1.4593203,0.17976369322204588,0.17976369322204588,10.967326458624363
3.625422,3.44609,0.17933201701354973,0.17933201701354973,4.946514281885066
0.015663,0.19496612,-0.179303122508049,0.179303122508049,1144.7559303025796
0.120213,0.2990261,-0.17881310182762145,0.17881310182762145,148.74689233183977
3.151898,3.3305337,-0.178635742904663,0.178635742904663,5.667561034620899
4.113596,4.2922287,-0.1786326987304685,0.1786326987304685,4.34249495395576
0.513121,0.6917436,-0.17862261228942866,0.17862261228942866,34.811011877240965
3.992579,4.1710005,-0.17842148065185537,0.17842148065185537,4.468827808977268
12.753829,12.932013,-0.1781835579833988,0.1781835579833988,1.3970985339540125
19.361356,19.183289,0.17806742578125068,0.17806742578125068,0.9197053438836154
2.668065,2.8459115,-0.17784650283813486,0.17784650283813486,6.665748504308146
2.67864,2.8563876,-0.1777476152038573,0.1777476152038573,6.635741092390972
3.294759,3.117086,0.17767306631469726,0.17767306631469726,5.392596736492856
1.36391,1.5413867,-0.17747672351837163,0.17747672351837163,13.012348579111471
2.069163,2.2465785,-0.1774154549713134,0.1774154549713134,8.574261909899757
0.636516,0.81386477,-0.17734876755142215,0.17734876755142215,27.862420979764803
1.601877,1.7789841,-0.17710706982421875,0.17710706982421875,11.056221533436245
1.530836,1.7079192,-0.17708323999786368,0.17708323999786368,11.567747295353383
4.871709,5.048624,-0.176915038696289,0.176915038696289,3.6314779616897788
2.588837,2.7655847,-0.176747707260132,0.176747707260132,6.827301496900142
2.441756,2.6184301,-0.17667413763427753,0.17667413763427753,7.235536131662705
0.073639,0.2500381,-0.17639908736801146,0.17639908736801146,239.54573952452606
7.207344,7.383667,-0.17632299218750003,0.17632299218750003,2.446435083229739
0.799764,0.97596806,-0.176204062877655,0.176204062877655,22.03200729910611
1.65228,1.8284658,-0.1761858193588257,0.1761858193588257,10.663193850204717
10.626193,10.802298,-0.17610459216308527,0.17610459216308527,1.6572689029968495
13.013076,13.189025,-0.17594892523193373,0.17594892523193373,1.3520932731859987
0.147986,0.3236018,-0.1756158121242523,0.1756158121242523,118.670558029531
0.489136,0.6643303,-0.17519430366897581,0.17519430366897581,35.81709455716993
1.848146,2.0231493,-0.17500325193786614,0.17500325193786614,9.469124837994238
0.888061,1.0630226,-0.17496161352539064,0.17496161352539064,19.70153103285575
2.594866,2.7696595,-0.17479351919555652,0.17479351919555652,6.736128924916369
3.650212,3.824336,-0.17412405194091818,0.17412405194091818,4.770244904573979
0.762735,0.9368153,-0.17408032144546504,0.17408032144546504,22.82317206141607
1.404572,1.5786432,-0.17407120278167731,0.17407120278167731,12.393184740211547
2.770601,2.9446611,-0.17406014044189444,0.17406014044189444,6.282396506592325
3.840314,3.6664665,0.17384752546691873,0.17384752546691873,4.526909139783669
10.850079,11.023875,-0.17379623651123133,0.17379623651123133,1.6017969685716533
1.813557,1.9872843,-0.17372730271148673,0.17372730271148673,9.57936820854858
0.072354,0.24598742,-0.1736334153137207,0.1736334153137207,239.97763091707864
2.906154,3.0797758,-0.17362181024169931,0.17362181024169931,5.974281137053475
9.878984,9.705575,0.17340901068115322,0.17340901068115322,1.7553324378235442
0.660134,0.8335339,-0.1733998830947876,0.1733998830947876,26.267376482429363
1.269257,1.4425484,-0.17329139420318596,0.17329139420318596,13.652979198817336
13.034652,13.207906,-0.17325376934814507,0.17325376934814507,1.3291783267157105
2.084984,1.9117562,0.1732278421249389,0.1732278421249389,8.308353546915974
1.222997,1.3960676,-0.17307061932373058,0.17307061932373058,14.151352726914231
1.369274,1.542268,-0.1729940377960204,0.1729940377960204,12.633997124270701
0.80807,0.98091835,-0.17284834783554082,0.17284834783554082,21.390269136850836
4.565775,4.3929586,0.17281635894775427,0.17281635894775427,3.7850388804522606
0.913505,1.0863018,-0.17279680358886718,0.17279680358886718,18.91580271262351
26.482183,26.65462,-0.17243621691894617,0.17243621691894617,0.6511404929053434
1.043258,1.2154261,-0.17216808737945555,0.17216808737945555,16.502925198076852
0.40533,0.57730794,-0.17197793952941892,0.17197793952941892,42.42911688919887
0.147675,0.31927806,-0.1716030613899231,0.1716030613899231,116.20319029877766
1.844169,2.0156775,-0.1715084520874024,0.1715084520874024,9.30003985958458
10.952406,11.123681,-0.1712750684204103,0.1712750684204103,1.5638122657144604
6.802409,6.9735055,-0.17109649697875984,0.17109649697875984,2.5152338969362855
0.019761,0.19050519,-0.17074419168376923,0.17074419168376923,864.0463074729158
2.696584,2.8670754,-0.17049144326782217,0.17049144326782217,6.322497028147452
1.995714,2.1661549,-0.17044086145019532,0.17044086145019532,8.540345031485222
0.877789,1.0480615,-0.17027249005889888,0.17027249005889888,19.397883778391048
19.983208,19.813251,0.16995650463867307,0.16995650463867307,0.8504966001345858
3.671544,3.8413627,-0.16981871476745614,0.16981871476745614,4.625267047401063
2.940109,3.1098762,-0.1697671558532714,0.1697671558532714,5.774178979333665
0.042268,0.21190433,-0.16963633204174042,0.16963633204174042,401.3351273786441
3.716559,3.8860457,-0.16948669435119612,0.16948669435119612,4.560312222855491
0.078757,0.24797082,-0.1692138194732666,0.1692138194732666,214.85559284687207
4.17586,4.3447237,-0.16886370147705065,0.16886370147705065,4.04380658051292
0.089225,0.2578812,-0.16865619435310364,0.16865619435310364,189.02347342569928
0.017119,0.18563333,-0.1685143315372467,0.1685143315372467,984.3701767210499
0.320884,0.48897702,-0.16809301501846313,0.16809301501846313,52.38435539512059
0.20655,0.37462708,-0.16807708353996276,0.16807708353996276,81.373557714156
16.962149,16.794077,0.16807208044433608,0.16807208044433608,0.9908654878774218
5.660699,5.8287325,-0.16803349053955063,0.16803349053955063,2.9684229904572246
0.13401,0.3017815,-0.16777150534629823,0.16777150534629823,125.19327305507421
0.030218,0.19795549,-0.16773748915863038,0.16773748915863038,555.0912985754818
1.065218,1.2329286,-0.16771063368988037,0.16771063368988037,15.7442545726918
1.687751,1.8553987,-0.16764765493774414,0.16764765493774414,9.933198376289567
9.456515,9.623991,-0.16747601257324263,0.16747601257324263,1.7710119697528277
1.742936,1.9097373,-0.16680134855651851,0.16680134855651851,9.570136169483467
0.683791,0.8504411,-0.16665009821319576,0.16665009821319576,24.37149628889884
4.064573,3.8981218,0.16645116619873068,0.16645116619873068,4.0951698049127305
0.524878,0.691134,-0.16625597598266606,0.16625597598266606,31.675165648206043
0.802,0.9679456,-0.16594557571411128,0.16594557571411128,20.691468290950098
5.860074,6.025987,-0.1659131482849121,0.1659131482849121,2.831246640948235
5.168634,5.334466,-0.1658319805297852,0.1658319805297852,3.2084295488242502
0.057152,0.22269948,-0.16554747826862334,0.16554747826862334,289.66174058468926
4.933063,5.098533,-0.1654701535339358,0.1654701535339358,3.3543085407703384
3.684185,3.5191178,0.16506716781616193,0.16506716781616193,4.480425597837283
0.858769,1.0237986,-0.1650295849380493,0.1650295849380493,19.21699373391824
1.067412,0.9026559,0.1647561004753113,0.1647561004753113,15.43509914258751
5.256139,5.420875,-0.16473607247924793,0.16473607247924793,3.1341650682395152
12.523647,12.688135,-0.16448814709472614,0.16448814709472614,1.3134205003815
0.658391,0.82285106,-0.16446006182098394,0.16446006182098394,24.979087167960206
2.568994,2.733335,-0.16434101815795898,0.16434101815795898,6.397096223329517
1.14567,1.3099229,-0.16425293357849124,0.16425293357849124,14.336845126795186
1.134577,0.9703863,0.16419067368698115,0.16419067368698115,14.471532004659855
0.748333,0.9123192,-0.16398618334960935,0.16398618334960935,21.913530918414104
0.83307,0.66912323,0.16394676763534544,0.16394676763534544,19.67983094045706
3.333363,3.4968686,-0.16350561038208022,0.16350561038208022,4.9051246557058175
0.187625,0.35109666,-0.16347165989875795,0.16347165989875795,87.12680069907057
0.196704,0.36014622,-0.1634422244987488,0.1634422244987488,83.09044270358424
1.603736,1.7669296,-0.1631936264648437,0.1631936264648437,10.17584106453106
0.519139,0.682304,-0.16316502469635008,0.16316502469635008,31.42993006977325
0.407849,0.5708897,-0.16304071138000487,0.16304071138000487,39.975753609799
9.480666,9.317651,0.16301520501708922,0.16301520501708922,1.7194488764330458
0.596545,0.7594746,-0.16292957551956178,0.16292957551956178,27.31220201196047
1.332899,1.4957597,-0.16286072557067865,0.16286072557067865,12.218534604531934
1.006676,0.84391147,0.16276453101730337,0.16276453101730337,16.168512113245463
7.059962,6.8975954,0.16236659442138635,0.16236659442138635,2.299822497898523
1.491043,1.6533502,-0.16230723403167735,0.16230723403167735,10.885483116234198
0.399358,0.561369,-0.16201100186538697,0.16201100186538697,40.56786187451337
0.037129,0.19910888,-0.16197988373851777,0.16197988373851777,436.2624452644976
0.022125,0.18403657,-0.16191156780719757,0.16191156780719757,731.8036929961305
8.204618,8.366437,-0.16181895831298831,0.16181895831298831,1.9722911939473113
0.820634,0.9824313,-0.16179729253387454,0.16179729253387454,19.716133198741268
0.065917,0.22755258,-0.16163557785320282,0.16163557785320282,245.21076142420327
1.371527,1.2099202,0.1616068320770263,0.1616068320770263,11.782985830045149
7.283047,7.1215024,0.16154460055541975,0.16154460055541975,2.2180908698406268
1.785454,1.9469718,-0.16151777410125723,0.16151777410125723,9.046313939883689
0.014537,0.17600591,-0.16146891480731965,0.16146891480731965,1110.7444018475287
1.55103,1.7122815,-0.1612514655303956,0.1612514655303956,10.39641177282188
0.02283,0.18403657,-0.16120656780719758,0.16120656780719758,706.1172452960154
0.014868,0.17600591,-0.16113791480731965,0.16113791480731965,1083.7901111348503
0.094779,0.25576323,-0.1609842327079773,0.1609842327079773,169.85221677600003
0.976182,0.81532115,0.16086085255813598,0.16086085255813598,16.47857187918415
1.418326,1.5791537,-0.16082765695953372,0.16082765695953372,11.339258883232379
0.026382,0.18714345,-0.16076144501495362,0.16076144501495362,609.3603381305181
1.868164,2.0289118,-0.16074782899475104,0.16074782899475104,8.604588729155815
0.717253,0.87786204,-0.1606090362281799,0.1606090362281799,22.392243212058737
0.015501,0.17600591,-0.16050491480731965,0.16050491480731965,1035.4487695753235
0.038976,0.19910888,-0.16013288373851775,0.16013288373851775,410.8499674868324
0.370307,0.53040695,-0.16009995190429688,0.16009995190429688,43.23438440565868
0.353418,0.512948,-0.15952997658920287,0.15952997658920287,45.13917699270091
1.429512,1.588937,-0.15942504414367686,0.15942504414367686,11.152410342307336
0.024655,0.18403657,-0.15938156780719756,0.15938156780719756,646.4472405627674
0.030667,0.18973985,-0.15907285314369202,0.15907285314369202,518.7101856229231
0.202086,0.3610683,-0.15898230835342408,0.15898230835342408,78.67061957520733
0.503508,0.6617379,-0.1582299188537598,0.1582299188537598,31.425502439352364
0.629057,0.78720134,-0.15814434496688845,0.15814434496688845,25.139907026191356
0.344075,0.5021267,-0.15805169372558592,0.15805169372558592,45.93524483895972
11.105449,11.263227,-0.15777846276855456,0.15777846276855456,1.4207301547837807
2.15126,2.308805,-0.1575449888610838,0.1575449888610838,7.323382057666689
0.754944,0.597412,0.1575320098342895,0.1575320098342895,20.866714592529085
4.028473,4.185743,-0.1572698550720215,0.1572698550720215,3.903957034541812
0.339478,0.4966051,-0.15712709824752807,0.15712709824752807,46.284913367359046
1.36027,1.5173572,-0.1570872301864623,0.1570872301864623,11.548238965419664
0.887746,1.044829,-0.1570830109634399,0.1570830109634399,17.694589549910145
0.985602,1.1424419,-0.15683986878204348,0.15683986878204348,15.913103744323811
5.631378,5.7879477,-0.15656965472412132,0.15656965472412132,2.780308029781361
0.03121,0.18714345,-0.1559334450149536,0.1559334450149536,499.6265444259117
5.171161,5.326587,-0.15542620016479525,0.15542620016479525,3.0056345211798594
4.767308,4.6118865,0.15542149868774402,0.15542149868774402,3.2601522428272705
1.603155,1.7584277,-0.15527273914337147,0.15527273914337147,9.685447703664712
8.09635,7.941124,0.15522603759765552,0.15522603759765552,1.9172347736416815
8.062094,7.906905,0.155188825744629,0.155188825744629,1.9249195772550416
1.086649,0.931499,0.1551499956359863,0.1551499956359863,14.277839083430663
0.843244,0.9983296,-0.15508557983016968,0.15508557983016968,18.39154263911491
0.136096,0.29106832,-0.15497231550598145,0.15497231550598145,113.86985318606835
1.477327,1.6322045,-0.15487753262329096,0.15487753262329096,10.483632439724403
0.035642,0.19050519,-0.15486319168376922,0.15486319168376922,434.4963561227565
0.65099,0.80584055,-0.15485055185317997,0.15485055185317997,23.786932491957337
3.321035,3.475868,-0.15483298667907697,0.15483298667907697,4.662190753015694
8.842655,8.6879015,0.15475350311279357,0.15475350311279357,1.7500796210079832
0.071039,0.22571544,-0.1546764434919357,0.1546764434919357,217.7345447911727
1.650306,1.8048633,-0.15455733370208735,0.15455733370208735,9.365374281661824
0.548354,0.70265114,-0.15429714307403564,0.15429714307403564,28.138236074852628
1.604666,1.7588538,-0.15418779314422615,0.15418779314422615,9.60871565388794
2.66746,2.8214917,-0.15403171829223616,0.15403171829223616,5.774471530462001
0.440733,0.59457403,-0.1538410342140198,0.1538410342140198,34.90572164533041
1.846333,1.6934196,0.15291342430877686,0.15291342430877686,8.282006783201885
1.507172,1.6599793,-0.15280734341430668,0.15280734341430668,10.138679819169147
1.746078,1.8988401,-0.15276206977081297,0.15276206977081297,8.748868593617473
0.169859,0.3223013,-0.15244229837989806,0.15244229837989806,89.74637687149439
1.783952,1.9361303,-0.15217828526306154,0.15217828526306154,8.530402457831327
1.939614,2.0916662,-0.1520522216186524,0.1520522216186524,7.839303160877015
0.387779,0.5397973,-0.15201830606079103,0.15201830606079103,39.20230492666924
0.958686,1.1100782,-0.15139221559906002,0.15139221559906002,15.791637260090205
6.527867,6.376568,0.15129915942382777,0.15129915942382777,2.3177426779912955
0.174554,0.32572436,-0.15117036332702638,0.15117036332702638,86.60378062973211
5.652562,5.50145,0.15111193820190394,0.15111193820190394,2.6733353512837295
0.079817,0.23088445,-0.15106744769382477,0.15106744769382477,189.26725823390697
9.233125,9.384153,-0.15102836608886783,0.15102836608886783,1.6357231824244998
0.033066,0.18403657,-0.1509705678071976,0.1509705678071976,456.5734208873893
1.277015,1.126098,0.15091696323394777,0.15091696323394777,11.817947574784151
0.725097,0.8758535,-0.15075647890853883,0.15075647890853883,20.79121536673681
0.038999,0.18973985,-0.150740853143692,0.150740853143692,386.5249179649917
8.321971,8.472615,-0.15064424200439497,0.15064424200439497,1.810199074264796
2.389958,2.2393317,0.15062627774047854,0.15062627774047854,6.302465471534482
8.653017,8.8034525,-0.15043549176025373,0.15043549176025373,1.7385322571135036
0.641646,0.792041,-0.150395003704071,0.150395003704071,23.438937308209205
0.037866,0.18826042,-0.15039442115688323,0.15039442115688323,397.17535720622163
4.962274,4.812336,0.14993803198242173,0.14993803198242173,3.02155890584438
0.386423,0.53622746,-0.1498044646759033,0.1498044646759033,38.76696382905167
0.390837,0.5405066,-0.14966960133361817,0.14966960133361817,38.294634667476096
0.065515,0.21507661,-0.14956161044597627,0.14956161044597627,228.28605696052847
10.172845,10.0235405,0.1493045031738287,0.1493045031738287,1.4676769691503313
2.885172,3.0344422,-0.14927018635559097,0.14927018635559097,5.173701476044315
5.352431,5.5016866,-0.1492555730285643,0.1492555730285643,2.788556695560872
1.343254,1.4919465,-0.14869245881652837,0.14869245881652837,11.069571265409134
0.198067,0.34667104,-0.14860404482650758,0.14860404482650758,75.02715987594118
2.01658,2.1650832,-0.14850316993713397,0.14850316993713397,7.3641100243863304
0.235273,0.38372934,-0.14845633864593505,0.14845633864593505,63.09960708744116
5.43149,5.283214,0.14827590774536148,0.14827590774536148,2.7299306036213182
4.217035,4.365282,-0.14824705871582022,0.14824705871582022,3.515433443457424
1.638036,1.7862353,-0.14819933248901362,0.14819933248901362,9.047379451975795
2.965301,2.8171268,0.14817424905395526,0.14817424905395526,4.996937884179661
0.202647,0.35077956,-0.14813256318855286,0.14813256318855286,73.09881869233398
18.73387,18.881592,-0.14772179687500042,0.14772179687500042,0.7885279276209982
0.394557,0.5422723,-0.14771532933044434,0.14771532933044434,37.438273631694805
17.559323,17.411718,0.1476046314697257,0.1476046314697257,0.8406054804555113
0.051692,0.19918764,-0.14749563637542723,0.14749563637542723,285.3355182428455
3.805903,3.9532263,-0.14732332789611835,0.14732332789611835,3.8709165181626393
6.183175,6.330347,-0.14717206115722625,0.14717206115722625,2.380202099323504
0.067575,0.21470977,-0.14713477365970612,0.14713477365970612,217.7355137875999
0.072312,0.21924146,-0.1469294551973343,0.1469294551973343,203.18820526903713
0.452235,0.5991464,-0.14691142572402954,0.14691142572402954,32.48563815086048
2.322467,2.4693015,-0.14683446217346185,0.14683446217346185,6.322348699341671
0.113897,0.2604776,-0.14658060248184204,0.14658060248184204,128.6957534905628
1.243184,1.3896898,-0.14650580312347405,0.14650580312347405,11.784723991918277
0.828543,0.97500855,-0.14646554730606076,0.14646554730606076,17.677482917408422
0.040688,0.18714345,-0.1464554450149536,0.1464554450149536,359.9475143900071
0.038048,0.18403657,-0.14598856780719757,0.14598856780719757,383.69577224427513
28.694701,28.549063,0.14563827111816252,0.14563827111816252,0.5075441319902758
0.573137,0.71790075,-0.14476375302124023,0.14476375302124023,25.25814124650513
2.032001,2.1767476,-0.14474656050109846,0.14474656050109846,7.123350849432413
9.241444,9.386184,-0.14473973870849655,0.14473973870849655,1.5662026270670508
8.201951,8.346138,-0.14418700048828192,0.14418700048828192,1.7579597889151495
0.117578,0.2616769,-0.14409890753936766,0.14409890753936766,122.55601168314791
0.830174,0.97409016,-0.1439161589393616,0.1439161589393616,17.33566203254088
0.819229,0.96278715,-0.14355815133666994,0.14355815133666994,17.52356805229629
1.272109,1.1289377,0.14317127874755853,0.14317127874755853,11.254639243673607
22.087638,21.944508,0.1431304011230452,0.1431304011230452,0.64801134970791
1.947424,2.0905118,-0.14308779885864253,0.14308779885864253,7.347542130080301
0.181431,0.32447478,-0.14304378175163268,0.14304378175163268,78.8419739034623
1.267417,1.4103895,-0.14297254257965086,0.14297254257965086,11.28062370698596
1.170462,1.3133398,-0.14287782944488536,0.14287782944488536,12.206960109143091
0.169132,0.311615,-0.142482990234375,0.142482990234375,84.24366184408115
0.441129,0.5835644,-0.1424354006729126,0.1424354006729126,32.28883175683843
0.046337,0.18875594,-0.14241894437122343,0.14241894437122343,307.3546929319307
0.696288,0.8386383,-0.14235030566406248,0.14235030566406248,20.44417046446561
0.182147,0.32447478,-0.1423277817516327,0.1423277817516327,78.1389656011319
0.022917,0.16507636,-0.1421593601064682,0.1421593601064682,620.3227276089605
0.621458,0.763528,-0.14206998938751225,0.14206998938751225,22.860754767764114
3.695952,3.8379805,-0.14202850880432116,0.14202850880432116,3.842812590652648
3.95354,4.095551,-0.14201101394653337,0.14201101394653337,3.591996386603939
8.101037,8.242916,-0.14187910717773455,0.14187910717773455,1.7513696971879427
5.074516,5.216355,-0.14183884695434568,0.14183884695434568,2.795120696270355
0.54966,0.6912368,-0.14157679399490353,0.14157679399490353,25.757157873803145
5.870213,5.7286763,0.14153668087768523,0.14153668087768523,2.4110995780779017
9.762879,9.621362,0.1415172675170897,0.1415172675170897,1.4495444173346832
2.149343,2.2907312,-0.14138819163513183,0.14138819163513183,6.5782051365721355
0.579193,0.43781117,0.14138183395195003,0.14138183395195003,24.410142029952002
1.775426,1.9167595,-0.14133349096679693,0.14133349096679693,7.960539665344339
15.726504,15.867818,-0.14131387872314427,0.14131387872314427,0.8985714734962437
4.799873,4.658719,0.14115393719482405,0.14115393719482405,2.940784833096277
6.9373,6.7963223,0.140977654266357,0.140977654266357,2.032168916787869
0.739116,0.59815174,0.14096425658798217,0.14096425658798217,19.07200717734566
1.005928,1.1466382,-0.14071015498352057,0.14071015498352057,13.988094075275018
0.470608,0.61063105,-0.14002304867935178,0.14002304867935178,29.75364818481584
1.348788,1.4887823,-0.13999428664398184,0.13999428664398184,10.37926543189905
2.178739,2.318693,-0.13995392259216288,0.13995392259216288,6.423620387101862
1.597751,1.7372993,-0.1395483230819703,0.1395483230819703,8.734046986873189
1.182517,1.3219614,-0.13944440289306637,0.13944440289306637,11.792168982033594
1.746974,1.8863429,-0.13936888311004636,0.13936888311004636,7.97773081351346
2.853174,2.9923537,-0.1391796777496337,0.1391796777496337,4.878064840936992
0.795696,0.9347655,-0.13906951771163945,0.13906951771163945,17.47771984453381
2.262479,2.4015417,-0.13906270989990244,0.13906270989990244,6.146475167007339
0.045277,0.18403657,-0.13875956780719756,0.13875956780719756,306.4681129507906
0.928293,1.0670444,-0.1387513773269653,0.1387513773269653,14.94693780002848
1.953078,2.0913534,-0.138275416442871,0.138275416442871,7.0798716915448905
0.395725,0.5338758,-0.13815082302093507,0.13815082302093507,34.91081508270245
0.024893,0.16297548,-0.13808247519207,0.13808247519207,554.7040318055919
1.821414,1.9594735,-0.13805949071502677,0.13805949071502677,7.579797383101643
0.11187,0.24985352,-0.13798352158546448,0.13798352158546448,123.34273841255185
0.683492,0.82129455,-0.13780254612731935,0.13780254612731935,20.16154484721954
4.595156,4.457378,0.13777808938598657,0.13777808938598657,2.998333231406904
4.284632,4.4224,-0.13776799771118142,0.13776799771118142,3.2153986085144775
0.144024,0.28166378,-0.13763977544403075,0.13763977544403075,95.56724945041346
0.044049,0.18144016,-0.13739115967845916,0.13739115967845916,311.90528585564687
0.069981,0.20727687,-0.13729586583995818,0.13729586583995818,196.19020254607392
3.899289,4.0362735,-0.13698447946166992,0.13698447946166992,3.5130630086191825
2.557572,2.6944861,-0.13691414120483403,0.13691414120483403,5.353285897698315
0.073254,0.20993209,-0.13667808885192873,0.13667808885192873,186.58105859795734
0.023373,0.15989359,-0.13652058723163604,0.13652058723163604,584.0952665363486
1.112828,1.2493029,-0.1364748640747071,0.1364748640747071,12.263787760771955
12.909636,13.046056,-0.13641979376220625,0.13641979376220625,1.0567284295324013
0.304622,0.4410007,-0.13637869999694824,0.13637869999694824,44.76981306411829
13.961344,13.825146,0.13619827856445355,0.13619827856445355,0.975538447899271
0.997171,1.1332332,-0.13606218958282468,0.13606218958282468,13.644820153131192
7.395969,7.5319886,-0.13601962075805663,0.13601962075805663,1.8391047982518252
0.903616,1.0395888,-0.13597280901336672,0.13597280901336672,15.047631847855628
1.748897,1.8848654,-0.13596840317535408,0.13596840317535408,7.774523209061458
0.324863,0.4605993,-0.13573630324554442,0.13573630324554442,41.78262935568587
2.441164,2.576873,-0.13570906404113758,0.13570906404113758,5.559194877344512
31.100095,31.235521,-0.1354263165283207,0.1354263165283207,0.4354530638182464
0.151916,0.28708485,-0.13516884768867493,0.13516884768867493,88.9760443927558
0.841338,0.97629845,-0.134960451423645,0.134960451423645,16.041169114862733
0.155611,0.2905194,-0.13490838652992249,0.13490838652992249,86.69591895381853
2.815902,2.9506032,-0.13470124668884287,0.13470124668884287,4.7835914276867335
0.087867,0.22251664,-0.13464964102077484,0.13464964102077484,153.24256076517042
4.932279,4.79798,0.13429916830444366,0.13429916830444366,2.722862358388907
25.096298,24.96224,0.13405778088378995,0.13405778088378995,0.5341735298300003
0.301077,0.43490797,-0.1338309728126526,0.1338309728126526,44.45074607764853
3.310679,3.1768959,0.13378314314270012,0.13378314314270012,4.040957856036758
1.194452,1.3280586,-0.13360660042572015,0.13360660042572015,11.185598116503177
3.265833,3.3992975,-0.13346447581481913,0.13346447581481913,4.08669015870476
0.419879,0.5532552,-0.13337620038604736,0.13337620038604736,31.765389637081626
11.169428,11.036122,0.13330567791748038,0.13330567791748038,1.1934870605395986
0.196697,0.32968006,-0.13298305537986754,0.13298305537986754,67.60807501500248
6.603212,6.7361026,-0.13289058102416984,0.13289058102416984,2.012514228259782
0.415163,0.54784346,-0.13268045626831054,0.13268045626831054,31.958641843408948
6.642235,6.5102015,0.13203354583740268,0.13203354583740268,1.9877879333600044
4.693029,4.8248115,-0.13178245858764637,0.13178245858764637,2.808046968915775
0.429869,0.5616198,-0.1317508182106018,0.1317508182106018,30.64906243063648
2.215401,2.3466444,-0.13124340155029302,0.13124340155029302,5.924137505777459
2.56266,2.6938295,-0.13116953643798812,0.13116953643798812,5.118491584247212
0.061188,0.1923209,-0.13113289817523957,0.13113289817523957,214.31146296811158
0.033977,0.16507636,-0.1310993601064682,0.1310993601064682,385.8473665144681
0.156081,0.28708485,-0.13100384768867493,0.13100384768867493,83.93324466446376
0.124777,0.25577524,-0.13099824304389954,0.13099824304389954,104.98588917742345
2.704073,2.8350332,-0.1309601783294676,0.1309601783294676,4.843071112526346
0.455256,0.58617795,-0.13092194513702393,0.13092194513702393,28.75787361578234
0.14181,0.27268982,-0.1308798193359375,0.1308798193359375,92.29237659096336
0.067438,0.19831412,-0.1308761154050827,0.1308761154050827,194.06879683711546
0.042427,0.173292,-0.13086499612140656,0.13086499612140656,308.44744104687845
0.669492,0.53895646,0.1305355366630554,0.1305355366630554,19.49769924712434
2.243668,2.374195,-0.13052709887695313,0.13052709887695313,5.817576346907633
4.402887,4.533306,-0.1304191218261721,0.1304191218261721,2.96212739103252
0.900647,1.0307924,-0.13014535553741458,0.13014535553741458,14.450206964877957
10.114299,10.244233,-0.1299341314086906,0.1299341314086906,1.2846578038419263
1.391952,1.5218852,-0.12993315663146965,0.12993315663146965,9.334600375741049
1.315645,1.1857339,0.12991108562469478,0.12991108562469478,9.87432670779887
1.05513,1.1843815,-0.12925148498535166,0.12925148498535166,12.249816133850981
0.402547,0.5317457,-0.12919867222595216,0.12919867222595216,32.09530121795886
3.618729,3.4895475,0.12918150892639169,0.12918150892639169,3.5698033459488645
8.247548,8.376591,-0.12904272875976552,0.12904272875976552,1.5646193118027432
0.584987,0.7140136,-0.12902657650756832,0.12902657650756832,22.05631518059581
11.047987,11.1769,-0.12891290997314542,0.12891290997314542,1.1668452358966261
0.564684,0.6935204,-0.12883642675018314,0.12883642675018314,22.815668006773254
7.133599,7.005,0.12859888555908228,0.12859888555908228,1.802720976568483
0.31565,0.4442438,-0.12859378871917726,0.12859378871917726,40.739359632009474
1.721397,1.849911,-0.1285139745025634,0.1285139745025634,7.465679009263855
0.156977,0.2854613,-0.12848430657196044,0.12848430657196044,81.84912852845405
5.753897,5.8822927,-0.12839574749755833,0.12839574749755833,2.2314571758119217
3.962985,4.091366,-0.12838081420898417,0.12838081420898417,3.2394978584512604
12.002849,11.874535,0.12831439306640569,0.12831439306640569,1.0690328026732376
4.900057,5.0281663,-0.12810929409790006,0.12810929409790006,2.6144449767683438
1.389741,1.2619648,0.12777620202636708,0.12777620202636708,9.194245691619722
1.091663,1.2193063,-0.12764334975433345,0.12764334975433345,11.692559859832281
0.055113,0.18273999,-0.1276269879693985,0.1276269879693985,231.57329076229783
3.373243,3.5005198,-0.12727675250244141,0.12727675250244141,3.77312729912041
2.474516,2.6016905,-0.1271745307769776,0.1271745307769776,5.13936991200858
0.711495,0.8386383,-0.1271433056640625,0.1271433056640625,17.869880413241503
0.468552,0.5953257,-0.1267737083892822,0.1267737083892822,27.056486443815352
1.305325,1.1786821,0.12664291114807136,0.12664291114807136,9.702021422892331
5.38179,5.2553816,0.12640841583251916,0.12640841583251916,2.348817323421582
0.866516,0.9929085,-0.12639247778320317,0.12639247778320317,14.586283204074348
0.659619,0.78599304,-0.12637403960800175,0.12637403960800175,19.158641517124753
0.341302,0.46765226,-0.12635026125717164,0.12635026125717164,37.02007641916882
0.522679,0.6489173,-0.1262383173904419,0.1262383173904419,24.152169374757683
0.463431,0.5891733,-0.12574231695556642,0.12574231695556642,27.132910169676506
0.189485,0.31469163,-0.12520663298606874,0.12520663298606874,66.07733220043349
1.724846,1.8499519,-0.1251058632888793,0.1251058632888793,7.253161342034368
8.543583,8.668664,-0.12508097857666023,0.12508097857666023,1.4640342181400496
1.031578,1.1565939,-0.1250159188003539,0.1250159188003539,12.118901216217774
0.825021,0.70006686,0.12495413550949097,0.12495413550949097,15.145570293888932
0.066389,0.19126074,-0.12487174016094207,0.12487174016094207,188.0910090118108
11.142417,11.267069,-0.12465186291503905,0.12465186291503905,1.1187147538448823
0.349329,0.47392282,-0.12459381889915466,0.12459381889915466,35.66661195133758
0.146931,0.2712797,-0.1243486926498413,0.1243486926498413,84.6306719243799
0.255617,0.3798812,-0.12426420317459108,0.12426420317459108,48.61343460175874
1.327185,1.4514089,-0.1242238630676269,0.1242238630676269,9.359950802508084
0.995385,1.1195225,-0.12413745235443119,0.12413745235443119,12.471300285011317
2.077487,2.201456,-0.12396906994628898,0.12396906994628898,5.9672609234292056
3.035601,2.9116454,0.12395558755493186,0.12395558755493186,4.083395266731315
3.135613,3.0117068,0.12390617092895528,0.12390617092895528,3.9515772809018106
0.316364,0.44008675,-0.12372275217628481,0.12372275217628481,39.10772152873813
1.1829,1.306526,-0.12362594566345209,0.12362594566345209,10.451090172711217
0.528948,0.65246475,-0.12351674742889407,0.12351674742889407,23.351397000374835
1.326399,1.2029532,0.12344578058624278,0.12344578058624278,9.306836070966273
0.577001,0.70036364,-0.12336263601684572,0.12336263601684572,21.379969184709516
0.073645,0.19690557,-0.12326056824207306,0.12326056824207306,167.37126495308817
1.510332,1.3870981,0.12323392604064942,0.12323392604064942,8.159393168686755
0.860659,0.9838116,-0.12315261689758306,0.12315261689758306,14.309106961441634
0.655402,0.7785341,-0.12313211436080929,0.12313211436080929,18.787265577770896
0.737257,0.86030656,-0.12304956099319453,0.12304956099319453,16.690185508785177
0.343374,0.46640602,-0.12303201754188536,0.12303201754188536,35.83032422549611
1.052234,1.17515,-0.12291603681182872,0.12291603681182872,11.68143557423038
0.45601,0.5788686,-0.12285862754821775,0.12285862754821775,26.942090638642934
11.949324,12.072075,-0.12275089013671803,0.12275089013671803,1.0272622127886963
0.065314,0.18790878,-0.12259478355503083,0.12259478355503083,187.70062064385925
2.690342,2.5678978,0.12244420336914041,0.12244420336914041,4.5512504865399706
1.347294,1.4696403,-0.12234625497436524,0.12234625497436524,9.080887687860582
0.093513,0.2158517,-0.12233869434547424,0.12233869434547424,130.82533360564724
2.784261,2.9062068,-0.12194584623718274,0.12194584623718274,4.379828120740222
0.684133,0.8058234,-0.12169038571548463,0.12169038571548463,17.787533374021876
2.117079,1.9954417,0.1216373248138427,0.1216373248138427,5.745526019959443
0.472639,0.5940939,-0.12145491880035403,0.12145491880035403,25.697185119014055
0.923969,1.0452967,-0.12132766900634762,0.12132766900634762,13.131140654417678
1.320719,1.441767,-0.12104797731018069,0.12104797731018069,9.165308994647264
0.378364,0.49935895,-0.1209949520454407,0.1209949520454407,31.978452499038557
0.348541,0.46946228,-0.12092127550506593,0.12092127550506593,34.6935584250841
3.153127,3.2740452,-0.12091822895812987,0.12091822895812987,3.8348670686050705
0.179335,0.30022994,-0.12089493683815003,0.12089493683815003,67.41290700127533
0.404294,0.5250658,-0.12077177968597413,0.12077177968597413,29.872266137044296
7.031383,6.9108906,0.12049242077636713,0.12049242077636713,1.713637569943971
3.462825,3.342383,0.1204420921325684,0.1204420921325684,3.478145506316093
0.496576,0.61696684,-0.12039084360504149,0.12039084360504149,24.24419294947748
0.745386,0.86561316,-0.12022716251754761,0.12022716251754761,16.12951712286226
0.268124,0.3882572,-0.12013320548629763,0.12013320548629763,44.80509221162319
0.087844,0.20786682,-0.12002281771278381,0.12002281771278381,136.6317763036201
1.741076,1.8610971,-0.12002109739685052,0.12002109739685052,6.8935013399735
0.191664,0.311615,-0.119950990234375,0.119950990234375,62.583996040879356
0.309137,0.42905915,-0.11992214783477784,0.11992214783477784,38.79255727913038
0.544983,0.6648607,-0.11987772540283204,0.11987772540283204,21.996599046362075
2.689223,2.5693762,0.11984676976013198,0.11984676976013198,4.456557517010505
0.19712,0.3166964,-0.11957640541076661,0.11957640541076661,60.6617316102399
0.435996,0.55549234,-0.1194963415184021,0.1194963415184021,27.407669219670467
1.184366,1.3038384,-0.11947237223052976,0.11947237223052976,10.087453728023457
5.693079,5.5736294,0.11944962072753906,0.11944962072753906,2.098154983014304
4.73962,4.8590617,-0.11944171798706016,0.11944171798706016,2.5200694989163703
1.747192,1.6277966,0.11939535006713875,0.11939535006713875,6.833556361310331
0.134134,0.25346115,-0.11932715231513977,0.11932715231513977,88.96115244917665
5.485865,5.366651,0.11921394180297895,0.11921394180297895,2.1731111101130964
0.442804,0.5619008,-0.11909679450607302,0.11909679450607302,26.896052086064483
0.786989,0.9060527,-0.11906370862579341,0.11906370862579341,15.129018145191914
1.83185,1.9507364,-0.11888640346527102,0.11888640346527102,6.489963886714581
0.34241,0.4612231,-0.11881309565544129,0.11881309565544129,34.699072930329784
9.979704,9.861073,0.11863145971679678,0.11863145971679678,1.1887272379582405
0.253071,0.37166566,-0.11859465656661988,0.11859465656661988,46.862207253994995
5.880967,5.9991994,-0.1182323904113769,0.1182323904113769,2.0104243130316233
10.229699,10.111489,0.11820970404052744,0.11820970404052744,1.1555540787600094
0.210419,0.3285098,-0.11809080758666993,0.11809080758666993,56.12174163480873
1.592013,1.4742445,0.11776852463531484,0.11776852463531484,7.397459984806493
22.095102,21.977545,0.11755721545410225,0.11755721545410225,0.5320510195136017
3.750074,3.867611,-0.11753693139648425,0.11753693139648425,3.1342563211645955
3.6458,3.7632897,-0.11748969001770027,0.11748969001770027,3.222603818489157
2.204463,2.0871196,0.11734342068481451,0.11734342068481451,5.322993431030211
0.435975,0.5532552,-0.11728020038604736,0.11728020038604736,26.90067099240706
0.056015,0.173292,-0.11727699612140655,0.11727699612140655,209.3671265054707
2.159024,2.0421565,0.11686754209899908,0.11686754209899908,5.412980221321583
0.074412,0.19126074,-0.11684874016094207,0.11684874016094207,157.02943074223597
18.119281,18.002548,0.11673278222656336,0.11673278222656336,0.6442462160938898
0.056541,0.17324363,-0.11670262695217132,0.11670262695217132,206.4035421123924
0.142292,0.258783,-0.1164910126285553,0.1164910126285553,81.86757691696491
1.075607,0.9591463,0.11646067918014524,0.11646067918014524,10.827437825276128
0.324167,0.44056424,-0.11639724498558046,0.11639724498558046,35.90656820394238
1.29092,1.407298,-0.11637796886444085,0.11637796886444085,9.015118586389995
0.263647,0.3798812,-0.11623420317459104,0.11623420317459104,44.0870569854783
4.979392,5.095543,-0.11615090771484393,0.11615090771484393,2.3326323316684308
1.416757,1.5328228,-0.11606584736633296,0.11606584736633296,8.19236095944051
4.50463,4.62057,-0.11594018280029328,0.11594018280029328,2.573800352031565
1.014908,1.1308153,-0.11590726756286629,0.11590726756286629,11.420470382679596
0.585397,0.70097923,-0.11558223278808599,0.11558223278808599,19.744247539420556
11.61907,11.734454,-0.11538415496826104,0.11538415496826104,0.9930584372696609
2.619562,2.7348037,-0.11524167660522444,0.11524167660522444,4.399272725777254
0.132251,0.24744168,-0.11519067923927306,0.11519067923927306,87.10004397106488
1.47557,1.360561,0.11500898677825933,0.11500898677825933,7.794207443256851
2.380608,2.4954884,-0.11488040522766108,0.11488040522766108,4.825675004991808
0.72248,0.8373137,-0.11483371164321898,0.11483371164321898,15.894379308399484
1.181525,1.2961941,-0.114669076538086,0.114669076538086,9.705175644051614
0.078764,0.19328691,-0.11452291065311432,0.11452291065311432,145.40006920384218
0.056416,0.17085236,-0.11443636310958863,0.11443636310958863,202.84380832874507
0.403934,0.51800066,-0.11406666232681273,0.11406666232681273,28.238935642598488
1.316151,1.2020917,0.11405930612182624,0.11405930612182624,8.666126159776507
1.513669,1.3998699,0.11379908117675774,0.11379908117675774,7.518095512905375
0.469994,0.5830463,-0.11305231710052488,0.11305231710052488,24.053991556588144
8.028091,7.915119,0.11297182885742174,0.11297182885742174,1.4072066305179467
0.499488,0.6123684,-0.1128804048652649,0.1128804048652649,22.59922257244732
0.870769,0.983503,-0.11273398404693602,0.11273398404693602,12.946485696434937
0.065613,0.17831849,-0.11270548561763763,0.11270548561763763,171.773102046644
8.449039,8.33637,0.11266853186035242,0.11266853186035242,1.3335070634544224
1.292687,1.1801466,0.11254042502593986,0.11254042502593986,8.705929975101006
0.254922,0.36739236,-0.11247036116409304,0.11247036116409304,44.11951935100679
0.306703,0.4190132,-0.11231020219039917,0.11231020219039917,36.61855350413286
1.158438,1.2705868,-0.11214884825897209,0.11214884825897209,9.681040180768504
0.176368,0.288502,-0.11213400772285462,0.11213400772285462,63.57956526086084
5.345878,5.233762,0.11211621258544913,0.11211621258544913,2.097246001187305
4.974438,4.86246,0.11197786358642592,0.11197786358642592,2.2510656195569196
0.522222,0.6341719,-0.11194990313339237,0.11194990313339237,21.437224611746565
0.540424,0.6521874,-0.11176340701675413,0.11176340701675413,20.680689050832946
1.186513,1.2977583,-0.11124534083557136,0.11124534083557136,9.375821489203704
3.103127,3.2140658,-0.11093879017639141,0.11093879017639141,3.575064448629281
0.621836,0.7325559,-0.1107199258460998,0.1107199258460998,17.805325813927542
0.47175,0.58243495,-0.11068495225906372,0.11068495225906372,23.462628984759107
1.011916,1.1225604,-0.11064438188934322,0.11064438188934322,10.934146893458456
15.026197,14.915597,0.11060003802490215,0.11060003802490215,0.7360481033502096
3.119143,3.0086503,0.11049269711303733,0.11049269711303733,3.5424056258239816
3.56223,3.4518523,0.11037767837524415,0.11037767837524415,3.09855563431181
1.420428,1.310151,0.11027701905059817,0.11027701905059817,7.763647227654941
0.057237,0.16750644,-0.11026944147396087,0.11026944147396087,192.65412457205434
3.715291,3.6050391,0.11025188027954114,0.11025188027954114,2.9675166837960636
0.551893,0.6620941,-0.11020111621093753,0.11020111621093753,19.967840902307096
0.648384,0.53824604,0.11013796442413326,0.11013796442413326,16.986533351709284
3.222305,3.3324416,-0.11013656837463381,0.11013656837463381,3.417943626416986
0.91921,0.8090735,0.11013649221420285,0.11013649221420285,11.9816464357678
1.642686,1.7527955,-0.11010945783996573,0.11010945783996573,6.703013103737581
6.204048,6.09396,0.11008819165039085,0.11008819165039085,1.774457445342402
0.424489,0.5345667,-0.1100777004585266,0.1100777004585266,25.93181458944632
0.243646,0.35363013,-0.10998412552261352,0.10998412552261352,45.140952643373
0.303785,0.41369203,-0.10990702733039853,0.10990702733039853,36.17921467294939
0.373856,0.4837604,-0.10990438670539854,0.10990438670539854,29.397518476632982
0.276536,0.3864111,-0.10987510062599182,0.10987510062599182,39.7326570812694
3.621833,3.5120382,0.10979476910400399,0.10979476910400399,3.0314696757407784
0.127997,0.23776911,-0.10977211199092865,0.10977211199092865,85.76147246042264
0.594295,0.7040052,-0.10971018178939818,0.10971018178939818,18.460559447906782
0.631964,0.7413609,-0.10939690278625491,0.10939690278625491,17.310622562194094
0.513108,0.6225034,-0.10939539984893798,0.10939539984893798,21.320150889796654
5.515486,5.6248093,-0.10932326513671864,0.10932326513671864,1.9821148151719818
0.139436,0.24868566,-0.10924965797805786,0.10924965797805786,78.35111298352415
3.508753,3.6179547,-0.10920173098754882,0.10920173098754882,3.112266123732179
0.381925,0.4910382,-0.1091132032394409,0.1091132032394409,28.56927491284195
0.019538,0.12864727,-0.10910926781845093,0.10910926781845093,558.4464492783522
0.477209,0.58619016,-0.10898116408920289,0.10898116408920289,22.8371979711962
1.763887,1.8728439,-0.10895686157989504,0.10895686157989504,6.177088530825271
6.57826,6.687201,-0.10894102310180642,0.10894102310180642,1.6560765780031552
0.058571,0.16750644,-0.10893544147396088,0.10893544147396088,185.98869967726722
26.518741,26.62761,-0.10886825292968894,0.10886825292968894,0.4105332637370621
1.401989,1.5108298,-0.1088408063278199,0.1088408063278199,7.76331385767339
2.834989,2.726216,0.10877292219543477,0.10877292219543477,3.8368022659558103
0.379001,0.4877702,-0.10876919977569582,0.10876919977569582,28.69892157197393
0.341103,0.4496568,-0.10855381433677674,0.10855381433677674,31.824350505551813
2.688983,2.7974887,-0.10850568942260752,0.10850568942260752,4.035194325087676
0.265884,0.37432614,-0.10844213968849181,0.10844213968849181,40.785507833380834
2.227074,2.1186674,0.1084066358795166,0.1084066358795166,4.8676710282033255
8.81105,8.7029,0.1081500671386717,0.1081500671386717,1.2274367656232148
0.441121,0.5491864,-0.10806540851974489,0.10806540851974489,24.497906128986603
1.961065,2.069121,-0.10805588394165033,0.10805588394165033,5.510061315465845
2.476022,2.367976,0.10804604975891108,0.10804604975891108,4.363695062263073
0.328566,0.43659294,-0.10802693651580808,0.10802693651580808,32.87830648421619
0.275768,0.38372934,-0.10796133864593505,0.10796133864593505,39.14933516825219
0.186884,0.2947047,-0.10782070547676087,0.10782070547676087,57.69391998194974
4.994402,4.886612,0.10779006152343751,0.10779006152343751,2.1582175708178735
0.992583,1.1003422,-0.10775915450286866,0.10775915450286866,10.856437647230733
0.095489,0.20301656,-0.10752756424999237,0.10752756424999237,112.60727846912744
0.489757,0.59665364,-0.10689664027023316,0.10689664027023316,21.826465011915438
0.513323,0.619871,-0.10654802031707766,0.10654802031707766,20.756525676098896
1.713731,1.8202386,-0.10650759024047862,0.10650759024047862,6.214953819138691
1.153699,1.260133,-0.10643402803039548,0.10643402803039548,9.22545898203691
0.484415,0.5907433,-0.10632830329895021,0.10632830329895021,21.949837077093065
2.462304,2.5685687,-0.10626470651245112,0.10626470651245112,4.315661531156813
0.895153,0.78900915,0.10614384615707395,0.10614384615707395,11.857620557068605
0.365166,0.4712672,-0.10610119355583192,0.10610119355583192,29.055605814006867
1.826058,1.9318917,-0.10583367976379399,0.10583367976379399,5.79574579547847
0.071363,0.17698056,-0.10561755505752564,0.10561755505752564,148.0004412784289
3.331937,3.226345,0.10559193774414055,0.10559193774414055,3.1690856622130448
4.018778,4.124329,-0.10555109011840802,0.10555109011840802,2.626447395595914
0.233139,0.3386501,-0.10551110738372801,0.10551110738372801,45.25673840004087
0.25298,0.35842502,-0.10544502117156984,0.10544502117156984,41.681168918447575
0.221015,0.32644752,-0.1054325166797638,0.1054325166797638,47.703783287134364
7.168544,7.2739434,-0.10539942422485371,0.10539942422485371,1.470304488936434
0.657755,0.763074,-0.10531898080825808,0.10531898080825808,16.011886005008886
0.037535,0.14272864,-0.10519364162921906,0.10519364162921906,280.2548057785114
4.327869,4.432863,-0.10499423547363307,0.10499423547363307,2.4260030853800583
0.048514,0.15349303,-0.10497903185939789,0.10497903185939789,216.3891487879967
0.456251,0.56109065,-0.10483964817428587,0.10483964817428587,22.97850265562319
0.950518,1.0553569,-0.10483886016082766,0.10483886016082766,11.029655424705057
1.697995,1.8027707,-0.10477573383331307,0.10477573383331307,6.1705560868637725
0.059858,0.16445535,-0.1045973542137146,0.1045973542137146,174.74248060237915
1.463837,1.5683922,-0.10455515755462641,0.10455515755462641,7.142540976043361
0.594348,0.69875246,-0.10440446286392213,0.10440446286392213,17.56621757730419
0.07545,0.17926452,-0.10381451563835144,0.10381451563835144,137.5937912534893
14.160627,14.264279,-0.10365236553955093,0.10365236553955093,0.7319758195651855
1.304512,1.4080453,-0.10353329190063487,0.10353329190063487,7.936553430915033
7.218814,7.322347,-0.10353316415405267,0.10353316415405267,1.4342129351527613
0.384666,0.48809183,-0.1034258264389038,0.1034258264389038,26.88717651469499
4.342225,4.4455256,-0.1033006462097168,0.1033006462097168,2.3789795832168488
0.765589,0.86876446,-0.10317546008682255,0.10317546008682255,13.476612134362684
7.600504,7.7036386,-0.10313455361938484,0.10313455361938484,1.356943613450212
3.362833,3.259729,0.10310409146118182,0.10310409146118182,3.065989047274005
4.847845,4.7448845,0.10296050903320353,0.10296050903320353,2.123840779378872
0.050613,0.15349303,-0.1028800318593979,0.1028800318593979,203.26799766093671
2.247989,2.3506992,-0.10271018632507323,0.10271018632507323,4.568980823327172
3.587241,3.6898005,-0.10255950086975085,0.10255950086975085,2.859007824310991
1.146645,1.2490742,-0.10242922065734872,0.10242922065734872,8.932949661701379
0.074603,0.17698056,-0.10237755505752563,0.10237755505752563,137.22980968633408
0.074692,0.17698056,-0.10228855505752564,0.10228855505752564,136.94713613315818
0.063491,0.16575587,-0.10226486795806884,0.10226486795806884,161.06986470050714
0.188595,0.29069474,-0.10209974339485167,0.10209974339485167,54.13703615722295
0.077178,0.17926452,-0.10208651563835144,0.10208651563835144,132.27411374494977
0.113431,0.21548319,-0.10205218862915039,0.10205218862915039,89.96851701843576
0.201021,0.303051,-0.10202999487304687,0.10202999487304687,50.75588859984329
6.668242,6.7701087,-0.10186669979858376,0.10186669979858376,1.5276395157382727
4.059147,4.1609554,-0.10180842907714815,0.10180842907714815,2.5081237283261735
2.656347,2.7581294,-0.10178235829162618,0.10178235829162618,3.831666506213026
1.975823,1.874131,0.1016920357208253,0.1016920357208253,5.146819108577969
0.496963,0.59864706,-0.10168405801010133,0.10168405801010133,20.461092272390548
0.756913,0.85848653,-0.10157353316497808,0.10157353316497808,13.419446244358154
0.095768,0.19723018,-0.10146217513751983,0.10146217513751983,105.94580134447209
0.781026,0.882272,-0.10124600508117676,0.10124600508117676,12.963205459000541
3.881669,3.9827442,-0.10107521691894528,0.10107521691894528,2.6039112793064367
0.276068,0.37710604,-0.10103804071617128,0.10103804071617128,36.59896861627292
0.250191,0.3509816,-0.10079059313201905,0.10079059313201905,40.28545914590596
0.357502,0.45825315,-0.10075114521789552,0.10075114521789552,28.181980853173837
1.633905,1.7345742,-0.10066919872283941,0.10066919872283941,6.161263887232009
0.018139,0.11860561,-0.10046661370849609,0.10046661370849609,553.8707379382842
0.200377,0.30077916,-0.10040216383743286,0.10040216383743286,50.10663089442712
0.468852,0.5692024,-0.10035042309570313,0.10035042309570313,21.40343286885834
0.930421,0.83007884,0.10034215974426275,0.10034215974426275,10.784597481514083
3.568567,3.4684713,0.10009571131896955,0.10009571131896955,2.8049273368319727
0.179696,0.27946526,-0.09976925812149048,0.09976925812149048,55.52113461956267
1.380529,1.4802815,-0.09975247220611583,0.09975247220611583,7.225670174178895
2.361668,2.461038,-0.09937011264038098,0.09937011264038098,4.2076241299019745
0.077648,0.17698056,-0.09933255505752564,0.09933255505752564,127.92673981248572
1.481276,1.3819655,0.09931048200225834,0.09931048200225834,6.704387433236882
1.472901,1.5721334,-0.09923242189788817,0.09923242189788817,6.737209214410946
0.109794,0.208983,-0.09918900409317016,0.09918900409317016,90.3410058863227
4.621225,4.7203197,-0.09909474792480477,0.09909474792480477,2.1443393888559945
0.066582,0.16565564,-0.09907364274787903,0.09907364274787903,148.7994391863861
0.019704,0.11860561,-0.0989016137084961,0.0989016137084961,501.93672963134065
0.945917,1.0446277,-0.09871066647338866,0.09871066647338866,10.435446922188016
0.539224,0.6376454,-0.09842142341232296,0.09842142341232296,18.252418919423196
1.491788,1.5901829,-0.09839490042877208,0.09839490042877208,6.595769668490183
0.479247,0.57744104,-0.09819403670120241,0.09819403670120241,20.48923346013917
12.389722,12.291588,0.09813417041015704,0.09813417041015704,0.7920611165397009
0.020628,0.11860561,-0.09797761370849609,0.09797761370849609,474.97388614272927
0.142986,0.24079481,-0.09780880767250061,0.09780880767250061,68.404464495892
2.379362,2.4770806,-0.09771858357238772,0.09771858357238772,4.10692377066965
3.069224,2.9715374,0.09768664839172381,0.09768664839172381,3.1827800248056515
2.177493,2.2751372,-0.09764418605041492,0.09764418605041492,4.484247988210785
1.46966,1.567296,-0.09763602813720706,0.09763602813720706,6.643443254260416
0.204307,0.30191997,-0.09761296693611146,0.09761296693611146,47.77759297935649
0.189488,0.28708485,-0.09759684768867494,0.09759684768867494,51.505555833176444
0.057675,0.15512256,-0.09744756324291229,0.09744756324291229,168.95979726736454
0.456221,0.553622,-0.09740100736999513,0.09740100736999513,21.349523005000997
9.447581,9.544858,-0.09727697882080122,0.09727697882080122,1.0296495877597829
0.097391,0.19459614,-0.09720514157676696,0.09720514157676696,99.80916252729493
1.08676,0.9896555,0.09710450531005854,0.09710450531005854,8.935229977283237
0.01825,0.11533041,-0.09708041298389435,0.09708041298389435,531.9474654901198
0.686304,0.7833505,-0.09704652728652952,0.09704652728652952,14.140457766877223
1.890085,1.9870759,-0.09699092487335204,0.09699092487335204,5.13156418193999
0.205869,0.30277678,-0.0969077837047577,0.0969077837047577,47.072547910411544
0.515931,0.61268175,-0.09675074648284909,0.09675074648284909,18.75265228569255
0.260396,0.35710844,-0.09671244397544859,0.09671244397544859,37.140525944449244
0.067893,0.16445535,-0.0965623542137146,0.0965623542137146,142.2272606476181
0.053024,0.1495371,-0.0965131013879776,0.0965131013879776,182.01776781449877
0.056736,0.15318863,-0.09645263093852996,0.09645263093852996,170.00252180014
0.01895,0.11533041,-0.09638041298389435,0.09638041298389435,508.6037597640664
0.361067,0.45732352,-0.0962565213756561,0.0962565213756561,26.65890855409029
0.653577,0.7497269,-0.0961498915176392,0.0961498915176392,14.711333401103142
8.917601,8.821501,0.09610022180175726,0.09610022180175726,1.077646575583272
0.23876,0.33484054,-0.09608053611755371,0.09608053611755371,40.24147096553536
2.787976,2.8840117,-0.09603574545288085,0.09603574545288085,3.444640321489002
3.524936,3.4289873,0.09594873536682114,0.09594873536682114,2.7219993601046695
0.070689,0.16643135,-0.09574235249614715,0.09574235249614715,135.44165621342148
5.874477,5.7787695,0.09570750689697238,0.09570750689697238,1.6292089814181447
0.599905,0.69554305,-0.09563805076599119,0.09563805076599119,15.942199306565035
0.053947,0.1495371,-0.0955901013879776,0.0955901013879776,177.19261721835315
2.634166,2.7296765,-0.0955104850616455,0.0955104850616455,3.6258339473677688
1.059793,1.1551238,-0.09533082984161378,0.09533082984161378,8.995231128401352
0.305135,0.4004612,-0.09532619689941407,0.09532619689941407,31.24066294203333
0.200221,0.29552695,-0.09530595155143737,0.09530595155143737,47.600377334963355
0.367229,0.4625139,-0.09528489384269712,0.09528489384269712,25.946995966209123
2.339174,2.43419,-0.09501603486633314,0.09501603486633314,4.061948143330561
0.3669,0.46190512,-0.09500512180328369,0.09500512180328369,25.894009751264562
2.844963,2.939868,-0.09490497332763681,0.09490497332763681,3.335894819169913
1.256115,1.1612822,0.09483281826019296,0.09483281826019296,7.549692365161093
0.042637,0.13742529,-0.09478828855800628,0.09478828855800628,222.31462892720324
3.166073,3.071335,0.09473792271423331,0.09473792271423331,2.9922848497568135
0.600917,0.6956021,-0.09468511896896359,0.09468511896896359,15.756771559667444
0.437779,0.53218263,-0.09440363387680056,0.09440363387680056,21.56422164042504
0.491095,0.58543843,-0.09434343030929565,0.09434343030929565,19.21083095736768
0.115151,0.20948522,-0.09433421792888641,0.09433421792888641,81.92218725583297
0.800611,0.8949,-0.09428902393722538,0.09428902393722538,11.777133205195563
2.862889,2.957171,-0.0942819632873535,0.0942819632873535,3.293245504246244
0.519668,0.61367875,-0.09401075337600706,0.09401075337600706,18.09054114509966
3.515159,3.4211583,0.09400068624877944,0.09400068624877944,2.67415175945399
0.403856,0.4977588,-0.09390280575180054,0.09390280575180054,23.251556428169692
0.115829,0.20964009,-0.09381108569717407,0.09381108569717407,80.99101746210626
0.631757,0.72505397,-0.09329696604537963,0.09329696604537963,14.767856316686917
0.301624,0.39490387,-0.09327986843681335,0.09327986843681335,30.92587738571449
0.342262,0.43544346,-0.09318146094131469,0.09318146094131469,27.225184482673946
12.464131,12.557255,-0.09312379125976555,0.09312379125976555,0.7471342467358408
0.422439,0.51551586,-0.09307686389541625,0.09307686389541625,22.033208078180056
3.820623,3.9136508,-0.09302775111389172,0.09302775111389172,2.434884339843445
2.157642,2.2506328,-0.09299076290893549,0.09299076290893549,4.309832813072124
3.067941,3.1608114,-0.09287042425537129,0.09287042425537129,3.0271254972746924
1.452633,1.3597801,0.09285292683410651,0.09285292683410651,6.392043057517932
2.447152,2.5399954,-0.09284343190002442,0.09284343190002442,3.7939380919628403
5.460525,5.553288,-0.0927629829406742,0.0927629829406742,1.6987923860613294
1.207233,1.2998381,-0.09260506610107422,0.09260506610107422,7.67085277600955
18.081009,18.173544,-0.09253493005370927,0.09253493005370927,0.5117796802888461
0.512056,0.60450494,-0.09244894289398198,0.09244894289398198,18.054459448952365
1.241497,1.3339276,-0.09243063137817376,0.09243063137817376,7.4450950240498885
1.345182,1.2528,0.09238201220703135,0.09238201220703135,6.867621793940428
16.209214,16.301329,-0.09211465905761784,0.09211465905761784,0.5682857852148141
0.205805,0.297874,-0.09206900364875795,0.09206900364875795,44.736038290625544
8.78176,8.873821,-0.09206125854492164,0.09206125854492164,1.0483235540924976
0.639502,0.7314724,-0.09197037300872801,0.09197037300872801,14.381561432856573
0.086456,0.17831849,-0.09186248561763763,0.09186248561763763,106.25345321479618
0.165168,0.2570276,-0.09185959623527526,0.09185959623527526,55.61585548027427
10.483977,10.57582,-0.09184296917724666,0.09184296917724666,0.8760317690163822
1.101848,1.1936586,-0.09181059031677252,0.09181059031677252,8.332418837120919
3.888367,3.796577,0.09179002322387708,0.09179002322387708,2.360631679610398
13.127157,13.21856,-0.09140321881103475,0.09140321881103475,0.6962910461902638
8.60349,8.512122,0.0913678457641609,0.0913678457641609,1.0619858425255206
0.047557,0.13872518,-0.09116817645359039,0.09116817645359039,191.7029591056783
0.064643,0.15578504,-0.09114203906726837,0.09114203906726837,140.99289780219894
5.556926,5.4658203,0.09110568749999981,0.09110568749999981,1.639497943617754
1.280217,1.1891296,0.09108740901184076,0.09108740901184076,7.114997614054943
0.113315,0.20437412,-0.09105911963939667,0.09105911963939667,80.35928125935436
0.447753,0.5387288,-0.09097577359390258,0.09097577359390258,20.318294589558146
12.286142,12.195168,0.09097445849609365,0.09097445849609365,0.7404639999712944
0.869674,0.96055955,-0.0908855469474793,0.0908855469474793,10.450530536388207
1.40299,1.4936662,-0.09067617202758793,0.09067617202758793,6.4630661673372485
0.850208,0.75961304,0.09059496289062496,0.09059496289062496,10.655623433320946
3.831354,3.9216285,-0.09027447518920884,0.09027447518920884,2.3562029294827003
2.596266,2.686399,-0.09013298300170902,0.09013298300170902,3.471638999942124
0.544434,0.6343074,-0.08987338449096682,0.08987338449096682,16.50767300985228
2.620924,2.7107809,-0.08985685899353024,0.08985685899353024,3.4284419918357725
0.952283,1.042053,-0.08976998423767091,0.08976998423767091,9.42681789218584
0.415973,0.5056953,-0.08972228341293337,0.08972228341293337,21.569256512168845
1.42292,1.5125711,-0.08965109642028812,0.08965109642028812,6.300501533043855
0.040921,0.13056172,-0.0896407243051529,0.0896407243051529,219.057999770521
0.22343,0.3129798,-0.08954978758811952,0.08954978758811952,40.079571923215305
1.158605,1.2479854,-0.08938036300659169,0.08938036300659169,7.714481035286158
0.311654,0.40087113,-0.08921712784385682,0.08921712784385682,28.626979860752584
0.027931,0.11712206,-0.08919106155061722,0.08919106155061722,319.3264159224188
2.598754,2.509587,0.08916695051574708,0.08916695051574708,3.431142405641932
31.88717,31.976086,-0.08891566284179575,0.08891566284179575,0.27884463513543817
0.85313,0.7642271,0.08890290773391729,0.08890290773391729,10.4207925783288
1.190958,1.279778,-0.08882000369262699,0.08882000369262699,7.4578619636602745
2.042853,2.1315918,-0.08873879687499997,0.08873879687499997,4.343865998711415
0.232544,0.32123718,-0.08869317665672302,0.08869317665672302,38.14038488139132
1.29042,1.2017473,0.08867270175933828,0.08867270175933828,6.871615578839964
1.321364,1.4100218,-0.08865778192138674,0.08865778192138674,6.709565412307068
2.082558,2.1712124,-0.08865443476867663,0.08865443476867663,4.25699715275251
0.133164,0.22175334,-0.08858934393978118,0.08858934393978118,66.52649655556658
0.329838,0.41835174,-0.08851373964500425,0.08851373964500425,26.835519139143678
0.577896,0.66631246,-0.08841645613098148,0.08841645613098148,15.29971761626344
5.282962,5.371233,-0.08827098645019493,0.08827098645019493,1.670861657693621
0.434624,0.5227682,-0.08814419944381713,0.08814419944381713,20.280564217239856
0.046547,0.13458069,-0.08803368668842315,0.08803368668842315,189.1285936779912
20.385404,20.29739,0.08801401586914182,0.08801401586914182,0.43175016727021975
0.126279,0.21428958,-0.0880105758152008,0.0880105758152008,69.69533789902158
0.412961,0.5009532,-0.08799219747924802,0.08799219747924802,21.307628918454864
4.222958,4.134978,0.08798018246459982,0.08798018246459982,2.0833781075378073
0.739277,0.65129817,0.08797883467864986,0.08797883467864986,11.900658977183005
0.965685,1.0536361,-0.0879510740661621,0.0879510740661621,9.107635932737326
1.775009,1.862775,-0.08776596814727777,0.08776596814727777,4.944536514594192
0.22435,0.3119752,-0.08762521090507508,0.08762521090507508,39.057370566533415
1.023788,0.936313,0.08747502650070182,0.08747502650070182,8.544251983043127
1.179667,1.2670747,-0.08740770417022703,0.08740770417022703,7.409523548833484
0.592197,0.5048257,0.0873712887496948,0.0873712887496948,14.753754026943913
0.060878,0.14823724,-0.08735924329471588,0.08735924329471588,143.49887176191237
8.691805,8.779132,-0.08732688934326127,0.08732688934326127,1.0047037334852376
0.15074,0.2380508,-0.08731080354213713,0.08731080354213713,57.9214564708874
0.483598,0.57083446,-0.08723645787429812,0.08723645787429812,18.039044383198252
1.725514,1.8127422,-0.0872282332763672,0.0872282332763672,5.055202871220517
0.738937,0.8261192,-0.0871821844940186,0.0871821844940186,11.798324414966402
0.281586,0.36873835,-0.08715235325241089,0.08715235325241089,30.950527803747473
0.016859,0.103983775,-0.08712477478122711,0.08712477478122711,516.7849472948702
0.373888,0.46085787,-0.08696986819458008,0.08696986819458008,23.260941290257815
10.853963,10.767039,0.08692370098876978,0.08692370098876978,0.8008475889218429
0.661218,0.74788,-0.08666198199462893,0.08666198199462893,13.10641603548641
0.828774,0.9153992,-0.0866251937637329,0.0866251937637329,10.452209378344481
0.201247,0.2878308,-0.08658379981803893,0.08658379981803893,43.0236474456838
6.197526,6.284039,-0.08651302053833021,0.08651302053833021,1.3959283194122023
0.633561,0.7199477,-0.08638669573211666,0.08638669573211666,13.635103126373238
0.680827,0.76714724,-0.08632024302291874,0.08632024302291874,12.678733806126964
0.027296,0.113529034,-0.0862330339589119,0.0862330339589119,315.918206488107
4.45165,4.537705,-0.08605494461059582,0.08605494461059582,1.9331022117341372
2.810207,2.8961802,-0.08597315289306628,0.08597315289306628,3.0593174413844593
0.53194,0.617765,-0.08582500940322879,0.08582500940322879,16.13434022391519
0.070985,0.15678953,-0.08580452634334564,0.08580452634334564,120.87698277448567
0.675591,0.76137346,-0.08578246029281611,0.08578246029281611,12.697395359043965
0.031357,0.11712206,-0.08576506155061722,0.08576506155061722,273.51169205314767
0.32263,0.40838528,-0.08575527679443362,0.08575527679443362,26.58006904747034
0.473831,0.5595371,-0.0857061127128601,0.0857061127128601,18.08790743846903
4.63663,4.722293,-0.08566290008544897,0.08566290008544897,1.8475250361491309
0.322827,0.40830302,-0.08547602238464358,0.08547602238464358,26.47734618175253
2.583731,2.669195,-0.08546393675231911,0.08546393675231911,3.3077722390222255
0.191063,0.2764518,-0.08538879629325866,0.08538879629325866,44.69143489245286
0.163531,0.2489045,-0.0853734964313507,0.0853734964313507,52.20630729289516
1.023103,1.1084102,-0.08530723921966543,0.08530723921966543,8.33808904981486
0.847274,0.7620129,0.08526110107803342,0.08526110107803342,10.062990374774918
0.889432,0.8042351,0.08519689925384522,0.08519689925384522,9.578798519084812
1.06415,1.1490872,-0.08493719062805183,0.08493719062805183,7.981693428564595
6.455594,6.3706775,0.08491652883911094,0.08491652883911094,1.3153945064977064
0.169289,0.25415468,-0.08486568215942383,0.08486568215942383,50.13065356242472
0.019192,0.103983775,-0.08479177478122711,0.08479177478122711,441.8079113141892
2.329442,2.4141886,-0.08474662342834494,0.08474662342834494,3.638065400413785
0.594372,0.5096585,0.08471348454666139,0.08471348454666139,14.252603509655366
2.072461,1.9877654,0.08469556859588634,0.08469556859588634,4.086714712209282
0.333109,0.41772455,-0.08461554977035524,0.08461554977035524,25.401760308173444
0.467342,0.55195576,-0.08461375952529909,0.08461375952529909,18.10531891145965
0.060748,0.14495496,-0.08420696451854706,0.08420696451854706,138.6168505628666
1.067324,1.1512882,-0.08396415174102789,0.08396415174102789,7.866791314836085
20.374053,20.29012,0.08393382885742184,0.08393382885742184,0.411964319799354
0.05354,0.13742529,-0.08388528855800628,0.08388528855800628,156.6777893188803
6.64512,6.7288756,-0.083755637054443,0.083755637054443,1.260408195084251
0.288674,0.372335,-0.08366098692512514,0.08366098692512514,28.981129889128916
0.20618,0.28977144,-0.0835914376449585,0.0835914376449585,40.542941897572774
0.473882,0.5574528,-0.08357079788970945,0.08357079788970945,17.635360252567956
4.11411,4.197558,-0.08344792617797836,0.08344792617797836,2.0283348324655885
3.639145,3.555951,0.08319388153076179,0.08319388153076179,2.2860831741652423
1.179216,1.2623917,-0.08317568643951412,0.08317568643951412,7.053473361323171
2.097504,2.1806533,-0.08314933366394062,0.08314933366394062,3.9642038184421304
0.706304,0.7892506,-0.08294661225891109,0.08294661225891109,11.743755131949888
0.556079,0.47323865,0.08284035301589965,0.08284035301589965,14.89722737255002
0.120053,0.20289317,-0.08284016773414611,0.08284016773414611,69.00299673072986
0.531177,0.61401707,-0.08284006933975219,0.08284006933975219,15.595567828455792
2.679614,2.5969355,0.08267848936462396,0.08267848936462396,3.085462658485084
1.177135,1.2597945,-0.08265947364807125,0.08265947364807125,7.022089534424612
1.039415,0.95675826,0.08265673927307127,0.08265673927307127,7.952236523921536
0.467702,0.55011386,-0.08241185679244994,0.08241185679244994,17.62059105473771
0.026632,0.108975925,-0.08234392455148697,0.08234392455148697,309.19166507320256
6.390684,6.308359,0.08232485388183619,0.08232485388183619,1.2882009794342513
0.856427,0.9386764,-0.08224941687393184,0.08224941687393184,9.603786062831746
0.1684,0.25061345,-0.08221345100402833,0.08221345100402833,48.820339047035624
1.239327,1.3214906,-0.0821636454086303,0.0821636454086303,6.629698651122795
0.564386,0.6465122,-0.08212621036911005,0.08212621036911005,14.55142586006007
3.1591,3.2412055,-0.08210545387268064,0.08210545387268064,2.599014082177887
7.079369,7.1613965,-0.08202750344848653,0.08202750344848653,1.1586838240431858
0.035232,0.11712206,-0.08189006155061722,0.08189006155061722,232.43091881864868
0.322367,0.40422752,-0.08186052499580382,0.08186052499580382,25.39358090946351
2.495072,2.576873,-0.08180106404113774,0.08180106404113774,3.27850515086776
0.035425,0.11712206,-0.08169706155061722,0.08169706155061722,230.6197920112842
4.297907,4.216228,0.0816789917297367,0.0816789917297367,1.9004364619298708
0.552269,0.6339106,-0.08164159637069701,0.08164159637069701,14.782940262066868
0.125441,0.20706828,-0.08162727938556671,0.08162727938556671,65.07224856346367
0.621539,0.7031625,-0.08162349132156377,0.08162349132156377,13.132481036335818
0.278339,0.35992536,-0.08158635948753357,0.08158635948753357,29.31186770744369
0.38922,0.47077337,-0.08155336907386779,0.08155336907386779,20.953026322623387
0.306297,0.38778126,-0.08148426239776613,0.08148426239776613,26.603023330676795
0.156144,0.23756014,-0.08141613810634613,0.08141613810634613,52.14170128484247
0.670718,0.7520345,-0.08131648534011837,0.08131648534011837,12.123796487941963
1.612056,1.6932865,-0.08123053812408454,0.08123053812408454,5.038940217898484
0.644792,0.7259804,-0.0811884010391235,0.0811884010391235,12.591409481899912
1.064921,1.1460192,-0.08109822035217285,0.08109822035217285,7.615421270174728
2.985058,2.9040995,0.08095853558349608,0.08095853558349608,2.7121260484983525
0.563824,0.6447449,-0.08092087304687501,0.08092087304687501,14.352151208980615
0.779416,0.86029726,-0.08088126266860962,0.08088126266860962,10.377162216099292
0.144889,0.22568373,-0.08079473382091523,0.08079473382091523,55.76319373116802
0.036336,0.11712206,-0.08078606155061721,0.08078606155061721,222.3306399391418
0.101545,0.18228474,-0.08073974259376526,0.08073974259376526,79.51129303683487
0.19071,0.27142692,-0.08071691612243653,0.08071691612243653,42.32442770704845
0.727956,0.8086717,-0.08071571287536616,0.08071571287536616,11.08799334908678
0.405321,0.48579317,-0.08047217331314088,0.08047217331314088,19.853936335222443
0.205116,0.2854613,-0.08034530657196046,0.08034530657196046,39.17066758945659
3.816928,3.8970516,-0.08012357279968274,0.08012357279968274,2.0991638510756183
0.027247,0.10721175,-0.07996474627542496,0.07996474627542496,293.48091893398924
1.170398,1.2503608,-0.07996284651947017,0.07996284651947017,6.832107241522803
2.721757,2.8016977,-0.0799407310180662,0.0799407310180662,2.9371002266230635
14.689702,14.769512,-0.0798101765136714,0.0798101765136714,0.5433069814018562
1.624745,1.704483,-0.0797380322265624,0.0797380322265624,4.907725964483944
0.043007,0.122741744,-0.07973474392223359,0.07973474392223359,185.39945529061347
0.135784,0.21548319,-0.0796991886291504,0.0796991886291504,58.69556690807079
0.157947,0.23756014,-0.07961313810634613,0.07961313810634613,50.40497005700719
0.726883,0.80645657,-0.07957356585693365,0.07957356585693365,10.947231651584426
0.021789,0.10125109,-0.07946208808279037,0.07946208808279037,364.6890069213886
0.090805,0.1700824,-0.07927740520954132,0.07927740520954132,87.30510998539312
1.465736,1.5447503,-0.0790143328323365,0.0790143328323365,5.390761557807528
0.915853,0.8370077,0.07884529860305789,0.07884529860305789,8.608946915547467
3.216726,3.1379588,0.07876723497009275,0.07876723497009275,2.4486771632910007
0.164321,0.24302652,-0.07870552478218079,0.07870552478218079,47.897423174325475
0.028527,0.10721175,-0.07868474627542496,0.07868474627542496,275.8255196817031
0.044013,0.12255964,-0.07854663683128357,0.07854663683128357,178.4623557876564
1.927005,1.8484728,0.07853216636657723,0.07853216636657723,4.075348344321986
0.799961,0.8783506,-0.07838961550140378,0.07838961550140378,9.79917964645834
0.144845,0.2230569,-0.07821189752101898,0.07821189752101898,53.99696052126205
1.349705,1.427916,-0.07821104995727546,0.07821104995727546,5.794677351827309
0.04725,0.12529005,-0.07804005110263824,0.07804005110263824,165.16412896819918
1.57271,1.650736,-0.07802597431182856,0.07802597431182856,4.961243605424224
0.071375,0.14936014,-0.07798513519763947,0.07798513519763947,109.26113497496091
0.821386,0.89927346,-0.0778874551429749,0.0778874551429749,9.482442497618958
0.490628,0.41275474,0.07787325570869447,0.07787325570869447,15.872158884699264
1.405554,1.4833717,-0.07781773461914065,0.07781773461914065,5.536445744069898
0.885742,0.96353364,-0.07779163990783688,0.07779163990783688,8.782652273354344
1.727684,1.6499525,0.07773146913909912,0.07773146913909912,4.499171673442594
0.415519,0.4931561,-0.07763710527992246,0.07763710527992246,18.68436949002045
0.351213,0.4287819,-0.0775688968296051,0.0775688968296051,22.085998185579435
0.039588,0.11712206,-0.07753406155061722,0.07753406155061722,195.85243345146205
0.804392,0.8819039,-0.07751188679504395,0.07751188679504395,9.636083748397283
0.261087,0.33854485,-0.07745784558105467,0.07745784558105467,29.66744631153111
0.029313,0.10649607,-0.07718307330560684,0.07718307330560684,263.30663201412415
0.131602,0.20868552,-0.0770835173110962,0.0770835173110962,58.573211085335316
0.090522,0.16750644,-0.07698444147396087,0.07698444147396087,85.0450071683302
2.841042,2.9178145,-0.07677249317932144,0.07677249317932144,2.7022653370354677
0.339023,0.41576636,-0.0767433583755493,0.0767433583755493,22.636622988090092
4.310435,4.3871694,-0.07673436111450194,0.07673436111450194,1.7801999360324825
0.089098,0.16565564,-0.07655764274787903,0.07655764274787903,85.92520894066514
0.023032,0.09956561,-0.07653361028957367,0.07653361028957367,332.2925058930235
1.413115,1.4896374,-0.07652237487792979,0.07652237487792979,5.41515551618337
0.146412,0.22289874,-0.0764867365961075,0.0764867365961075,52.24075659363081
0.030726,0.10721175,-0.07648574627542495,0.07648574627542495,248.9284190148296
1.122755,1.1991036,-0.076348593826294,0.076348593826294,6.800111673472298
2.413882,2.490184,-0.07630206867980949,0.07630206867980949,3.160969288335077
0.846353,0.9226228,-0.07626979987335203,0.07626979987335203,9.011582621475961
0.026394,0.10265864,-0.07626463686800003,0.07626463686800003,288.9468689060133
0.868651,0.944898,-0.07624700930023198,0.07624700930023198,8.77763443447994
1.315346,1.3915102,-0.0761642481842042,0.0761642481842042,5.7904344695930785
6.460709,6.5368395,-0.07613048516845744,0.07613048516845744,1.1783611545927712
9.863052,9.939165,-0.0761131153564456,0.0761131153564456,0.7716994228122686
0.300368,0.37615395,-0.07578594592285154,0.07578594592285154,25.231031900076072
5.774854,5.8504996,-0.07564562997436486,0.07564562997436486,1.3099141549388944
0.027226,0.10265864,-0.07543263686800003,0.07543263686800003,277.0610320683868
1.547798,1.4726607,0.07513733925628663,0.07513733925628663,4.854466748983534
0.020882,0.096002236,-0.0751202360086441,0.0751202360086441,359.73678598269953
0.0967,0.17178383,-0.07508383469581605,0.07508383469581605,77.64615782644249
0.402852,0.47785985,-0.07500785469818116,0.07500785469818116,18.619208711775528
0.983936,1.0589275,-0.07499153601074215,0.07499153601074215,7.621586770188363
0.432831,0.50781083,-0.07497983106994627,0.07497983106994627,17.323119428281046
0.332351,0.40723917,-0.07488816888236999,0.07488816888236999,22.53285498158186
0.344761,0.41952792,-0.07476691810035707,0.07476691810035707,21.68659392410118
30.072937,29.998173,0.07476423999023396,0.07476423999023396,0.24860970509792696
0.074952,0.14963998,-0.07468797900485992,0.07468797900485992,99.64774643133228
0.19726,0.27189335,-0.07463335227012635,0.07463335227012635,37.83501583305857
0.546577,0.6210164,-0.07443938317108156,0.07443938317108156,13.619194213708658
1.307517,1.233103,0.07441396311950688,0.07441396311950688,5.69124249350606
4.288107,4.2137475,0.0743594986267091,0.0743594986267091,1.734086827240435
30.15821,30.083946,0.07426377197265666,0.07426377197265666,0.2462472804997724
0.1493,0.22352614,-0.07422613508701326,0.07422613508701326,49.71609848445892
0.046883,0.121089004,-0.07420600398015975,0.07420600398015975,158.27912851541203
0.123846,0.19802868,-0.07418268366241455,0.07418268366241455,59.899135702820786
6.268198,6.3423758,-0.07417775531005866,0.07417775531005866,1.1833984074669508
2.290737,2.2166982,0.07403883029174807,0.07403883029174807,3.2320964950806648
0.552058,0.62609345,-0.07403544720840449,0.07403544720840449,13.410809587940701
1.014427,0.94050837,0.07391863436889645,0.07391863436889645,7.286737671770341
0.018533,0.09236042,-0.07382742201519013,0.07382742201519013,398.3565618994958
0.028834,0.10265864,-0.07382463686800003,0.07382463686800003,256.0332822777511
3.296085,3.3698957,-0.0738106966400145,0.0738106966400145,2.239344453731477
0.662203,0.73590523,-0.07370223004531862,0.07370223004531862,11.12985444556862
0.72122,0.7945432,-0.07332320669174197,0.07332320669174197,10.166552048137243
0.552758,0.6260621,-0.07330409516525271,0.07330409516525271,13.261516821464584
0.122339,0.19554344,-0.07320443819618225,0.07320443819618225,59.837368407739866
14.518496,14.445385,0.07311102075195386,0.07311102075195386,0.5035715872460225
0.039307,0.11239838,-0.07309137855100631,0.07309137855100631,185.95003018560632
1.882658,1.9556015,-0.07294345378112799,0.07294345378112799,3.87449307188313
1.059897,0.9869783,0.07291870753479013,0.07291870753479013,6.879791859766593
0.067966,0.14084823,-0.07288223429584503,0.07288223429584503,107.23337284614611
1.203843,1.2765311,-0.07268810027313233,0.07268810027313233,6.0380049779825375
0.028742,0.101326264,-0.07258426444101333,0.07258426444101333,252.53727711528794
1.602371,1.6749082,-0.07253716116333009,0.07253716116333009,4.526864325353069
6.228277,6.3006997,-0.07242271084594698,0.07242271084594698,1.1628049112906214
0.132926,0.20527968,-0.072353678106308,0.072353678106308,54.43154691473184
0.150572,0.22289874,-0.07232673659610747,0.07232673659610747,48.03465222489759
0.02264,0.094952464,-0.07231246410369874,0.07231246410369874,319.4013418034337
0.022644,0.094952464,-0.07230846410369873,0.07230846410369873,319.32725571617857
2.203359,2.2756314,-0.07227242776489273,0.07227242776489273,3.2801022330728964
0.546822,0.6190279,-0.0722059126167297,0.0722059126167297,13.204646594966013
0.192473,0.26465365,-0.07218065290641784,0.07218065290641784,37.5017030279136
2.015903,2.0880525,-0.07214951121521018,0.07214951121521018,3.5790170068515788
0.055739,0.12788646,-0.07214745923137665,0.07214745923137665,129.43802203473084
3.039625,2.9675615,0.07206351661682131,0.07206351661682131,2.3708028659604556
0.205187,0.27713805,-0.07195105437088012,0.07195105437088012,35.06608817118727
0.152297,0.22424674,-0.07194974034118654,0.07194974034118654,47.24304503302329
0.434519,0.50641125,-0.07189225440597535,0.07189225440597535,16.545249894580007
0.725524,0.797405,-0.07188100450134283,0.07188100450134283,9.907460606600935
0.172351,0.24421787,-0.0718668726196289,0.0718668726196289,41.697972496783265
0.245012,0.3168185,-0.07180650552558898,0.07180650552558898,29.307342291921064
0.042043,0.113849156,-0.07180615560483933,0.07180615560483933,170.7921780892114
0.565586,0.63721305,-0.07162705131912228,0.07162705131912228,12.664219288747963
14.335453,14.263836,0.07161709301757746,0.07161709301757746,0.4995802575410619
3.144879,3.07328,0.07159890394592283,0.07159890394592283,2.2766823125355904
0.172936,0.2444964,-0.0715604051246643,0.0715604051246643,41.37970410052539
14.037022,14.10856,-0.07153760845947232,0.07153760845947232,0.5096352236176782
2.611058,2.6825712,-0.07151317271423352,0.07151317271423352,2.738858068702214
1.588473,1.6599793,-0.07150634341430662,0.07150634341430662,4.50157751562696
0.048866,0.12033867,-0.07147267090940476,0.07147267090940476,146.26257676736827
3.117288,3.0458164,0.07147157849121077,0.07147157849121077,2.2927486484700172
0.035484,0.106708124,-0.07122412427997589,0.07122412427997589,200.72180159861932
5.54429,5.4731126,0.07117741683959977,0.07117741683959977,1.2837967862127697
10.013227,10.084364,-0.07113693737792914,0.07113693737792914,0.7104296884233096
23.943239,23.872158,0.07108094946288901,0.07108094946288901,0.2968727391586082
0.793538,0.8645731,-0.07103512107086185,0.07103512107086185,8.95169746904498
0.03713,0.10806859,-0.07093859284639359,0.07093859284639359,191.05465299040918
2.749,2.819869,-0.07086904144287098,0.07086904144287098,2.577993504557766
0.026603,0.09740555,-0.0708025528640747,0.0708025528640747,266.1449934140124
0.025326,0.096002236,-0.0706762360086441,0.0706762360086441,279.0659232787577
2.50783,2.4371634,0.07066664703369119,0.07066664703369119,2.817840405086204
0.088254,0.1588083,-0.07055430585956574,0.07055430585956574,79.94459829539868
0.0376,0.10806859,-0.07046859284639359,0.07046859284639359,187.4164698377051
3.994983,3.9245276,0.07045535488891597,0.07045535488891597,1.7635958622890853
0.045126,0.115495406,-0.07036940609121323,0.07036940609121323,155.93982612080265
1.99603,1.9257749,0.07025506809234616,0.07025506809234616,3.5197400885170276
0.044869,0.11512334,-0.07025433899736405,0.07025433899736405,156.57656475693128
0.521683,0.59179324,-0.0701102391166687,0.0701102391166687,13.439241666534935
0.038403,0.10846929,-0.07006629252147675,0.07006629252147675,182.45004905613285
0.036251,0.10629908,-0.07004807995462417,0.07004807995462417,193.2307515969033
0.033159,0.10305842,-0.06989942012166978,0.06989942012166978,210.80074764277882
0.05625,0.12604553,-0.06979552507400513,0.06979552507400513,124.08093324430969
0.02532,0.095026165,-0.0697061652469635,0.0697061652469635,275.3008095247342
0.440082,0.5096585,-0.06957651545333865,0.06957651545333865,15.809898027533222
0.390236,0.4597576,-0.06952159625434873,0.06952159625434873,17.815269794825042
0.263827,0.3333397,-0.0695126911621094,0.0695126911621094,26.34783063741072
0.403871,0.4733822,-0.06951120477104189,0.06951120477104189,17.21123941898048
0.179244,0.24868566,-0.06944165797805787,0.06944165797805787,38.74141278888914
0.102911,0.17231952,-0.06940851653957367,0.06940851653957367,67.44518707633634
6.764943,6.6956277,0.06931531063842744,0.06931531063842744,1.0246251984296515
0.994527,0.92524576,0.06928123812866216,0.06928123812866216,6.966250098961205
0.324079,0.39335197,-0.06927297210311889,0.06927297210311889,21.375335051559514
0.047649,0.116879754,-0.06923075376844406,0.06923075376844406,145.29319319010025
6.300853,6.231709,0.06914399655151371,0.06914399655151371,1.0973751736537312
6.456997,6.387917,0.06907995822143587,0.06907995822143587,1.0698465280433924
0.22523,0.29426286,-0.06903285624504088,0.06903285624504088,30.64993838049591
1.956799,2.025701,-0.06890204598999028,0.06890204598999028,3.521161140539683
0.019801,0.08863606,-0.06883506303930283,0.06883506303930283,347.6342744895134
0.237137,0.3056376,-0.06850059803771974,0.06850059803771974,28.886507803013966
0.031605,0.100052625,-0.0684476249408722,0.0684476249408722,216.57213961177044
0.284412,0.35278752,-0.06837552446174622,0.06837552446174622,24.041012488117662
0.978079,0.9098154,0.06826362896347049,0.06826362896347049,6.979357388972786
1.695972,1.7641968,-0.06822475350189205,0.06822475350189205,4.02275235073865
1.153091,1.2210897,-0.0679987207260131,0.0679987207260131,5.8970819059481006
2.80536,2.7374609,0.06789914833068833,0.06789914833068833,2.4203363678197447
0.294551,0.36239654,-0.06784553825759887,0.06784553825759887,23.03354537399816
0.142097,0.20964009,-0.06754308569717407,0.06754308569717407,47.53308349200967
0.021142,0.08863606,-0.06749406303930283,0.06749406303930283,319.241617255043
0.372838,0.4403113,-0.06747331267547607,0.06747331267547607,18.097219880317684
0.293125,0.36055046,-0.06742546319961545,0.06742546319961545,23.002290209505556
0.290846,0.35817578,-0.06732978434944153,0.06732978434944153,23.149633939023367
0.473156,0.54044926,-0.06729326166534422,0.06729326166534422,14.222214586969626
0.284219,0.3515121,-0.06729310427284241,0.06729310427284241,23.676497436542213
7.826401,7.89368,-0.0672790956726077,0.0672790956726077,0.8596428380266748
0.062081,0.1291958,-0.06711479446315766,0.06711479446315766,108.10842988200775
0.818348,0.885407,-0.06705897097778324,0.06705897097778324,8.194432071635639
0.497776,0.564788,-0.06701198389434815,0.06701198389434815,13.462276984202909
0.120662,0.1876463,-0.06698429960060119,0.06698429960060119,55.51399740190548
0.028522,0.09548716,-0.06696516247081757,0.06696516247081757,234.7842445692214
11.945947,12.012889,-0.06694190838623015,0.06694190838623015,0.5603733917927961
0.181738,0.24864584,-0.06690784207534789,0.06690784207534789,36.81554877820397
0.442831,0.5096585,-0.06682751545333865,0.06682751545333865,15.090974985547009
0.024636,0.09144909,-0.06681308934831619,0.06681308934831619,271.20104350184744
12.10207,12.168795,-0.06672463195800837,0.06672463195800837,0.551348917643486
1.667357,1.7338974,-0.06654044758605959,0.06654044758605959,3.9907738763845306
0.081703,0.14823724,-0.06653424329471588,0.06653424329471588,81.43427195241499
0.018472,0.0848075,-0.06633550024318695,0.06633550024318695,359.1137932225701
0.061958,0.12827864,-0.06632064289283753,0.06632064289283753,107.04129052873921
0.052241,0.11852656,-0.06628556304836272,0.06628556304836272,126.884177028538
0.683038,0.6168114,0.06622660530853275,0.06622660530853275,9.695888852280087
0.334112,0.40026057,-0.06614856766510008,0.06614856766510008,19.79832141476563
0.127969,0.19411357,-0.06614456747150421,0.06614456747150421,51.687961474901144
0.036528,0.10265864,-0.06613063686800003,0.06613063686800003,181.04094581405795
24.009805,23.943811,0.0659935833740235,0.0659935833740235,0.2748609718977253
0.230842,0.29682982,-0.06598781967926026,0.06598781967926026,28.58570782209241
0.352959,0.41893014,-0.06597114311790464,0.06597114311790464,18.690879988671135
0.095474,0.16140471,-0.06593071398830413,0.06593071398830413,69.05619741421532
0.019513,0.085439295,-0.0659262945766449,0.0659262945766449,337.8583213180268
0.039839,0.1057289,-0.06588990192270279,0.06588990192270279,165.39045095838836
0.051246,0.11706348,-0.0658174776353836,0.0658174776353836,128.43437050101323
2.397765,2.4634967,-0.06573168502807603,0.06573168502807603,2.7413731131005186
0.805596,0.8712803,-0.065684312538147,0.065684312538147,8.153505296698778
0.030053,0.0957028,-0.06564979717445374,0.06564979717445374,218.44673395669983
0.296826,0.36239654,-0.0655705382575989,0.0655705382575989,22.090564248249255
0.021151,0.08666946,-0.06551845993900299,0.06551845993900299,309.7653048519582
1.01145,0.9459349,0.06551510829925533,0.06551510829925533,6.477345226435116
0.259368,0.32487962,-0.06551161649894716,0.06551161649894716,25.258172354989426
0.020813,0.0862803,-0.06546730121326447,0.06546730121326447,314.5500451579033
1.188689,1.2540922,-0.06540321649169911,0.06540321649169911,5.502130202786177
2.128065,2.0626667,0.06539834541320788,0.06539834541320788,3.07313664808804
0.198352,0.26370436,-0.06535235953140259,0.06535235953140259,32.94766853798042
0.026822,0.09208525,-0.06526324972200394,0.06526324972200394,243.31984743376367
5.583614,5.6488533,-0.06523930200195327,0.06523930200195327,1.1684063762427859
4.631431,4.696668,-0.06523714804077141,0.06523714804077141,1.4085743270138933
0.019743,0.08494377,-0.06520077136230469,0.06520077136230469,330.2475359978582
0.10952,0.1746257,-0.0651056947517395,0.0651056947517395,59.44639763722891
0.042111,0.10721175,-0.06510074627542495,0.06510074627542495,154.59320871228832
9.715546,9.650446,0.06510006188964823,0.06510006188964823,0.6700607653854778
0.084563,0.14963998,-0.06507697900485993,0.06507697900485993,76.95680017017268
1.716421,1.7814518,-0.0650308213272095,0.0650308213272095,3.788745379101092
0.037681,0.10265864,-0.06497763686800004,0.06497763686800004,172.441380790209
0.327147,0.39203078,-0.06488377554702757,0.06488377554702757,19.83321733874813
0.059574,0.12439729,-0.06482329273319244,0.06482329273319244,108.81138185178276
0.054505,0.119176924,-0.06467192422866821,0.06467192422866821,118.65319532155769
1.840191,1.9048401,-0.064649111732483,0.064649111732483,3.5131739981865917
0.639424,0.7039826,-0.06455859162902833,0.06455859162902833,10.096366670461535
0.981922,1.0464537,-0.06453171437072758,0.06453171437072758,6.571979685163953
1.57674,1.6411371,-0.06439712310791013,0.06439712310791013,4.084194166687338
0.787511,0.85190123,-0.06439023319625858,0.06439023319625858,8.176423337335246
0.126105,0.19045359,-0.06434858896255494,0.06434858896255494,51.02778550535439
1.065269,1.1296121,-0.06434308820343015,0.06434308820343015,6.040078909401294
0.321094,0.385428,-0.06433401141738893,0.06433401141738893,20.03588089386692
5.332941,5.397238,-0.064296777709961,0.064296777709961,1.2056532729080511
1.646147,1.7103932,-0.0642461903839111,0.0642461903839111,3.902822189027364
4.085081,4.1493225,-0.06424150976562526,0.06424150976562526,1.572588395776061
0.022461,0.08666946,-0.064208459939003,0.064208459939003,285.86643360997533
0.217653,0.28178972,-0.06413672005844115,0.06413672005844115,29.467418335136074
0.140009,0.20409696,-0.0640879580411911,0.0640879580411911,45.77417022864025
5.577241,5.6412888,-0.06404775732421886,0.06404775732421886,1.1483770796899484
0.069307,0.13333565,-0.06402864996719361,0.06402864996719361,92.38410243526558
0.028112,0.09208525,-0.06397324972200394,0.06397324972200394,227.56562853741568
0.028726,0.092576705,-0.06385070491933822,0.06385070491933822,222.27495891200743
0.053104,0.116879754,-0.06377575376844406,0.06377575376844406,120.09595067857057
0.270631,0.3343304,-0.06369940976524352,0.06369940976524352,23.53736628165515
0.678963,0.61526483,0.06369816702651976,0.06369816702651976,9.38168457149183
3.102445,3.1661208,-0.06367576759338389,0.06367576759338389,2.0524382411720903
0.052878,0.11654085,-0.06366284920883178,0.06366284920883178,120.39572050462584
0.028522,0.09208525,-0.06356324972200394,0.06356324972200394,222.85691571119494
0.457356,0.5208563,-0.06350032085800172,0.06350032085800172,13.884221666298794
0.062694,0.12619166,-0.06349766076183319,0.06349766076183319,101.28187810723726
8.066169,8.0027075,0.06346151861572302,0.06346151861572302,0.7867615793189586
2.730899,2.7943509,-0.06345186250305179,0.06345186250305179,2.323478916676461
0.889917,0.9533526,-0.06343557053375248,0.06343557053375248,7.1282569640341995
0.032292,0.0957028,-0.06341079717445373,0.06341079717445373,196.36689266098983
1.438116,1.3747277,0.06338827401733393,0.06338827401733393,4.4077302535349165
4.383949,4.4473,-0.06335095727539031,0.06335095727539031,1.4450660186499713
0.166485,0.22973397,-0.06324897374153138,0.06324897374153138,37.99079418778904
0.869823,0.9329612,-0.06313822550964354,0.06313822550964354,7.258744078092301
0.285975,0.34907982,-0.06310481753349306,0.06310481753349306,22.066550401757677
0.305843,0.36894724,-0.06310423773002627,0.06310423773002627,20.632886058988888
0.147237,0.21028352,-0.06304651783752441,0.06304651783752441,42.81975168925246
0.188222,0.2512492,-0.06302719414520264,0.06302719414520264,33.485561789651086
1.13734,1.2003647,-0.06302470890045164,0.06302470890045164,5.541413200530205
0.154971,0.21790144,-0.06293043847465515,0.06293043847465515,40.60788046411733
0.1218,0.18470806,-0.06290805883407592,0.06290805883407592,51.64865253072847
0.2154,0.27830487,-0.06290487489700317,0.06290487489700317,29.203748777994154
9.514031,9.451176,0.06285531030273361,0.06285531030273361,0.6606590865856224
0.192931,0.25577524,-0.06284424304389954,0.06284424304389954,32.57342936662647
0.619784,0.6824791,-0.06269508353805542,0.06269508353805542,10.115634402943572
1.940654,2.0033453,-0.06269125108337392,0.06269125108337392,3.2304187701745644
0.080476,0.14311595,-0.06263995261096954,0.06263995261096954,77.83681163717472
0.789844,0.8523836,-0.06253961358642579,0.06253961358642579,7.9179703306612215
0.024199,0.08673694,-0.06253793984746933,0.06253793984746933,258.4319169760627
0.609234,0.67172974,-0.06249574348068232,0.06249574348068232,10.25808531211722
0.05517,0.117620714,-0.06245071400880814,0.06245071400880814,113.19687129891476
18.919534,18.981964,-0.06243011132812626,0.06243011132812626,0.3299770032802937
1.327246,1.3896242,-0.062378238014221266,0.062378238014221266,4.699824901300998
0.43887,0.5011977,-0.06232769573211672,0.06232769573211672,14.201858344820758
0.35859,0.42083427,-0.06224427309989927,0.06224427309989927,17.358061597518393
0.181269,0.24349783,-0.06222883360958098,0.06222883360958098,34.32955087480563
0.859902,0.9220598,-0.062157774398803656,0.062157774398803656,7.228471894654877
0.189494,0.2516459,-0.06215189285850525,0.06215189285850525,32.79887111238688
0.422635,0.4847731,-0.06213809942245485,0.06213809942245485,14.702544608882913
0.04369,0.10580013,-0.06211012947320938,0.06211012947320938,142.16097352036715
0.814927,0.87703294,-0.06210593561935429,0.06210593561935429,7.621042818771897
0.460034,0.52213585,-0.06210185376739502,0.06210185376739502,13.499405207853249
3.085807,3.1478808,-0.062073792617797885,0.062073792617797885,2.0115902457861523
0.108406,0.17037056,-0.061964563864707944,0.061964563864707944,57.159717919255606
0.033051,0.094952464,-0.06190146410369873,0.06190146410369873,187.29074435390152
0.31206,0.37391442,-0.061854420604705806,0.061854420604705806,19.82132300996106
0.526405,0.5882314,-0.061826384754180896,0.061826384754180896,11.745022319779613
3.894613,3.9563823,-0.061769274627685444,0.061769274627685444,1.5860182931166569
0.238456,0.3001627,-0.06170670279884338,0.06170670279884338,25.87760541691791
0.178969,0.24058819,-0.06161918817138673,0.06161918817138673,34.43009020386583
0.150813,0.21240065,-0.0615876450176239,0.0615876450176239,40.837092940785475
0.753047,0.8146201,-0.06157307761001585,0.06157307761001585,8.176525183931323
0.19627,0.25783464,-0.06156464312553406,0.06156464312553406,31.367322104329105
0.02827,0.08968494,-0.061414940874576565,0.061414940874576565,217.24421880909918
0.41968,0.48104188,-0.06136187846183777,0.06136187846183777,14.621110952920477
0.166053,0.22738366,-0.06133065828990936,0.06133065828990936,36.93438736606684
0.046015,0.10721175,-0.06119674627542496,0.06119674627542496,132.99303736266853
1.293124,1.3542379,-0.06111391408538824,0.06111391408538824,4.7260675759372015
20.434401,20.373415,0.060986006713868335,0.060986006713868335,0.2984477338658955
1.54436,1.6052711,-0.06091110099792485,0.06091110099792485,3.9440998856471774
0.061452,0.12234549,-0.060893492243766785,0.060893492243766785,99.09114779775375
1.138058,1.0771816,0.0608764223175049,0.0608764223175049,5.349149367796347
1.341911,1.2812196,0.060691398368835525,0.060691398368835525,4.522758839022316
0.052812,0.113399774,-0.060587773836135866,0.060587773836135866,114.72349791981438
0.397066,0.4576201,-0.0605541140880585,0.0605541140880585,15.25039012980414
0.145802,0.20632915,-0.06052715198802949,0.06052715198802949,41.513252182079974
0.204142,0.26459303,-0.060451034982681284,0.060451034982681284,29.61224782409746
0.057065,0.117507815,-0.06044281536102295,0.06044281536102295,105.9192416631976
0.147592,0.20803045,-0.060438447363853454,0.060438447363853454,40.94967703053267
0.838076,0.77767414,0.06040186145401005,0.06040186145401005,7.207205724397649
0.306157,0.36634734,-0.06019034272956847,0.06019034272956847,19.659959664455982
0.060953,0.121089004,-0.06013600398015976,0.06013600398015976,98.6596293562255
12.950422,13.010551,-0.060129452636719094,0.060129452636719094,0.4643049673304452
0.165298,0.2252135,-0.05991549787712097,0.05991549787712097,36.246958729611976
1.620654,1.5607625,0.059891475395202676,0.059891475395202676,3.6955127616077927
0.156046,0.21582872,-0.05978271675491334,0.05978271675491334,38.31095748471757
0.066472,0.12619166,-0.05971966076183319,0.05971966076183319,89.84182914910241
0.236626,0.29625615,-0.059630154775619504,0.059630154775619504,25.200170205480095
2.170531,2.2299204,-0.05938938726806642,0.05938938726806642,2.736168581113573
0.605531,0.546198,0.05933298955535893,0.05933298955535893,9.798505699222734
0.154664,0.21397796,-0.05931396273231507,0.05931396273231507,38.350206055685135
0.147209,0.20651314,-0.05930413662528991,0.05930413662528991,40.28567314838375
0.024768,0.08403087,-0.059262866622924806,0.059262866622924806,239.2719088487278
0.794071,0.85329056,-0.059219557861328154,0.059219557861328154,7.457715727418636
0.622087,0.6812068,-0.05911982239532476,0.05911982239532476,9.503465332955246
2.681751,2.740847,-0.0590961107482908,0.0590961107482908,2.2036389935563427
0.275378,0.3344604,-0.059082407495498646,0.059082407495498646,21.45502090727786
5.352469,5.411519,-0.05905005059814439,0.05905005059814439,1.1032301279473296
0.554957,0.6139934,-0.059036406295776334,0.059036406295776334,10.638014528177555
0.026129,0.0851318,-0.059002801664829255,0.059002801664829255,225.81346947459062
0.07501,0.13389829,-0.05888828801155091,0.05888828801155091,78.50724961077678
0.106785,0.16565564,-0.05887064274787902,0.05887064274787902,55.130067605702074
0.345562,0.40433028,-0.058768283403396626,0.058768283403396626,17.00658156463675
0.151372,0.21013561,-0.058763608911514276,0.058763608911514276,38.82065961518221
0.164847,0.22353189,-0.058684886935234076,0.058684886935234076,35.59960866720927
0.089627,0.14823724,-0.05861024329471588,0.05861024329471588,65.39351225559528
0.043669,0.10227821,-0.0586092102227211,0.0586092102227211,134.21239343357692
1.392815,1.3342267,0.058588272514343176,0.058588272514343176,4.206464786072574
0.18564,0.24421787,-0.05857787261962891,0.05857787261962891,31.554553214864445
1.021721,0.96317494,0.05854606084442149,0.05854606084442149,5.730141676513583
0.279971,0.33843032,-0.05845931525611875,0.05845931525611875,20.88048949185389
0.350383,0.4088108,-0.05842779435348511,0.05842779435348511,16.67540786419709
0.289082,0.34749332,-0.058411320703506464,0.058411320703506464,20.205796515625554
0.842961,0.9013341,-0.0583731069221497,0.0583731069221497,6.92476958189346
2.707535,2.7658997,-0.058364658203124975,0.058364658203124975,2.1556381801516635
0.17506,0.233413,-0.058352995934486396,0.058352995934486396,33.33314058103122
0.124851,0.18305658,-0.05820557804012298,0.05820557804012298,46.62003347470421
1.277856,1.2197436,0.05811239057159434,0.05811239057159434,4.547647823154306
0.42048,0.36241683,0.05806316636085512,0.05806316636085512,13.808781950876698
0.028674,0.08673694,-0.058062939847469325,0.058062939847469325,202.49333767516208
0.091011,0.14898758,-0.05797657636547089,0.05797657636547089,63.70282306728645
0.055859,0.11382282,-0.0579638178024292,0.0579638178024292,103.76809054702217
0.063324,0.1212847,-0.057960700930118556,0.057960700930118556,91.53038474920751
0.34545,0.4033073,-0.0578572888851166,0.0578572888851166,16.748382940618967
0.04513,0.10284965,-0.05771964740276336,0.05771964740276336,127.89640433163515
1.792307,1.8499519,-0.0576448632888793,0.0576448632888793,3.2162382496783786
0.134028,0.19165763,-0.0576296325893402,0.0576296325893402,42.99820376812457
0.361568,0.41917598,-0.05760798247528076,0.05760798247528076,15.932821062524322
0.26017,0.317775,-0.05760501106262206,0.05760501106262206,22.141296475566268
0.196439,0.25399116,-0.05755215681648254,0.05755215681648254,29.29772437610903
0.043435,0.100981794,-0.05754679429769516,0.05754679429769516,132.48945358629146
0.168996,0.22652121,-0.05752520888233184,0.05752520888233184,34.03939078338685
20.295609,20.353073,-0.0574641201171886,0.0574641201171886,0.2831357271265202
3.244568,3.187122,0.057445893447876095,0.057445893447876095,1.770525180736097
14.348372,14.290933,0.057439344665526804,0.057439344665526804,0.4003195948998708
0.043084,0.10044934,-0.057365338555336,0.057365338555336,133.14766136428452
0.220704,0.27806717,-0.057363171573638905,0.057363171573638905,25.99099769267793
0.577149,0.6343767,-0.05722770469284055,0.05722770469284055,9.915585868280976
0.186543,0.24376321,-0.05722020838928224,0.05722020838928224,30.67400457728687
2.095524,2.1525786,-0.057054592300414875,0.057054592300414875,2.722688563704934
0.143758,0.20080276,-0.0570447583360672,0.0570447583360672,39.68110177964781
1.301364,1.35835,-0.05698603852844242,0.05698603852844242,4.378946899104591
3.039201,3.0961616,-0.056960603927612485,0.056960603927612485,1.8741966696423924
32.131676,32.18859,-0.056915003417969956,0.056915003417969956,0.1771305157496074
0.075316,0.13213715,-0.05682114957237244,0.05682114957237244,75.44366336094427
0.139208,0.19601707,-0.0568090716047287,0.0568090716047287,40.80876929768399
1.344946,1.4016911,-0.0567450791397095,0.0567450791397095,4.21913438424222
0.044511,0.10122479,-0.05671378753328323,0.05671378753328323,127.41521737518369
0.215392,0.2720503,-0.056658291299819946,0.056658291299819946,26.3047333575598
0.187987,0.2445887,-0.05660170291709901,0.05660170291709901,30.10937080063496
1.805938,1.7493455,0.05659245899963383,0.05659245899963383,3.1336878119016345
11.548317,11.49173,0.05658726367187583,0.05658726367187583,0.4900044194438534
1.225556,1.2819476,-0.05639161276245108,0.05639161276245108,4.601308529177758
0.023623,0.07996301,-0.05634001352977752,0.05634001352977752,238.49643691013452
8.502785,8.4464655,0.056319507751464215,0.056319507751464215,0.6623654220446813
0.097136,0.15342629,-0.056290289558410644,0.056290289558410644,57.94997683707448
0.124894,0.18112281,-0.05622880964851379,0.05622880964851379,45.021225682172535
0.662659,0.7188757,-0.0562167061958313,0.0562167061958313,8.48350451549708
1.131198,1.1873116,-0.05611364932250984,0.05611364932250984,4.960550612496601
0.02242,0.07850887,-0.056088868813514714,0.056088868813514714,250.17336558136196
1.146753,1.2027675,-0.056014491340637296,0.056014491340637296,4.884616943295782
0.419364,0.47533104,-0.05596703823661803,0.05596703823661803,13.345694485762326
0.066591,0.122388855,-0.055797854622840884,0.055797854622840884,83.79188559872807
1.604094,1.5483942,0.05569979681396475,0.05569979681396475,3.472352418903905
0.204987,0.26062334,-0.05563633583831787,0.05563633583831787,27.141397167223513
0.170394,0.22602569,-0.05563168566799165,0.05563168566799165,32.64885244512295
0.154231,0.20976985,-0.05553884500885009,0.05553884500885009,36.01016979260973
0.161973,0.2174454,-0.05547240333747863,0.05547240333747863,34.24793224996184
0.882317,0.8268533,0.05546372470092775,0.05546372470092775,6.286144854359783
0.06581,0.12111506,-0.05530505866050721,0.05530505866050721,84.03746934579813
0.498012,0.5533108,-0.05529881151962279,0.05529881151962279,11.103911453643462
0.937438,0.99266076,-0.05522276087951661,0.05522276087951661,5.8908174059111955
0.530823,0.5860402,-0.05521719880294795,0.05521719880294795,10.402186565492784
0.67248,0.7276953,-0.05521528627395633,0.05521528627395633,8.210695673588157
0.26759,0.32278085,-0.05519084754943848,0.05519084754943848,20.625153230245274
0.1969,0.25208452,-0.05518452343940736,0.05518452343940736,28.026675170838335
0.067467,0.12255964,-0.05509263683128357,0.05509263683128357,81.65864311385556
0.07735,0.13238916,-0.055039158010482786,0.055039158010482786,71.1559895789616
0.062037,0.11706348,-0.055026477635383604,0.055026477635383604,88.69944959731153
0.023572,0.07850887,-0.054936868813514714,0.054936868813514714,233.05985313276287
0.070512,0.12543571,-0.0549237099533081,0.0549237099533081,77.89271312034177
6.106237,6.0513363,0.0549007115478517,0.0549007115478517,0.8990923795940545
0.488152,0.5430271,-0.05487510294723513,0.05487510294723513,11.241396723969938
2.460252,2.5151186,-0.054866598937988176,0.054866598937988176,2.2301210988044335
0.331833,0.38669318,-0.05486017960739137,0.05486017960739137,16.532466509014746
0.142679,0.19748689,-0.054807892342567444,0.054807892342567444,38.4134261553235
0.019755,0.07450975,-0.05475474732637405,0.05475474732637405,277.1690561842824
0.059119,0.113849156,-0.05473015560483933,0.05473015560483933,92.57625384776988
8.823722,8.878359,-0.05463684094238275,0.05463684094238275,0.6192040155136749
51.084156,51.029667,0.054489099365234495,0.054489099365234495,0.10666536090980505
0.178259,0.23272972,-0.0544707180891037,0.0544707180891037,30.55706475327845
0.046345,0.100729264,-0.054384264318943026,0.054384264318943026,117.34656209212744
0.072156,0.12652694,-0.054370936888694765,0.054370936888694765,75.35192750892905
0.170683,0.22499733,-0.05431432673168182,0.05431432673168182,31.821755359268387
1.431373,1.4856656,-0.05429255976867675,0.05429255976867675,3.793040651520164
0.170855,0.22514673,-0.05429172577381133,0.05429172577381133,31.7764921963272
0.019733,0.074014224,-0.05428122411203384,0.05428122411203384,275.07841603889636
0.109761,0.16400059,-0.054239585675239566,0.054239585675239566,49.41608187409325
0.127197,0.18143228,-0.05423527696418762,0.05423527696418762,42.63880195409389
0.055927,0.11015581,-0.05422881339597702,0.05422881339597702,96.96356553903027
2.015562,2.0697162,-0.054154215133666916,0.054154215133666916,2.6868047289530224
0.451843,0.5059637,-0.05412068312835694,0.05412068312835694,11.977762877012408
0.731917,0.78599304,-0.05407603960800167,0.05407603960800167,7.388274845455617
1.020505,0.96652997,0.053975034599304195,0.053975034599304195,5.289051459230003
0.444673,0.4986321,-0.05395910320472719,0.05395910320472719,12.134558021870594
10.93779,10.9917145,-0.05392447753906282,0.05392447753906282,0.4930107228111877
0.589588,0.6435089,-0.0539209111328125,0.0539209111328125,9.145523844390825
0.634298,0.6881837,-0.05388572488021848,0.05388572488021848,8.495332615225516
4.520521,4.5743847,-0.05386368933105512,0.05386368933105512,1.1915371995808357
0.143556,0.19737744,-0.053821443313598644,0.053821443313598644,37.491601379327264
4.015077,3.9613037,0.053773289062499785,0.053773289062499785,1.3392841298226785
0.195538,0.24931028,-0.05377228485298158,0.05377228485298158,27.499659823401036
0.198167,0.25193036,-0.05376335602569579,0.05376335602569579,27.13032745036533
7.40283,7.456558,-0.0537282275390627,0.0537282275390627,0.7257795672511314
0.202399,0.25607368,-0.05367468350028992,0.05367468350028992,26.519243412156523
4.50916,4.562765,-0.053605121459961325,0.053605121459961325,1.188805042597125
0.039533,0.0931307,-0.053597700290203096,0.053597700290203096,135.5771131829762
1.921987,1.9755173,-0.05353027294921886,0.05353027294921886,2.785152706362411
0.21118,0.2646791,-0.05349910408973693,0.05349910408973693,25.333414179564123
0.326769,0.38020536,-0.05343636303520205,0.05343636303520205,16.352947500787746
1.220752,1.1673685,0.05338346877288824,0.05338346877288824,4.3729986736466735
1.095684,1.1490493,-0.05336528207397451,0.05336528207397451,4.870499347357815
0.210876,0.2639719,-0.05309589497947692,0.05309589497947692,25.178728235692155
0.502368,0.5554178,-0.05304977610778805,0.05304977610778805,10.559943327844946
0.210337,0.26330644,-0.052969438922882084,0.052969438922882084,25.183129405524923
1.482485,1.535429,-0.052944000854492135,0.052944000854492135,3.571300947457872
0.841827,0.89474475,-0.05291775383758546,0.05291775383758546,6.286060417556029
0.286369,0.33927196,-0.05290296264266969,0.05290296264266969,18.473704424779214
10.689292,10.636559,0.052733467285156266,0.052733467285156266,0.4933298415335921
0.083961,0.13669029,-0.05272928878211976,0.05272928878211976,62.80212088864787
0.166616,0.21932551,-0.0527095126476288,0.0527095126476288,31.63532470830741
0.192696,0.24539483,-0.05269882593536376,0.05269882593536376,27.348168051239046
0.29475,0.34724507,-0.052495067358016956,0.052495067358016956,17.810031328314476
0.338622,0.39104518,-0.05242318294334414,0.05242318294334414,15.48132812630686
0.27303,0.32530177,-0.05227176639556885,0.05227176639556885,19.145063317739368
0.030094,0.082318775,-0.05222477535581589,0.05222477535581589,173.538828943567
0.050062,0.10227821,-0.0522162102227211,0.0522162102227211,104.30308441216494
0.129171,0.18132131,-0.05215030801677703,0.05215030801677703,40.373077530098826
2.106334,2.1584787,-0.05214473687744148,0.05214473687744148,2.4756157795945875
1.286052,1.2339431,0.05210889525604245,0.05210889525604245,4.051849789276842
1.288441,1.3404621,-0.052021088584899955,0.052021088584899955,4.037521980506863
0.199292,0.2512492,-0.05195719414520264,0.05195719414520264,26.070888003096837
0.155636,0.20758343,-0.05194742742919922,0.05194742742919922,33.377513811599954
0.113136,0.16500504,-0.051869043148994445,0.051869043148994445,45.84662981115456
0.055507,0.10720166,-0.05169465818929672,0.05169465818929672,93.13178175034669
0.238486,0.29017437,-0.05168836504364013,0.05168836504364013,21.67354269096156
0.345312,0.3969787,-0.051666706121444694,0.051666706121444694,14.962325695742507
0.06267,0.11418509,-0.05151508738279342,0.05151508738279342,82.2005541735964
0.527048,0.5784818,-0.05143379340362553,0.05143379340362553,9.758844240726972
1.082807,1.1342244,-0.05141741482543938,0.05141741482543938,4.748529961543548
0.68496,0.7363507,-0.05139071516036986,0.05139071516036986,7.502732298654976
0.05093,0.10227821,-0.0513482102227211,0.0513482102227211,100.82114691125064
2.294841,2.3461637,-0.05132274969482431,0.05132274969482431,2.2364403325802473
0.299546,0.35079825,-0.05125224924468996,0.05125224924468996,17.10997617313534
0.231962,0.28318602,-0.05122401846694946,0.05122401846694946,22.08293532771166
0.812362,0.8635618,-0.051199809062957735,0.051199809062957735,6.302585430713789
0.155303,0.20643322,-0.051130221697807315,0.051130221697807315,32.92288086185356
0.136495,0.18761148,-0.05111647558689117,0.05111647558689117,37.44933920615541
0.059068,0.11015581,-0.05108781339597702,0.05108781339597702,86.48983088895372
5.694248,5.6431723,0.05107573590087888,0.05107573590087888,0.8969706956911941
0.168153,0.21920931,-0.05105631339263916,0.05105631339263916,30.363010688049663
2.17566,2.1246674,0.05099259391784683,0.05099259391784683,2.343775861830573
0.027982,0.078957744,-0.05097574394273758,0.05097574394273758,182.17333914861067
0.053073,0.104000784,-0.05092778445672989,0.05092778445672989,95.95799061815215
0.12184,0.17276001,-0.050920009765624996,0.050920009765624996,41.792522754294545
1.052575,1.0017005,0.050874479484558144,0.050874479484558144,4.833335342348508
0.331227,0.38199583,-0.05076882695960999,0.05076882695960999,15.327502572037451
0.099937,0.1506917,-0.050754702961921694,0.050754702961921694,50.78669853120966
0.050808,0.10153933,-0.05073132869434357,0.05073132869434357,99.84909580084725
0.588435,0.5377439,0.05069107395172123,0.05069107395172123,8.614557927911608
0.065645,0.116207264,-0.05056226436376572,0.05056226436376572,77.0237859497935
3.639743,3.6902366,-0.05049356845092756,0.05049356845092756,1.3872838947568626
0.304899,0.3550229,-0.0501239072570801,0.0501239072570801,16.439511851675668
0.157131,0.20714636,-0.05001536147022248,0.05001536147022248,31.830359024248633
9.594708,9.544829,0.04987863140869209,0.04987863140869209,0.519855647594197
0.065726,0.115495406,-0.04976940609121322,0.04976940609121322,75.72255426389962
0.211139,0.2608907,-0.04975169247245789,0.04975169247245789,23.563478300500815
17.307464,17.257729,0.049735423339843265,0.049735423339843265,0.2873640143902995
2.206711,2.256392,-0.049681002105713024,0.049681002105713024,2.2513596979152077
2.903877,2.9535384,-0.04966141781616207,0.04966141781616207,1.710176354385943
4.822891,4.87255,-0.04965901068115208,0.04965901068115208,1.029652353331693
0.76821,0.817856,-0.04964601377487188,0.04964601377487188,6.462557603833499
0.085888,0.13537039,-0.0494823886270523,0.0494823886270523,57.612691609351266
1.968546,2.017955,-0.04940906477355966,0.04940906477355966,2.5099268582522196
0.05826,0.107654154,-0.0493941543006897,0.0493941543006897,84.78227637471237
0.284461,0.33379805,-0.04933705088043211,0.04933705088043211,17.34404746629171
0.077244,0.12648527,-0.04924127324199677,0.04924127324199677,63.74769972845669
0.200729,0.24976149,-0.049032492013931284,0.049032492013931284,24.42720881860821
0.169408,0.21843937,-0.04903137039375305,0.04903137039375305,28.942771513039688
0.418226,0.36929598,0.04893001549339293,0.04893001549339293,11.699419806921021
0.161976,0.21088476,-0.048908764790534964,0.048908764790534964,30.195068874610985
0.250386,0.29928723,-0.04890122977638245,0.04890122977638245,19.530337062316626
1.237611,1.1887258,0.04888517087554933,0.04888517087554933,3.949962538438925
0.08538,0.1342377,-0.04885770666122437,0.04885770666122437,57.2238306441796
0.221701,0.2705373,-0.04883628699684142,0.04883628699684142,22.027995802821557
0.189085,0.23789175,-0.04880674854755401,0.04880674854755401,25.812067864580452
0.172317,0.22057965,-0.04826265397834778,0.04826265397834778,28.008063017775214
0.202865,0.2511219,-0.0482569084262848,0.0482569084262848,23.787695463730614
0.061181,0.10941519,-0.04823418843173981,0.04823418843173981,78.83850926415276
0.162938,0.21106702,-0.048129020893096924,0.048129020893096924,29.53824206971896
0.848538,0.8004622,0.04807581366348268,0.04807581366348268,5.665723121158623
0.4547,0.50277156,-0.048071556377410896,0.048071556377410896,10.572147870428578
0.713752,0.7617545,-0.04800251278686518,0.04800251278686518,6.725376990907178
1.089223,1.0412668,0.047956201026916556,0.047956201026916556,4.402789972532141
0.399139,0.35125202,0.04788698059463503,0.04788698059463503,11.99756991490119
0.035391,0.0832382,-0.04784719935321808,0.04784719935321808,135.19595156401948
2.804832,2.7570157,0.047816294891357636,0.047816294891357636,1.7047828493704027
67.408753,67.456535,-0.04778233935546439,0.04778233935546439,0.07088447305262197
0.205067,0.2527652,-0.04769820848274231,0.04769820848274231,23.25981677182701
0.186832,0.23434736,-0.047515358345985415,0.047515358345985415,25.432130641728012
0.155557,0.20289317,-0.04733616773414612,0.04733616773414612,30.430110958501388
1.375714,1.4230483,-0.047334257827758686,0.047334257827758686,3.4407048139597314
2.018956,2.0662825,-0.047326510757446094,0.047326510757446094,2.3441080813599693
0.362533,0.4098586,-0.04732561420631409,0.04732561420631409,13.054153468307698
0.23797,0.28525773,-0.047287726907730115,0.047287726907730115,19.8712975954359
0.113976,0.16122463,-0.047248633455276495,0.047248633455276495,41.454897007985544
0.331401,0.3784865,-0.0470855140914917,0.0470855140914917,14.208018104134773
0.276669,0.32373345,-0.04706444898223877,0.04706444898223877,17.01110314680274
0.640634,0.59357566,0.047058343585968054,0.047058343585968054,7.345589459601342
1.912791,1.9597167,-0.04692567766571054,0.04692567766571054,2.4532569247375844
0.517429,0.47054258,0.04688642011070254,0.04688642011070254,9.061421006870724
0.703255,0.6563899,0.04686510789871212,0.04686510789871212,6.664027684417189
0.066707,0.113399774,-0.04669277383613586,0.04669277383613586,69.99681257759913
0.58141,0.6281009,-0.04669087203979494,0.04669087203979494,8.030627617647497
0.657168,0.610549,0.04661902691650388,0.04661902691650388,7.093928327217691
0.3056,0.35215935,-0.04655935111045839,0.04655935111045839,15.23538975629025
0.367631,0.41416168,-0.046530682128906264,0.046530682128906264,12.656898388941457
0.360413,0.40690133,-0.0464883297557831,0.0464883297557831,12.898627336662239
0.171086,0.21756387,-0.04647786756896974,0.04647786756896974,27.166376875842186
0.167733,0.21419333,-0.04646032921504975,0.04646032921504975,27.698979441940924
0.73241,0.686264,0.04614602151870728,0.04614602151870728,6.300572290439331
0.158018,0.2040979,-0.04607989681434632,0.04607989681434632,29.16116947764505
0.142547,0.18855777,-0.04601077382850646,0.04601077382850646,32.277616362483144
0.031148,0.07715832,-0.046010316969871526,0.046010316969871526,147.71515610041212
0.270002,0.31600633,-0.0460043326358795,0.0460043326358795,17.038515499455922
0.30493,0.35091916,-0.04598915726661684,0.04598915726661684,15.081873627237389
1.495937,1.5419147,-0.04597770146179192,0.04597770146179192,3.073505198328433
0.090916,0.13685234,-0.04593633891010285,0.04593633891010285,50.52613275944468
0.143192,0.18910564,-0.04591364482212065,0.04591364482212065,32.064392417213426
2.409422,2.4551718,-0.04574982350158674,0.04574982350158674,1.8987883193433093
0.124005,0.16949391,-0.04548891365051269,0.04548891365051269,36.683128594677285
0.04392,0.08916701,-0.04524700631380081,0.04524700631380081,103.0214166912099
6.234749,6.1895504,0.04519860021972644,0.04519860021972644,0.7249465891730604
0.23417,0.27934617,-0.04517616804122926,0.04517616804122926,19.292039126248973
1.531986,1.577125,-0.045138953269958426,0.045138953269958426,2.9464337968501013
0.16193,0.20698008,-0.04505007941246034,0.04505007941246034,27.820712273599472
0.824991,0.8699899,-0.044998871978759736,0.044998871978759736,5.454468227326754
0.069343,0.11433364,-0.04499063705873489,0.04499063705873489,64.88129586815337
0.955666,1.0006129,-0.04494685495758055,0.04494685495758055,4.703197032527824
0.295538,0.34047887,-0.04494086729240415,0.04494086729240415,15.206459838395633
0.6906,0.7354884,-0.044888414764404305,0.044888414764404305,6.499915255995423
0.104489,0.14936861,-0.044879613958358766,0.044879613958358766,42.95152017476217
0.107582,0.15246001,-0.0448780088596344,0.0448780088596344,41.71516500708226
0.318022,0.3628681,-0.04484610040473935,0.04484610040473935,14.101571712220467
2.389462,2.4342377,-0.044775718582153345,0.044775718582153345,1.8738828481172525
0.316063,0.36078686,-0.044723855220794695,0.044723855220794695,14.150297632637923
2.476759,2.432063,0.044695897277831964,0.044695897277831964,1.804612288721969
6.332485,6.287974,0.044511119232177876,0.044511119232177876,0.7029012975391963
0.543755,0.5882314,-0.04447638475418092,0.04447638475418092,8.179489797059599
6.733307,6.7777076,-0.04440057675170905,0.04440057675170905,0.6594170851121096
8.870297,8.914638,-0.044340565612792204,0.044340565612792204,0.49987689941263885
0.19357,0.23789175,-0.044321748547554024,0.044321748547554024,22.897013237927887
0.057824,0.10208973,-0.04426573288536072,0.04426573288536072,76.55252630189574
0.023456,0.06769694,-0.0442409364285469,0.0442409364285469,188.6124498632949
0.41552,0.45947832,-0.04395831869125366,0.04395831869125366,10.57911019461748
0.069923,0.113849156,-0.043926155604839326,0.043926155604839326,62.82075360327586
0.962732,1.0066533,-0.04392130886840817,0.04392130886840817,4.562153212300621
0.126448,0.17034346,-0.04389545865249633,0.04389545865249633,34.71423717083868
0.56137,0.6052449,-0.0438748749542236,0.0438748749542236,7.815678598145237
0.940348,0.98420596,-0.04385796122741703,0.04385796122741703,4.664013878133735
0.735739,0.779555,-0.043816022716522185,0.043816022716522185,5.955375848033992
0.611212,0.6550239,-0.04381187285232546,0.04381187285232546,7.168032179531394
0.269209,0.31300095,-0.043791947237014794,0.043791947237014794,16.266895690986523
0.116687,0.1604519,-0.04376490393924713,0.04376490393924713,37.50623797144574
0.082159,0.12592058,-0.04376157883739472,0.04376157883739472,53.264497844582124
0.992678,0.9491871,0.04349090006637568,0.04349090006637568,4.381168925068805
0.671872,0.62839854,0.0434734623641968,0.0434734623641968,6.47049770755833
0.15605,0.19951467,-0.043464672160148626,0.043464672160148626,27.85304205850406
0.053231,0.096676596,-0.043445595509052276,0.043445595509052276,81.61709422598707
0.303411,0.34683472,-0.043423719181060805,0.043423719181060805,14.311847351199845
4.956599,4.9998364,-0.04323744485473657,0.04323744485473657,0.8723208162262925
1.884667,1.9278177,-0.043150702293395904,0.043150702293395904,2.289566395077026
0.181994,0.22508962,-0.04309562452411653,0.04309562452411653,23.679695209972216
0.162199,0.20527989,-0.04308088672256469,0.04308088672256469,26.560513132635943
1.722179,1.7652544,-0.04307537831878672,0.04307537831878672,2.5012137714073566
0.179735,0.22274525,-0.043010254635810846,0.043010254635810846,23.929815902234417
0.141868,0.18486536,-0.04299735549163819,0.04299735549163819,30.308001424796423
0.369971,0.41294706,-0.042976058677673346,0.042976058677673346,11.616061438885017
0.096704,0.13963649,-0.042932486768722536,0.042932486768722536,44.395771347955375
7.807567,7.764657,0.042909979431152045,0.042909979431152045,0.549594764035998
1.214534,1.1718646,0.04266937120819092,0.04266937120819092,3.5132298646787734
0.24633,0.28898665,-0.04265665308952332,0.04265665308952332,17.316872923398062
0.579887,0.62253773,-0.04265073212432857,0.04265073212432857,7.35500746127669
9.024766,9.067383,-0.04261681250000038,0.04261681250000038,0.4722206924758842
0.420366,0.46286198,-0.04249598496818541,0.04249598496818541,10.109282139391892
0.06933,0.11181072,-0.042480721457004544,0.042480721457004544,61.27321707158709
0.073769,0.116207264,-0.042438264363765715,0.042438264363765715,57.5285883043516
0.275192,0.31762478,-0.042432777555465706,0.042432777555465706,15.419335424011734
0.10106,0.14349082,-0.04243082112312317,0.04243082112312317,41.985771899007915
0.293224,0.33557484,-0.04235083553886415,0.04235083553886415,14.443168200563727
0.175807,0.21809879,-0.04229178945350648,0.04229178945350648,24.055805189469517
0.081365,0.12365629,-0.04229128778934478,0.04229128778934478,51.97724787976099
0.240033,0.28229985,-0.042266846410751346,0.042266846410751346,17.608764791983845
1.0762,1.1183426,-0.042142638015747025,0.042142638015747025,3.9158741880534427
2.071574,2.113672,-0.042098018051147434,0.042098018051147434,2.032175439985019
2.14145,2.0994387,0.04201133270263657,0.04201133270263657,1.9618171192731448
0.992122,0.9501885,0.04193348242950434,0.04193348242950434,4.22664575780778
0.503923,0.5458423,-0.04191928992462157,0.04191928992462157,8.318590323581773
0.333809,0.37570617,-0.04189716602897642,0.04189716602897642,12.551239186608262
0.123126,0.16500504,-0.041879043148994446,0.041879043148994446,34.01315978345864
0.294811,0.33659476,-0.04178376041793824,0.04178376041793824,14.173066949253988
0.140448,0.18212952,-0.04168151719760896,0.04168151719760896,29.677544121618972
2.202062,2.2437367,-0.04167474392700177,0.04167474392700177,1.8925327227439206
0.233371,0.27502918,-0.041658182434082036,0.041658182434082036,17.85062514889657
0.114723,0.15637577,-0.04165276580047607,0.04165276580047607,36.30724943051421
0.425294,0.4668374,-0.04154340615844726,0.04154340615844726,9.768161824215507
0.137627,0.1790192,-0.04139219782161713,0.04139219782161713,30.075637623098295
2.610043,2.6514242,-0.04138116954040516,0.04138116954040516,1.5854593023494135
0.133899,0.1752407,-0.04134169547653199,0.04134169547653199,30.875283195286528
2.804946,2.846186,-0.0412399226226805,0.0412399226226805,1.470257274871254
0.370089,0.4113041,-0.041215086446762084,0.041215086446762084,11.13653376231813
2.76736,2.8085575,-0.04119751037597652,0.04119751037597652,1.4886935698459118
0.264648,0.30582884,-0.04118083954048157,0.04118083954048157,15.560608629168165
2.154588,2.1957047,-0.04111669856262212,0.04111669856262212,1.9083322918680412
0.213779,0.25484604,-0.04106703643417359,0.04106703643417359,19.21004234043734
0.233848,0.27488264,-0.04103464441490173,0.04103464441490173,17.547571241727173
4.788654,4.82964,-0.04098591165161114,0.04098591165161114,0.8558962842325889
0.067577,0.10846929,-0.04089229252147675,0.04089229252147675,60.51214534673721
0.096647,0.13750593,-0.04085893364238739,0.04085893364238739,42.27646341853439
5.304935,5.3457255,-0.04079053634643515,0.04079053634643515,0.7689167981448637
0.564422,0.60520434,-0.04078234379577639,0.04078234379577639,7.225505701151068
0.142452,0.18318558,-0.04073357739257813,0.04073357739257813,28.594598435952832
0.365563,0.4062947,-0.040731703483581516,0.040731703483581516,11.142184376547771
0.096674,0.13740405,-0.04073005440330506,0.04073005440330506,42.131342823482754
0.160557,0.2012188,-0.04066179875659942,0.04066179875659942,25.32545994959669
8.448405,8.489026,-0.040621069641114005,0.040621069641114005,0.4808134747402994
0.059441,0.09997893,-0.04053793124818802,0.04053793124818802,68.19860227787119
0.26019,0.3006577,-0.04046768957138064,0.04046768957138064,15.553130233993432
0.071322,0.111743756,-0.0404217556385994,0.0404217556385994,56.67501693996858
0.550685,0.59107715,-0.04039214891433718,0.04039214891433718,7.334891799668101
0.081131,0.12134204,-0.04021104059839249,0.04021104059839249,49.56310232689033
0.067692,0.10780005,-0.04010805156993866,0.04010805156993866,59.25079996260689
1.435292,1.4753655,-0.04007351952362059,0.04007351952362059,2.7920116269601296
0.059906,0.09997893,-0.04007293124818802,0.04007293124818802,66.89301769654959
0.43837,0.4784202,-0.04005019796371462,0.04005019796371462,9.136163048242
8.290504,8.25057,0.03993370275878938,0.03993370275878938,0.4816800372849189
0.261854,0.3017708,-0.03991680631256106,0.03991680631256106,15.243916952697742
0.121866,0.16175231,-0.03988631337547302,0.03988631337547302,32.72964841936502
0.130679,0.17039469,-0.039715688844680797,0.039715688844680797,30.391791193909505
0.695855,0.73556346,-0.03970845701217651,0.03970845701217651,5.706426914582792
0.088633,0.12827864,-0.03964564289283752,0.03964564289283752,44.73011502274255
0.291657,0.33129254,-0.0396355398349762,0.0396355398349762,13.589778342843278
2.144931,2.184508,-0.03957708525085435,0.03957708525085435,1.8451449137062779
1.794205,1.7547351,0.03946988780975347,0.03946988780975347,2.199853852126909
0.507779,0.54709136,-0.03931236486053469,0.03931236486053469,7.742022583208969
0.214729,0.25399116,-0.03926215681648254,0.03926215681648254,18.28451527189994
0.234444,0.27366933,-0.03922533226585387,0.03922533226585387,16.731216089608882
0.943963,0.9831214,-0.03915839511108399,0.03915839511108399,4.1482976670627645
0.042541,0.08168927,-0.039148268350601194,0.039148268350601194,92.02479551156858
0.081966,0.12105756,-0.039091562530040744,0.039091562530040744,47.6924120761637
0.844699,0.8056328,0.03906617033386228,0.03906617033386228,4.624862859934417
1.35359,1.3926396,-0.03904963699340813,0.03904963699340813,2.884894021862103
0.093108,0.13213715,-0.03902914957237244,0.03902914957237244,41.91814831212602
0.35836,0.39732668,-0.03896667803764342,0.03896667803764342,10.873612575837093
1.94132,1.9802421,-0.03892213314056403,0.03892213314056403,2.004931342517416
0.283964,0.32277772,-0.038813718305587774,0.038813718305587774,13.668534846642263
0.257584,0.29634404,-0.03876004182434084,0.03876004182434084,15.04753471073254
11.670626,11.63201,0.038615540100098045,0.038615540100098045,0.3308780531547079
1.366748,1.405362,-0.038614010002136157,0.038614010002136157,2.825247229138869
2.006618,2.0451698,-0.03855183032226561,0.03855183032226561,1.921234152207564
0.199838,0.23824438,-0.03840638452720643,0.03840638452720643,19.218759449147647
0.547424,0.58579665,-0.03837265422439573,0.03837265422439573,7.0096769994348165
0.753276,0.7916249,-0.0383489036788941,0.0383489036788941,5.090949887398928
1.455174,1.416873,0.03830102178955075,0.03830102178955075,2.6320578698436536
0.062504,0.100729264,-0.03822526431894302,0.03822526431894302,61.15650879589548
0.137062,0.1752407,-0.03817869547653199,0.03817869547653199,27.855054974155447
0.045087,0.0832382,-0.03815119935321808,0.03815119935321808,84.61685024197934
0.462355,0.50046337,-0.03810836650848387,0.03810836650848387,8.242230861619673
0.190689,0.22859149,-0.03790248681163788,0.03790248681163788,19.876598436071973
0.748101,0.78599596,-0.03789496023559569,0.03789496023559569,5.065487177604387
0.092222,0.13011625,-0.03789425409126282,0.03789425409126282,41.09025400682329
0.342305,0.37994748,-0.03764248353958127,0.03764248353958127,10.996767072810652
0.168466,0.20608214,-0.03761613543891906,0.03761613543891906,22.32862145275037
0.342518,0.38013062,-0.0376126188106537,0.0376126188106537,10.981209396198881
0.044204,0.08168927,-0.037485268350601196,0.037485268350601196,84.80062497918868
0.373104,0.41056207,-0.037458068223953256,0.037458068223953256,10.039578298252948
3.138105,3.1755328,-0.03742781784057625,0.03742781784057625,1.1926885123150297
0.058163,0.09555948,-0.03739647780609131,0.03739647780609131,64.29599185357584
3.934431,3.8971088,0.03732220674133302,0.03732220674133302,0.9486049378012834
1.148089,1.1853875,-0.03729849217987069,0.03729849217987069,3.248745713670451
0.595284,0.6325109,-0.03722690049743649,0.03722690049743649,6.253637002033122
0.162903,0.20010619,-0.037203188654899605,0.037203188654899605,22.837632598578278
0.591399,0.55420715,0.03719185383224488,0.03719185383224488,6.2887921396478665
0.244914,0.2820548,-0.03714081171607972,0.03714081171607972,15.164838147641571
0.525869,0.56294644,-0.037077438789367645,0.037077438789367645,7.0506987067723985
0.144045,0.18108445,-0.037039454059600824,0.037039454059600824,25.713807514240006
0.030664,0.06769694,-0.03703293642854691,0.03703293642854691,120.77007666246031
0.078576,0.11549192,-0.03691591921949387,0.03691591921949387,46.981163679129395
0.129677,0.16659178,-0.03691477839756013,0.03691477839756013,28.466712191902516
2.865028,2.828152,0.036876058700561654,0.036876058700561654,1.2871098886040395
0.064073,0.10092496,-0.03685196126890182,0.03685196126890182,57.51558567787717
0.468593,0.50540054,-0.03680753844451906,0.03680753844451906,7.854905736249615
7.754823,7.7915797,-0.036756723358154275,0.036756723358154275,0.47398532961590856
1.170265,1.2069817,-0.036716658935546764,0.036716658935546764,3.1374653546341467
2.940197,2.9769125,-0.036715498474121144,0.036715498474121144,1.248742804406385
4.03456,4.0711827,-0.03662272781372078,0.03662272781372078,0.907725447454321
1.377984,1.414569,-0.03658502027130117,0.03658502027130117,2.654966985730328
0.122471,0.15902925,-0.03655824537658692,0.03655824537658692,29.85053224578585
0.379337,0.34278476,0.036552237617492656,0.036552237617492656,9.635821870225376
1.751084,1.7145607,0.03652325285339364,0.03652325285339364,2.0857510462837814
0.112882,0.14924942,-0.03636741956996918,0.03636741956996918,32.21719985272407
2.625609,2.661918,-0.036308924880981586,0.036308924880981586,1.382876310966283
0.929604,0.89331245,0.03629154577636717,0.03629154577636717,3.903979089210373
0.115704,0.15188642,-0.03618241846179962,0.03618241846179962,31.271536360478535
0.101886,0.13802826,-0.03614226404571533,0.03614226404571533,35.473238727835124
7.690007,7.7259994,-0.035992355316162516,0.035992355316162516,0.46804060536868797
0.135152,0.1711036,-0.0359515966873169,0.0359515966873169,26.60086174138454
0.069431,0.105260976,-0.03582997565889358,0.03582997565889358,51.60515563262581
1.008429,1.044141,-0.03571205415344236,0.03571205415344236,3.5413553309058945
0.037039,0.07272341,-0.03568441102361679,0.03568441102361679,96.34280333506298
0.163635,0.19929805,-0.035663053979873655,0.035663053979873655,21.794270148855308
5.643978,5.679601,-0.03562319247436552,0.03562319247436552,0.6311717103386006
0.101304,0.13685234,-0.03554833891010284,0.03554833891010284,35.09075542427948
0.09989,0.13525955,-0.03536955379009246,0.03536955379009246,35.40850310810287
0.099378,0.13471775,-0.03533974756908417,0.03533974756908417,35.56093655891972
0.205697,0.24090521,-0.03520821037578584,0.03520821037578584,17.116540522549816
0.978504,0.9433491,0.03515487699890141,0.03515487699890141,3.5927167385425807
0.749897,0.7849757,-0.035078707530975306,0.035078707530975306,4.677803421842933
0.690443,0.7254668,-0.035023787815093965,0.035023787815093965,5.072654485601463
1.982802,1.9478292,0.03497275347900386,0.03497275347900386,1.7638046298742918
0.148343,0.113399774,0.03494322616386414,0.03494322616386414,23.55569601552378
3.030558,2.9957354,0.034822593124389734,0.034822593124389734,1.1490488920931619
0.335871,0.3011224,0.03474860281562803,0.03474860281562803,10.345818128174868
2.64163,2.676376,-0.034746104354858254,0.034746104354858254,1.315328200904098
0.153222,0.18795459,-0.03473258972454071,0.03473258972454071,22.668147982582504
0.04909,0.08373372,-0.03464372256755829,0.03464372256755829,70.57185271335594
0.219634,0.2541517,-0.03451770192718506,0.03451770192718506,15.71601023132532
0.122396,0.15686977,-0.03447376909637451,0.03447376909637451,28.16576445979341
0.577818,0.61225665,-0.03443864615631098,0.03443864615631098,5.960119994591871
0.068619,0.1030361,-0.034417098182201386,0.034417098182201386,50.156805158985975
0.457108,0.4914814,-0.03437339357566832,0.03437339357566832,7.519753224215846
0.510717,0.5450084,-0.03429142094421389,0.03429142094421389,6.714368414895045
0.515471,0.5497567,-0.0342857057609558,0.0342857057609558,6.651335526984925
0.138124,0.17237368,-0.03424968226051331,0.03424968226051331,24.79632955584618
0.083947,0.11811453,-0.03416753104019166,0.03416753104019166,40.70131273242683
0.407503,0.44164607,-0.03414306928825378,0.03414306928825378,8.378605624958633
0.524201,0.49009994,0.03410106327629092,0.03410106327629092,6.505341132463611
0.067472,0.101534605,-0.03406260502624511,0.03406260502624511,50.484060018616695
0.65448,0.6885257,-0.03404567672729497,0.03404567672729497,5.201943026844675
0.128514,0.16248897,-0.033974967180252086,0.033974967180252086,26.436782882655045
6.514768,6.548638,-0.03386986697387684,0.03386986697387684,0.5198936780765937
0.263241,0.29702735,-0.033786349472045896,0.033786349472045896,12.83475957742568
0.117476,0.1512501,-0.03377409417533875,0.03377409417533875,28.749782207930956
0.280765,0.314522,-0.03375699816703798,0.03375699816703798,12.023221610604867
0.447773,0.4814981,-0.03372509241294863,0.03372509241294863,7.531738717032267
0.206829,0.24046019,-0.033631187196731555,0.033631187196731555,16.260382818884764
0.23784,0.27146295,-0.03362294713020325,0.03362294713020325,14.136792430233122
0.778967,0.8125797,-0.03361269141006473,0.03361269141006473,4.315034065082308
0.730984,0.76457614,-0.033592137065887484,0.033592137065887484,4.5954681718467185
0.423526,0.45709693,-0.03357093431854247,0.03357093431854247,7.926534453756305
0.777837,0.81139535,-0.033558347118377685,0.033558347118377685,4.314316124594661
6.80969,6.842649,-0.032958983001709186,0.032958983001709186,0.4840012247433464
0.80095,0.8338484,-0.03289841680526728,0.03289841680526728,4.107424533511437
0.164689,0.19753283,-0.032843832622528074,0.032843832622528074,19.942942517463297
0.098113,0.13090973,-0.032796726023674005,0.032796726023674005,33.42750297131522
1.054623,1.0218669,0.03275608238983163,0.03275608238983163,3.1059518317660126
0.12769,0.16041172,-0.032721715507507326,0.032721715507507326,25.625902953936425
2.698151,2.6654434,0.03270757958984394,0.03270757958984394,1.2122219841896067
3.847104,3.8144314,0.0326725710906981,0.0326725710906981,0.8492770429353826
0.086309,0.11893222,-0.03262321735954285,0.03262321735954285,37.79816394784402
0.799078,0.7665037,0.032574308326721146,0.032574308326721146,4.0764866912422395
0.736629,0.76917124,-0.03254223794555666,0.03254223794555666,4.417724246688488
0.388592,0.421099,-0.032507007129669196,0.032507007129669196,8.365331021046204
0.273267,0.30571318,-0.03244617672729494,0.03244617672729494,11.873433936560765
4.169784,4.137363,0.03242104299926751,0.03242104299926751,0.7775233201165813
0.819109,0.78672844,0.0323805582847595,0.0323805582847595,3.953143999248739
0.719223,0.75157523,-0.03235223155212408,0.03235223155212408,4.498219821616642
0.286896,0.3192313,-0.03233530154609682,0.03233530154609682,11.270739757551892
0.814824,0.84712243,-0.03229843080139161,0.03229843080139161,3.9638536416978094
0.857462,0.8897362,-0.03227417553710943,0.03227417553710943,3.76391904636538
0.447073,0.47931987,-0.03224687047195435,0.03224687047195435,7.21288703740585
0.451756,0.48400125,-0.03224524907493592,0.03224524907493592,7.137757786902258
1.095398,1.0631636,0.032234361885070895,0.032234361885070895,2.9427077539057205
0.866301,0.89853334,-0.03223234426879884,0.03223234426879884,3.720686489462456
0.669863,0.6377342,0.03212882527160643,0.03212882527160643,4.796327796401668
0.197677,0.2297822,-0.03210519389915467,0.03210519389915467,16.241238931647807
0.541226,0.5733075,-0.03208151419067384,0.03208151419067384,5.927563381054546
0.051503,0.08353534,-0.032032343408584595,0.032032343408584595,62.19510192879928
0.20347,0.23547839,-0.032008386282920825,0.032008386282920825,15.731255844689422
0.733412,0.70149237,0.03191963082504268,0.03191963082504268,4.352210056651714
1.211056,1.242974,-0.031918042892456144,0.031918042892456144,2.6355546638487892
17.812206,17.780354,0.031852453857421636,0.031852453857421636,0.17882374511749313
0.100688,0.13253318,-0.031845177733421326,0.031845177733421326,31.627579951725878
0.25674,0.2885803,-0.031840298423767066,0.031840298423767066,12.401767707161056
0.353254,0.38505363,-0.031799634643554675,0.031799634643554675,9.001917779997608
0.284047,0.31583264,-0.031785644701004034,0.031785644701004034,11.190276499950274
0.649366,0.61762476,0.03174124032592773,0.03174124032592773,4.888035456281927
127.683851,127.71541,-0.031557325195308294,0.031557325195308294,0.02471520474056157
0.535231,0.5667562,-0.031525188869476306,0.031525188869476306,5.890015500519643
0.377475,0.40896907,-0.03149407448768615,0.03149407448768615,8.343353726562764
0.222695,0.25415468,-0.031459682159423824,0.031459682159423824,14.126802193716529
0.066571,0.098019935,-0.03144893519067764,0.03144893519067764,47.24119382829827
0.231452,0.26282772,-0.03137572421836854,0.03137572421836854,13.55603935365108
0.102811,0.13409436,-0.03128335749053955,0.03128335749053955,30.428025658841495
0.77351,0.74235797,0.031152030715942414,0.031152030715942414,4.02735979003698
0.701979,0.7330719,-0.03109292325592039,0.03109292325592039,4.429323847506986
0.199133,0.23021278,-0.03107977785301208,0.03107977785301208,15.607547637711747
0.833234,0.86425614,-0.03102214356994626,0.03102214356994626,3.723101021588552
4.081563,4.050665,0.030898098266601615,0.030898098266601615,0.7570163259967958
0.067863,0.0987031,-0.030840101277351373,0.030840101277351373,45.44464764585521
0.430166,0.46100593,-0.030839926132202156,0.030839926132202156,7.1693081566262435
0.078172,0.10900065,-0.030828653028488154,0.030828653028488154,39.43695055653073
3.069619,3.1003027,-0.03068369622802747,0.03068369622802747,0.9995929861988695
0.208671,0.23934714,-0.03067614496135712,0.03067614496135712,14.700722643135078
0.625535,0.59493715,0.030597854290008497,0.030597854290008497,4.891469587651695
1.296237,1.326754,-0.03051697396087638,0.03051697396087638,2.3542742537454266
0.094347,0.12483846,-0.030491456511497497,0.030491456511497497,32.31841656775423
0.0812,0.11146303,-0.030263032662868505,0.030263032662868505,37.26974461280636
0.104614,0.13480446,-0.03019045742607117,0.03019045742607117,28.85890740934508
0.206269,0.23633172,-0.03006271617984771,0.03006271617984771,14.574519760736312
1.170169,1.200195,-0.030025954872131333,0.030025954872131333,2.565950291758317
2.622414,2.5924869,0.0299271416320801,0.0299271416320801,1.141205836719103
0.138248,0.16812006,-0.02987205639076232,0.02987205639076232,21.60758663355327
41.263603,41.233913,0.029689578369143987,0.029689578369143987,0.0719510081780111
11.68363,11.65395,0.029680262451172723,0.029680262451172723,0.25403288576340305
1.88098,1.9106599,-0.029679909248351954,0.029679909248351954,1.5778960566712064
0.371045,0.40064222,-0.02959721620559691,0.02959721620559691,7.9767187800995
0.104313,0.13389829,-0.0295852880115509,0.0295852880115509,28.36203347922969
0.413596,0.44317788,-0.029581878856658916,0.029581878856658916,7.152360963236239
0.12946,0.15903422,-0.029574222364425667,0.029574222364425667,22.84429348183329
0.356675,0.3861995,-0.029524504137039165,0.029524504137039165,8.277704949537101
0.14237,0.17188913,-0.02951912630081177,0.02951912630081177,20.73409164857602
0.185546,0.21497661,-0.029430608753204357,0.029430608753204357,15.86162393009967
0.107725,0.13712443,-0.0293994341135025,0.0293994341135025,27.29118968318525
0.229634,0.2589706,-0.029336588445663447,0.029336588445663447,12.775367947641932
0.080109,0.109317906,-0.029208906200885773,0.029208906200885773,36.46145397449016
5.875954,5.9051366,-0.02918258523559558,0.02918258523559558,0.4966442084995719
0.081697,0.11087358,-0.029176579978942865,0.029176579978942865,35.71315953245493
0.275473,0.30463302,-0.02916002135467527,0.02916002135467527,10.585437173185696
1.22368,1.2528,-0.02911998779296865,0.02911998779296865,2.379706115208955
0.114408,0.14345336,-0.02904535960388184,0.02904535960388184,25.38752497945451
0.379961,0.40900037,-0.029039366926193244,0.029039366926193244,7.642723047510276
0.061717,0.09067976,-0.02896275729703903,0.02896275729703903,46.92832971484469
0.780656,0.8095518,-0.028895775455474837,0.028895775455474837,3.7014735622058064
0.771912,0.74306333,0.028848669349670453,0.028848669349670453,3.7373002811114677
0.233698,0.26248628,-0.028788279010772716,0.028788279010772716,12.318581673122635
0.625055,0.6538208,-0.028765812702178928,0.028765812702178928,4.602125044608362
0.535597,0.5643462,-0.02874919426727296,0.02874919426727296,5.367691428799128
3.468774,3.4400313,0.028742709945678513,0.028742709945678513,0.8286129319710624
0.071355,0.09997893,-0.028623931248188017,0.028623931248188017,40.11482195791913
0.287124,0.31573927,-0.02861527402496339,0.02861527402496339,9.966172808611336
0.462796,0.49135235,-0.02855634951972963,0.02855634951972963,6.170396786825995
1.248404,1.2198502,0.02855381746673591,0.02855381746673591,2.2872257269640826
0.102012,0.13050985,-0.028497853363037104,0.028497853363037104,27.935785334177666
4.507241,4.478803,0.028437842193603124,0.028437842193603124,0.6309368013153099
0.584566,0.6128981,-0.02833211134338376,0.02833211134338376,4.846691620541917
0.816065,0.7877472,0.028317795696258585,0.028317795696258585,3.47004168697206
0.126352,0.15463787,-0.028285873172760018,0.028285873172760018,22.386565428622777
0.374734,0.40289682,-0.028162821498870838,0.028162821498870838,7.515416666583609
0.071126,0.09927906,-0.028153060959815984,0.028153060959815984,39.58195444736669
0.485031,0.51311535,-0.028084346431732188,0.028084346431732188,5.790216795615532
0.097593,0.12553535,-0.027942354018211366,0.027942354018211366,28.63151454467006
0.346712,0.37431604,-0.027604036701202372,0.027604036701202372,7.961661751898033
0.061636,0.08916701,-0.02753100631380081,0.02753100631380081,44.66708785309514
0.722519,0.7499509,-0.027431885772705056,0.027431885772705056,3.796700954425884
0.147291,0.17464645,-0.027355452069282526,0.027355452069282526,18.572385312551436
0.133007,0.16029607,-0.027289067595481886,0.027289067595481886,20.51701607807474
1.473576,1.5008622,-0.027286240791320804,0.027286240791320804,1.8517023071405274
7.037819,7.010581,0.02723798345947248,0.02723798345947248,0.3870230743229608
0.658243,0.68545854,-0.02721554091644285,0.02721554091644285,4.134573540821288
1.206415,1.2334447,-0.027029690704345688,0.027029690704345688,2.2404969021526746
0.162747,0.18976834,-0.02702134416389465,0.02702134416389465,16.603282485877692
1.900677,1.8738496,0.02682736964416499,0.02682736964416499,1.411463896430247
1.292789,1.2659702,0.026818769897460903,0.026818769897460903,2.074489332395806
3.034173,3.007368,0.02680491223144532,0.02680491223144532,0.8834338790359643
0.200454,0.22710502,-0.026651021476745612,0.026651021476745612,13.29533033187179
0.749936,0.7765134,-0.026577397693633986,0.026577397693633986,3.5439554428764626
0.658626,0.6851023,-0.026476283954620317,0.026476283954620317,4.019926931308571
1.514962,1.5413667,-0.02640469635772713,0.02640469635772713,1.7429279649248102
0.125896,0.15226644,-0.02637044277572631,0.02637044277572631,20.94621175794314
0.710295,0.68396574,0.026329257411956797,0.026329257411956797,3.7068059620650557
0.304059,0.33038312,-0.02632412196731565,0.02632412196731565,8.657570392146944
0.327004,0.3533183,-0.026314303823471052,0.026314303823471052,8.047089275796003
0.390545,0.4168392,-0.026294212179183984,0.026294212179183984,6.7326971725284634
3.591493,3.5652246,0.026268352478027168,0.026268352478027168,0.731404807897322
0.477895,0.45169532,0.026199677009582534,0.026199677009582534,5.482308248485593
0.535103,0.50890553,0.026197470024108882,0.026197470024108882,4.895780815882755
1.189231,1.2154268,-0.026195802635192944,0.026195802635192944,2.2027514110370645
1.167226,1.1934165,-0.026190476249694727,0.026190476249694727,2.2438222115897783
0.05707,0.0832382,-0.026168199353218076,0.026168199353218076,45.852811122069845
1.755016,1.7810392,-0.02602323797607431,0.02602323797607431,1.4827920642655974
1.999525,2.0254858,-0.025960754013061527,0.025960754013061527,1.298346057776881
0.6846,0.6586689,0.025931124305725084,0.025931124305725084,3.787777432360109
0.257018,0.23113224,0.025885760896682763,0.025885760896682763,10.071575098479945
0.169688,0.1955072,-0.025819198572158808,0.025819198572158808,15.215689121766488
31.620191,31.59455,0.025641820922849945,0.025641820922849945,0.08109318796578065
0.405838,0.38020536,0.02563263696479795,0.02563263696479795,6.315977547317396
0.207827,0.23345195,-0.025624947569847095,0.025624947569847095,12.329941517472296
0.163647,0.18922949,-0.025582488372802747,0.025582488372802747,15.632726757697984
9.354954,9.329513,0.025441403869628232,0.025441403869628232,0.2719564828363269
0.107784,0.133078,-0.02529399398899078,0.02529399398899078,23.467299381655423
0.058354,0.08353534,-0.02518134340858459,0.02518134340858459,43.152728802536004
0.142783,0.16795206,-0.025169060699462897,0.025169060699462897,17.627491145189136
3.83078,3.855933,-0.02515295097351089,0.02515295097351089,0.656601291978508
1.216484,1.2415484,-0.025064418998718363,0.025064418998718363,2.0603985746346
0.115172,0.14021315,-0.025041146805763248,0.025041146805763248,21.742391192321797
0.175662,0.20066041,-0.02499840754318236,0.02499840754318236,14.2309705735739
2.423512,2.4484787,-0.02496669873046864,0.02496669873046864,1.0301867178474235
0.148758,0.17365135,-0.024893352524757384,0.024893352524757384,16.73412690949277
0.3729,0.3977506,-0.024850586271286,0.024850586271286,6.664142200220397
0.144205,0.16899964,-0.02479464213371277,0.02479464213371277,17.19402386638379
0.95329,0.92853814,0.024751856365203828,0.024751856365203828,2.5964665907129376
0.833508,0.85810107,-0.02459306992721555,0.02459306992721555,2.9505499556410975
0.075405,0.09997893,-0.02457393124818802,0.02457393124818802,32.589259618856524
0.7544,0.7789617,-0.02456171808242802,0.02456171808242802,3.2557950794236774
0.098908,0.12345907,-0.024551070920944218,0.024551070920944218,24.82212853977645
0.101871,0.1263529,-0.024481906227111813,0.024481906227111813,24.0322625703876
1.312981,1.3374411,-0.02446008676910405,0.02446008676910405,1.8629429342268553
0.074273,0.0987031,-0.024430101277351374,0.024430101277351374,32.89230439656277
0.155289,0.17967765,-0.024388650332450856,0.024388650332450856,15.705330265985049
3.945203,3.9694989,-0.024295872756958214,0.024295872756958214,0.6158332728719507
0.278874,0.3031466,-0.02427260072326659,0.02427260072326659,8.7037876297406
0.168728,0.1929865,-0.02425850324344636,0.02425850324344636,14.377283692729764
0.301216,0.32538274,-0.024166739305496232,0.024166739305496232,8.0230596307876
2.829486,2.853644,-0.024157894195556473,0.024157894195556473,0.8537909074193221
0.11366,0.13770604,-0.024046041336059573,0.024046041336059573,21.156115885010962
5.381635,5.405601,-0.02396602462768538,0.02396602462768538,0.44532980455270654
7.635512,7.611664,0.0238481816406253,0.0238481816406253,0.31233244922295933
0.101964,0.12576626,-0.02380226241207123,0.02380226241207123,23.343790346325605
1.450773,1.4745159,-0.023742914916992097,0.023742914916992097,1.6365699468735304
0.253816,0.27752313,-0.023707130178451552,0.023707130178451552,9.34028200314845
4.516209,4.539735,-0.02352584039306649,0.02352584039306649,0.5209200989711851
0.608321,0.6316484,-0.02332742128753662,0.02332742128753662,3.834722339636787
2.627671,2.6506517,-0.022980693344116343,0.022980693344116343,0.8745650936986319
1.248729,1.2257574,0.022971639541625954,0.022971639541625954,1.839601670161128
0.192172,0.21511397,-0.022941967657089224,0.022941967657089224,11.938246802422297
0.61965,0.59675306,0.022896939182281528,0.022896939182281528,3.695140672732411
1.249894,1.2271485,0.02274546713256842,0.02274546713256842,1.8197916887951
0.614551,0.63724655,-0.022695549129486126,0.022695549129486126,3.6930294028962765
0.188961,0.21158144,-0.022620438779830943,0.022620438779830943,11.970956317896277
4.138141,4.160741,-0.022599852355956962,0.022599852355956962,0.5461353867693446
0.939686,0.9622107,-0.022524714817047098,0.022524714817047098,2.3970469725685017
0.098657,0.12111506,-0.022458058660507207,0.022458058660507207,22.763776151457506
0.63866,0.61633235,0.022327647838592535,0.022327647838592535,3.4960147551273795
0.337717,0.359936,-0.022218998916625987,0.022218998916625987,6.579176917373662
0.058729,0.08094707,-0.02221807131385803,0.02221807131385803,37.83151641612578
1.63605,1.6582248,-0.022174821090698238,0.022174821090698238,1.3553877381096453
0.58349,0.6056463,-0.022156312236785936,0.022156312236785936,3.797205133419378
1.029149,1.0511436,-0.021994646240234283,0.021994646240234283,2.1371683048904595
0.268052,0.29004502,-0.021993022964477527,0.021993022964477527,8.204759881020387
0.300911,0.32289013,-0.02197913266563417,0.02197913266563417,7.304197140792453
0.533904,0.55584204,-0.02193804196929927,0.02193804196929927,4.108986253182273
1.290948,1.2690291,0.021918859527587875,0.021918859527587875,1.6978886466294525
0.925813,0.94772524,-0.02191223641586304,0.02191223641586304,2.3668101888282225
0.707418,0.72930896,-0.021890962821960458,0.021890962821960458,3.0944876747362904
0.69321,0.71509784,-0.021887844600677497,0.021887844600677497,3.1574623270754945
0.122634,0.14429668,-0.021662675920486443,0.021662675920486443,17.664494269796265
0.060126,0.08168927,-0.021563268350601197,0.021563268350601197,35.86346724335184
0.273143,0.2946934,-0.021550410396575903,0.021550410396575903,7.889790471908893
0.413914,0.3923682,0.02154580255889893,0.02154580255889893,5.2053814448638
0.822623,0.8440494,-0.021426394130706794,0.021426394130706794,2.604643211787435
1.236256,1.2148551,0.021400925117492697,0.021400925117492697,1.7311078866967349
0.888335,0.8669588,0.02137620302200316,0.02137620302200316,2.4063222792749173
0.492969,0.51426584,-0.021296835285186777,0.021296835285186777,4.320116534886912
0.588407,0.6096691,-0.021262089317321764,0.021262089317321764,3.613500402562896
0.825751,0.8044967,0.021254294467926038,0.021254294467926038,2.573935056130977
0.247957,0.2690662,-0.02110921456146239,0.02110921456146239,8.513256150441057
0.139739,0.16061099,-0.020871988736152647,0.020871988736152647,14.93640910641713
0.973222,0.95245063,0.0207713669509888,0.0207713669509888,2.1342886770803076
1.002215,1.0229442,-0.02072921195983879,0.02072921195983879,2.068339823068947
1.668452,1.6478505,0.020601486541748093,0.020601486541748093,1.234766510544704
0.096843,0.11744347,-0.020600472146987917,0.020600472146987917,21.27203011649359
1.201915,1.2224189,-0.020503904304504328,0.020503904304504328,1.7059363018847746
7.30772,7.328176,-0.020456021575927963,0.020456021575927963,0.2799234450094974
0.196934,0.21736324,-0.020429238334655764,0.020429238334655764,10.373647173307868
1.36728,1.3468633,0.020416730194091848,0.020416730194091848,1.4932369516557404
0.625564,0.6459766,-0.02041260303115844,0.02041260303115844,3.2630718883911745
2.272987,2.2931342,-0.020147212493896394,0.020147212493896394,0.8863760546369168
1.032127,1.0120449,0.02008209338378908,0.02008209338378908,1.9456998394425666
0.879461,0.89951813,-0.020057132209777784,0.020057132209777784,2.2806164466073158
0.3453,0.3653354,-0.02003540487289429,0.02003540487289429,5.802318235474073
7.314355,7.33427,-0.019915000457763732,0.019915000457763732,0.2722728177329574
0.959544,0.9396441,0.0198999017181396,0.0198999017181396,2.0738915272322798
77.067528,77.08742,-0.019889602539066686,0.019889602539066686,0.025808019350303905
1.824174,1.8043153,0.0198586714019775,0.0198586714019775,1.0886390991697537
0.357254,0.37701246,-0.019758461423873885,0.019758461423873885,5.530648059460002
0.080048,0.0997524,-0.019704396345138556,0.019704396345138556,24.615725965074496
0.349733,0.3693725,-0.019639487068176253,0.019639487068176253,5.615565892426704
0.243246,0.2627554,-0.019509393981933604,0.019509393981933604,8.020437735425523
11.655887,11.636439,0.019447676574706918,0.019447676574706918,0.16684853391715337
1.119878,1.1004844,0.019393628814697195,0.019393628814697195,1.7317626395880117
0.118629,0.1379365,-0.01930750269508362,0.01930750269508362,16.27553353632593
9.784819,9.765523,0.019296043151856068,0.019296043151856068,0.197203884421969
5.050574,5.0312867,0.019287283538818478,0.019287283538818478,0.38188300059432045
0.23938,0.25860086,-0.019220860834121695,0.019220860834121695,8.029434717224605
2.263702,2.244485,0.019217098571777225,0.019217098571777225,0.8489235142668204
0.261437,0.24222691,0.019210086428642248,0.019210086428642248,7.34788359004057
0.734256,0.71508855,0.01916745372390749,0.01916745372390749,2.6104592568936487
0.142377,0.16137978,-0.019002784345626828,0.019002784345626828,13.346807653118143
1.466778,1.4479377,0.01884027302551261,0.01884027302551261,1.284466567144322
0.334043,0.35278752,-0.018744524461746237,0.018744524461746237,5.611410643580266
0.703202,0.7219451,-0.01874310698318482,0.01874310698318482,2.6653944358121033
0.281956,0.30061844,-0.018662439912796036,0.018662439912796036,6.618919230722921
5.270572,5.289088,-0.018515772369385175,0.018515772369385175,0.3513047989674341
0.626212,0.6444906,-0.018278599632263193,0.018278599632263193,2.918915579603118
8.851046,8.832803,0.018243227478027535,0.018243227478027535,0.20611380257001738
0.088963,0.10719097,-0.018227966606140136,0.018227966606140136,20.489379388791697
23.522599,23.504372,0.01822735693359334,0.01822735693359334,0.07748870324030034
0.374519,0.39269203,-0.01817302947616578,0.01817302947616578,4.852365159394694
1.708054,1.7260679,-0.018013900657653847,0.018013900657653847,1.0546446808238619
0.276717,0.29468462,-0.017967618711471567,0.017967618711471567,6.493138731981926
0.063149,0.08094707,-0.017798071313858035,0.017798071313858035,28.184248817358608
0.182052,0.19984648,-0.017794476316452035,0.017794476316452035,9.774392100431548
0.472125,0.48991218,-0.01778718209266661,0.01778718209266661,3.7674730397456466
0.120571,0.13808623,-0.017515229562759402,0.017515229562759402,14.526900787280942
0.164658,0.18216527,-0.01750726508331299,0.01750726508331299,10.632501957196423
0.098739,0.11618567,-0.017446672581195838,0.017446672581195838,17.66948476643105
3.240804,3.2581217,-0.01731772889709493,0.01731772889709493,0.5343652037136638
0.830383,0.8475592,-0.017176213638305682,0.017176213638305682,2.068468843441787
0.12151,0.13862354,-0.01711353563308715,0.01711353563308715,14.08405531972932
1.011118,0.99413514,0.016982858627319297,0.016982858627319297,1.6796119370478706
0.095212,0.11211268,-0.01690067858743667,0.01690067858743667,17.750576156037155
0.265878,0.2827512,-0.016873202583312985,0.016873202583312985,6.346219911751542
0.441992,0.45848814,-0.01649613652992249,0.01649613652992249,3.732225136697104
0.850646,0.86709386,-0.016447861103057848,0.016447861103057848,1.9335729670302657
0.105224,0.121613,-0.016389003313541414,0.016389003313541414,15.575347162212108
0.101857,0.11806185,-0.0162048479847908,0.0162048479847908,15.909410221076007
1.160855,1.1769645,-0.016109521408081084,0.016109521408081084,1.3877289934309933
0.131355,0.14745015,-0.016095149059295655,0.016095149059295655,12.25316816797418
1.330844,1.3148657,0.015978291648864662,0.015978291648864662,1.200613418827755
0.078257,0.09411177,-0.01585477039146424,0.01585477039146424,20.259874990357883
0.172729,0.18855777,-0.015828773828506476,0.015828773828506476,9.16393530868733
0.248623,0.26438436,-0.01576135912132262,0.01576135912132262,6.339461399381054
0.167157,0.1514113,0.01574570506286621,0.01574570506286621,9.419710244528497
3.338028,3.3536487,-0.015620662567138677,0.015620662567138677,0.4679608010079818
0.180529,0.19606704,-0.015538035198211675,0.015538035198211675,8.60694691135758
0.207024,0.22255714,-0.015533142376899706,0.015533142376899706,7.5030635913694255
2.275831,2.2912917,-0.01546071371459945,0.01546071371459945,0.6793436645304552
1.076489,1.0918324,-0.015343399368286104,0.015343399368286104,1.4253187321803367
0.212773,0.22800797,-0.015234972240448008,0.015234972240448008,7.160199947027024
0.223051,0.2079352,0.015115800858497619,0.015115800858497619,6.7768361727680135
1.487621,1.5026691,-0.01504809599304191,0.01504809599304191,1.0115544209197338
2.911476,2.89643,0.01504598443603511,0.01504598443603511,0.5167820183136775
0.153594,0.16848293,-0.014888929468154899,0.014888929468154899,9.693692109367035
0.241291,0.25613147,-0.014840470203399653,0.014840470203399653,6.15044498023101
0.155189,0.16998886,-0.014799855719566352,0.014799855719566352,9.536665427336786
0.277792,0.29250267,-0.01471067148017885,0.01471067148017885,5.295570597743376
6.569146,6.5544677,0.01467832192993157,0.01467832192993157,0.223443381068226
0.315122,0.3297474,-0.014625408628463732,0.014625408628463732,4.64118932471314
0.831859,0.846452,-0.014592997756957993,0.014592997756957993,1.7542633733846396
1.941847,1.9273585,0.014488491889953714,0.014488491889953714,0.7461191272642795
0.946464,0.96092594,-0.014461936698913602,0.014461936698913602,1.5279964898174265
0.155621,0.17007627,-0.014455265931129446,0.014455265931129446,9.288763034449516
0.295416,0.30973768,-0.014321682342529285,0.014321682342529285,4.847971111138636
1.365916,1.3801342,-0.01421822489166269,0.01421822489166269,1.0409296684877958
1.647038,1.6610953,-0.014057261573791502,0.014057261573791502,0.8534873860189026
0.128032,0.14208204,-0.014050035541534417,0.014050035541534417,10.973846796551307
0.246622,0.2605301,-0.013908114173889152,0.013908114173889152,5.6394458597569175
0.203467,0.21731713,-0.013850134141921988,0.013850134141921988,6.807066568590936
1.223815,1.2375877,-0.013772690353393457,0.013772690353393457,1.1253898957169235
0.876005,0.86230165,0.013703352336883579,0.013703352336883579,1.5643006986625962
1.177134,1.1907693,-0.013635314765930273,0.013635314765930273,1.15834856225136
0.088687,0.10227821,-0.013591210222721098,0.013591210222721098,15.324918203791063
2.164006,2.1504557,0.01355028672790537,0.01355028672790537,0.6261667817593483
0.873215,0.8598882,0.01332680400848385,0.01332680400848385,1.5261767155806616
0.110267,0.12349814,-0.013231141765594479,0.013231141765594479,11.999185389640864
1.052547,1.0393896,0.013157389709472556,0.013157389709472556,1.25005246399662
0.380339,0.39335486,-0.01301586292839052,0.01301586292839052,3.4221741459509403
1.427611,1.440612,-0.013000958503723181,0.013000958503723181,0.9106793449204651
2.559563,2.5724716,-0.01290861865234394,0.01290861865234394,0.5043290066249438
0.368367,0.3812465,-0.012879507167816162,0.012879507167816162,3.4963791990921504
4.604586,4.6174264,-0.012840395416259476,0.012840395416259476,0.2788610184711636
1.213939,1.2266521,-0.012713145385742086,0.012713145385742086,1.0472639386900677
5.550312,5.5627794,-0.012467426574707119,0.012467426574707119,0.2246256890510388
3.649326,3.63713,0.012195977951049652,0.012195977951049652,0.33419809440744547
0.365674,0.37784258,-0.012168575311660768,0.012168575311660768,3.3277113790789214
5.108076,5.1201787,-0.012102699493408586,0.012102699493408586,0.23693264339002895
0.520494,0.5325939,-0.01209990592575072,0.01209990592575072,2.3246965235768373
0.090343,0.10227821,-0.011935210222721093,0.011935210222721093,13.210996103195708
1.031414,1.0433382,-0.011924179588317818,0.011924179588317818,1.1561002262100104
7.212197,7.2239203,-0.011723345306396737,0.011723345306396737,0.16254887804970092
0.313064,0.30137587,0.011688134063720712,0.011688134063720712,3.733464742029504
0.461919,0.47355312,-0.011634121089935279,0.011634121089935279,2.5186496090043122
1.181915,1.1703745,0.011540487327575732,0.011540487327575732,0.9764227822304742
1.737337,1.725798,0.01153898917388907,0.01153898917388907,0.6641767931739722
0.285861,0.29726905,-0.011408046306610131,0.011408046306610131,3.9907669470894476
3.749885,3.7384956,0.011389411697387608,0.011389411697387608,0.3037269595489963
0.144071,0.15541427,-0.01134326837444305,0.01134326837444305,7.8733876814693184
4.818172,4.8294525,-0.011280514648437823,0.011280514648437823,0.23412436600859618
0.363636,0.37488303,-0.011247025884628281,0.011247025884628281,3.0929352103574304
0.680493,0.6916635,-0.011170503646850571,0.011170503646850571,1.641531014310072
0.351366,0.3404359,0.010930107656478893,0.010930107656478893,3.1107470994257116
8.008428,8.018854,-0.010426141235351238,0.010426141235351238,0.13018961068540602
0.16812,0.17852296,-0.01040295935153962,0.01040295935153962,6.1878178356839175
0.104399,0.11465449,-0.010255488861560816,0.010255488861560816,9.823359277136232
3.918813,3.9290495,-0.010236491882324117,0.010236491882324117,0.26121409421839986
0.267421,0.27756637,-0.010145373348236064,0.010145373348236064,3.79378333954412
0.696908,0.7069742,-0.01006620835494998,0.01006620835494998,1.444409929790671
1.4748,1.4845531,-0.009753098678588756,0.009753098678588756,0.661316699072921
0.670771,0.6804536,-0.00968259849929809,0.00968259849929809,1.4435028493859434
0.599752,0.59007746,0.009674540187835645,0.009674540187835645,1.6130901082818492
0.207996,0.21766418,-0.009668182186126723,0.009668182186126723,4.64825389982426
2.512944,2.5224967,-0.009552700286865168,0.009552700286865168,0.3801397996328222
33.05525,33.04606,0.00919134521484466,0.00919134521484466,0.02780600726001725
0.102263,0.11142871,-0.009165707838058465,0.009165707838058465,8.962877902169492
6.105505,6.1146054,-0.009100426788330118,0.009100426788330118,0.1490528103437974
0.6375,0.6465122,-0.009012210369110152,0.009012210369110152,1.413680057677878
1.532068,1.5409682,-0.008900179702758804,0.008900179702758804,0.58092589246547
0.320074,0.32896817,-0.00889416730499265,0.00889416730499265,2.778784687982737
2.911214,2.9201045,-0.008890503631591606,0.008890503631591606,0.30538818620981545
0.860163,0.8514592,0.008703794849395763,0.008703794849395763,1.0118773823547265
1.981635,1.990302,-0.008666966667175258,0.008666966667175258,0.43736443223590077
0.483918,0.4925793,-0.008661311132431015,0.008661311132431015,1.7898303288245498
0.279572,0.28816244,-0.008590440061569227,0.008590440061569227,3.0727111651011243
3.497272,3.505732,-0.008460059478759607,0.008460059478759607,0.24190453240461998
2.926498,2.9180458,0.008452240798950239,0.008452240798950239,0.2888175832910674
20.673843,20.682255,-0.008411791259764101,0.008411791259764101,0.040688087162717705
0.636062,0.6441414,-0.008079376018524154,0.008079376018524154,1.2702183147639594
0.094755,0.10278926,-0.008034260447025293,0.008034260447025293,8.47898310225984
0.268795,0.2766651,-0.007870091514587396,0.007870091514587396,2.9279158881896907
1.412168,1.4043581,0.007809851425170988,0.007809851425170988,0.553039824200658
1.166819,1.1746118,-0.007792806869506785,0.007792806869506785,0.6678676700361339
8.926281,8.933922,-0.007640813964844284,0.007640813964844284,0.08559907496479985
1.143425,1.1508894,-0.007464396667480555,0.007464396667480555,0.6528103432081461
1.059248,1.0666955,-0.007447451736450228,0.007447451736450228,0.7030885813093005
2.48952,2.496911,-0.007391048889159979,0.007391048889159979,0.29688650377836256
3.674062,3.6814454,-0.007383360183715659,0.007383360183715659,0.20095905250141938
1.341735,1.334402,0.007333034858703513,0.007333034858703513,0.546533768453307
0.17138,0.17864943,-0.007269425506591792,0.007269425506591792,4.241700024711221
1.918286,1.925511,-0.007225002540588443,0.007225002540588443,0.3766384439135669
1.848598,1.855817,-0.007218960334777869,0.007218960334777869,0.3905100153947672
0.650938,0.6580271,-0.007089112483978255,0.007089112483978255,1.089061090747382
0.818112,0.8110588,0.00705318070602412,0.00705318070602412,0.8621289878600964
7.179199,7.17217,0.00702883779907193,0.00702883779907193,0.09790559920367194
0.974657,0.9814528,-0.006795822685241704,0.006795822685241704,0.6972527447650251
3.497515,3.5042973,-0.006782256469726633,0.006782256469726633,0.19391643694259258
1.401039,1.4078163,-0.0067772908554077915,0.0067772908554077915,0.4837332047804564
1.452899,1.4461501,0.0067489355316161515,0.0067489355316161515,0.46451511985015037
0.243264,0.23663996,0.006624038399696358,0.006624038399696358,2.722983424170191
0.282265,0.28886023,-0.006595231637954724,0.006595231637954724,2.3365389388050892
0.570189,0.5638925,0.00629651628875727,0.00629651628875727,1.1042858223594254
0.143273,0.14940402,-0.006131019117355335,0.006131019117355335,4.279256463587751
0.248266,0.25422925,-0.005963247570037855,0.005963247570037855,2.4019590147808785
0.728773,0.7228224,0.005950572250366215,0.005950572250366215,0.8165193070475575
1.298927,1.3047922,-0.005865165756225643,0.005865165756225643,0.4515392901813654
0.247953,0.24222691,0.00572608642864228,0.00572608642864228,2.309343474905702
0.261827,0.26754177,-0.005714766166687035,0.005714766166687035,2.1826496749779
0.935915,0.93026954,0.005645460643768363,0.005645460643768363,0.6032022825967273
0.37912,0.38461718,-0.005497179632186877,0.005497179632186877,1.4499840764762852
0.133196,0.12781747,0.0053785331449508755,0.0053785331449508755,4.03805905651282
0.659929,0.65455717,0.005371831516265857,0.005371831516265857,0.8140014327983549
0.183254,0.18862043,-0.005366433211326599,0.005366433211326599,2.9284125903926714
10.40726,10.412473,-0.005212724914549938,0.005212724914549938,0.050087390095950805
1.105715,1.1006519,0.005063139762878421,0.005063139762878421,0.45790640105456787
0.836457,0.84143883,-0.0049818298988342224,0.0049818298988342224,0.5955870891436901
0.500193,0.49543443,0.004758566778182982,0.004758566778182982,0.9513461358378936
0.703718,0.69909966,0.004618340080261185,0.004618340080261185,0.6562770995775167
0.156809,0.16138166,-0.004572661891937252,0.004572661891937252,2.916071073102424
5.454425,5.458916,-0.004491187286377318,0.004491187286377318,0.08234025192930472
1.808221,1.8126624,-0.004441363052368086,0.004441363052368086,0.24562058797693784
4.71999,4.7157454,0.0042445509338380205,0.0042445509338380205,0.08992711708601275
1.793574,1.7895988,0.003975177406311037,0.003975177406311037,0.22163442412130208
1.033331,1.03719,-0.0038589604797363286,0.0038589604797363286,0.3734486315965436
1.64744,1.6437035,0.0037365393066406405,0.0037365393066406405,0.22680882498991353
1.310162,1.3065223,0.0036397498245239746,0.0036397498245239746,0.2778091430102663
5.901723,5.898181,0.0035420383911128894,0.0035420383911128894,0.060017021995997996
2.55429,2.557732,-0.0034421052551270037,0.0034421052551270037,0.13475780960627987
0.491534,0.48812693,0.0034070664253235128,0.0034070664253235128,0.6931496955714891
0.268739,0.27211425,-0.0033752470836639348,0.0033752470836639348,1.2559572977528297
9.632833,9.629798,0.003035064514159913,0.003035064514159913,0.031507496435663376
1.129103,1.1320533,-0.0029502560348511064,0.0029502560348511064,0.26129201982368433
2.874158,2.8768878,-0.0027297983093261813,0.0027297983093261813,0.0949773223751514
0.833859,0.8364478,-0.0025887753639221023,0.0025887753639221023,0.31045720722707854
5.964964,5.9626064,0.0023575699462892175,0.0023575699462892175,0.03952362405288102
0.871631,0.8693915,0.0022394990501404255,0.0022394990501404255,0.25693201020655454
0.296118,0.29825416,-0.0021361620731353836,0.0021361620731353836,0.7213887951472031
3.798694,3.796577,0.002117023223876746,0.002117023223876746,0.05573029109006979
1.054854,1.0569415,-0.0020875092468262135,0.0020875092468262135,0.1978955615306306
7.912974,7.9111857,0.0017882585754396274,0.0017882585754396274,0.022599070531724587
1.26231,1.2605413,0.0017686801528931095,0.0017686801528931095,0.14011456399402641
10.172149,10.170468,0.001680669616698438,0.001680669616698438,0.016522266992765402
0.786837,0.78517467,0.001662332164764413,0.001662332164764413,0.21126766592739604
0.779291,0.7776689,0.0016221066627502,0.0016221066627502,0.20815159709813771
1.133649,1.1320533,0.0015957439651488325,0.0015957439651488325,0.14076173180658835
3.015631,3.0145025,0.0011284746704101067,0.0011284746704101067,0.037420847257926645
0.642215,0.64332396,-0.0011089579200744826,0.0011089579200744826,0.17267705050517435
0.436266,0.4355479,0.0007181117210388055,0.0007181117210388055,0.16460409953427527
0.733274,0.7325629,0.0007111004104614072,0.0007111004104614072,0.09697608402376616
0.357184,0.35655773,0.0006262731399536148,0.0006262731399536148,0.1753362803984161
0.139967,0.14055225,-0.0005852525310516277,0.0005852525310516277,0.4181360825290901
1.516863,1.5162936,0.0005693550949097403,0.0005693550949097403,0.03753503743398087
1.611654,1.6121105,-0.00045649556732185737,0.00045649556732185737,0.028324663190333204
9.031355,9.031183,0.00017175720214801515,0.00017175720214801515,0.0019017877400026174
4.898788,4.898947,-0.00015876208496123922,0.00015876208496123922,0.0032408441630460104
20.508428,20.5083,0.00012721874999854776,0.00012721874999854776,0.000620324239370894
0.810659,0.81071985,-6.0847679138165134e-05,6.0847679138165134e-05,0.0075059524572797165
