actual,predicted,error,abs_error,rel_error_pct
112.722907,49.51844774928394,63.20445925071606,63.20445925071606,56.07064343244802
163.306902,102.0290363446218,61.27786565537821,61.27786565537821,37.523132767126214
156.710146,101.82514204425982,54.88500395574019,54.88500395574019,35.023261324576374
145.648671,113.90654359756715,31.742127402432857,31.742127402432857,21.793626529150455
52.515077,26.28971228671343,26.225364713286567,26.225364713286567,49.93873419101457
73.472314,56.35024387210093,17.122070127899065,17.122070127899065,23.3041117064528
46.747329,31.1894607158722,15.5578682841278,15.5578682841278,33.28076409262766
60.053717,44.91071997120509,15.142997028794909,15.142997028794909,25.215753137761137
45.878888,32.6283089303476,13.250579069652403,13.250579069652403,28.88164828585976
41.720337,29.232774664251714,12.487562335748287,12.487562335748287,29.93159507728414
37.400004,25.32697578632284,12.073028213677162,12.073028213677162,32.28082064816057
37.957129,27.492337558343436,10.464791441656565,10.464791441656565,27.570028917700796
38.204797,27.765689742056544,10.439107257943455,10.439107257943455,27.324074665063996
38.771052,28.75341643036333,10.017635569636667,10.017635569636667,25.837925598745244
38.97273,29.504430722478194,9.468299277521805,9.468299277521805,24.29467804153702
42.80123,33.395952764409856,9.405277235590141,9.405277235590141,21.974315307219367
37.947783,28.55462225990594,9.39316074009406,9.39316074009406,24.752857736298605
34.640005,25.480219003938416,9.159785996061586,9.159785996061586,26.442796402700125
33.700195,24.618011663762235,9.082183336237765,9.082183336237765,26.949942978700314
33.116038,24.334771167240334,8.78126683275967,8.78126683275967,26.51665888513943
117.270063,109.10727589411206,8.16278710588793,8.16278710588793,6.960674273604653
18.011782,11.719844096991416,6.291937903008584,6.291937903008584,34.93234541131828
15.640334,21.78929879222032,-6.148964792220319,6.148964792220319,39.314792076569496
14.09024,20.07218180610807,-5.98194180610807,5.98194180610807,42.45450614088628
17.139397,23.01925584132604,-5.87985884132604,5.87985884132604,34.30610097479938
29.259482,23.514262331443135,5.745219668556864,5.745219668556864,19.63541141479275
14.854084,9.17037891271957,5.68370508728043,5.68370508728043,38.263585201498564
29.159698,23.5697404842104,5.5899575157895995,5.5899575157895995,19.170148867009633
101.275697,95.70971358365128,5.565983416348715,5.565983416348715,5.495872732767486
12.889711,18.439120509589515,-5.549409509589514,5.549409509589514,43.05301732169527
39.596522,34.09902707236523,5.497494927634769,5.497494927634769,13.883782337299433
28.34439,22.90082667003941,5.44356332996059,5.44356332996059,19.205081957810293
103.705284,98.33286081511665,5.37242318488336,5.37242318488336,5.180471985283005
12.950767,18.230667947509204,-5.279900947509203,5.279900947509203,40.76902122838311
14.675018,19.84643504961753,-5.17141704961753,5.17141704961753,35.23959595540047
13.052847,18.176254146969505,-5.123407146969505,5.123407146969505,39.25126178932653
28.819329,23.72826537471483,5.0910636252851695,5.0910636252851695,17.665448162472845
7.036999,1.9974948459895963,5.0395041540104035,5.0395041540104035,71.61439349272025
24.057864,19.030851338285274,5.027012661714725,5.027012661714725,20.895507022958604
19.85159,14.83195004407105,5.019639955928952,5.019639955928952,25.285833305562257
21.873304,26.859078910855334,-4.9857749108553335,4.9857749108553335,22.79388112025755
19.601062,14.61655642428073,4.984505575719268,4.984505575719268,25.429773017879537
33.799654,38.714514677186365,-4.914860677186368,4.914860677186368,14.541156773888359
11.482158,16.396656333445218,-4.914498333445218,4.914498333445218,42.80117320631206
11.241531,16.140609652895645,-4.8990786528956445,4.8990786528956445,43.58017295733173
92.36524,97.24295001982767,-4.877710019827674,4.877710019827674,5.280893569726439
7.413815,2.5486051701788845,4.865209829821115,4.865209829821115,65.62356667593528
7.72415,2.86423411638461,4.85991588361539,4.85991588361539,62.91845553947647
7.544478,2.7070743049137853,4.8374036950862145,4.8374036950862145,64.1184677723508
11.037905,6.213256795526503,4.8246482044734975,4.8246482044734975,43.709818162321454
102.855971,107.67987786205796,-4.823906862057967,4.823906862057967,4.689962882226135
18.563592,23.344047457442556,-4.780455457442557,4.780455457442557,25.751780460466943
29.418573,24.662716456634904,4.755856543365095,4.755856543365095,16.166170070006213
11.329255,16.035887604397843,-4.706632604397843,4.706632604397843,41.54406096743607
104.392986,109.0273172709478,-4.634331270947811,4.634331270947811,4.439312877728559
11.257917,15.867779743895417,-4.609862743895416,4.609862743895416,40.94774143258
11.85312,16.399095558778313,-4.545975558778313,4.545975558778313,38.352565052407805
28.642041,24.100027685329223,4.5420133146707755,4.5420133146707755,15.857854943559776
40.068106,35.54682844930911,4.52127755069089,4.52127755069089,11.283981206098451
72.277706,67.77940829244318,4.498297707556816,4.498297707556816,6.22363098733459
20.59739,24.96517315581911,-4.367783155819108,4.367783155819108,21.205517571876353
18.325048,22.626947512944096,-4.301899512944097,4.301899512944097,23.475515659880518
29.646578,33.93320451090504,-4.286626510905041,4.286626510905041,14.459093764179402
11.678282,7.413255618349217,4.265026381650783,4.265026381650783,36.52100866903421
16.15705,20.35338090743932,-4.196330907439318,4.196330907439318,25.972135429508146
12.095685,16.230925957871527,-4.1352409578715275,4.1352409578715275,34.18773684861453
13.204135,17.30499551554753,-4.100860515547531,4.100860515547531,31.057396152920834
24.209184,20.112445651818827,4.096738348181173,4.096738348181173,16.922248796837806
10.404186,14.498994770223323,-4.094808770223324,4.094808770223324,39.357319930496885
20.076293,24.14713714760917,-4.070844147609169,4.070844147609169,20.27687156981068
16.153164,12.134929351423796,4.018234648576204,4.018234648576204,24.87583639063733
21.895646,25.84732839433414,-3.951682394334142,3.951682394334142,18.047799979576283
15.639629,11.759695063578814,3.8799339364211853,3.8799339364211853,24.808350226187446
15.616602,11.738559726841114,3.8780422731588864,3.8780422731588864,24.83281749214108
87.573401,83.71217259169086,3.8612284083091453,3.8612284083091453,4.409133782876305
16.247001,12.44864710586957,3.7983538941304307,3.7983538941304307,23.37880014968333
25.824566,29.598098589637047,-3.773532589637046,3.773532589637046,14.612182019331648
80.088384,76.31539202936952,3.7729919706304855,3.7729919706304855,4.711035211580464
77.967022,74.20056991716864,3.766452082831364,3.766452082831364,4.830827170526705
8.552521,12.275667870249231,-3.7231468702492307,3.7231468702492307,43.532741634960004
48.915732,45.20596146595807,3.7097705340419296,3.7097705340419296,7.5840029012227514
59.570232,55.88243115984098,3.6878008401590137,3.6878008401590137,6.1906773170747815
7.478034,3.8550011657816317,3.6230328342183684,3.6230328342183684,48.449001892341215
10.468975,14.04180879617687,-3.5728337961768695,3.5728337961768695,34.127828141176586
8.929167,12.491390488482617,-3.5622234884826174,3.5622234884826174,39.89424196504247
85.997504,89.4897318994795,-3.492227899479488,3.492227899479488,4.060847974698692
16.539292,13.210709722997612,3.328582277002388,3.328582277002388,20.125300871296446
6.602177,3.335820190107512,3.2663568098924882,3.2663568098924882,49.4739357918307
6.739329,3.4730947249101867,3.266234275089813,3.266234275089813,48.465274139923245
11.451675,8.247547673238913,3.2041273267610872,3.2041273267610872,27.97955169643836
11.184761,7.988197811958434,3.1965631880415657,3.1965631880415657,28.579628907698485
12.270839,9.12506288304592,3.14577611695408,3.14577611695408,25.63619420749016
17.325024,20.45173191422031,-3.1267079142203116,3.1267079142203116,18.04735112749203
83.002004,86.11898914084495,-3.116985140844946,3.116985140844946,3.7553131136944486
7.389598,4.280971535930545,3.108626464069455,3.108626464069455,42.06759913093225
6.80214,3.7005823408254397,3.10155765917456,3.10155765917456,45.59679246720831
5.896349,8.992327940725046,-3.095978940725046,3.095978940725046,52.50671119827777
18.555062,21.644120723242114,-3.0890587232421147,3.0890587232421147,16.64806468027683
8.155814,11.242216143104647,-3.0864021431046478,3.0864021431046478,37.842968746795904
10.903823,7.821181044507963,3.0826419554920363,3.0826419554920363,28.27120318684342
11.777565,8.730169591298958,3.047395408701041,3.047395408701041,25.874579411577574
107.19984,104.17750532744228,3.0223346725577187,3.0223346725577187,2.819346253273232
19.991229,16.97831704750918,3.012911952490821,3.012911952490821,15.071169223641778
21.432684,18.422161603845964,3.010522396154034,3.010522396154034,14.04640872855676
11.064828,8.069623712502345,2.995204287497655,2.995204287497655,27.06959644985521
7.913974,4.9225438144928955,2.991430185507104,2.991430185507104,37.79934310460592
11.214239,8.2342020830453,2.980036916954699,2.980036916954699,26.57368829867212
16.245384,13.31241123155798,2.9329727684420206,2.9329727684420206,18.054191691768974
8.240232,11.149981775940928,-2.909749775940927,2.909749775940927,35.31150307303988
11.232986,8.32685417591866,2.9061318240813403,2.9061318240813403,25.871409650608207
11.032646,8.147983895586565,2.884662104413435,2.884662104413435,26.146602586426575
15.422703,12.554497497709509,2.8682055022904915,2.8682055022904915,18.59729453567182
11.280615,8.41880381109436,2.861811188905639,2.861811188905639,25.369283402370087
11.728172,8.874231030783438,2.8539409692165627,2.8539409692165627,24.334064756146383
7.018018,4.169303966841042,2.8487140331589575,2.8487140331589575,40.59143241180582
19.832329,16.992414977149018,2.8399140228509836,2.8399140228509836,14.319619359060976
12.185205,9.347767692687821,2.837437307312179,2.837437307312179,23.285921798516256
15.969824,18.7624776208899,-2.792653620889901,2.792653620889901,17.487065736431497
8.418683,11.1931605583378,-2.7744775583378,2.7744775583378,32.95619467207453
12.476533,9.71273702242265,2.7637959775773506,2.7637959775773506,22.151955014708
7.559822,4.821298845897463,2.7385231541025368,2.7385231541025368,36.22470415396437
14.59737,11.878820838273366,2.7185491617266333,2.7185491617266333,18.623554528713115
7.34033,10.043795196982762,-2.703465196982762,2.703465196982762,36.83029505411789
8.472133,11.169545915494014,-2.6974129154940147,2.6974129154940147,31.838651676764
37.915681,35.224261684801185,2.6914193151988144,2.6914193151988144,7.098433271425919
26.511551,29.188177825570296,-2.6766268255702954,2.6766268255702954,10.096077840033574
20.098794,17.439452925578035,2.6593410744219668,2.6593410744219668,13.23134648978807
31.79989,29.162679009494955,2.6372109905050465,2.6372109905050465,8.293145009296426
7.779548,5.149696267924435,2.629851732075565,2.629851732075565,33.80468546555353
7.179261,4.549565070120924,2.6296959298790767,2.6296959298790767,36.629061540490696
3.764467,1.1447922637200776,2.619674736279922,2.619674736279922,69.58952585346964
11.37607,8.765219570059735,2.6108504299402657,2.6108504299402657,22.95037240380303
7.062675,4.458542563737559,2.6041324362624403,2.6041324362624403,36.8717580268888
7.428898,4.827683384269736,2.601214615730264,2.601214615730264,35.01481129092429
11.586291,9.001948065026069,2.5843429349739306,2.5843429349739306,22.30517889591782
21.0286,18.46385677150308,2.564743228496919,2.564743228496919,12.19645258592927
9.491513,12.054371204738604,-2.562858204738605,2.562858204738605,27.001577142775908
83.211562,80.67024876275703,2.5413132372429743,2.5413132372429743,3.054038616941141
24.009862,21.47006663531393,2.539795364686068,2.539795364686068,10.578133954603695
6.956393,4.421403647203549,2.534989352796451,2.534989352796451,36.4411463348895
6.734293,4.2126938974002535,2.5215991025997466,2.5215991025997466,37.44415490330317
12.091196,14.606721302634005,-2.515525302634005,2.515525302634005,20.804602808632005
15.653953,13.154747652162541,2.4992053478374583,2.4992053478374583,15.965330596185467
73.531542,76.02599043003639,-2.4944484300363854,2.4944484300363854,3.3923515843486496
11.713823,9.244334573679803,2.469488426320197,2.469488426320197,21.081831493434
32.475051,34.938657969992576,-2.4636069699925756,2.4636069699925756,7.586152736095747
7.366168,4.906340494483294,2.4598275055167065,2.4598275055167065,33.39358409261523
15.982646,13.529290248161017,2.453355751838984,2.453355751838984,15.350122575596266
7.917145,5.464549299473823,2.4525957005261763,2.4525957005261763,30.978284476224676
5.745268,8.173230669494217,-2.4279626694942165,2.4279626694942165,42.26021605000769
6.949312,9.350540809577241,-2.4012288095772414,2.4012288095772414,34.553475359038245
3.986326,1.6098409514291134,2.3764850485708866,2.3764850485708866,59.61592324639958
43.342786,45.696877109218974,-2.3540911092189774,2.3540911092189774,5.431333161678961
2.51269,0.17024309839461793,2.342446901605382,2.342446901605382,93.22466764750756
2.501398,0.16500338922733704,2.336394610772663,2.336394610772663,93.40355316024316
6.697496,4.363717948787974,2.3337780512120263,2.3337780512120263,34.84553109366815
2.61555,0.28759253971714216,2.3279574602828577,2.3279574602828577,89.00450995751767
6.616684,4.297050446268173,2.319633553731827,2.319633553731827,35.057342223034524
7.459012,5.142133965522605,2.316878034477395,2.316878034477395,31.061460076030627
34.251907,31.937503577082534,2.3144034229174686,2.3144034229174686,6.757006034469004
8.148973,5.844313975493899,2.304659024506101,2.304659024506101,28.281588667404094
24.076479,26.358689893001678,-2.282210893001679,2.282210893001679,9.479006016586562
7.698949,5.418212798828783,2.2807362011712167,2.2807362011712167,29.623994147014
2.48816,0.2085315957739411,2.279628404226059,2.279628404226059,91.61904395756059
2.481965,0.2025973106010568,2.2793676893989434,2.2793676893989434,91.83722128664611
16.21682,13.95685475384467,2.2599652461553283,2.2599652461553283,13.935933469949058
6.540042,4.295743698602731,2.2442983013972686,2.2442983013972686,34.316267408725395
7.94046,5.697516784690398,2.2429432153096016,2.2429432153096016,28.247018627149494
7.784246,5.545899466567823,2.2383465334321775,2.2383465334321775,28.754827807387155
6.17106,8.400807799406227,-2.229747799406227,2.229747799406227,36.13233057805458
7.638405,5.414000018791814,2.2244049812081856,2.2244049812081856,29.121328093745547
6.865543,4.648081505762995,2.2174614942370043,2.2174614942370043,32.29841389391496
6.936672,4.719552034986773,2.217119965013227,2.217119965013227,31.962300725495812
8.333974,6.118337532999027,2.215636467000973,2.215636467000973,26.585593703248744
7.203055,5.010089867115811,2.192965132884189,2.192965132884189,30.444931114002937
6.492047,8.674767407974999,-2.1827204079749984,2.1827204079749984,33.621451106890895
7.088503,4.914916109512967,2.173586890487033,2.173586890487033,30.663553227760065
6.839559,4.674576891500692,2.1649821084993084,2.1649821084993084,31.65382605030024
7.148705,5.013561943009554,2.1351430569904455,2.1351430569904455,29.86755023407146
3.225367,5.355791672840059,-2.1304246728400593,2.1304246728400593,66.05216314217908
53.290765,51.184538165397555,2.1062268346024453,2.1062268346024453,3.952329891677278
6.368337,8.472800270061414,-2.104463270061414,2.104463270061414,33.04572716595193
9.906301,7.8089889948904805,2.0973120051095187,2.0973120051095187,21.17149484038843
5.62548,7.714801742540935,-2.0893217425409354,2.0893217425409354,37.140328336493866
6.785076,4.699110376539753,2.085965623460247,2.085965623460247,30.743437854336538
8.079668,5.994879180848091,2.0847888191519086,2.0847888191519086,25.802902039119747
12.050936,9.976906219866578,2.074029780133422,2.074029780133422,17.210528544141397
6.836418,4.764026396105351,2.0723916038946495,2.0723916038946495,30.313997825532834
7.649215,9.71934262028537,-2.070127620285371,2.070127620285371,27.06326884861136
6.516208,8.585716486967101,-2.069508486967101,2.069508486967101,31.759398824214053
28.319602,30.388474839658745,-2.068872839658745,2.068872839658745,7.305444616246512
6.929524,4.860955266822135,2.068568733177865,2.068568733177865,29.851527076722927
7.813859,5.789971825375664,2.0238871746243356,2.0238871746243356,25.90125026057463
0.047937,2.0660338413850283,-2.018096841385028,2.018096841385028,4209.8938965207135
8.176384,10.178046482246145,-2.001662482246145,2.001662482246145,24.48102342333315
0.049121,2.0495598581272354,-2.0004388581272354,2.0004388581272354,4072.4717616798594
7.041058,5.042331298600734,1.9987267013992653,1.9987267013992653,28.38673820569123
0.075878,2.072605756597202,-1.9967277565972021,1.9967277565972021,2631.4976066392164
0.065046,2.0600095525722004,-1.9949635525722005,1.9949635525722005,3067.004196269096
0.064608,2.051156097201279,-1.9865480972012788,1.9865480972012788,3074.7710718897165
0.02473,2.0076011385441,-1.9828711385441,1.9828711385441,8018.079783768783
0.048333,2.031156092190283,-1.9828230921902832,1.9828230921902832,4102.420888601705
0.089831,2.0714464889430637,-1.9816154889430637,1.9816154889430637,2205.9372452016864
0.033261,2.0126766777165415,-1.9794156777165415,1.9794156777165415,5951.161034741531
0.027752,2.0032137475269387,-1.9754617475269387,1.9754617475269387,7118.268018192097
0.152794,2.1259692813954523,-1.9731752813954522,1.9731752813954522,1291.3957878608167
0.107671,2.080000982989425,-1.972329982989425,1.972329982989425,1831.8117052480363
0.031965,2.0007813698277843,-1.9688163698277843,1.9688163698277843,6159.287857558255
0.026775,1.99458235677751,-1.96780735677751,1.96780735677751,7349.420539413965
0.040997,2.00878953759668,-1.9677925375966803,1.9677925375966803,4799.845190615984
0.025647,1.9928733829780363,-1.9672263829780363,1.9672263829780363,7670.395661510666
0.064056,2.0312597054869457,-1.9672037054869458,1.9672037054869458,3071.0685999998086
0.046775,2.0134294209758394,-1.9666544209758394,1.9666544209758394,4204.499020355618
0.090677,2.0568226588874587,-1.9661456588874588,1.9661456588874588,2168.295881777257
0.028687,1.9947204505311333,-1.9660334505311334,1.9660334505311334,6853.395069814684
0.058848,2.02423179041325,-1.9653837904132498,1.9653837904132498,3339.763096576752
0.085756,2.0509109041456206,-1.9651549041456207,1.9651549041456207,2291.565490291123
0.237218,2.2020606493894945,-1.9648426493894946,1.9648426493894946,828.2856480373365
13.728767,11.764092354023177,1.9646746459768227,1.9646746459768227,14.310641632730107
0.028112,1.992745288028562,-1.9646332880285622,1.9646332880285622,6988.593060045421
0.027972,1.992526205244694,-1.9645542052446938,1.9645542052446938,7023.2882819298065
4.220861,2.256821073351457,1.9640399266485433,1.9640399266485433,46.53173669073707
0.031387,1.9933493515879661,-1.961962351587966,1.961962351587966,6250.875666158252
0.024164,1.985373584457104,-1.961209584457104,1.961209584457104,8116.245556782231
0.033903,1.9944215870121198,-1.9605185870121198,1.9605185870121198,5782.728906673128
0.041623,2.0019558968804994,-1.9603328968804994,1.9603328968804994,4709.73474322073
0.142215,2.1024160497220628,-1.9602010497220628,1.9602010497220628,1378.3363557597484
0.072977,2.032988226572982,-1.960011226572982,1.960011226572982,2685.7930908192843
0.153839,2.1136707632985114,-1.9598317632985114,1.9598317632985114,1273.9498839855703
0.092152,2.0519245449016665,-1.9597725449016665,1.9597725449016665,2126.6739113366966
0.033257,1.9919839279913951,-1.958726927991395,1.958726927991395,5889.668106268536
0.152888,2.110957380777368,-1.958069380777368,1.958069380777368,1280.7214297372236
0.141573,2.097301649821752,-1.9557286498217519,1.9557286498217519,1381.427707571588
18.27208,20.22758548971049,-1.9555054897104895,1.9555054897104895,10.702150437715837
0.031686,1.986905545195306,-1.9552195451953058,1.9552195451953058,6170.610171762594
0.07908,2.032403258210607,-1.953323258210607,1.953323258210607,2470.059756879802
0.097921,2.0509633860421843,-1.9530423860421844,1.9530423860421844,1994.5082097279196
0.085401,2.0364710189878608,-1.9510700189878607,1.9510700189878607,2284.598560559317
0.141115,2.091325110621238,-1.9502101106212377,1.9502101106212377,1382.0005734608208
0.123522,2.072791888080239,-1.9492698880802393,1.9492698880802393,1578.0750688154046
0.110518,2.0590717608372415,-1.9485537608372416,1.9485537608372416,1763.1098636187155
0.039624,1.9876395156626394,-1.9480155156626393,1.9480155156626393,4916.2515413547035
0.030865,1.9784222076362106,-1.9475572076362107,1.9475572076362107,6309.921274344045
0.075903,2.023342224737977,-1.947439224737977,1.947439224737977,2565.694665786968
0.037301,1.9830920994951349,-1.9457910994951348,1.9457910994951348,5216.458256557938
0.0644,2.0095501887099445,-1.9451501887099445,1.9451501887099445,3020.4195429961574
0.185611,2.1299028163424794,-1.9442918163424794,1.9442918163424794,1047.5089382067713
0.184441,2.128681483076498,-1.944240483076498,1.944240483076498,1054.1259709188153
0.037568,1.981717687979767,-1.944149687979767,1.944149687979767,5175.015126716226
0.144838,2.0879951288873464,-1.9431571288873464,1.9431571288873464,1341.607262973625
0.12095,2.0640496491538904,-1.9430996491538903,1.9430996491538903,1606.5313332346914
0.035891,1.9786143256352275,-1.9427233256352276,1.9427233256352276,5412.84255167698
0.058303,1.9994423449387604,-1.9411393449387604,1.9411393449387604,3329.398730098557
0.092098,2.033154406743737,-1.941056406743737,1.941056406743737,2107.598867115614
0.073129,2.01333312576131,-1.94020412576131,1.94020412576131,2653.125467472801
0.060134,2.0000739018269904,-1.9399399018269905,1.9399399018269905,3226.0283676471913
0.06202,2.000744952158385,-1.9387249521583851,1.9387249521583851,3125.9673476820667
0.253117,2.191241144841218,-1.9381241448412179,1.9381241448412179,765.702874194746
0.033359,1.970884704840838,-1.937525704840838,1.937525704840838,5808.104856358804
0.271427,2.2087168424133203,-1.9372898424133203,1.9372898424133203,713.7424949248151
0.037974,1.9751019871738187,-1.9371279871738187,1.9371279871738187,5101.195507643712
0.233381,2.169861741477984,-1.9364807414779839,1.9364807414779839,829.7508111835295
0.057991,1.994293024725092,-1.9363020247250922,1.9363020247250922,3338.9698770259565
0.072275,2.008077639446583,-1.9358026394465828,1.9358026394465828,2678.3848312254554
0.094775,2.0290760139259305,-1.9343010139259305,1.9343010139259305,2040.9401338802327
0.200671,2.13471654631406,-1.9340455463140598,1.9340455463140598,963.7892597088122
0.28999,2.2231867137436936,-1.9331967137436936,1.9331967137436936,666.6425439073937
11.65931,9.726762856271435,1.9325471437285646,1.9325471437285646,16.57514161397192
0.156299,2.0883084227698525,-1.9320094227698525,1.9320094227698525,1236.0983893267098
0.238015,2.1694933808019172,-1.9314783808019171,1.9314783808019171,811.4943932064881
0.155576,2.0867401473518505,-1.9311641473518506,1.9311641473518506,1241.2995231337425
0.060471,1.9915527297469957,-1.9310817297469958,1.9310817297469958,3193.401343707884
0.168197,2.097889148300812,-1.929692148300812,1.929692148300812,1147.2809545672817
0.060155,1.9896614311647838,-1.9295064311647838,1.9295064311647838,3207.557855468749
0.305991,2.2346742874175654,-1.9286832874175652,1.9286832874175652,630.3071942597194
0.099853,2.0285001828558507,-1.9286471828558507,1.9286471828558507,1931.4864660294277
0.052871,1.98135891709585,-1.92848791709585,1.92848791709585,3647.5344015591068
0.167725,2.094152448607179,-1.9264274486071793,1.9264274486071793,1148.5630928356632
0.223756,2.1494060976116494,-1.9256500976116493,1.9256500976116493,860.6026639513784
0.23799,2.162987309548601,-1.9249973095486013,1.9249973095486013,808.8563841925059
0.462712,2.3862591450261057,-1.9235471450261057,1.9235471450261057,415.7115321431893
6.655655,4.732285763369495,1.9233692366305055,1.9233692366305055,28.898271268592
0.270039,2.193024786259059,-1.9229857862590591,1.9229857862590591,712.114096684903
0.049519,1.9709798820970157,-1.9214608820970156,1.9214608820970156,3880.249759116229
0.059061,1.9793519405585975,-1.9202909405585975,1.9202909405585975,3251.368817506017
0.318302,2.23787894240224,-1.91957694240224,1.91957694240224,603.0678229477579
0.063978,1.982827017397664,-1.918849017397664,1.918849017397664,2999.2325711938975
0.088293,2.0065315075157066,-1.9182385075157067,1.9182385075157067,2172.582770257126
0.063482,1.9807601813836904,-1.9172781813836903,1.9172781813836903,3020.1918313277756
0.048611,1.9653341861755287,-1.9167231861755287,1.9167231861755287,3942.982415981046
8.607015,10.522779691376185,-1.915764691376184,1.915764691376184,22.258177676626868
0.209135,2.1233064934970756,-1.9141714934970755,1.9141714934970755,915.2803177764579
0.071496,1.9845994997552303,-1.9131034997552303,1.9131034997552303,2675.8189228480073
0.236297,2.1486265689516344,-1.9123295689516344,1.9123295689516344,809.290667313738
0.15401,2.0617755408759955,-1.9077655408759955,1.9077655408759955,1238.7283550660782
0.321073,2.22870892092552,-1.90763592092552,1.90763592092552,594.14398605033
0.093903,1.9986099251533211,-1.904706925153321,1.904706925153321,2028.3770732830092
0.285086,2.1891557044542793,-1.9040697044542794,1.9040697044542794,667.8930932372639
0.181937,2.0859438519319085,-1.9040068519319084,1.9040068519319084,1046.5198672537135
0.043799,1.9476655934355342,-1.9038665934355343,1.9038665934355343,4346.826614965427
0.054343,1.9574136716956474,-1.9030706716956474,1.9030706716956474,3501.9610036135036
0.345189,2.247499964432631,-1.902310964432631,1.902310964432631,551.0925793931841
0.060031,1.9616452515609204,-1.9016142515609205,1.9016142515609205,3167.7204251023636
0.083146,1.9825947355554554,-1.8994487355554555,1.8994487355554555,2284.4739774264326
0.131413,2.0278010595008524,-1.8963880595008524,1.8963880595008524,1443.0749302259119
0.155944,2.0514969823304376,-1.8955529823304376,1.8955529823304376,1215.5344105030672
0.144188,2.0391076370006935,-1.8949196370006935,1.8949196370006935,1314.2006517092218
0.157585,2.051877136404098,-1.8942921364040979,1.8942921364040979,1202.0764255493996
0.157827,2.048937062391957,-1.891110062391957,1.891110062391957,1198.2170738807301
0.385915,2.275748941170427,-1.889833941170427,1.889833941170427,489.7021211097586
0.070086,1.9598757945592844,-1.8897897945592843,1.8897897945592843,2696.386998634389
0.431578,2.3212453306661534,-1.8896673306661533,1.8896673306661533,437.8507083837227
0.115324,2.00462633237046,-1.88930233237046,1.88930233237046,1638.2559837780552
0.087433,1.976493388079394,-1.889060388079394,1.889060388079394,2160.580542722786
0.098671,1.9851672287801456,-1.8864962287801457,1.8864962287801457,1911.9054503027642
0.350367,2.236767920664505,-1.8864009206645052,1.8864009206645052,538.4071331278625
0.362527,2.247744671179884,-1.885217671179884,1.885217671179884,520.0213144565406
0.332442,2.217566526357846,-1.885124526357846,1.885124526357846,567.0536592219972
0.046973,1.9317448754313808,-1.884771875431381,1.884771875431381,4012.457946945954
0.419403,2.3036051923203793,-1.8842021923203793,1.8842021923203793,449.2581578746745
0.046898,1.930413323814463,-1.8835153238144628,1.8835153238144628,4016.1954023588796
0.227095,2.108323652651361,-1.8812286526513609,1.8812286526513609,828.388406536019
0.053702,1.9349292201509272,-1.8812272201509272,1.8812272201509272,3503.085949588174
0.372358,2.253392559794161,-1.8810345597941611,1.8810345597941611,505.168294836956
0.07142,1.9507811706217204,-1.8793611706217204,1.8793611706217204,2631.4214057551094
7.11572,5.236845456896214,1.8788745431037857,1.8788745431037857,26.404559806700956
0.27278,2.1513934326737854,-1.8786134326737853,1.8786134326737853,688.691777984124
0.08934,1.967787397758329,-1.878447397758329,1.878447397758329,2102.582712845026
0.39507,2.2733104426075244,-1.8782404426075243,1.8782404426075243,475.41965781560356
0.173131,2.051126844070204,-1.877995844070204,1.877995844070204,1084.72534842719
0.05773,1.9351114831263132,-1.8773814831263131,1.8773814831263131,3252.0032563213404
0.48947,2.3638332122795838,-1.8743632122795837,1.8743632122795837,382.9373019585769
6.742221,4.869147135064251,1.8730738649357486,1.8730738649357486,27.781258800445247
12.051809,13.923377294041533,-1.8715682940415324,1.8715682940415324,15.529355750875265
0.040126,1.910555856118858,-1.870429856118858,1.870429856118858,4661.39124621808
0.424064,2.29406148404955,-1.86999748404955,1.86999748404955,440.9705807634176
0.132068,2.0005297162240403,-1.8684617162240402,1.8684617162240402,1414.7724769128538
4.235914,2.3685054118374875,1.8674085881625127,1.8674085881625127,44.085139313933844
0.283613,2.1505924049653977,-1.8669794049653978,1.8669794049653978,658.2841422315315
0.317946,2.181931756767586,-1.863985756767586,1.863985756767586,586.2585961708363
0.332482,2.1954573827230064,-1.8629753827230064,1.8629753827230064,560.323681330924
0.480469,2.3423493897595513,-1.8618803897595513,1.8618803897595513,387.5131151795513
0.073569,1.9350177715820465,-1.8614487715820465,1.8614487715820465,2530.208061889979
0.049422,1.9108028478691281,-1.861380847869128,1.861380847869128,3766.300117564704
6.342387,8.202861251526672,-1.8604742515266715,1.8604742515266715,29.33397554418135
0.05781,1.9181362308673968,-1.860326230867397,1.860326230867397,3218.0007397498634
0.091357,1.9511833174608206,-1.8598263174608207,1.8598263174608207,2035.778665482713
0.174514,2.0313880594298546,-1.8568740594298545,1.8568740594298545,1064.0258422624136
0.468201,2.3248508388554345,-1.8566498388554344,1.8566498388554344,396.5497379242857
0.474457,2.3310465105461393,-1.8565895105461392,1.8565895105461392,391.3082766520108
0.187472,2.0428968374766683,-1.8554248374766682,1.8554248374766682,989.7077091442778
0.147205,2.002159269294385,-1.8549542692943848,1.8549542692943848,1260.1163466147673
0.527296,2.3819005624528806,-1.8546045624528806,1.8546045624528806,351.7198237993766
0.05813,1.912649959337891,-1.854519959337891,1.854519959337891,3190.297533369333
0.299529,2.153676360312687,-1.8541473603126872,1.8541473603126872,619.020982840949
4.205561,6.058165291799568,-1.852604291799568,1.852604291799568,44.05129997533068
0.546498,2.3968335733359716,-1.8503355733359714,1.8503355733359714,338.58048391712157
0.230089,2.0801471065397905,-1.8500581065397905,1.8500581065397905,804.0619524339402
0.389075,2.238336140803213,-1.849261140803213,1.849261140803213,475.29682974437213
0.325649,2.1732640089697277,-1.8476150089697276,1.8476150089697276,567.3639435104556
0.14532,1.9917743207497054,-1.8464543207497055,1.8464543207497055,1270.6126613536283
0.053574,1.8994338080933204,-1.8458598080933204,1.8458598080933204,3445.439587575841
0.182235,2.027802467287323,-1.845567467287323,1.845567467287323,1012.7403990861154
0.04237,1.8874380266940882,-1.8450680266940882,1.8450680266940882,4354.656649373216
5.047092,6.891223396343161,-1.844131396343161,1.844131396343161,36.53849377634928
0.063035,1.905538797613758,-1.8425037976137582,1.8425037976137582,2922.98531719009
69.928236,71.769978002237,-1.8417420022369981,1.8417420022369981,2.6337601340814096
0.571504,2.4130870570557192,-1.8415830570557192,1.8415830570557192,322.2344999743632
0.239819,2.078530809652733,-1.838711809652733,1.838711809652733,766.7081460960245
0.367707,2.2059687355956754,-1.8382617355956754,1.8382617355956754,499.9256840625144
0.106664,1.9440673267405977,-1.8374033267405976,1.8374033267405976,1722.6086824214253
0.187026,2.0239921213071312,-1.8369661213071313,1.8369661213071313,982.1982613780614
0.482221,2.3156891558327963,-1.8334681558327963,1.8334681558327963,380.21325397537294
0.110532,1.9413907426385961,-1.830858742638596,1.830858742638596,1656.4060552439023
0.213677,2.0423816484725847,-1.8287046484725846,1.8287046484725846,855.8266203740964
0.584683,2.412305675929426,-1.827622675929426,1.827622675929426,312.58351544629187
11.963425,10.13622837787884,1.8271966221211606,1.8271966221211606,15.273189927682813
11.874701,10.04841799912593,1.8262830008740707,1.8262830008740707,15.379612512842986
1.49562,3.321588660837021,-1.825968660837021,1.825968660837021,122.08774024918985
8.460298,6.6347117972545515,1.8255862027454484,1.8255862027454484,21.57827304338299
0.539269,2.363669495449491,-1.824400495449491,1.824400495449491,338.3099149239398
21.289688,19.473433812122902,1.8162541878770995,1.8162541878770995,8.531145162242717
12.533332,10.717567803744753,1.8157641962552464,1.8157641962552464,14.487481830376463
0.512538,2.3273834581276915,-1.8148454581276914,1.8148454581276914,354.08993240961667
0.147394,1.9610883972368285,-1.8136943972368285,1.8136943972368285,1230.5076163251697
75.774329,77.58561731822911,-1.811288318229117,1.811288318229117,2.390371966509564
0.495107,2.3039688620872205,-1.8088618620872206,1.8088618620872206,365.34766459005283
7.833772,6.026570886505263,1.8072011134947363,1.8072011134947363,23.06936062820908
0.570975,2.376909679654199,-1.805934679654199,1.805934679654199,316.28962377300394
0.177381,1.9826806986124126,-1.8052996986124126,1.8052996986124126,1017.7525764285125
0.220216,2.023512332048419,-1.8032963320484192,1.8032963320484192,818.87616305334
0.118339,1.9207921669025936,-1.8024531669025936,1.8024531669025936,1523.126919594949
0.274077,2.073659676339169,-1.7995826763391687,1.7995826763391687,656.5974801543257
2.660527,0.8669178975374194,1.7936091024625807,1.7936091024625807,67.41555723340394
0.597841,2.390187247782835,-1.7923462477828354,1.7923462477828354,299.8031663072677
3.851066,5.642093705881775,-1.7910277058817754,1.7910277058817754,46.50732305899894
0.528337,2.3158653271690923,-1.7875283271690923,1.7875283271690923,338.3310892159287
20.570877,18.78344465242377,1.7874323475762282,1.7874323475762282,8.689140222692203
0.310501,2.0950052889534128,-1.7845042889534128,1.7845042889534128,574.7177266349206
0.216387,2.0007421988632608,-1.7843551988632607,1.7843551988632607,824.6129379485124
0.088606,1.8724025840074887,-1.7837965840074888,1.7837965840074888,2013.1780940278431
0.457714,2.23952748579255,-1.78181348579255,1.78181348579255,389.28533656459376
0.671008,2.447686034721402,-1.7766780347214017,1.7766780347214017,264.7774742561376
0.496789,2.270877635926759,-1.774088635926759,1.774088635926759,357.1110945632145
0.548908,2.3218987449950426,-1.7729907449950426,1.7729907449950426,323.0032618712133
0.095108,1.8651064638225208,-1.7699984638225208,1.7699984638225208,1861.0405664733569
0.693858,2.4616243232454043,-1.7677663232454042,1.7677663232454042,254.77350163731353
0.790847,2.558154137873961,-1.7673071378739613,1.7673071378739613,223.47017029216664
0.153112,1.91835415558646,-1.7652421555864601,1.7652421555864601,1152.9090825236108
0.794218,2.555485350016621,-1.7612673500166212,1.7612673500166212,221.76119778132198
12.662151,10.905370586734076,1.7567804132659237,1.7567804132659237,13.874265227543484
0.68126,2.436167393264677,-1.754907393264677,1.754907393264677,257.5973039672195
0.308068,2.0624161415709494,-1.7543481415709494,1.7543481415709494,569.4678256104112
0.706034,2.4570889173644623,-1.7510549173644623,1.7510549173644623,248.01283183479111
0.546913,2.296859200995087,-1.7499462009950868,1.7499462009950868,319.96792920905494
0.629785,2.3782274057654984,-1.7484424057654984,1.7484424057654984,277.62528569081087
7.393231,5.648916161254132,1.7443148387458685,1.7443148387458685,23.59340373271544
0.724999,2.469221091053381,-1.744222091053381,1.744222091053381,240.58268919168145
0.536672,2.2807492402110157,-1.7440772402110156,1.7440772402110156,324.9801070087568
0.740313,2.4828895735046537,-1.7425765735046537,1.7425765735046537,235.38375974341528
0.428528,2.167779990192251,-1.7392519901922512,1.7392519901922512,405.86659209815565
38.201876,36.46463805635877,1.737237943641226,1.737237943641226,4.547519979481318
0.737221,2.4743982421249733,-1.7371772421249734,1.7371772421249734,235.6385998078371
46.248052,47.98246763702201,-1.7344156370220105,1.7344156370220105,3.750245820122889
0.588004,2.3220324418322082,-1.7340284418322083,1.7340284418322083,294.9007900519907
2.873762,1.1412422219822034,1.7325197780177968,1.7325197780177968,60.28751782358835
0.395254,2.127489479864586,-1.732235479864586,1.732235479864586,438.2588106448833
0.284084,2.0150588076240936,-1.7309748076240936,1.7309748076240936,609.3179506817615
0.427999,2.157925418308487,-1.729926418308487,1.729926418308487,404.18935976586334
39.806969,38.08051463045418,1.72645436954582,1.72645436954582,4.337065626728533
0.718951,2.4445700196274203,-1.7256190196274201,1.7256190196274201,240.01900260065025
0.593379,2.3139314466912957,-1.7205524466912956,1.7205524466912956,289.9584323680712
0.844099,2.5645280277790334,-1.7204290277790335,1.7204290277790335,203.81839423754974
17.236936,15.521601800308604,1.7153341996913962,1.7153341996913962,9.951502979888334
5.260972,6.973139697243402,-1.7121676972434026,1.7121676972434026,32.54470271293704
0.438047,2.1480670324650255,-1.7100200324650254,1.7100200324650254,390.37364302795174
0.780261,2.486511079622547,-1.706250079622547,1.706250079622547,218.67683754588145
0.447961,2.147720847866907,-1.699759847866907,1.699759847866907,379.44371217303814
0.804202,2.50231604351632,-1.6981140435163198,1.6981140435163198,211.15516291990875
0.663154,2.3598971569352276,-1.6967431569352276,1.6967431569352276,255.85959772230402
0.548065,2.244508950046008,-1.6964439500460078,1.6964439500460078,309.53334909845995
0.867583,2.5599515947074405,-1.6923685947074405,1.6923685947074405,195.067053470662
0.973632,2.661429323409296,-1.6877973234092958,1.6877973234092958,173.35064205325472
0.363085,2.0485046945306813,-1.6854196945306814,1.6854196945306814,464.1942504004537
7.820835,6.1371251120352515,1.6837098879647483,1.6837098879647483,21.528518220154496
0.675915,2.3595516800507834,-1.6836366800507834,1.6836366800507834,249.09000093232038
7.904141,6.2207787994138,1.6833622005862,1.6833622005862,21.297218768806157
0.937798,2.6183723664097993,-1.6805743664097994,1.6805743664097994,179.2043026569256
0.486552,2.162357562744319,-1.6758055627443187,1.6758055627443187,344.4247608477396
0.560462,2.234318093032396,-1.673856093032396,1.673856093032396,298.65648210471704
2.82913,1.1554089069731965,1.6737210930268036,1.6737210930268036,59.16027517178932
17.234251,15.568408428760485,1.6658425712395157,1.6658425712395157,9.665883195213125
0.875182,2.5399060232758828,-1.6647240232758826,1.6647240232758826,190.21460942817242
5.688218,7.35282429399213,-1.6646062939921302,1.6646062939921302,29.264108618250322
78.795445,77.13116073589762,1.6642842641023776,1.6642842641023776,2.112157960527116
12.926472,11.263375358633299,1.6630966413667014,1.6630966413667014,12.865820166197208
38.05414,36.39107188951396,1.6630681104860372,1.6630681104860372,4.370268544977411
0.535058,2.1960211616143113,-1.6609631616143112,1.6609631616143112,310.42675024088686
0.36864,2.0267228441787957,-1.6580828441787956,1.6580828441787956,449.7837575219759
7.901473,6.248435644908341,1.6530373550916595,1.6530373550916595,20.92062271263521
0.767254,2.409390607995622,-1.642136607995622,1.642136607995622,214.02776756870531
0.42719,2.066453725997409,-1.639263725997409,1.639263725997409,383.7317646980681
1.352186,2.9903579649190704,-1.6381719649190702,1.6381719649190702,121.14989837181574
0.664307,2.299499275668026,-1.6351922756680262,1.6351922756680262,246.15008955526227
7.467552,5.83553457116648,1.63201742883352,1.63201742883352,21.854784925657903
0.944515,2.5760274185278487,-1.6315124185278487,1.6315124185278487,172.73546935253682
0.49069,2.119772084295267,-1.629082084295267,1.629082084295267,331.9982237182883
0.529092,2.150376567017947,-1.621284567017947,1.621284567017947,306.4277227233674
1.218087,2.8369530616560574,-1.6188660616560575,1.6188660616560575,132.90233468735445
0.756714,2.373231924303859,-1.6165179243038588,1.6165179243038588,213.62336683214997
0.508635,2.1216356515496706,-1.6130006515496706,1.6130006515496706,317.1234089735365
0.999224,2.608895817520306,-1.6096718175203062,1.6096718175203062,161.09218927479864
1.029261,2.6288613649652444,-1.5996003649652444,1.5996003649652444,155.4125109967085
3.69937,2.1022825651948907,1.5970874348051094,1.5970874348051094,43.171876150856434
1.103709,2.699043884021739,-1.595334884021739,1.595334884021739,144.54307103386813
0.353688,1.9488444000454521,-1.5951564000454521,1.5951564000454521,451.0066498140863
0.221342,1.8132003839145234,-1.5918583839145235,1.5918583839145235,719.1849640806256
3.855176,5.4453858424043045,-1.5902098424043043,1.5902098424043043,41.24869635946726
0.89326,2.479247379139279,-1.585987379139279,1.585987379139279,177.55047566909167
1.192718,2.772017734167326,-1.579299734167326,1.579299734167326,132.41183029307132
2.132402,3.7115384071526982,-1.5791364071526983,1.5791364071526983,74.05434843329935
0.545172,2.119974783367578,-1.574802783367578,1.574802783367578,288.8634748444004
1.158008,2.732759189629835,-1.5747511896298352,1.5747511896298352,135.98793699990392
1.180915,2.7446406668121526,-1.5637256668121526,1.5637256668121526,132.4164454410128
7.858162,6.2949011510723825,1.5632608489276176,1.5632608489276176,19.893466804422257
0.356053,1.9157421617576027,-1.5596891617576027,1.5596891617576027,438.04971768797145
0.635926,2.1946815701798563,-1.5587555701798563,1.5587555701798563,245.115873534773
0.302545,1.860213405406629,-1.557668405406629,1.557668405406629,514.8551140794837
3.296322,1.7397479237941624,1.5565740762058375,1.5565740762058375,47.22154195368705
8.23356,6.679124000860618,1.5544359991393826,1.5544359991393826,18.879269709827863
0.408209,1.9590555825708975,-1.5508465825708975,1.5508465825708975,379.91484317861256
0.289915,1.8395227060189718,-1.549607706018972,1.549607706018972,534.5041496591994
23.863216,25.41100508755772,-1.5477890875577174,1.5477890875577174,6.486087573239212
3.220313,1.6736660817793663,1.5466469182206337,1.5466469182206337,48.02784444159949
0.241195,1.7856453264226104,-1.5444503264226104,1.5444503264226104,640.3326461088653
5.343712,6.888133744234237,-1.5444217442342367,1.5444217442342367,28.901665063636194
5.722714,4.180313360259943,1.5424006397400571,1.5424006397400571,26.95225796209814
0.561993,2.103521166286601,-1.5415281662866012,1.5415281662866012,274.29668448046584
3.41668,1.8760139460635017,1.5406660539364982,1.5406660539364982,45.09248902125472
1.429226,2.9663185569498953,-1.5370925569498952,1.5370925569498952,107.54720085153417
22.954928,21.419054977660387,1.5358730223396115,1.5358730223396115,6.690820473638256
2.613984,1.0781870737262658,1.535796926273734,1.535796926273734,58.75311119788725
4.531667,6.067413311330297,-1.5357463113302972,1.5357463113302972,33.8892136447009
1.08864,2.618327997363723,-1.529687997363723,1.529687997363723,140.5136681752654
0.323168,1.8528521706316639,-1.529684170631664,1.529684170631664,473.3402348494664
12.274146,10.745635514966288,1.5285104850337117,1.5285104850337117,12.453090300712233
1.195155,2.7216376127273776,-1.5264826127273776,1.5264826127273776,127.72256423640908
1.214189,2.74035638341784,-1.52616738341784,1.52616738341784,125.69438392969674
74.604888,73.07977808429426,1.525109915705741,1.525109915705741,2.0442493201031238
1.179793,2.7001516781074493,-1.5203586781074492,1.5203586781074492,128.86656201372466
3.851374,5.369048813940855,-1.5176748139408556,1.5176748139408556,39.406061678285454
61.179357,62.696860929167855,-1.5175039291678516,1.5175039291678516,2.480418238402491
2.63722,1.1197701778894142,1.5174498221105859,1.5174498221105859,57.53975102771275
0.742925,2.2599918543156647,-1.5170668543156647,1.5170668543156647,204.20188499666358
0.184458,1.6996727301070145,-1.5152147301070145,1.5152147301070145,821.4415906523831
39.358162,40.8717717764096,-1.5136097764096021,1.5136097764096021,3.845732878496095
0.407642,1.9191438459370822,-1.5115018459370821,1.5115018459370821,370.79148997558906
20.15046,18.639020639958613,1.5114393600413862,1.5114393600413862,7.50076851860397
4.223022,2.712935826200857,1.5100861737991433,1.5100861737991433,35.7584254537008
3.925049,5.434279032294123,-1.509230032294123,1.509230032294123,38.45124053879765
2.718417,4.226668778505696,-1.5082517785056955,1.5082517785056955,55.48272316021466
5.357047,6.8651975572132,-1.5081505572132006,1.5081505572132006,28.15264747882645
1.606467,3.109506183211545,-1.503039183211545,1.503039183211545,93.5617839095346
5.966972,4.465815244371676,1.5011567556283243,1.5011567556283243,25.157764366971495
0.87086,2.3619053817041795,-1.4910453817041796,1.4910453817041796,171.2152793253754
54.803943,53.31552717550655,1.488415824493444,1.488415824493444,2.715891855611061
1.54316,3.0287814228006944,-1.4856214228006943,1.4856214228006943,96.27137968223794
1.746488,3.226008040347992,-1.4795200403479918,1.4795200403479918,84.71401121927421
7.706025,6.227689314491894,1.4783356855081067,1.4783356855081067,19.184153769147162
1.103389,2.581637634901826,-1.478248634901826,1.478248634901826,133.9734794136839
0.540046,2.0176027877501497,-1.4775567877501496,1.4775567877501496,273.59832078684985
1.483946,2.9614959333769413,-1.4775499333769413,1.4775499333769413,99.56898251535921
1.613446,3.088772046753469,-1.4753260467534692,1.4753260467534692,91.4394436914548
4.599134,6.074278196981211,-1.4751441969812111,1.4751441969812111,32.07439046022875
0.392936,1.8636229425571216,-1.4706869425571216,1.4706869425571216,374.28154767769814
0.258485,1.7287011092574467,-1.4702161092574466,1.4702161092574466,568.7819829733503
32.983385,31.51794951222736,1.4654354877726377,1.4654354877726377,4.442950557585871
1.371627,2.8369498964746853,-1.4653228964746854,1.4653228964746854,106.83100408258619
0.267252,1.7284626473262819,-1.4612106473262818,1.4612106473262818,546.7538678024965
1.325867,2.786950458301858,-1.461083458301858,1.461083458301858,110.1983425329735
1.026537,2.4868473656342047,-1.4603103656342047,1.4603103656342047,142.2559893595602
1.009979,2.470123959571982,-1.460144959571982,1.460144959571982,144.57181381270405
4.171248,5.630281110120734,-1.4590331101207337,1.4590331101207337,34.9783352628699
2.623163,1.168308163161523,1.4548548368384768,1.4548548368384768,55.46185413498952
0.834005,2.2813733361023765,-1.4473683361023766,1.4473683361023766,173.54432358664903
8.434512,6.98819460597613,1.44631739402387,1.44631739402387,17.147612025529426
1.615553,3.06138518758352,-1.4458321875835198,1.4458321875835198,89.49456857769601
2.752862,1.3109505613576857,1.4419114386423142,1.4419114386423142,52.378631351296775
52.175555,50.73757498364774,1.4379800163522631,1.4379800163522631,2.756041629743099
1.636048,3.072293394026728,-1.436245394026728,1.436245394026728,87.78748508228001
0.806947,2.2380200446438856,-1.4310730446438855,1.4310730446438855,177.34411856869676
7.746859,6.318213550074132,1.4286454499258676,1.4286454499258676,18.441609043193196
0.3986,1.8232642340650003,-1.4246642340650002,1.4246642340650002,357.41701798986026
0.614056,2.036959858992816,-1.4229038589928158,1.4229038589928158,231.72216520335175
32.28127,33.70201431666078,-1.4207443166607803,1.4207443166607803,4.401141332594347
13.364504,11.944185564553695,1.4203184354463048,1.4203184354463048,10.627543195285641
1.410879,2.8292423299592215,-1.4183633299592215,1.4183633299592215,100.53047283705342
1.647387,3.06528417681948,-1.4178971768194801,1.4178971768194801,86.06946496077794
0.28524,1.702842021797668,-1.4176020217976681,1.4176020217976681,496.9857037234197
1.35794,2.76336555249134,-1.4054255524913402,1.4054255524913402,103.49688148134994
1.44147,2.8463986523680695,-1.4049286523680695,1.4049286523680695,97.46499422607509
1.638856,3.042864623039552,-1.404008623039552,1.404008623039552,85.6700419654858
2.59057,3.9890507141683074,-1.3984807141683073,1.3984807141683073,53.98351382569565
5.719101,7.1148840317215285,-1.3957830317215283,1.3957830317215283,24.40563703451159
0.367684,1.7631502088533324,-1.3954662088533323,1.3954662088533323,379.5286736637448
47.865162,49.26048353908461,-1.3953215390846125,1.3953215390846125,2.9151087780329616
2.512101,1.1233483528997468,1.3887526471002531,1.3887526471002531,55.282516389467254
4.257333,5.641954305499661,-1.3846213054996612,1.3846213054996612,32.52320890724634
0.737353,2.11866050701121,-1.38130750701121,1.38130750701121,187.3332727776081
0.694482,2.0711413080097785,-1.3766593080097784,1.3766593080097784,198.2282201427179
0.773375,2.147901038937899,-1.374526038937899,1.374526038937899,177.73086003040802
1.198257,2.572307242996793,-1.374050242996793,1.374050242996793,114.67074616564912
21.70386,23.07438892062241,-1.3705289206224123,1.3705289206224123,6.314678221367526
0.881691,2.2521689127089104,-1.3704779127089104,1.3704779127089104,155.4374392563237
0.680388,2.0480971163596173,-1.3677091163596173,1.3677091163596173,201.01899447941443
3.111671,4.479003573284796,-1.3673325732847963,1.3673325732847963,43.94206756565377
4.06357,2.703783008280965,1.3597869917190355,1.3597869917190355,33.46286619119574
1.410955,2.7686770600049204,-1.3577220600049205,1.3577220600049205,96.22716953472602
0.671962,2.02522271273741,-1.3532607127374099,1.3532607127374099,201.38947031766983
3.403003,2.0511560639278947,1.3518469360721053,1.3518469360721053,39.7251173752236
0.890771,2.242610421865333,-1.351839421865333,1.351839421865333,151.76060084057207
88.289759,86.94178075400902,1.347978245990987,1.347978245990987,1.5267662538182487
3.214397,1.8749674831127763,1.3394295168872237,1.3394295168872237,41.66969782654582
1.57608,2.9148995820621693,-1.3388195820621693,1.3388195820621693,84.94616910164606
2.395297,3.734097784771393,-1.3388007847713932,1.3388007847713932,55.89289281101677
5.099868,6.435063712466684,-1.3351957124666844,1.3351957124666844,26.180985712581258
1.144935,2.4776077943820045,-1.3326727943820045,1.3326727943820045,116.39724475761568
0.760811,2.091871824001746,-1.3310608240017463,1.3310608240017463,174.95288893388678
33.762202,32.43318256511844,1.329019434881559,1.329019434881559,3.9364121892216106
4.146536,2.817516791586044,1.329019208413956,1.329019208413956,32.051312429987455
0.814426,2.1426105995383296,-1.3281845995383295,1.3281845995383295,163.08229346499832
21.367202,22.694990986845013,-1.3277889868450146,1.3277889868450146,6.21414533750746
8.025753,6.6980509437395614,1.3277020562604385,1.3277020562604385,16.543021648484515
0.749946,2.07586102397795,-1.32591502397795,1.32591502397795,176.8013995409201
2.859372,1.5340303977369096,1.3253416022630904,1.3253416022630904,46.35079318874003
9.164599,7.8417614370797395,1.3228375629202613,1.3228375629202613,14.434211064835756
0.839845,2.1612443019130083,-1.3213993019130084,1.3213993019130084,157.3384733796915
0.365395,1.686111231776529,-1.320716231776529,1.320716231776529,361.44890636573575
1.171075,2.4908825466491233,-1.3198075466491233,1.3198075466491233,112.70051418879427
5.273459,6.589949222535353,-1.3164902225353527,1.3164902225353527,24.964453549565633
5.512396,6.824310584005943,-1.311914584005943,1.311914584005943,23.799353021483647
0.649485,1.9577614653937232,-1.3082764653937233,1.3082764653937233,201.4328991727739
0.826514,2.1286007261404336,-1.3020867261404336,1.3020867261404336,157.53958505033117
2.433494,3.734035756187179,-1.300541756187179,1.300541756187179,53.44339275682355
3.665104,4.965453720242214,-1.3003497202422145,1.3003497202422145,35.47920386997846
3.407631,4.704120222414742,-1.2964892224147424,1.2964892224147424,38.0466436177126
0.468315,1.763913949404209,-1.295598949404209,1.295598949404209,276.65117477073295
3.682558,4.977925424701596,-1.2953674247015954,1.2953674247015954,35.17575078699153
0.729079,2.0228607485141623,-1.2937817485141623,1.2937817485141623,177.45426055841793
2.511953,3.8048656693863556,-1.2929126693863555,1.2929126693863555,51.470416418415674
2.918741,4.2067651069339345,-1.2880241069339347,1.2880241069339347,44.12944166302544
0.354949,1.6401371070649695,-1.2851881070649696,1.2851881070649696,362.07683546168397
2.398318,1.115739128396772,1.2825788716032283,1.2825788716032283,53.478265665760325
70.995891,72.278214946995,-1.2823239469950067,1.2823239469950067,1.80619459651996
0.381168,1.6605070467634562,-1.2793390467634562,1.2793390467634562,335.63652941165566
5.784181,4.506326026208351,1.2778549737916496,1.2778549737916496,22.092236978226605
1.691823,2.96933323011152,-1.2775102301115198,1.2775102301115198,75.51086786478307
1.914247,3.1907232820028053,-1.2764762820028053,1.2764762820028053,66.68294540548436
2.813272,4.089280612162451,-1.276008612162451,1.276008612162451,45.35674517491001
2.526096,1.2560435446503284,1.2700524553496715,1.2700524553496715,50.27728381262605
1.568584,2.8383965684074646,-1.2698125684074646,1.2698125684074646,80.95279362319849
2.66046,3.9110306399706865,-1.2505706399706864,1.2505706399706864,47.00580500829483
0.291209,1.5396497986902418,-1.2484407986902417,1.2484407986902417,428.70955164899857
5.557127,6.80368627780995,-1.2465592778099497,1.2465592778099497,22.43172196330078
1.468366,2.711719096167254,-1.243353096167254,1.243353096167254,84.67596607947733
0.94704,2.178717507156005,-1.231677507156005,1.231677507156005,130.05548942240557
1.509401,2.7384916597388695,-1.2290906597388696,1.2290906597388696,81.42903440884433
32.940655,31.71183586678353,1.2288191332164686,1.2288191332164686,3.730402850862371
2.004317,3.230139390575207,-1.2258223905752073,1.2258223905752073,61.15910759196515
1.714211,2.9395441731365466,-1.2253331731365467,1.2253331731365467,71.4808838039813
0.979214,2.193402904635956,-1.2141889046359562,1.2141889046359562,123.99627706629602
5.807544,7.019148634678965,-1.2116046346789648,1.2116046346789648,20.86259931320541
20.83223,19.62210540090005,1.2101245990999487,1.2101245990999487,5.808905715298554
6.073898,7.2833028558018675,-1.2094048558018677,1.2094048558018677,19.91151079227798
3.881446,5.090473145087136,-1.2090271450871364,1.2090271450871364,31.14888485002722
2.411646,3.6161562196945027,-1.2045102196945026,1.2045102196945026,49.94556496453281
1.221986,2.4261014765498707,-1.2041154765498707,1.2041154765498707,98.53758360990496
10.287493,11.481191206446566,-1.193698206446566,1.193698206446566,11.60339264809184
1.167982,2.3606298938810326,-1.1926478938810325,1.1926478938810325,102.11183851967928
3.229025,2.03807310350987,1.1909518964901302,1.1909518964901302,36.88270906707899
1.020965,2.2075822967456347,-1.1866172967456348,1.1866172967456348,116.22507104841104
5.612805,6.79523052778381,-1.1824255277838098,1.1824255277838098,21.066570596390633
5.745362,6.924769831587238,-1.1794078315872376,1.1794078315872376,20.527998611170357
8.35738,7.18288391060841,1.1744960893915888,1.1744960893915888,14.053400579817305
6.159772,7.331318868865058,-1.1715468688650574,1.1715468688650574,19.019321962664172
2.571415,1.4016703243503699,1.1697446756496301,1.1697446756496301,45.49031080569024
8.441337,7.274518171635149,1.1668188283648515,1.1668188283648515,13.82267795197643
1.408169,2.5722498108433545,-1.1640808108433545,1.1640808108433545,82.66627164500058
3.417835,2.2588957429768257,1.1589392570231745,1.1589392570231745,33.90857829559548
0.237493,1.3963501474783406,-1.1588571474783407,1.1588571474783407,487.954233173351
50.523232,49.36775111916724,1.1554808808327621,1.1554808808327621,2.287028828303136
4.999726,6.154604497420122,-1.154878497420122,1.154878497420122,23.09883576414034
3.421963,4.576505362011677,-1.1545423620116768,1.1545423620116768,33.73918309397085
4.751736,5.898696956143139,-1.1469609561431389,1.1469609561431389,24.137724741420843
0.789966,1.9347703061379846,-1.1448043061379847,1.1448043061379847,144.91817445220002
23.747293,24.889275774917717,-1.141982774917718,1.141982774917718,4.808896638926
1.531377,2.666453668908204,-1.1350766689082041,1.1350766689082041,74.1213083933011
17.274514,16.14128569517458,1.133228304825419,1.133228304825419,6.560116856652865
1.587685,2.7193355308332627,-1.1316505308332627,1.1316505308332627,71.27676653504858
38.995188,40.12204464168494,-1.1268566416849382,1.1268566416849382,2.889732552852543
35.52738,36.650595506971456,-1.1232155069714551,1.1232155069714551,3.1615489432890733
2.509439,1.3881812791609036,1.1212577208390964,1.1212577208390964,44.68160894902864
42.342017,43.46285303008444,-1.1208360300844404,1.1208360300844404,2.6471011763133374
7.397107,6.279472527537809,1.117634472462191,1.117634472462191,15.109075378348344
1.277277,2.390679163578751,-1.113402163578751,1.113402163578751,87.1699845445883
5.079754,3.9663919879341325,1.1133620120658678,1.1133620120658678,21.9176364060927
4.53532,5.647455139118536,-1.1121351391185366,1.1121351391185366,24.52164652315636
2.735823,1.6248138899428675,1.1110091100571324,1.1110091100571324,40.60968527629612
4.103607,5.2137081941034165,-1.1101011941034162,1.1101011941034162,27.051839858845263
2.433204,1.327692209916588,1.105511790083412,1.105511790083412,45.43440624123492
12.209533,11.104491039869806,1.105041960130194,1.105041960130194,9.050648866923439
11.409067,10.304755084234332,1.1043119157656687,1.1043119157656687,9.679248230867515
28.812868,29.91402439667798,-1.101156396677979,1.101156396677979,3.821752130590253
26.076252,24.976416196786367,1.099835803213633,1.099835803213633,4.217767964542663
1.514336,2.6124845974647393,-1.0981485974647394,1.0981485974647394,72.51683889125152
1.574286,2.6641756233765026,-1.0898896233765025,1.0898896233765025,69.23072575804345
2.429918,1.3432132626306483,1.0867047373693515,1.0867047373693515,44.721868693702
2.579595,1.4978504683760114,1.0817445316239884,1.0817445316239884,41.93466538670039
16.432554,15.359977860528303,1.0725761394716962,1.0725761394716962,6.52714203443463
3.583837,4.645963033825733,-1.0621260338257335,1.0621260338257335,29.636560864684885
8.62341,7.563426745715388,1.059983254284612,1.059983254284612,12.291926909103475
29.664881,30.723826723331317,-1.0589457233313162,1.0589457233313162,3.569694829814913
2.970383,1.9116544377524818,1.0587285622475182,1.0587285622475182,35.64282997215764
32.389862,31.3314680580452,1.058393941954801,1.058393941954801,3.2676704270970136
2.34324,1.2948893941390054,1.0483506058609948,1.0483506058609948,44.7393611331428
2.70095,3.7457277500598547,-1.0447777500598545,1.0447777500598545,38.681861938250336
3.781726,4.821424256987553,-1.0396982569875535,1.0396982569875535,27.49269135204562
1.407313,2.4434350656240635,-1.0361220656240635,1.0361220656240635,73.62413802405288
3.685653,4.715345996656412,-1.029692996656412,1.029692996656412,27.937871433596
1.929761,2.9558720540169734,-1.0261110540169733,1.0261110540169733,53.1729604839045
15.097738,16.120967451996055,-1.0232294519960554,1.0232294519960554,6.777369245573596
57.521753,56.50195834789194,1.0197946521080539,1.0197946521080539,1.7728852111066242
12.914469,11.897033860276824,1.017435139723176,1.017435139723176,7.878257632700947
23.608409,24.623062765654787,-1.014653765654785,1.014653765654785,4.297848981057924
2.642913,1.6292557052035903,1.0136572947964098,1.0136572947964098,38.35378972966783
28.503531,29.513177674159756,-1.0096466741597574,1.0096466741597574,3.542181051730803
55.422851,54.41518245504958,1.0076685449504197,1.0076685449504197,1.8181463543775498
3.517753,4.52281007385381,-1.00505707385381,1.00505707385381,28.57099613944581
41.937827,40.93916218908397,0.9986648109160257,0.9986648109160257,2.381298418045466
6.080906,7.076688833806907,-0.9957828338069072,0.9957828338069072,16.375566959767703
53.332093,54.3269263849099,-0.9948333849099029,0.9948333849099029,1.865355977887531
0.971011,1.9627834139238267,-0.9917724139238268,0.9917724139238268,102.13812344264778
10.962946,11.949660570646362,-0.9867145706463614,0.9867145706463614,9.00045088826818
0.679123,1.6653661293382278,-0.9862431293382278,0.9862431293382278,145.22304931404247
16.272907,15.28700135057515,0.9859056494248506,0.9859056494248506,6.058571153997206
0.952757,1.938235696840401,-0.9854786968404011,0.9854786968404011,103.43442207582487
8.502798,9.484402425076478,-0.9816044250764779,0.9816044250764779,11.544487180160383
16.63962,15.660723148046504,0.9788968519534968,0.9788968519534968,5.882927927125824
2.24954,3.224474145079391,-0.9749341450793909,0.9749341450793909,43.3392669183945
6.945221,7.915733611405999,-0.970512611405999,0.970512611405999,13.973818995709786
26.572908,27.54172084942753,-0.968812849427529,0.968812849427529,3.645866870964529
3.90494,4.864010726467839,-0.9590707264678393,0.9590707264678393,24.56044718851708
3.991354,3.037592399314409,0.9537616006855907,0.9537616006855907,23.89569055166981
31.009911,30.057553362384965,0.9523576376150338,0.9523576376150338,3.0711395386202907
5.574052,6.515116502465187,-0.9410645024651867,0.9410645024651867,16.88295162026303
1.776677,2.7148401802349937,-0.9381631802349937,0.9381631802349937,52.80437469400398
10.160596,9.223414745684048,0.9371812543159521,0.9371812543159521,9.223683869595135
1.627004,2.5625529496208586,-0.9355489496208587,0.9355489496208587,57.501330639836
4.136849,5.066378725098499,-0.9295297250984991,0.9295297250984991,22.46951061244995
46.344641,47.27271138168541,-0.9280703816854086,0.9280703816854086,2.0025408799334663
6.63133,5.7040546619128705,0.9272753380871297,0.9272753380871297,13.983248278597904
18.78431,19.71156076257838,-0.9272507625783781,0.9272507625783781,4.936304621109009
3.622789,4.545940266448591,-0.923151266448591,0.923151266448591,25.48178396321478
2.945285,3.8621110534029146,-0.9168260534029145,0.9168260534029145,31.128602270129573
3.279198,2.3679632087756843,0.9112347912243157,0.9112347912243157,27.78834310085964
3.313097,2.409076210398567,0.9040207896014332,0.9040207896014332,27.286275939827505
0.752772,1.6566246423041342,-0.9038526423041342,0.9038526423041342,120.06990724735569
5.842167,4.954691344858418,0.8874756551415821,0.8874756551415821,15.190864196904869
3.139619,4.021305741290654,-0.8816867412906535,0.8816867412906535,28.082603056694804
8.303116,7.425033632711818,0.8780823672881812,0.8780823672881812,10.575335419589535
3.214619,2.338452871252972,0.8761661287470277,0.8761661287470277,27.255675671666594
4.101332,4.973469548342138,-0.8721375483421374,0.8721375483421374,21.264739073083394
12.236969,11.367866831346504,0.8691021686534963,0.8691021686534963,7.10226665317526
34.034376,33.16681675314416,0.8675592468558406,0.8675592468558406,2.549067586411138
3.810547,4.67630089934311,-0.8657538993431095,0.8657538993431095,22.71993756592924
2.473491,3.3386440111123843,-0.8651530111123842,0.8651530111123842,34.9770025877356
10.801132,9.9372125998967,0.8639194001033008,0.8639194001033008,7.998415352162184
1.834715,2.697583339283719,-0.8628683392837191,0.8628683392837191,47.030102181357265
1.25636,2.117413046838095,-0.8610530468380952,0.8610530468380952,68.53553493979112
12.867109,12.006195759623797,0.8609132403762025,0.8609132403762025,6.690805528806135
9.929929,9.071183376064882,0.8587456239351177,0.8587456239351177,8.648054018578275
2.838573,1.9806858695836596,0.8578871304163402,0.8578871304163402,30.222479055008193
3.080372,3.9345163451429848,-0.8541443451429847,0.8541443451429847,27.72861021705352
2.3629,1.5126522969250864,0.8502477030749134,0.8502477030749134,35.98322836509925
44.042914,43.19866859301764,0.8442454069823597,0.8442454069823597,1.916870003152931
12.276973,13.119519501730354,-0.8425465017303537,0.8425465017303537,6.862819538036705
3.494489,4.336420731376924,-0.8419317313769237,0.8419317313769237,24.09312867640535
66.720321,65.8796493716661,0.8406716283338938,0.8406716283338938,1.2599933809260806
12.236297,11.400056892918453,0.8362401070815473,0.8362401070815473,6.834094555523727
21.638057,20.802108001522324,0.8359489984776758,0.8359489984776758,3.863327462691371
2.275587,3.1105628834518892,-0.8349758834518894,0.8349758834518894,36.692769092774604
21.826027,20.996851638911835,0.8291753610881649,0.8291753610881649,3.7990210544702703
50.976326,50.15109548429949,0.8252305157005111,0.8252305157005111,1.618850514450359
2.819277,1.9958321848970115,0.8234448151029885,0.8234448151029885,29.20765909393723
0.400981,1.2240674507706402,-0.8230864507706401,0.8230864507706401,205.26819239948324
57.342688,58.15958141253285,-0.8168934125328491,0.8168934125328491,1.4245816529065127
3.34004,2.5236301687868377,0.8164098312131625,0.8164098312131625,24.443115387501926
17.077813,16.262470736969604,0.815342263030395,0.815342263030395,4.774277965367233
72.387062,73.19101161407457,-0.8039496140745683,0.8039496140745683,1.1106261144753433
23.001079,23.801400388797607,-0.800321388797606,0.800321388797606,3.47949497844917
3.32246,2.5235315437807255,0.7989284562192744,0.7989284562192744,24.04629269262017
38.457906,39.25286226488292,-0.79495626488292,0.79495626488292,2.0670815121365496
28.008659,27.214223150918166,0.794435849081836,0.794435849081836,2.836393734805367
35.260279,36.05423614277931,-0.7939571427793126,0.7939571427793126,2.2517040854301262
3.414242,2.6207644920856445,0.7934775079143557,0.7934775079143557,23.24022456202915
30.686195,31.47686002038666,-0.7906650203866583,0.7906650203866583,2.576614729796515
2.506934,3.297424764327591,-0.7904907643275907,0.7904907643275907,31.53217293698432
3.048828,3.839244139366352,-0.7904161393663522,0.7904161393663522,25.92524535134245
41.267069,42.05623529365822,-0.7891662936582193,0.7891662936582193,1.9123390945363892
2.844525,2.057156379353696,0.787368620646304,0.787368620646304,27.680144158290886
1.881293,2.668183971692333,-0.7868909716923327,0.7868909716923327,41.82713546749525
36.023291,35.236913110431736,0.7863778895682643,0.7863778895682643,2.1829707051642817
1.271584,0.49213582395047695,0.7794481760495231,0.7794481760495231,61.29741928085173
2.659913,1.8804715684353397,0.7794414315646603,0.7794414315646603,29.303267871368615
21.759979,22.53856987524434,-0.7785908752443405,0.7785908752443405,3.5780865194803835
2.537722,1.761416485537179,0.776305514462821,0.776305514462821,30.590644461143906
4.58311,5.357234763589741,-0.7741247635897412,0.7741247635897412,16.890817885079137
2.689847,3.461585222477906,-0.7717382224779059,0.7717382224779059,28.69078510596384
4.497357,5.267254371738906,-0.7698973717389057,0.7698973717389057,17.118884974481386
14.971278,14.201972144669313,0.7693058553306873,0.7693058553306873,5.138544988113565
2.678145,1.9089074822706138,0.7692375177293864,0.7692375177293864,28.722773326338324
2.637833,3.404154485495962,-0.7663214854959617,0.7663214854959617,29.051175167909054
4.07999,3.3141334498338875,0.7658565501661121,0.7658565501661121,18.771039883611017
2.913927,3.6760360819852487,-0.7621090819852485,0.7621090819852485,26.154021084230816
3.414003,4.172539312594781,-0.7585363125947806,0.7585363125947806,22.218384476304273
16.187644,15.43023127281863,0.757412727181368,0.757412727181368,4.678955919568587
44.156582,44.9115441496048,-0.7549621496048005,0.7549621496048005,1.7097386514270754
7.998548,7.244156949308437,0.7543910506915639,0.7543910506915639,9.431599968921011
9.098819,8.346021938377813,0.7527970616221875,0.7527970616221875,8.273568928164346
3.040403,3.7905773924642414,-0.7501743924642414,0.7501743924642414,24.673518360545227
5.745674,5.0055904076232665,0.7400835923767337,0.7400835923767337,12.880709771627366
2.517628,1.7780666575755113,0.7395613424244889,0.7395613424244889,29.375322422340133
5.660755,4.924112648245215,0.7366423517547851,0.7366423517547851,13.013146687001504
15.863981,16.600582714361643,-0.7366017143616421,0.7366017143616421,4.643233715150055
10.18093,10.91639108050287,-0.7354610805028692,0.7354610805028692,7.223908626182925
13.773377,14.506917304400538,-0.7335403044005382,0.7335403044005382,5.325783970011221
6.585006,7.31586744639236,-0.7308614463923604,0.7308614463923604,11.098872899755316
21.979416,22.709788188220607,-0.7303721882206062,0.7303721882206062,3.322982686242816
32.281783,31.551872103215878,0.7299108967841192,0.7299108967841192,2.2610612827112373
2.957424,2.228202652593403,0.7292213474065972,0.7292213474065972,24.65731485853702
2.990798,2.262907392967165,0.727890607032835,0.727890607032835,24.33767198615545
4.68693,5.413563695907303,-0.726633695907303,0.726633695907303,15.503404059625373
5.183861,5.907970474778967,-0.7241094747789667,0.7241094747789667,13.96853570659009
27.52363,28.247054679015367,-0.7234246790153662,0.7234246790153662,2.6283767039912176
2.708246,1.9859879619534055,0.7222580380465944,0.7222580380465944,26.668849063930146
8.033443,7.314429893836429,0.7190131061635707,0.7190131061635707,8.950248432143235
15.737093,15.01983907511649,0.7172539248835097,0.7172539248835097,4.557728195918726
2.509816,1.7931186320290209,0.7166973679709789,0.7166973679709789,28.55577332929678
29.577654,28.86231564308593,0.7153383569140708,0.7153383569140708,2.4185094494365655
12.591232,11.876147749687494,0.7150842503125059,0.7150842503125059,5.67922384645781
8.437672,9.151782112355573,-0.7141101123555735,0.7141101123555735,8.463354730393766
2.8551,3.5691503458098985,-0.7140503458098983,0.7140503458098983,25.009643997929622
10.612343,9.898562120148778,0.7137808798512211,0.7137808798512211,6.725949960762626
23.42436,24.136801785336758,-0.7124417853367575,0.7124417853367575,3.041456779752856
5.636924,6.34358157859201,-0.7066575785920106,0.7066575785920106,12.536226824762483
4.849602,5.555492858379168,-0.7058908583791679,0.7058908583791679,14.555645151181732
22.259871,21.554409835662074,0.705461164337926,0.705461164337926,3.1692059865699886
7.38209,6.676788834588201,0.7053011654117984,0.7053011654117984,9.554220625896518
3.743447,3.0406244074178215,0.7028225925821787,0.7028225925821787,18.774744041077753
26.795728,27.498242610429866,-0.7025146104298656,0.7025146104298656,2.6217410865912805
31.920357,32.62285138662384,-0.7024943866238438,0.7024943866238438,2.2007723366679235
28.708164,28.006538956885123,0.701625043114877,0.701625043114877,2.4439913437600294
2.969658,2.2703021035216224,0.6993558964783775,0.6993558964783775,23.55004840472632
1.833396,2.5310066195794754,-0.6976106195794753,0.6976106195794753,38.050187714024965
7.017029,6.32050864712159,0.6965203528784096,0.6965203528784096,9.92614328469333
2.983373,2.294398358124166,0.6889746418758338,0.6889746418758338,23.0938150158475
37.839056,37.15428998600317,0.6847660139968283,0.6847660139968283,1.809680489901806
12.920078,12.236245085390605,0.6838329146093951,0.6838329146093951,5.292792463049389
3.638134,2.9569585848983557,0.6811754151016443,0.6811754151016443,18.72320852071202
0.683568,1.3643702423626536,-0.6808022423626536,0.6808022423626536,99.59539391297695
0.36631,1.0419662065411863,-0.6756562065411863,0.6756562065411863,184.4492933189749
2.134296,2.8097361665088503,-0.6754401665088503,0.6754401665088503,31.646977105200186
8.301728,7.631763130682195,0.6699648693178055,0.6699648693178055,8.070185740965439
85.87097,86.53994191423877,-0.6689719142387673,0.6689719142387673,0.7790431553736825
5.402499,4.735294564046622,0.6672044359533773,0.6672044359533773,12.349922432952368
17.087914,16.423001228198867,0.6649127718011343,0.6649127718011343,3.8911289686806896
1.112365,1.7707702648828736,-0.6584052648828735,0.6584052648828735,59.189678282190094
10.867033,11.52465224611858,-0.6576192461185801,0.6576192461185801,6.05150684747648
3.288567,2.635293037371085,0.6532739626289152,0.6532739626289152,19.865003894068455
22.216344,22.869277934478706,-0.6529339344787068,0.6529339344787068,2.9389801241633995
0.624044,1.2754016779264035,-0.6513576779264034,0.6513576779264034,104.37688333226927
2.916047,2.2658885322964757,0.6501584677035241,0.6501584677035241,22.295884383249938
4.056503,4.7057857322604555,-0.6492827322604553,0.6492827322604553,16.005971947868627
6.018568,5.36980987816586,0.6487581218341401,0.6487581218341401,10.779277094208469
2.119274,2.7650561895165406,-0.6457821895165408,0.6457821895165408,30.471859206788217
3.761357,3.1157022771607465,0.6456547228392533,0.6456547228392533,17.165473067887145
12.796122,12.153170091262925,0.642951908737075,0.642951908737075,5.024584078926806
33.530279,32.88832278656279,0.6419562134372114,0.6419562134372114,1.9145567307546019
1.395638,2.037473497493977,-0.6418354974939771,0.6418354974939771,45.98868026293268
10.558449,11.191124757007765,-0.6326757570077657,0.6326757570077657,5.992127792649977
3.6847,3.0556649239762095,0.6290350760237904,0.6290350760237904,17.071541129717993
15.86795,16.49681156326991,-0.6288615632699113,0.6288615632699113,3.963092669600977
8.145211,7.518106849458551,0.6271041505414487,0.6271041505414487,7.699053474903838
2.954186,2.330877622641097,0.623308377358903,0.623308377358903,21.09915818901734
1.555142,2.177686399240411,-0.6225443992404109,0.6225443992404109,40.03135399856602
4.13823,3.519192202212876,0.619037797787124,0.619037797787124,14.95899932512608
22.509097,23.126082053829155,-0.6169850538291541,0.6169850538291541,2.741047558799951
41.109284,41.7256832017713,-0.6163992017712943,0.6163992017712943,1.4994160486224835
24.309639,24.92453671101474,-0.6148977110147378,0.6148977110147378,2.5294399106963636
8.183103,8.79636395114635,-0.6132609511463514,0.6132609511463514,7.4942347803621345
28.562224,29.173285121932988,-0.6110611219329876,0.6110611219329876,2.1394031568789886
16.705732,16.09486556650596,0.6108664334940421,0.6108664334940421,3.6566277580077635
7.848178,7.237622696907469,0.6105553030925313,0.6105553030925313,7.779580217023005
2.199802,2.806769475141783,-0.6069674751417828,0.6069674751417828,27.591913959265014
2.535079,1.928460784963228,0.606618215036772,0.606618215036772,23.928966908441236
4.255365,3.649389398391163,0.6059756016088373,0.6059756016088373,14.240273198529316
20.533226,21.136455863711596,-0.6032298637115971,0.6032298637115971,2.9378231346046615
3.098066,3.701022454721981,-0.6029564547219808,0.6029564547219808,19.462350211471232
4.747531,5.350400208904125,-0.6028692089041243,0.6028692089041243,12.698583935342933
49.092719,49.69492832109256,-0.602209321092559,0.602209321092559,1.2266774653311263
6.263029,6.864453787849387,-0.6014247878493864,0.6014247878493864,9.602778269744297
2.397873,1.8009185306139806,0.5969544693860196,0.5969544693860196,24.895166231119177
26.919278,26.32326641166096,0.5960115883390387,0.5960115883390387,2.2140697396743874
13.284589,13.880597785688266,-0.5960087856882659,0.5960087856882659,4.486467633163355
3.769274,3.175821309563723,0.5934526904362767,0.5934526904362767,15.744482635662257
3.468282,4.061432231161126,-0.5931502311611259,0.5931502311611259,17.102133884846264
2.682098,3.272637479568779,-0.5905394795687791,0.5905394795687791,22.017818869659543
3.925783,4.516178424292484,-0.5903954242924838,0.5903954242924838,15.038921516483333
56.35825,56.94853857718485,-0.5902885771848503,0.5902885771848503,1.047386278288987
7.967374,7.37709055089956,0.5902834491004407,0.5902834491004407,7.408757880489003
3.244239,2.655276394947485,0.5889626050525147,0.5889626050525147,18.154106557327022
3.211243,2.6235650069600673,0.5876779930399327,0.5876779930399327,18.30063913013223
2.850349,2.265953881688791,0.584395118311209,0.584395118311209,20.502581202888013
2.54905,1.9680830636293507,0.5809669363706491,0.5809669363706491,22.79150806566594
4.018778,4.598384299773507,-0.5796062997735065,0.5796062997735065,14.42245129636631
15.131104,15.708995103483378,-0.5778911034833776,0.5778911034833776,3.8192263002062394
1.705591,2.283353307231714,-0.5777623072317137,0.5777623072317137,33.874610454548545
44.056883,43.48021933490095,0.5766636650990478,0.5766636650990478,1.308907089722482
16.722889,17.298854561496498,-0.5759655614964991,0.5759655614964991,3.4441749956784085
2.778194,2.205888234923716,0.5723057650762842,0.5723057650762842,20.59992084986449
4.347251,4.918955800796301,-0.5717048007963008,0.5717048007963008,13.150949894154948
11.591447,12.161701166023017,-0.570254166023016,0.570254166023016,4.919611555124191
3.865426,3.296393230717939,0.5690327692820607,0.5690327692820607,14.721088161236034
7.758463,8.324905023297479,-0.566442023297479,0.566442023297479,7.300956688073114
3.303137,2.737061370253988,0.5660756297460119,0.5660756297460119,17.137515934969528
54.134409,54.698723951235856,-0.5643149512358576,0.5643149512358576,1.0424330137876174
75.917503,76.47971640594332,-0.562213405943325,0.562213405943325,0.7405583478457984
3.500649,2.9386889820048747,0.5619600179951254,0.5619600179951254,16.05302382441291
81.710672,81.15019725362583,0.5604747463741688,0.5604747463741688,0.685926002876935
4.131666,3.571882723513939,0.5597832764860611,0.5597832764860611,13.548609119723434
37.237569,37.79729592349234,-0.5597269234923417,0.5597269234923417,1.5031242331926622
2.621007,2.0621784528725904,0.5588285471274097,0.5588285471274097,21.321139054801783
4.421681,3.870728437431099,0.5509525625689013,0.5509525625689013,12.460251260921831
30.005447,29.454902500714418,0.5505444992855821,0.5505444992855821,1.834815189667887
2.810769,3.3612492506890987,-0.5504802506890987,0.5504802506890987,19.58468485562186
42.239928,42.79026166661512,-0.5503336666151242,0.5503336666151242,1.3028754845742665
25.535114,24.98725565321568,0.5478583467843201,0.5478583467843201,2.145509696107778
2.57924,2.0315170775458853,0.5477229224541147,0.5477229224541147,21.235826151613608
40.547905,41.09562736131623,-0.5477223613162323,0.5477223613162323,1.350803108853297
5.091148,4.5467437486197095,0.54440425138029,0.54440425138029,10.693153123216943
1.272245,1.814557227593582,-0.5423122275935819,0.5423122275935819,42.62639881083875
46.977019,47.518328183722346,-0.5413091837223476,0.5413091837223476,1.1522850858654852
6.106504,5.571306299063831,0.5351977009361688,0.5351977009361688,8.764387953031791
3.295333,2.7604594954164696,0.5348735045835302,0.5348735045835302,16.23124292954002
14.052968,13.518467391310223,0.5345006086897772,0.5345006086897772,3.8034713285191692
41.878439,42.41186973528722,-0.5334307352872187,0.5334307352872187,1.273759834472209
13.547412,14.080238463718487,-0.5328264637184876,0.5328264637184876,3.933049823202798
2.291685,2.824303367246726,-0.5326183672467257,0.5326183672467257,23.24134282082766
37.582335,38.11406017003995,-0.5317251700399481,0.5317251700399481,1.4148273917480998
7.844059,8.374772460255466,-0.5307134602554662,0.5307134602554662,6.765801484265996
3.605356,3.074693838913241,0.530662161086759,0.530662161086759,14.718717404662405
1.711649,2.242121632283691,-0.5304726322836912,0.5304726322836912,30.99190501397771
27.984668,28.515060967933433,-0.5303929679334338,0.5303929679334338,1.895298411013983
15.058791,14.53252160153576,0.5262693984642386,0.5262693984642386,3.4947652733924253
56.55602,56.03001857633374,0.5260014236662585,0.5260014236662585,0.9300538186126399
3.990962,3.464999176260843,0.5259628237391571,0.5259628237391571,13.178848200658846
39.307716,39.832113282509106,-0.5243972825091063,0.5243972825091063,1.3340823020797552
8.716451,8.192266682622773,0.5241843173772267,0.5241843173772267,6.013735606053576
44.820807,45.34288577889766,-0.522078778897658,0.522078778897658,1.1648134289427075
2.762949,2.242020340817895,0.520928659182105,0.520928659182105,18.854081604953652
13.529719,14.050487062821308,-0.5207680628213076,0.5207680628213076,3.849067839601536
14.095734,13.575102126067128,0.5206318739328726,0.5206318739328726,3.6935421307551564
3.015835,3.5357521951265145,-0.5199171951265145,0.5199171951265145,17.239576936711554
2.329531,1.8145548293169966,0.5149761706830032,0.5149761706830032,22.106431322909923
1.077972,1.5894196065441086,-0.5114476065441087,0.5114476065441087,47.44535168786048
3.413791,2.9034161775600307,0.5103748224399691,0.5103748224399691,14.950382798039447
5.358421,4.848730957947357,0.5096900420526431,0.5096900420526431,9.51194469496016
2.63434,2.125945568355583,0.5083944316444171,0.5083944316444171,19.298740163574877
4.704495,5.212698522618002,-0.5082035226180022,0.5082035226180022,10.802509570255674
3.779951,3.2721403311415695,0.5078106688584305,0.5078106688584305,13.434318827016439
20.023866,20.52900373188563,-0.5051377318856289,0.5051377318856289,2.5226783473436463
18.268074,17.76332794284664,0.5047460571533584,0.5047460571533584,2.7629954704069815
3.915828,3.4123949694678846,0.5034330305321153,0.5034330305321153,12.856362192600363
2.399494,1.8960735686329713,0.5034204313670285,0.5034204313670285,20.980274647323487
2.460205,1.9570604167255787,0.5031445832744215,0.5031445832744215,20.451327562295422
35.256676,35.75568191688163,-0.49900591688162876,0.49900591688162876,1.4153515688212168
10.133019,10.63148084844918,-0.4984618484491783,0.4984618484491783,4.9191839909138535
2.907342,2.4096575579702186,0.49768444202978124,0.49768444202978124,17.118193938403635
90.018631,90.51516560409155,-0.4965346040915506,0.4965346040915506,0.5515909302053249
4.75457,5.248855414988592,-0.4942854149885916,0.4942854149885916,10.396006683636912
6.981579,7.474688944683805,-0.4931099446838054,0.4931099446838054,7.063014608539736
2.761292,2.272091903380513,0.48920009661948693,0.48920009661948693,17.71634787634812
3.566557,3.079986454612669,0.4865705453873308,0.4865705453873308,13.642584301153416
14.992917,14.510086375066251,0.48283062493374906,0.48283062493374906,3.2203915017373115
2.532219,2.0498510156209377,0.48236798437906225,0.48236798437906225,19.049220638499794
24.857479,24.375568687293086,0.48191031270691553,0.48191031270691553,1.9386934318841298
15.610274,15.129583225784392,0.48069077421560813,0.48069077421560813,3.0793231061320823
3.746532,4.226713606615174,-0.48018160661517406,0.48018160661517406,12.8166957229341
10.025237,9.547353328069502,0.4778836719304991,0.4778836719304991,4.766806729115055
3.057251,3.5334408748254535,-0.4761898748254536,0.4761898748254536,15.575753342132453
47.112878,46.6373510676093,0.4755269323907001,0.4755269323907001,1.0093353507074874
16.864471,16.390247274403844,0.47422372559615766,0.47422372559615766,2.811969172311101
6.013396,5.541521478762549,0.4718745212374511,0.4718745212374511,7.847055494592474
0.437904,0.9085782441793349,-0.47067424417933484,0.47067424417933484,107.48343108805842
6.26787,6.738024093539895,-0.4701540935398949,0.4701540935398949,7.5010185841824075
22.55491,22.085529752515388,0.4693802474846116,0.4693802474846116,2.0810557323550865
1.930973,2.396229910975155,-0.46525691097515476,0.46525691097515476,24.09442860936224
2.690816,3.1553178105078334,-0.46450181050783357,0.46450181050783357,17.262488794870073
2.420248,1.9569949137292042,0.46325308627079576,0.46325308627079576,19.140727985382284
2.456355,1.9939680662462358,0.46238693375376405,0.46238693375376405,18.8241086379998
1.871114,2.333442549504971,-0.46232854950497115,0.46232854950497115,24.708732310284805
10.056048,9.593824382589649,0.462223617410352,0.462223617410352,4.596473857381702
3.476409,3.938542120550851,-0.4621331205508512,0.4621331205508512,13.293404790332719
12.564759,13.026812906903324,-0.46205390690332315,0.46205390690332315,3.6773797802221737
2.476343,2.0148798204491847,0.4614631795508153,0.4614631795508153,18.634865183546076
8.236684,7.778195078050928,0.45848892194907265,0.45848892194907265,5.56642602706995
1.70526,2.1624612525433236,-0.45720125254332356,0.45720125254332356,26.811234211587227
7.873523,8.329779475253936,-0.4562564752539364,0.4562564752539364,5.794819869684024
1.301095,1.7552444808283987,-0.4541494808283988,0.4541494808283988,34.9051745486297
2.482423,2.0285625259417728,0.45386047405822705,0.45386047405822705,18.282962816568492
4.076297,4.5265437496758665,-0.4502467496758662,0.4502467496758662,11.045484410601599
2.394598,1.9447318855348819,0.44986611446511793,0.44986611446511793,18.78670718201265
2.041917,1.5927786902867211,0.44913830971327906,0.44913830971327906,21.995914118511333
5.520748,5.073175387535201,0.44757261246479896,0.44757261246479896,8.107100930103888
4.263358,4.710137651183459,-0.4467796511834585,0.4467796511834585,10.479524618222982
4.944884,5.390489071239408,-0.44560507123940774,0.44560507123940774,9.011436289110044
18.059938,17.614396844618476,0.44554115538152317,0.44554115538152317,2.4670137592889647
2.673836,3.1161404615576664,-0.44230446155766634,0.44230446155766634,16.541944290566978
2.316776,1.8750190534992548,0.44175694650074515,0.44175694650074515,19.06774528403598
15.062736,15.504478388178448,-0.441742388178449,0.441742388178449,2.9326835986205717
1.838448,2.278001446762236,-0.43955344676223573,0.43955344676223573,23.908940951189635
4.828322,4.389851196147472,0.43847080385252823,0.43847080385252823,9.081225399702982
3.792661,4.230936013112046,-0.43827501311204653,0.43827501311204653,11.555871012476219
3.21241,3.6501350402106425,-0.4377250402106423,0.4377250402106423,13.626063926989898
1.482209,1.0451711680772355,0.4370378319227646,0.4370378319227646,29.485574024532234
2.911099,2.4748949378022402,0.43620406219775987,0.43620406219775987,14.984171345006668
2.58125,3.0167171146382294,-0.4354671146382296,0.4354671146382296,16.8703966923529
4.610401,4.175053001752817,0.43534799824718373,0.43534799824718373,9.442736070848087
6.323929,5.8887456116736345,0.43518338832636516,0.43518338832636516,6.881535012797955
2.492964,2.0587595501162674,0.43420444988373275,0.43420444988373275,17.41719695375928
0.829892,1.2638081158281054,-0.4339161158281054,0.4339161158281054,52.28585355393468
12.832625,12.399156333946586,0.4334686660534146,0.4334686660534146,3.377864357838219
41.024553,40.59397872416096,0.4305742758390352,0.4305742758390352,1.049552632146865
3.849475,3.4190486826625346,0.4304263173374654,0.4304263173374654,11.181429086467219
2.805008,2.3746131862933417,0.4303948137066582,0.4303948137066582,15.34379986407577
8.718582,9.148839021486957,-0.4302570214869572,0.4302570214869572,4.934942648724555
8.42278,7.993206483323878,0.42957351667612187,0.42957351667612187,5.100139344385366
3.489284,3.060337324928849,0.42894667507115125,0.42894667507115125,12.293257730206482
2.306157,1.8783966779478938,0.427760322052106,0.427760322052106,18.548621019018107
3.8474,3.419924142776555,0.42747585722344494,0.42747585722344494,11.110772397263975
19.361356,19.788765318206778,-0.4274093182067773,0.4274093182067773,2.20753814043071
2.92775,2.5006631100223924,0.4270868899776077,0.4270868899776077,14.587546408095642
3.982267,3.555243927593356,0.42702307240664394,0.42702307240664394,10.7231150597366
6.408565,5.982665133538216,0.42589986646178435,0.42589986646178435,6.645791475238817
3.229206,2.8037011951447095,0.4255048048552905,0.4255048048552905,13.176762487190777
26.518741,26.096652693328586,0.4220883066714123,0.4220883066714123,1.5916604286373197
1.660106,2.0821641535454845,-0.42205815354548437,0.42205815354548437,25.4235665385259
8.210996,8.631964639940826,-0.4209686399408259,0.4209686399408259,5.1268888687279714
6.388299,5.967958406473896,0.4203405935261042,0.4203405935261042,6.579851593037901
2.571145,2.152093685991055,0.41905131400894513,0.41905131400894513,16.2982373219965
3.315554,2.8968780540637766,0.4186759459362235,0.4186759459362235,12.627631639345818
3.119145,3.5372473131696367,-0.41810231316963664,0.41810231316963664,13.40438848326167
3.496577,3.0788198937473137,0.41775710625268614,0.41775710625268614,11.947602075994281
31.71859,32.13494615834671,-0.4163561583467086,0.4163561583467086,1.3126565788245819
53.624272,54.03938057547157,-0.4151085754715709,0.4151085754715709,0.7741057547052513
2.610579,2.196512296712811,0.414066703287189,0.414066703287189,15.86110603323354
44.270655,43.85660565544279,0.4140493445572062,0.4140493445572062,0.9352681693014728
17.060386,17.47357904081723,-0.4131930408172302,0.4131930408172302,2.4219442679363072
30.19728,29.784177272476573,0.4131027275234267,0.4131027275234267,1.3680130380022926
1.211503,1.6229636211992862,-0.41146062119928617,0.41146062119928617,33.962823135008605
7.44588,7.037516137000576,0.4083638629994235,0.4083638629994235,5.484427132775966
5.506159,5.9141943448464325,-0.4080353448464322,0.4080353448464322,7.410526009855903
1.980508,2.3864482830492015,-0.4059402830492016,0.4059402830492016,20.496775727677182
2.292497,1.887346625630336,0.40515037436966406,0.40515037436966406,17.672885694157557
2.866517,2.4613687407521923,0.40514825924780773,0.40514825924780773,14.13381672718752
3.059154,3.4625659975013967,-0.4034119975013968,0.4034119975013968,13.187044440659404
2.647671,2.2449873856701004,0.4026836143298995,0.4026836143298995,15.20897476743487
2.994189,2.5917167607389597,0.40247223926104025,0.40247223926104025,13.441778032301851
3.300924,2.89845511656943,0.4024688834305703,0.4024688834305703,12.192612838659043
2.514814,2.9170624965843714,-0.40224849658437156,0.40224849658437156,15.995158948867646
3.431976,3.0311263949618734,0.4008496050381267,0.4008496050381267,11.679848723488941
17.648547,18.04910103724481,-0.40055403724480954,0.40055403724480954,2.2696148144237593
16.525528,16.125522776080828,0.40000522391917315,0.40000522391917315,2.4205291589881583
9.117013,9.51697668318388,-0.39996368318388065,0.39996368318388065,4.38700354139556
21.745531,22.144795092468314,-0.3992640924683144,0.3992640924683144,1.8360742373523937
6.338152,5.938934496333694,0.39921750366630615,0.39921750366630615,6.2986419962791595
45.736012,46.133824349154885,-0.39781234915488284,0.39781234915488284,0.8698011299148973
2.897626,2.5005737789833464,0.3970522210166534,0.3970522210166534,13.702673188429104
30.072937,29.67633511429186,0.39660188570814014,0.39660188570814014,1.318799975229627
2.969569,2.5737037634696946,0.39586523653030525,0.39586523653030525,13.3307303691874
3.299246,2.9033987347527876,0.3958472652472125,0.3958472652472125,11.998113060839184
3.998255,4.393682276759801,-0.39542727675980105,0.39542727675980105,9.889996429690228
10.229023,10.6215511706339,-0.39252817063390033,0.39252817063390033,3.837396500428858
18.288728,17.897712315216143,0.39101568478385573,0.39101568478385573,2.1380146546097563
4.135178,3.74480343349647,0.39037456650352986,0.39037456650352986,9.440332834380758
1.94002,1.5499609879177605,0.3900590120822396,0.3900590120822396,20.105927364776324
12.745989,13.134767442526556,-0.38877844252655613,0.38877844252655613,3.0502022442001633
19.968661,20.35646197977652,-0.38780097977651806,0.38780097977651806,1.9420479909723343
2.453595,2.0677550252485517,0.38583997475144827,0.38583997475144827,15.725495639489107
2.958511,2.5729054939930247,0.3856055060069754,0.3856055060069754,13.033769554818003
1.603929,1.9870476591710649,-0.3831186591710649,0.3831186591710649,23.886260498262622
3.28893,2.9087388139470587,0.38019118605294144,0.38019118605294144,11.559722646617036
2.436719,2.0570633276107237,0.37965567238927633,0.37965567238927633,15.580609515241425
23.496194,23.8752364949218,-0.3790424949218014,0.3790424949218014,1.613208057952655
2.300221,1.9224131959479251,0.3778078040520749,0.3778078040520749,16.42484804875923
3.179149,2.802514418213633,0.3766345817863668,0.3766345817863668,11.847025155930716
0.799833,1.1760586004186422,-0.37622560041864217,0.37622560041864217,47.0380192329654
25.274387,25.648361823423606,-0.37397482342360533,0.37397482342360533,1.4796593223888108
4.49837,4.1247095836490875,0.37366041635091296,0.37366041635091296,8.306573633173937
11.750733,11.37793143759566,0.3728015624043408,0.3728015624043408,3.1725813394038327
49.001038,49.37147868713915,-0.37044068713915124,0.37044068713915124,0.7559853877756534
13.8123,14.182501834700226,-0.37020183470022516,0.37020183470022516,2.680233087158148
2.467466,2.098464126226677,0.36900187377332294,0.36900187377332294,14.954689294943405
14.756681,15.125213168136678,-0.368532168136678,0.368532168136678,2.4973919822091473
2.71011,2.3426455385371447,0.36746446146285505,0.36746446146285505,13.55902385693924
2.712365,2.345028930903238,0.367336069096762,0.367336069096762,13.543017591040252
2.815256,2.4482352633066533,0.3670207366933469,0.3670207366933469,13.036851237695968
1.303454,0.9366572921003034,0.36679670789969654,0.36679670789969654,28.140364590661136
2.312771,1.9472936564395447,0.36547734356045547,0.36547734356045547,15.802573775987891
5.929364,6.294321802109653,-0.3649578021096538,0.3649578021096538,6.155091880065024
3.217527,2.8528324209636633,0.36469457903633673,0.36469457903633673,11.334623735092265
7.03939,7.404079717008406,-0.3646897170084058,0.3646897170084058,5.180700557906652
44.348361,44.711794557737434,-0.36343355773743724,0.36343355773743724,0.8194971573732291
4.582483,4.9442731403910205,-0.36179014039102064,0.36179014039102064,7.895067813303958
32.9091,33.270388950551535,-0.36128895055153265,0.36128895055153265,1.0978390492308654
5.287766,4.927102835966526,0.36066316403347454,0.36066316403347454,6.820709615869042
2.131388,2.4916565158133768,-0.36026851581337693,0.36026851581337693,16.903000101176975
3.457662,3.8173352671055287,-0.3596732671055287,0.3596732671055287,10.402210137807758
18.732083,19.09048030784679,-0.3583973078467899,0.3583973078467899,1.913280588415483
1.326516,1.6842885153210752,-0.3577725153210751,0.3577725153210751,26.97084055481459
4.164864,3.8077584948649434,0.35710550513505623,0.35710550513505623,8.574241682957283
17.400589,17.04458345741954,0.35600554258045847,0.35600554258045847,2.0459396091615782
2.060275,2.415434901637738,-0.35515990163773825,0.35515990163773825,17.23847067117253
2.427065,2.781940893914914,-0.35487589391491436,0.35487589391491436,14.621606504164198
2.78,2.4252664781853124,0.3547335218146874,0.3547335218146874,12.760198625968606
1.227002,1.5812449152340982,-0.35424291523409823,0.35424291523409823,28.8706061771071
41.745192,42.09830598102273,-0.3531139810227302,0.3531139810227302,0.8458794033619111
2.436305,2.0832626837965975,0.35304231620340243,0.35304231620340243,14.490891583316193
2.426312,2.0741786600324836,0.35213333996751617,0.35213333996751617,14.513110430686698
33.140379,33.49203468691827,-0.35165568691826365,0.35165568691826365,1.0611094306350646
1.921477,2.2722207798841048,-0.35074377988410466,0.35074377988410466,18.253863036916435
2.462852,2.11257595708555,0.3502760429144498,0.3502760429144498,14.222374828054122
1.267396,0.9175446606282271,0.3498513393717728,0.3498513393717728,27.603948516814704
5.292874,5.642453676279313,-0.34957967627931286,0.34957967627931286,6.604723185791086
2.33232,1.9827671638504683,0.3495528361495319,0.3495528361495319,14.987344624002905
0.852931,1.2020206084929512,-0.34908960849295123,0.34908960849295123,40.92823551401262
13.498295,13.15072430636168,0.34757069363832116,0.34757069363832116,2.574922933864953
2.790121,2.4426739362248657,0.34744706377513435,0.34744706377513435,12.45275971051727
14.967204,15.314169574854024,-0.346965574854023,0.346965574854023,2.3181722842269323
2.512319,2.1665454008698752,0.34577359913012495,0.34577359913012495,13.763124790934663
12.463123,12.808495955886446,-0.3453729558864467,0.3453729558864467,2.771159009532968
3.673018,4.0183328979498665,-0.3453148979498666,0.3453148979498666,9.401394110795678
2.264385,1.919992423670891,0.3443925763291089,0.3443925763291089,15.209099879830498
5.827353,6.171144870648927,-0.3437918706489276,0.3437918706489276,5.899623219033204
3.324758,2.9814408372552013,0.34331716274479884,0.34331716274479884,10.32607975481141
1.383793,1.7270247130767054,-0.3432317130767053,0.3432317130767053,24.803689067071563
2.414826,2.0721204437277905,0.34270555627220967,0.34270555627220967,14.191728772922682
36.665807,37.00823932432472,-0.3424323243247187,0.3424323243247187,0.9339282354368601
11.685249,12.026495780006258,-0.34124678000625686,0.34124678000625686,2.9203209961836203
3.650858,3.9920836386913656,-0.3412256386913657,0.3412256386913657,9.346450579069886
43.209541,42.86920686748449,0.34033413251550826,0.34033413251550826,0.7876365372979097
18.177,18.51722625195925,-0.34022625195925116,0.34022625195925116,1.8717403969707842
2.606835,2.2667910164969207,0.3400439835030791,0.3400439835030791,13.044323230662268
4.16784,4.507674375395606,-0.3398343753956059,0.3398343753956059,8.153728919235196
2.340664,2.001365249911622,0.33929875008837795,0.33929875008837795,14.495833236802982
2.249693,1.9106816449246047,0.3390113550753955,0.3390113550753955,15.0692274483819
1.109676,1.4484946051351173,-0.3388186051351172,0.3388186051351172,30.533111025613245
8.458185,8.796748296566243,-0.3385632965662424,0.3385632965662424,4.002788973783851
2.841124,2.5027579755139175,0.33836602448608266,0.33836602448608266,11.909583125346625
2.258697,1.9208266889292034,0.3378703110707968,0.3378703110707968,14.958638146499425
3.195453,2.857595283772099,0.33785771622790106,0.33785771622790106,10.57307731383713
57.055058,57.39276416079556,-0.3377061607955554,0.3377061607955554,0.5918952195175464
4.951032,4.6137065966693065,0.33732540333069316,0.33732540333069316,6.813234156512824
2.239681,1.9026154846315038,0.33706551536849627,0.33706551536849627,15.049710889785043
3.056522,2.721749520228549,0.3347724797714511,0.3347724797714511,10.952725999043956
2.451138,2.116692493729179,0.3344455062708209,0.3344455062708209,13.64449925941242
8.185173,8.519160321582753,-0.333987321582752,0.333987321582752,4.080394166118072
3.166734,2.8329043379103993,0.33382966208960063,0.33382966208960063,10.541765177594925
2.374775,2.0417863491182935,0.3329886508817066,0.3329886508817066,14.021903164202278
2.455637,2.123003418068592,0.3326335819314079,0.3326335819314079,13.545714693086241
2.245254,1.9137274601170589,0.33152653988294123,0.33152653988294123,14.765658578859032
2.464011,2.1325014175374193,0.3315095824625809,0.3315095824625809,13.454062601551975
0.812217,1.1429187346978544,-0.33070173469785447,0.33070173469785447,40.715933630684724
2.372358,2.0419108451248285,0.33044715487517173,0.33044715487517173,13.929059394123597
2.787464,2.4574061532448592,0.3300578467551407,0.3300578467551407,11.840793163366412
21.028867,21.358794383446543,-0.3299273834465417,0.3299273834465417,1.5689261026044474
2.718273,3.0470225656975956,-0.3287495656975956,0.3287495656975956,12.094059930165276
2.487174,2.1612445629385775,0.3259294370614225,0.3259294370614225,13.104408338472423
14.454793,14.780198210581169,-0.32540521058116845,0.32540521058116845,2.2511924631429676
1.13857,1.4627838953806176,-0.3242138953806175,0.3242138953806175,28.475534692828898
0.804879,1.126839304229275,-0.321960304229275,0.321960304229275,40.001081428298406
12.9411,12.619160432070126,0.3219395679298742,0.3219395679298742,2.4877295432952877
2.355442,2.033808710823326,0.321633289176674,0.321633289176674,13.65490167718072
26.06229,25.7422950227493,0.31999497725070114,0.31999497725070114,1.2278083669910562
8.743256,8.423550482346878,0.31970551765312294,0.31970551765312294,3.656595639535962
2.237571,1.9190817760970695,0.31848922390293044,0.31848922390293044,14.233703595939378
2.266933,1.9490704025503192,0.3178625974496807,0.3178625974496807,14.021702336842731
3.887523,3.5703239693025104,0.31719903069748945,0.31719903069748945,8.159412322173528
2.240546,1.9244186415054187,0.3161273584945814,0.3161273584945814,14.10938933994089
2.624369,2.308312660361267,0.31605633963873325,0.31605633963873325,12.043136450197746
25.751491,26.06748800183073,-0.315997001830727,0.315997001830727,1.2271017698722761
15.699477,16.015396630333147,-0.31591963033314663,0.31591963033314663,2.0122939785263823
3.948435,4.264151288915315,-0.3157162889153149,0.3157162889153149,7.995985470377982
28.063378,28.379015419552687,-0.31563741955268654,0.31563741955268654,1.1247306705257003
1.201932,1.5172297494114062,-0.3152977494114062,0.3152977494114062,26.232577998187384
3.516542,3.2013434161234997,0.3151985838765001,0.3151985838765001,8.963310657672704
5.809621,5.494598234034779,0.31502276596522094,0.31502276596522094,5.422432305993773
22.809031,23.1233970913523,-0.31436609135229787,0.31436609135229787,1.378252725207483
2.880172,2.5658693568888005,0.3143026431111995,0.3143026431111995,10.9126344919778
5.539273,5.225623890927256,0.31364910907274357,0.31364910907274357,5.662279311149339
0.876978,1.190442559086275,-0.313464559086275,0.313464559086275,35.74371980260979
2.304004,1.990685349101426,0.3133186508985739,0.3133186508985739,13.598876168833693
2.344367,2.0313842848751804,0.3129827151248197,0.3129827151248197,13.350414636934799
4.61277,4.300563289036745,0.31220671096325514,0.31220671096325514,6.768312986697511
8.75462,8.442468647064098,0.312151352935901,0.312151352935901,3.565561417084185
2.428497,2.1163565073116004,0.3121404926883997,0.3121404926883997,12.853237729984695
5.706401,5.394322495721971,0.31207850427802875,0.31207850427802875,5.468919977277444
4.021647,4.332886450564349,-0.311239450564349,0.311239450564349,7.7391041669398115
8.43141,8.120886365775615,0.3105236342243849,0.3105236342243849,3.6829383723564852
4.577727,4.268107395863689,0.3096196041363113,0.3096196041363113,6.7636100652037054
3.602926,3.293530294624418,0.30939570537558225,0.30939570537558225,8.587345545453747
2.615435,2.30693005382723,0.30850494617277,0.30850494617277,11.795550115410034
1.827309,2.135523099948525,-0.308214099948525,0.308214099948525,16.867103480126126
16.348227,16.655630583475332,-0.30740358347533103,0.30740358347533103,1.8803481470709376
3.259411,2.952609198019644,0.306801801980356,0.306801801980356,9.412798875960817
8.600383,8.293778930525,0.3066040694750001,0.3066040694750001,3.5650048314294263
21.199804,21.505092376897647,-0.30528837689764643,0.30528837689764643,1.440052827357302
2.462759,2.1580778020298332,0.3046811979701669,0.3046811979701669,12.371539316587427
2.299033,1.9943576162918397,0.3046753837081604,0.3046753837081604,13.252327552275588
3.387573,3.0830360409040924,0.3045369590959077,0.3045369590959077,8.989827203337548
3.077656,2.7733545512599207,0.30430144874007947,0.30430144874007947,9.887441895071834
21.945454,21.641860025274426,0.30359397472557603,0.30359397472557603,1.3834025704102209
2.9433,2.6397817899257134,0.30351821007428637,0.30351821007428637,10.312173752725656
2.327429,2.0239192627149727,0.3035097372850273,0.3035097372850273,13.040558370286986
2.251115,1.9479710045034118,0.3031439954965882,0.3031439954965882,13.466393119992617
8.16094,8.462511069126721,-0.30157106912672127,0.30157106912672127,3.695298202450036
1.4116,1.110053455998731,0.301546544001269,0.301546544001269,21.362039103138777
3.660336,3.3589980422626695,0.3013379577373305,0.3013379577373305,8.23252176109237
2.971986,3.2729738207262518,-0.30098782072625196,0.30098782072625196,10.127497932901584
2.639937,2.339064203579394,0.3008727964206064,0.3008727964206064,11.396968806801427
1.401079,1.1002436271105225,0.3008353728894775,0.3008353728894775,21.471692379088246
3.845318,4.146004744631901,-0.3006867446319008,0.3006867446319008,7.819554705854789
3.74211,3.4415044108223967,0.30060558917760316,0.30060558917760316,8.033050582948393
3.450012,3.149859836054304,0.3001521639456959,0.3001521639456959,8.700032461828998
2.3063,2.0068837467990193,0.29941625320098053,0.29941625320098053,12.982537102198242
2.303227,2.0039614798827827,0.2992655201172174,0.2992655201172174,12.993314167653647
0.775124,1.0735129437528244,-0.2983889437528243,0.2983889437528243,38.49563988656378
20.411807,20.709773870148094,-0.29796687014809464,0.29796687014809464,1.4597770307481102
2.883667,2.586303348629304,0.29736365137069587,0.29736365137069587,10.311996890084183
1.251616,1.5488082067503122,-0.2971922067503121,0.2971922067503121,23.744679416575643
2.385803,2.088794748926251,0.2970082510737493,0.2970082510737493,12.44898472595182
2.592027,2.8884097330355836,-0.2963827330355837,0.2963827330355837,11.434399912660991
2.955655,2.659344158745224,0.29631084125477614,0.29631084125477614,10.025217464309973
16.946341,16.650359925851227,0.2959810741487736,0.2959810741487736,1.746578061582893
2.298491,2.0026916161401864,0.2957993838598134,0.2957993838598134,12.869286146734712
1.593693,1.8884538161749767,-0.2947608161749766,0.2947608161749766,18.49545779246575
2.614461,2.3199795048996545,0.2944814951003454,0.2944814951003454,11.263564271529843
2.628473,2.334049001320265,0.294423998679735,0.294423998679735,11.20133243402286
2.269201,1.9754939297257508,0.293707070274249,0.293707070274249,12.943193232389103
4.550043,4.256489851267567,0.29355314873243277,0.29355314873243277,6.451656582717595
40.006194,39.71264270915733,0.2935512908426716,0.2935512908426716,0.7337646036559685
2.345512,2.0529589510555937,0.29255304894440615,0.29255304894440615,12.47288647135181
0.454125,0.7466084176399619,-0.2924834176399619,0.2924834176399619,64.40592734942052
2.275402,1.9830585710345652,0.29234342896543497,0.29234342896543497,12.847990331053015
2.447995,2.155679573024667,0.2923154269753332,0.2923154269753332,11.94101405286335
35.458883,35.75115296264299,-0.2922699626429903,0.2922699626429903,0.8242503370514126
2.90037,2.6084453857438152,0.2919246142561849,0.2919246142561849,10.065081842872454
4.41849,4.127413357449939,0.2910766425500615,0.2910766425500615,6.587694948805447
1.101376,0.810732748846327,0.29064325115367295,0.29064325115367295,26.38910336953809
12.899814,13.190410609156075,-0.29059660915607566,0.29059660915607566,2.252719373735334
4.963668,5.253936464988966,-0.29026846498896575,0.29026846498896575,5.847862205593079
1.785041,1.4949433963389431,0.29009760366105697,0.29009760366105697,16.25159330484876
14.858744,14.568793408618095,0.2899505913819045,0.2899505913819045,1.9513802201582657
2.997853,2.7081732511011385,0.2896797488988616,0.2896797488988616,9.662907050118825
3.659002,3.3698281363690814,0.2891738636309187,0.2891738636309187,7.903080228516289
5.71137,5.422639281090383,0.28873071890961644,0.28873071890961644,5.05536708188335
14.643878,14.355443641648183,0.2884343583518181,0.2884343583518181,1.9696582991871987
12.226285,12.514596570159826,-0.28831157015982534,0.28831157015982534,2.3581289832313512
2.28481,1.997870169049282,0.28693983095071784,0.28693983095071784,12.558586094167973
8.271911,8.558812939146799,-0.28690193914679973,0.28690193914679973,3.4683876451684665
4.305095,4.018431841187285,0.28666315881271487,0.28666315881271487,6.6586953088388565
3.330318,3.044161772939752,0.286156227060248,0.286156227060248,8.592459550459012
2.382649,2.096702773664507,0.2859462263354926,0.2859462263354926,12.00118969783176
2.294848,2.5806665041296952,-0.28581850412969523,0.28581850412969523,12.454790213436377
3.279484,2.9937739584841445,0.28571004151585555,0.28571004151585555,8.712042550204346
21.20881,21.49384573267938,-0.2850357326793791,0.2850357326793791,1.3439496731690046
2.249814,1.964984431973381,0.2848295680266193,0.2848295680266193,12.660138483179459
12.641151,12.925153053818423,-0.2840020538184227,0.2840020538184227,2.246647111613302
3.895044,4.1790206313348754,-0.2839766313348755,0.2839766313348755,7.290716904034583
23.752677,23.46903822977182,0.28363877022817974,0.28363877022817974,1.194133908472656
7.342691,7.625996544667299,-0.2833055446672983,0.2833055446672983,3.8583340176433945
1.709893,1.4266742878039267,0.2832187121960734,0.2832187121960734,16.563534219948842
13.891756,14.174223436973538,-0.28246743697353693,0.28246743697353693,2.0333457985549384
28.784588,29.066967884870838,-0.28237988487083854,0.28237988487083854,0.9810106883234095
2.232542,1.9514912776125293,0.28105072238747075,0.28105072238747075,12.588821279728753
2.917376,2.63715793090935,0.28021806909065017,0.28021806909065017,9.60514068399291
7.675521,7.9555142890955,-0.2799932890955006,0.2799932890955006,3.647873402884999
4.056339,3.776532534991162,0.2798064650088383,0.2798064650088383,6.898004949831369
55.290475,55.01092015602066,0.2795548439793407,0.2795548439793407,0.5056112178071089
6.041862,6.321356234507741,-0.2794942345077409,0.2794942345077409,4.625961905503882
10.156798,9.877461823178162,0.27933617682183787,0.27933617682183787,2.7502385773458093
8.930747,9.209898559688291,-0.279151559688291,0.279151559688291,3.1257358391763335
2.020957,1.7420165148778537,0.2789404851221464,0.2789404851221464,13.802395850497758
3.078244,2.799337507449085,0.27890649255091526,0.27890649255091526,9.06057130434932
2.738611,2.4602441168569182,0.2783668831430819,0.2783668831430819,10.164528044797795
14.966932,15.244849734932886,-0.2779177349328865,0.2779177349328865,1.8568784499791249
4.413138,4.135562989724816,0.27757501027518394,0.27757501027518394,6.289742361759234
1.437909,1.7154759206785783,-0.27756692067857824,0.27756692067857824,19.30351090780256
2.31581,2.0382648745352974,0.27754512546470256,0.27754512546470256,11.984796915667424
11.294957,11.572293857670939,-0.27733685767093874,0.27733685767093874,2.4554042805871976
0.206721,-0.0702973362823549,0.2770183362823549,0.2770183362823549,134.005899811025
2.295998,2.0191361763746762,0.27686182362532374,0.27686182362532374,12.058452298881154
3.15965,2.8829539881321598,0.2766960118678403,0.2766960118678403,8.75717284696353
2.289834,2.013478966851679,0.2763550331483211,0.2763550331483211,12.068780231940496
12.502675,12.226442235559528,0.27623276444047207,0.27623276444047207,2.2093893061945757
2.656393,2.380449172643832,0.27594382735616785,0.27594382735616785,10.387914263656768
3.409486,3.6847108434500715,-0.2752248434500717,0.2752248434500717,8.07232654546754
2.897467,2.6227901337542754,0.2746768662457244,0.2746768662457244,9.47989627616965
2.803216,2.5290975598850984,0.2741184401149015,0.2741184401149015,9.778712739407979
6.739809,6.465750606021711,0.27405839397828924,0.27405839397828924,4.066263509458843
1.601883,1.32787438338298,0.2740086166170199,0.2740086166170199,17.105407610912565
2.162247,1.8890228925470325,0.2732241074529673,0.2732241074529673,12.636119159389803
2.49955,2.2263357374355905,0.2732142625644096,0.2732142625644096,10.930537998978979
3.420346,3.1471747530425187,0.2731712469574812,0.2731712469574812,7.986655354443513
1.512983,1.7861320137163865,-0.27314901371638656,0.27314901371638656,18.053673682938467
2.264001,1.9908831631670871,0.2731178368329128,0.2731178368329128,12.063503365097866
4.180583,3.9077341996388046,0.27284880036119574,0.27284880036119574,6.526572976895068
2.061951,2.334647533554019,-0.272696533554019,0.272696533554019,13.225170410974549
2.519563,2.248740298052322,0.2708227019476781,0.2708227019476781,10.748796594366931
11.467741,11.738013018650877,-0.2702720186508767,0.2702720186508767,2.3568026052255617
1.239327,1.5091366928294505,-0.26980969282945044,0.26980969282945044,21.77066204542302
2.836064,2.566614926920245,0.26944907307975496,0.26944907307975496,9.50081073876521
0.916622,1.186068360174204,-0.26944636017420387,0.26944636017420387,29.395580745913612
23.981745,24.250682733853587,-0.268937733853587,0.268937733853587,1.1214268763697788
1.58055,1.312393929334224,0.26815607066577596,0.26815607066577596,16.96599732047768
2.243862,1.9769777965320294,0.2668842034679706,0.2668842034679706,11.893966895293767
1.423226,1.6900860914087872,-0.2668600914087871,0.2668600914087871,18.750366518742396
2.306526,2.0400562935132456,0.2664697064867543,0.2664697064867543,11.552859429080852
0.973529,1.239794018394356,-0.2662650183943561,0.2662650183943561,27.35049683851284
0.907205,1.1732359433932231,-0.2660309433932231,0.2660309433932231,29.324236899476837
2.667502,2.4015730910463393,0.2659289089536605,0.2659289089536605,9.969211229970636
10.450632,10.716258310266861,-0.26562631026686034,0.26562631026686034,2.5417248474955256
16.97264,17.238227182231658,-0.2655871822316591,0.2655871822316591,1.5647959435308494
1.709242,1.9731614502947927,-0.2639194502947928,0.2639194502947928,15.440730468789795
4.062808,3.799322533460977,0.2634854665390236,0.2634854665390236,6.485304413414029
3.840314,3.576896770820124,0.263417229179876,0.263417229179876,6.859262788746356
2.963304,2.70049617685385,0.2628078231461499,0.2628078231461499,8.868743238536485
2.45018,2.187711247735372,0.26246875226462807,0.26246875226462807,10.712223275592644
1.478042,1.7405059587844,-0.2624639587844,0.2624639587844,17.757544018819658
32.810142,33.07255599505164,-0.262413995051638,0.262413995051638,0.799795365258822
3.316308,3.053906532722049,0.26240146727795066,0.26240146727795066,7.912457686983182
2.538564,2.276529464883243,0.262034535116757,0.262034535116757,10.322155955352507
7.749421,7.487493873517918,0.2619271264820817,0.2619271264820817,3.3799573733147517
9.850533,9.588766368691944,0.2617666313080562,0.2617666313080562,2.6573854562529644
0.678879,0.4173018081255364,0.2615771918744636,0.2615771918744636,38.5307531733833
3.034845,2.774036591340094,0.26080840865990584,0.26080840865990584,8.593796673349448
45.15367,44.893574840598305,0.26009515940169337,0.26009515940169337,0.5760221913326588
2.829884,2.571126325462169,0.25875767453783105,0.25875767453783105,9.14375552244146
2.406656,2.147905427968592,0.25875057203140805,0.25875057203140805,10.75145646160717
2.27449,2.016168909838104,0.2583210901618962,0.2583210901618962,11.357319229829056
13.17739,12.919357102066416,0.2580328979335853,0.2580328979335853,1.9581487527623236
29.699972,29.442144683820935,0.25782731617906407,0.25782731617906407,0.8681062600941039
2.487887,2.2301270193246907,0.2577599806753095,0.2577599806753095,10.36059839795573
3.825154,3.5677394455577733,0.2574145544422266,0.2574145544422266,6.729521332618166
1.089084,0.8323210770442699,0.25676292295573,0.25676292295573,23.57604399037668
17.8894,18.145447978391083,-0.2560479783910843,0.2560479783910843,1.4312832089933316
7.301652,7.045616613796566,0.25603538620343347,0.25603538620343347,3.506540522609499
7.589185,7.844955676387521,-0.25577067638752116,0.25577067638752116,3.3701995192389034
3.040871,2.7854639985793117,0.2554070014206884,0.2554070014206884,8.399139635068021
3.21526,2.9601282704973784,0.2551317295026214,0.2551317295026214,7.935026389613481
2.245892,1.9909893704534554,0.25490262954654463,0.25490262954654463,11.349727837990201
1.643868,1.898436150074133,-0.2545681500741328,0.2545681500741328,15.485924055863784
2.266167,2.5203564124302495,-0.25418941243024973,0.25418941243024973,11.216711408251602
1.281992,1.535794858112471,-0.25380285811247094,0.25380285811247094,19.797538369402726
2.249029,1.9952434833961696,0.25378551660383053,0.25378551660383053,11.284226063449884
2.25804,2.0045193398531325,0.25352066014686736,0.25352066014686736,11.227465418488597
9.742925,9.996172034370172,-0.2532470343701725,0.2532470343701725,2.5992916333398153
2.554461,2.3012898592295485,0.25317114077045133,0.25317114077045133,9.910941711795186
2.079176,1.8263592377401956,0.2528167622598043,0.2528167622598043,12.15946905156874
2.236912,1.9842901278908656,0.2526218721091342,0.2526218721091342,11.293330810413684
10.907942,11.160156099306796,-0.25221409930679606,0.25221409930679606,2.3122060907958977
2.870803,2.6186339846314155,0.2521690153685845,0.2521690153685845,8.783919180793687
3.347212,3.0955134318566646,0.25169856814333524,0.25169856814333524,7.519648236676243
2.522562,2.2708740810936696,0.2516879189063306,0.2516879189063306,9.977472065953307
2.45879,2.2073186067848667,0.25147139321513334,0.25147139321513334,10.227444930429435
2.413695,2.1624031934033745,0.25129180659662564,0.25129180659662564,10.411083694759053
2.662955,2.4122295260738795,0.25072547392612066,0.25072547392612066,9.415310206770497
2.711438,2.461156265707853,0.25028173429214684,0.25028173429214684,9.230590346632166
3.931682,4.18176470147187,-0.2500827014718703,0.2500827014718703,6.360705201120273
2.349859,2.100144743997763,0.24971425600223673,0.24971425600223673,10.62677615940403
2.235612,1.9863494210283648,0.2492625789716354,0.2492625789716354,11.149635042238355
9.569341,9.32023635681068,0.24910464318931957,0.24910464318931957,2.603153583791365
2.230113,1.9810636425316872,0.24904935746831258,0.24904935746831258,11.16756673124389
0.510536,0.7591862153931466,-0.24865021539314658,0.24865021539314658,48.70375749103742
18.031233,18.279816663822892,-0.24858366382289176,0.24858366382289176,1.3786282048571674
2.277296,2.5254319238208396,-0.24813592382083938,0.24813592382083938,10.896076917973916
24.8866,24.638465182419406,0.24813481758059552,0.24813481758059552,0.9970619432931717
0.505229,0.7530645207693887,-0.24783552076938864,0.24783552076938864,49.05409640387518
1.081215,1.3285215446693925,-0.2473065446693925,0.2473065446693925,22.873021984204758
2.451914,2.204787756174035,0.24712624382596493,0.24712624382596493,10.078911569324456
8.557821,8.310985487673008,0.2468355123269923,0.2468355123269923,2.8843266565648893
2.241187,1.9943927594571456,0.24679424054285448,0.24679424054285448,11.011764771607309
2.22526,1.9784907217025562,0.24676927829744377,0.24676927829744377,11.089458233480777
2.432351,2.185596968617272,0.2467540313827281,0.2467540313827281,10.144672021948454
2.316672,2.069975619782106,0.24669638021789408,0.24669638021789408,10.64874009817727
2.224411,1.97781503967121,0.24659596032878994,0.24659596032878994,11.085899157921087
6.935323,6.68889986678483,0.2464231332151705,0.2464231332151705,3.5531601514683215
30.707105,30.46072037402848,0.246384625971519,0.246384625971519,0.8023700898235657
2.424793,2.1785035868727363,0.24628941312726393,0.24628941312726393,10.157131479557503
5.978384,5.732143141685846,0.2462408583141542,0.2462408583141542,4.118853160152232
28.853335,28.607167455710158,0.24616754428984322,0.24616754428984322,0.8531684267658836
4.140898,4.3868631295103615,-0.24596512951036154,0.24596512951036154,5.939898290284418
2.425047,2.179901478090514,0.24514552190948624,0.24514552190948624,10.108897761543481
2.260139,2.015251859863465,0.24488714013653512,0.24488714013653512,10.835047761473964
2.242777,1.9978948360897988,0.244882163910201,0.244882163910201,10.91870319248335
2.790691,3.0353141595198387,-0.24462315951983893,0.24462315951983893,8.765684180408122
23.522599,23.767191810712244,-0.2445928107122448,0.2445928107122448,1.0398205177548834
1.347294,1.591403718301926,-0.24410971830192607,0.24410971830192607,18.118518918944755
4.543165,4.787237918634853,-0.2440729186348527,0.2440729186348527,5.372310242517724
2.24887,2.004851429111106,0.244018570888894,0.244018570888894,10.850719289156032
1.50027,1.7440715593883205,-0.2438015593883205,0.2438015593883205,16.250512199275462
4.639165,4.882873372253286,-0.2437083722532858,0.2437083722532858,5.253280972934407
2.235816,1.9926347100559134,0.2431812899440864,0.2431812899440864,10.87662356532066
2.253483,2.0106239093763847,0.24285909062361544,0.24285909062361544,10.77705448023519
6.269078,6.0269317783265635,0.2421462216734369,0.2421462216734369,3.8625491925539026
0.762735,1.0037129682420804,-0.2409779682420804,0.2409779682420804,31.59393081614013
8.274613,8.033716743283254,0.24089625671674675,0.24089625671674675,2.911269164054385
2.454029,2.2134654115156565,0.24056358848434334,0.24056358848434334,9.802801371725458
14.908055,15.14855201616803,-0.24049701616803,0.24049701616803,1.613201830597062
20.652094,20.89227726210391,-0.2401832621039084,0.2401832621039084,1.1629971377369548
2.22852,1.9886905234082697,0.23982947659173037,0.23982947659173037,10.761827427214858
6.199023,6.4387353497726885,-0.23971234977268807,0.23971234977268807,3.8669375765958782
0.57877,0.818298050012281,-0.23952805001228095,0.23952805001228095,41.38570588850411
2.240749,2.001466156768508,0.23928284323149196,0.23928284323149196,10.678699096633013
2.433191,2.19406237539296,0.23912862460703987,0.23912862460703987,9.827778608305394
1.922958,1.6849836089761148,0.23797439102388518,0.23797439102388518,12.37543362941415
3.364481,3.6022326977810977,-0.23775169778109762,0.23775169778109762,7.066519257324713
56.461871,56.699437711104196,-0.23756671110419347,0.23756671110419347,0.4207560020527352
1.344409,1.581619977829476,-0.23721097782947598,0.23721097782947598,17.644256904843076
2.347417,2.1102193026271614,0.2371976973728387,0.2371976973728387,10.104625525108409
2.245228,2.008270400958448,0.23695759904155178,0.23695759904155178,10.553832351591819
2.226763,1.9899303218299451,0.23683267817005493,0.23683267817005493,10.63573798196841
17.283589,17.04716310001061,0.23642589998938845,0.23642589998938845,1.3679213269189667
3.05238,2.8160312687206055,0.23634873127939438,0.23634873127939438,7.743096576168475
2.452209,2.215926765114702,0.23628223488529798,0.23628223488529798,9.635485183997877
4.236708,4.0004371296329815,0.23627087036701866,0.23627087036701866,5.576756065356449
2.236934,2.000689646421275,0.23624435357872509,0.23624435357872509,10.561078403214578
9.097626,8.861384273348603,0.23624172665139653,0.23624172665139653,2.5967403655503074
18.996777,18.760952558513132,0.23582444148686932,0.23582444148686932,1.2413918502366372
15.475925,15.71153576683392,-0.23561076683392024,0.23561076683392024,1.5224341474412535
6.382778,6.61836529963389,-0.2355872996338899,0.2355872996338899,3.690983763342528
2.249922,2.01435147588618,0.2355705241138204,0.2355705241138204,10.470164036946624
2.725838,2.490682762764715,0.23515523723528498,0.23515523723528498,8.626897021270452
5.38179,5.146676934130234,0.23511306586976577,0.23511306586976577,4.368677816588851
1.19707,1.4320511624295662,-0.23498116242956613,0.23498116242956613,19.629692700505103
7.808271,7.5733239619136725,0.2349470380863279,0.2349470380863279,3.0089508686791087
13.374252,13.609043859933942,-0.23479185993394225,0.23479185993394225,1.755551337990242
1.254966,1.0201817330570826,0.23478426694291743,0.23478426694291743,18.7084165566405
1.064931,1.2997139501796333,-0.23478295017963324,0.23478295017963324,22.04677581529568
2.363394,2.128664612932269,0.23472938706773094,0.23472938706773094,9.931877082610816
2.239431,2.0048548540243445,0.23457614597565568,0.23457614597565568,10.474810162276974
6.011681,5.7771502552283565,0.23453074477164382,0.23453074477164382,3.9012506612999354
2.227459,1.9932041690070932,0.2342548309929069,0.2342548309929069,10.516684301816113
3.64741,3.881637113501995,-0.2342271135019951,0.2342271135019951,6.421737986559596
2.251567,2.0185554487673514,0.23301155123264872,0.23301155123264872,10.34886153609019
23.740683,23.97329028431553,-0.2326072843155309,0.2326072843155309,0.9797834557436748
2.269469,2.0369774121780573,0.23249158782194268,0.23249158782194268,10.244316525658572
2.351205,2.5835256311071326,-0.2323206311071324,0.2323206311071324,9.880917703783867
0.400782,0.16866812830381406,0.23211387169618597,0.23211387169618597,57.915243608313425
4.146137,3.9142321220825025,0.23190487791749792,0.23190487791749792,5.593275810999603
2.243053,2.0113248255639355,0.23172817443606464,0.23172817443606464,10.330927286414262
2.23351,2.0017894468121433,0.23172055318785656,0.23172055318785656,10.374726469882912
0.804282,1.0356071266918825,-0.23132512669188243,0.23132512669188243,28.761693866469813
2.304352,2.0743588124087537,0.22999318759124643,0.22999318759124643,9.980818363742413
2.376783,2.146993522177006,0.2297894778229943,0.2297894778229943,9.668088244207663
2.532889,2.3030996093206824,0.22978939067931758,0.22978939067931758,9.072225062773985
13.255859,13.485332838734212,-0.22947383873421323,0.22947383873421323,1.7311125497976567
0.951185,1.180049152648884,-0.22886415264888416,0.22886415264888416,24.060950564277526
0.480352,0.7091915660960915,-0.22883956609609146,0.22883956609609146,47.63997361277802
2.340885,2.1121869015143346,0.22869809848566547,0.22869809848566547,9.76972805054053
2.389512,2.160954893587462,0.2285571064125378,0.2285571064125378,9.565011868656562
18.071123,18.299473412188156,-0.22835041218815633,0.22835041218815633,1.2636204854944142
3.350145,3.122117770543886,0.2280272294561141,0.2280272294561141,6.806488359438401
2.247259,2.019318280374069,0.2279407196259311,0.2279407196259311,10.143055144769162
2.26202,2.0340851669686444,0.22793483303135575,0.22793483303135575,10.076605557036594
1.738165,1.510356948815641,0.22780805118435898,0.22780805118435898,13.106238543018225
2.448778,2.6760357387160365,-0.2272577387160366,0.2272577387160366,9.280454933307803
2.280858,2.053727962881709,0.22713003711829094,0.22713003711829094,9.958096343934294
2.977337,3.2040601262925037,-0.2267231262925038,0.2267231262925038,7.6149635155472435
13.313886,13.540202779596719,-0.22631677959671848,0.22631677959671848,1.699855170721896
0.888101,1.1141717716406703,-0.22607077164067024,0.22607077164067024,25.455524947637116
2.23044,2.0045108405391865,0.2259291594608137,0.2259291594608137,10.12935382483655
3.122406,2.8965420318913235,0.22586396810867626,0.22586396810867626,7.233651488673883
2.237947,2.0128496011833867,0.2250973988166134,0.2250973988166134,10.058209546810321
2.322714,2.0977669406252737,0.22494705937472625,0.22494705937472625,9.684664550394134
0.885672,0.6609263865770316,0.2247456134229684,0.2247456134229684,25.375716224244716
5.583614,5.8083228802192615,-0.2247088802192616,0.2247088802192616,4.0244343576622095
2.240462,2.016281313735117,0.22418068626488274,0.22418068626488274,10.006002612625286
2.563942,2.787917316965082,-0.223975316965082,0.223975316965082,8.735584383591611
2.323523,2.099764790112488,0.22375820988751194,0.22375820988751194,9.630126746233278
7.438658,7.662339458220806,-0.2236814582208062,0.2236814582208062,3.0070136067258257
2.315698,2.0920601875413993,0.22363781245860048,0.22363781245860048,9.657468825768431
3.432247,3.2090724944778373,0.22317450552216256,0.22317450552216256,6.502285689685512
0.671872,0.8949422271955036,-0.22307022719550362,0.22307022719550362,33.20129833693059
2.736356,2.5134304716333666,0.22292552836663315,0.22292552836663315,8.14680284138783
2.223928,2.0012218568273354,0.22270614317266446,0.22270614317266446,10.01408962712149
2.346747,2.1241697359917815,0.22257726400821864,0.22257726400821864,9.484501908332433
2.418874,2.1964493266571523,0.22242467334284788,0.22242467334284788,9.195380715723617
2.234578,2.0123525152653663,0.22222548473463366,0.22222548473463366,9.944852438567318
2.254994,2.033308083727384,0.2216859162726159,0.2216859162726159,9.830887189180327
2.365252,2.1436152693175856,0.2216367306824143,0.2216367306824143,9.370533485355631
2.232459,2.011137687975964,0.22132131202403604,0.22132131202403604,9.913790668232753
2.339585,2.118530708741787,0.2210542912582132,0.2210542912582132,9.448440268199905
2.274405,2.0543668407235565,0.22003815927644332,0.22003815927644332,9.6745372643293
2.539245,2.3196322095983106,0.21961279040168957,0.21961279040168957,8.648743638090881
4.658684,4.439668537503172,0.21901546249682813,0.21901546249682813,4.701230272156835
2.689223,2.4705424535509977,0.21868054644900248,0.21868054644900248,8.131737176160948
2.351716,2.5701600774882287,-0.21844407748822858,0.21844407748822858,9.288709924112428
2.313689,2.095729016918831,0.21795998308116893,0.21795998308116893,9.420452924820426
2.285641,2.067790969228138,0.21785003077186182,0.21785003077186182,9.531244441376865
2.433373,2.215595119366519,0.21777788063348114,0.21777788063348114,8.949630024847464
7.91301,7.695443241606458,0.21756675839354145,0.21756675839354145,2.7494816560422892
2.339981,2.1226265575739767,0.2173544424260232,0.2173544424260232,9.288726806616571
2.283189,2.0663054820060722,0.2168835179939279,0.2168835179939279,9.499148690030863
3.757536,3.5407154210049576,0.21682057899504237,0.21682057899504237,5.7702861393549405
5.999556,5.78275064587193,0.2168053541280699,0.2168053541280699,3.61368998179959
2.264166,2.0474198438799007,0.21674615612009918,0.21674615612009918,9.57289156848598
2.40371,2.1875972837816633,0.2161127162183365,0.2161127162183365,8.990798233120707
2.352447,2.136486316851869,0.21596068314813133,0.21596068314813133,9.180257116906398
2.221149,2.0057928157439413,0.21535618425605874,0.21535618425605874,9.695710834633923
2.562345,2.3472518549899313,0.21509314501006882,0.21509314501006882,8.394386587351603
0.856144,1.0711568222838572,-0.2150128222838572,0.2150128222838572,25.1140955562082
9.161074,8.946233820341211,0.214840179658788,0.214840179658788,2.345141843155539
2.221326,2.0065065035805247,0.21481949641947518,0.21481949641947518,9.670777563032368
2.234948,2.0202962924599355,0.21465170754006468,0.21465170754006468,9.604326701581439
2.381057,2.1668257103066004,0.21423128969339977,0.21423128969339977,8.997318824555752
10.715877,10.501703322976748,0.2141736770232523,0.2141736770232523,1.998657478256363
4.085585,4.29964424353434,-0.21405924353434003,0.21405924353434003,5.2393780457168475
32.646667,32.432789630205235,0.21387736979476557,0.21387736979476557,0.6551277341546394
2.825859,3.039569232075632,-0.2137102320756319,0.2137102320756319,7.562664381629418
2.530952,2.3172847086136166,0.21366729138638352,0.21366729138638352,8.442170826548324
0.908611,1.121914984919897,-0.2133039849198971,0.2133039849198971,23.47583122991261
1.754745,1.9679050724774214,-0.21316007247742141,0.21316007247742141,12.147638116380088
14.589159,14.801981153802434,-0.21282215380243308,0.21282215380243308,1.4587691710055002
2.252347,2.03961148620035,0.21273551379964983,0.21273551379964983,9.445059477522992
7.927133,7.714764229866516,0.21236877013348465,0.21236877013348465,2.6790110640354543
1.562866,1.774964593158149,-0.21209859315814894,0.21209859315814894,13.5711310595136
5.753897,5.542019553845385,0.2118774461546149,0.2118774461546149,3.682329491663347
2.251264,2.0394303196233388,0.21183368037666117,0.21183368037666117,9.40954416573319
2.222246,2.010495287152615,0.211750712847385,0.211750712847385,9.528680120826241
2.717568,2.5060075427992725,0.21156045720072747,0.21156045720072747,7.784918618152059
20.777862,20.566545045554292,0.21131695444570653,0.21131695444570653,1.0170293480854262
2.299477,2.0883256647454473,0.21115133525455265,0.21115133525455265,9.182580875797848
8.509227,8.720271801396283,-0.2110448013962838,0.2110448013962838,2.480187699702965
2.811615,3.022651582339785,-0.21103658233978484,0.21103658233978484,7.505884779113746
2.28892,2.0782512679762775,0.2106687320237226,0.2106687320237226,9.203848627934518
26.00024,25.789577636908152,0.21066236309184916,0.21066236309184916,0.8102323789743439
2.221247,2.0107921398655257,0.21045486013447423,0.21045486013447423,9.474626645528373
3.380941,3.17050570499954,0.21043529500046,0.21043529500046,6.224163479760096
1.021907,0.811647831581265,0.21025916841873493,0.21025916841873493,20.57517644934028
2.332463,2.123040951137291,0.209422048862709,0.209422048862709,8.978579675378791
51.999003,51.789829960447115,0.20917303955288702,0.20917303955288702,0.4022635579233793
14.874355,15.083483136937907,-0.20912813693790788,0.20912813693790788,1.4059644060969496
2.255259,2.0462098931188706,0.20904910688112954,0.20904910688112954,9.26940572554461
2.245799,2.0369990304076566,0.20879996959234326,0.20879996959234326,9.29735784827787
4.712487,4.921144918292567,-0.20865791829256697,0.20865791829256697,4.427766448759205
2.496467,2.287972333675846,0.20849466632415403,0.20849466632415403,8.351589118374184
1.087089,1.295152994037661,-0.20806399403766096,0.20806399403766096,19.1395547207746
0.333347,0.5413867270221182,-0.2080397270221182,0.2080397270221182,62.40935930418118
5.258035,5.465610749054083,-0.20757574905408305,0.20757574905408305,3.9477818053728297
1.546575,1.3390592141903284,0.20751578580967167,0.20751578580967167,13.417764143106794
9.163247,9.370663217768112,-0.20741621776811137,0.20741621776811137,2.26356680951466
22.549649,22.342393390771054,0.2072556092289446,0.2072556092289446,0.9191079170590439
0.02209,0.229199741598471,-0.207109741598471,0.207109741598471,937.5723886867298
4.188029,3.981097583353037,0.20693141664696313,0.20693141664696313,4.94102157941175
2.495544,2.288759645347401,0.20678435465259914,0.20678435465259914,8.28614340778255
3.00446,2.797693918195275,0.20676608180472478,0.20676608180472478,6.881971528921764
3.554156,3.760560367955886,-0.20640436795588624,0.20640436795588624,5.807408789880884
2.035277,2.2415859290681155,-0.2063089290681157,0.2063089290681157,10.136651131908781
0.636027,0.842069868723506,-0.20604286872350597,0.20604286872350597,32.39530219489277
0.018248,0.22411427260625771,-0.20586627260625773,0.20586627260625773,1128.1579980167674
2.545409,2.3395511421149884,0.20585785788501143,0.20585785788501143,8.087417695031487
0.554619,0.760109888940594,-0.20549088894059397,0.20549088894059397,37.050820275458136
21.512557,21.717873906233738,-0.20531690623373677,0.20531690623373677,0.9544049376965387
10.476873,10.271957548370516,0.20491545162948377,0.20491545162948377,1.955883703348584
2.854911,3.0590396436798883,-0.20412864367988837,0.20412864367988837,7.150087819646156
2.292359,2.088261910880817,0.20409708911918267,0.20409708911918267,8.90336501003025
1.15851,1.3621016512911552,-0.2035916512911553,0.2035916512911553,17.573577377284767
0.930134,0.7267241747207471,0.2034098252792529,0.2034098252792529,21.868873222286684
4.546143,4.342733715536674,0.2034092844633255,0.2034092844633255,4.4743265765914355
2.442415,2.2390316270816193,0.2033833729183807,0.2033833729183807,8.327142312426576
2.330282,2.1276125789608002,0.20266942103919972,0.20266942103919972,8.697205790136238
0.017712,0.2201896291113492,-0.2024776291113492,0.2024776291113492,1143.1663729007612
2.102956,2.3054169368561297,-0.20246093685612987,0.20246093685612987,9.62744521742264
0.016993,0.21919084945871958,-0.20219784945871958,0.20219784945871958,1189.8890617832665
0.818101,1.0196114015260278,-0.20151040152602784,0.20151040152602784,24.631482115459626
4.009056,4.210518862951712,-0.20146286295171212,0.20146286295171212,5.0251945332439085
2.22024,2.018910164116871,0.2013298358831288,0.2013298358831288,9.067931208971142
2.981753,2.780666285066715,0.20108671493328467,0.20108671493328467,6.743909201283298
2.275831,2.4767607342454205,-0.20092973424542038,0.20092973424542038,8.82885127395626
2.379917,2.179359430173438,0.2005575698265618,0.2005575698265618,8.427082533472165
25.625642,25.8258573713017,-0.2002153713017023,0.2002153713017023,0.7813087036060249
7.070707,7.270461447631622,-0.19975444763162198,0.19975444763162198,2.8250986447154
4.033053,4.232744233864246,-0.1996912338642458,0.1996912338642458,4.95136646751963
4.016734,4.216272715687106,-0.19953871568710646,0.19953871568710646,4.967685579431916
3.449153,3.2496463477522752,0.19950665224772468,0.19950665224772468,5.7842215825723144
4.556885,4.357387035552783,0.19949796444721724,0.19949796444721724,4.377945996943949
0.428844,0.6281500171203014,-0.19930601712030138,0.19930601712030138,46.47517910331641
2.42717,2.227907286263097,0.19926271373690296,0.19926271373690296,8.209672735271667
3.485158,3.2859161207203282,0.19924187927967196,0.19924187927967196,5.716867908828096
0.018359,0.21746473258982846,-0.19910573258982844,0.19910573258982844,1084.512944633779
2.636468,2.437516350824467,0.19895164917553299,0.19895164917553299,7.546143141808923
2.169047,2.3679424812700294,-0.19889548127002943,0.19889548127002943,9.169717450145603
2.519508,2.717919951153794,-0.19841195115379406,0.19841195115379406,7.875027630232531
3.953096,4.151500836425338,-0.19840483642533835,0.19840483642533835,5.018973392508539
2.662811,2.464532612580065,0.19827838741993498,0.19827838741993498,7.4462058107950115
4.471289,4.6693657216211975,-0.19807672162119783,0.19807672162119783,4.4299691121904194
2.502687,2.304742532733833,0.19794446726616677,0.19794446726616677,7.909277798552415
3.612337,3.414706451845028,0.19763054815497227,0.19763054815497227,5.470988674354062
1.29474,1.4920914523515698,-0.1973514523515698,0.1973514523515698,15.242554670152098
1.695098,1.8924298860485926,-0.19733188604859264,0.19733188604859264,11.64132610839912
2.258113,2.0609117883626737,0.19720121163732607,0.19720121163732607,8.73300900480149
0.781804,0.5846269411762819,0.19717705882371817,0.19717705882371817,25.220778967426284
2.275817,2.0786844724713873,0.19713252752861266,0.19713252752861266,8.662055319911513
3.2571,3.4539461661812663,-0.19684616618126638,0.19684616618126638,6.043602166811667
2.312031,2.1155858388602518,0.19644516113974841,0.19644516113974841,8.496649099049785
2.595672,2.3993807640104095,0.19629123598959053,0.19629123598959053,7.562251162012314
2.322512,2.126513436411951,0.195998563588049,0.195998563588049,8.43907646460427
0.515931,0.711515839641077,-0.19558483964107698,0.19558483964107698,37.90910792396034
1.999525,2.1948158220322895,-0.19529082203228953,0.19529082203228953,9.76686073054964
0.038504,0.23349735136819305,-0.19499335136819307,0.19499335136819307,506.4236205634985
0.445849,0.6407943117142878,-0.1949453117142878,0.1949453117142878,43.72451472820693
3.1591,3.3539399886422405,-0.1948399886422405,0.1948399886422405,6.167579014151907
6.191721,6.386436904738291,-0.19471590473829092,0.19471590473829092,3.144778402243029
2.332597,2.137943120836436,0.19465387916356391,0.19465387916356391,8.344942532088439
14.233448,14.038957341430818,0.19449065856918146,0.19449065856918146,1.3664338996974945
0.974197,1.1686123561413204,-0.19441535614132044,0.19441535614132044,19.956472471313706
0.538439,0.34405450815290806,0.19438449184709194,0.19438449184709194,36.101488155759604
2.261126,2.066924054107563,0.1942019458924369,0.1942019458924369,8.588727292678435
0.512443,0.7062186483865922,-0.19377564838659223,0.19377564838659223,37.81408826909103
0.837571,1.0313206699306612,-0.19374966993066123,0.19374966993066123,23.13232787519254
2.431042,2.237336967620706,0.19370503237929393,0.19370503237929393,7.96798378519688
18.496958,18.30330209135768,0.19365590864232018,0.19365590864232018,1.0469608496774077
1.199657,1.392968004180105,-0.19331100418010494,0.19331100418010494,16.113856224236685
4.204673,4.397873267660394,-0.19320026766039433,0.19320026766039433,4.594894006164081
2.148763,1.9556563379892324,0.19310666201076776,0.19310666201076776,8.986875797925638
0.563491,0.7563920241602133,-0.19290102416021337,0.19290102416021337,34.23320410192535
11.88015,12.072664703589817,-0.1925147035898167,0.1925147035898167,1.6204736774215496
0.016343,0.20858537480862083,-0.19224237480862083,0.19224237480862083,1176.29794794299
3.402777,3.5949134101396183,-0.19213641013961835,0.19213641013961835,5.6464590578216525
2.214055,2.0219188927991425,0.1921361072008576,0.1921361072008576,8.67801871191906
8.80369,8.99521596502544,-0.19152596502544128,0.19152596502544128,2.175519185969358
22.768167,22.576801842297083,0.19136515770291496,0.19136515770291496,0.8404943520577415
16.268972,16.077765830356423,0.1912061696435785,0.1912061696435785,1.17528120180183
1.678785,1.4879929357420885,0.1907920642579115,0.1907920642579115,11.364889741482479
0.041852,0.23262205199549868,-0.19077005199549868,0.19077005199549868,455.8206335173422
7.186309,6.995639902050854,0.19066909794914544,0.19066909794914544,2.653227100956725
2.43547,2.2451262408143933,0.19034375918560675,0.19034375918560675,7.815483630584293
3.984998,3.7947963291608247,0.19020167083917539,0.19020167083917539,4.772942692428012
9.337733,9.527919327184081,-0.19018632718408135,0.19018632718408135,2.036750538723313
3.953538,3.763439397179905,0.19009860282009505,0.19009860282009505,4.80831606564264
0.999968,0.8099384513203773,0.19002954867962263,0.19002954867962263,19.00356298007727
10.4042,10.593076420324298,-0.18887642032429852,0.18887642032429852,1.8153862894070005
6.071269,5.882433256656181,0.18883574334381859,0.18883574334381859,3.110317519133286
0.20865,0.01981960344571121,0.1888303965542888,0.1888303965542888,90.50102873893493
3.894613,4.083411695231172,-0.188798695231172,0.188798695231172,4.847688210005058
1.033331,1.222018054353402,-0.18868705435340205,0.18868705435340205,18.260078748739947
4.277723,4.089250191994786,0.18847280800521382,0.18847280800521382,4.405914267960032
0.017195,0.20562220819825328,-0.1884272081982533,0.1884272081982533,1095.8255719827143
0.898142,1.086565830743762,-0.188423830743762,0.188423830743762,20.979291773771042
1.415084,1.6034860247795173,-0.18840202477951729,0.18840202477951729,13.313840363271964
0.594723,0.7830697414033203,-0.1883467414033203,0.1883467414033203,31.669658205862333
0.491219,0.6795520037722405,-0.18833300377224044,0.18833300377224044,38.339926536616154
0.017765,0.2057050175276487,-0.1879400175276487,0.1879400175276487,1057.9229747803306
6.003898,6.191642168532788,-0.1877441685327872,0.1877441685327872,3.1270379431772515
0.019704,0.2072330203459174,-0.1875290203459174,0.1875290203459174,951.7307115011505
0.399358,0.586732710436717,-0.18737471043671705,0.18737471043671705,46.91898256446548
0.440895,0.6281945520943104,-0.18729955209431043,0.18729955209431043,42.48166843621016
7.965476,8.152360534732574,-0.18688453473257471,0.18688453473257471,2.346181630956248
5.734178,5.920524201893201,-0.18634620189320117,0.18634620189320117,3.2497456808970946
0.017193,0.20314555511814092,-0.1859525551181409,0.1859525551181409,1081.5596698457582
0.020034,0.2058632642692615,-0.1858292642692615,0.1858292642692615,927.5694486457623
2.084984,1.8998160705545466,0.18516792944545335,0.18516792944545335,8.881024000019776
0.080503,0.264934989219789,-0.18443198921978898,0.18443198921978898,229.09952298757744
2.346382,2.162057921461585,0.18432407853841504,0.18432407853841504,7.855672202163132
1.473576,1.28964563672643,0.18393036327357004,0.18393036327357004,12.48190546406077
1.749956,1.9334666983431532,-0.18351069834315314,0.18351069834315314,10.486589281825747
6.533721,6.717051747752308,-0.18333074775230784,0.18333074775230784,2.8059163798010647
4.117677,3.9343897764598648,0.18328722354013482,0.18328722354013482,4.4512287762173575
5.687273,5.870253366426425,-0.1829803664264249,0.1829803664264249,3.2173656236162307
5.888034,5.70507691178139,0.18295708821861023,0.18295708821861023,3.107269560867056
4.169639,3.986684742533459,0.18295425746654104,0.18295425746654104,4.387772117973601
36.060445,35.87752889719762,0.18291610280238046,0.18291610280238046,0.5072486010693246
1.48449,1.6670473428090702,-0.1825573428090701,0.1825573428090701,12.2976471917475
19.724402,19.906864263974413,-0.18246226397441134,0.18246226397441134,0.9250585339595404
11.816419,11.634728622103477,0.18169037789652265,0.18169037789652265,1.5376094728443959
0.318814,0.5003782400183674,-0.1815642400183674,0.1815642400183674,56.94989553828172
4.320808,4.50205240749715,-0.18124440749714932,0.18124440749714932,4.194687833686538
0.374392,0.1932590810426973,0.1811329189573027,0.1811329189573027,48.38055271184271
2.121293,2.3023772238945135,-0.1810842238945134,0.1810842238945134,8.536502212847395
0.512337,0.6933013108895167,-0.1809643108895167,0.1809643108895167,35.32134334514106
2.234734,2.0538995684203627,0.1808344315796373,0.1808344315796373,8.09198909452066
12.071958,11.891302992360716,0.18065500763928455,0.18065500763928455,1.4964847263201881
4.185688,4.005047883156394,0.18064011684360626,0.18064011684360626,4.315661292463523
0.7999,0.9800268858213208,-0.18012688582132075,0.18012688582132075,22.518675559295172
30.800044,30.98003221957519,-0.17998821957518985,0.17998821957518985,0.5843765014576131
2.252101,2.072120697026538,0.17998030297346235,0.17998030297346235,7.991662139729554
8.164603,8.344417443463472,-0.17981444346347253,0.17981444346347253,2.202366036184125
8.449039,8.269292990746552,0.1797460092534493,0.1797460092534493,2.1274136532133636
2.452683,2.272945092573856,0.17973790742614382,0.17973790742614382,7.328215974865712
0.07207,0.2514008816894773,-0.17933088168947728,0.17933088168947728,248.82875182551487
0.961838,1.1411418842999907,-0.17930388429999078,0.17930388429999078,18.641796672760798
0.165963,0.34522109468945317,-0.17925809468945317,0.17925809468945317,108.0108786786466
26.83371,26.65453355969322,0.17917644030677948,0.17917644030677948,0.6677289137659749
0.646242,0.8252516026380263,-0.17900960263802634,0.17900960263802634,27.70008798721319
0.156631,-0.022362436406471176,0.17899343640647117,0.17899343640647117,114.27714583460109
0.430095,0.6088490245414633,-0.17875402454146327,0.17875402454146327,41.5615211755314
0.073254,0.2519971590548735,-0.17874315905487353,0.17874315905487353,244.0046397614723
0.020652,0.19850904318489881,-0.1778570431848988,0.1778570431848988,861.2097730180565
15.824622,16.00216352656248,-0.17754152656248046,0.17754152656248046,1.1219321798736077
10.799818,10.622524181433999,0.17729381856600135,0.17729381856600135,1.6416370957766113
6.822432,6.999567837859281,-0.17713583785928133,0.17713583785928133,2.5963738129846505
5.940124,5.764046789364116,0.1760772106358841,0.1760772106358841,2.9642009263261158
0.662153,0.8378863603180982,-0.17573336031809816,0.17573336031809816,26.539691021796845
0.483357,0.6590379174245662,-0.1756809174245662,0.1756809174245662,36.34599631084689
17.047599,17.22325988032639,-0.1756608803263866,0.1756608803263866,1.0304141968928069
0.228514,0.404160330276504,-0.175646330276504,0.175646330276504,76.86458168849148
9.3275,9.503111943039267,-0.1756119430392662,0.1756119430392662,1.8827332408189057
0.070941,0.24594765052432166,-0.17500665052432166,0.17500665052432166,246.6932384342319
0.062081,0.23696632580758603,-0.17488532580758603,0.17488532580758603,281.7050716416955
3.391877,3.5666620943635206,-0.17478509436352052,0.17478509436352052,5.1530493104074075
10.172149,9.997410422662233,0.17473857733776654,0.17473857733776654,1.7178137809036098
9.417492,9.242779612153573,0.1747123878464265,0.1747123878464265,1.8551901912374478
1.664469,1.8391273438688316,-0.1746583438688316,0.1746583438688316,10.49333714586083
13.27973,13.453934982318223,-0.1742049823182228,0.1742049823182228,1.3118111762581843
2.458133,2.2840716388550852,0.17406136114491488,0.17406136114491488,7.081039192665077
9.912066,9.738225949309346,0.17384005069065367,0.17384005069065367,1.7538225702784855
0.50144,0.6750371567522286,-0.17359715675222864,0.17359715675222864,34.61972653111218
0.041559,0.21510805100049168,-0.17354905100049167,0.17354905100049167,417.59679150820494
2.532901,2.35939037480445,0.17351062519554983,0.17351062519554983,6.850272678983488
1.279103,1.4524233507483792,-0.17332035074837915,0.17332035074837915,13.550148090875322
3.609197,3.78196110360558,-0.17276410360558003,0.17276410360558003,4.786773999889539
12.564807,12.392072644254625,0.17273435574537466,0.17273435574537466,1.374747385646273
3.312875,3.4855726093605757,-0.17269760936057565,0.17269760936057565,5.212922593075885
2.234494,2.0619033556017143,0.17259064439828586,0.17259064439828586,7.723925165633111
11.130595,11.303163840655825,-0.1725688406558259,0.1725688406558259,1.5504008604596207
1.909345,2.081855294642473,-0.17251029464247303,0.17251029464247303,9.035051006153312
2.55783,2.7303344102401716,-0.1725044102401716,0.1725044102401716,6.7441702628176
2.562991,2.3910246269157067,0.17196637308429308,0.17196637308429308,6.709597227519859
0.387779,0.5594059934047131,-0.1716269934047131,0.1716269934047131,44.258970537459255
2.385347,2.2138303986096695,0.17151660139033043,0.17151660139033043,7.190425601941353
0.018293,0.18972544447578343,-0.17143244447578343,0.17143244447578343,937.1477807830079
2.206711,2.035338041617546,0.1713729583824537,0.1713729583824537,7.76599012624162
2.411481,2.2401596756663587,0.17132132433364156,0.17132132433364156,7.104402826584042
1.711861,1.8829873949212228,-0.17112639492122272,0.17112639492122272,9.996512270051493
3.337285,3.5082733184982207,-0.1709883184982206,0.1709883184982206,5.123575555971307
0.355361,0.5259883593420476,-0.1706273593420476,0.1706273593420476,48.01521812861636
0.040322,0.21091397163938197,-0.17059197163938197,0.17059197163938197,423.07418088464806
0.077332,0.24771497923899943,-0.17038297923899942,0.17038297923899942,220.32661643132573
0.754704,0.9250507582770489,-0.17034675827704882,0.17034675827704882,22.57133369565783
1.321314,1.4914917358246242,-0.17017773582462414,0.17017773582462414,12.879431824058832
0.018472,0.18826477097397998,-0.16979277097398,0.16979277097398,919.1899634841383
0.073853,0.24356324203873925,-0.16971024203873925,0.16971024203873925,229.79464857073458
0.027931,0.19732616110457712,-0.1693951611045771,0.1693951611045771,606.4772492860974
14.281375,14.1121114577172,0.16926354228280083,0.16926354228280083,1.1852048019298955
0.210109,0.37924349310969774,-0.16913449310969775,0.16913449310969775,80.49845224583397
0.603863,0.7727344524670876,-0.16887145246708757,0.16887145246708757,27.9651928399525
1.778037,1.9463204663870073,-0.1682834663870072,0.1682834663870072,9.464564931862645
0.080379,0.2485270795008141,-0.1681480795008141,0.1681480795008141,209.1940423389443
5.514786,5.346661224948525,0.16812477505147516,0.16812477505147516,3.0486182972181792
23.963006,23.7952985985953,0.16770740140470153,0.16770740140470153,0.6998596144573919
0.063315,0.23084562857989965,-0.16753062857989964,0.16753062857989964,264.5986390512533
6.082224,6.249749564536472,-0.16752556453647216,0.16752556453647216,2.754347168629728
9.480666,9.648137565021777,-0.16747156502177774,0.16747156502177774,1.7664535911296873
2.442457,2.6098395759174284,-0.16738257591742833,0.16738257591742833,6.853040848235007
1.450344,1.6174172740420794,-0.16707327404207928,0.16707327404207928,11.519561843987338
0.315966,0.4828401120278265,-0.16687411202782648,0.16687411202782648,52.81394579638712
1.287816,1.4542213727458417,-0.16640537274584166,0.16640537274584166,12.921517727138049
0.476058,0.642108750176952,-0.16605075017695203,0.16605075017695203,34.88036124633378
0.023579,0.18960148888984207,-0.16602248888984208,0.16602248888984208,704.1116594670275
0.019538,0.18541445895601427,-0.16587645895601427,0.16587645895601427,848.9940531631703
0.137303,-0.0284363230894904,0.1657393230894904,0.1657393230894904,120.71063485049835
0.066258,0.23171915907165186,-0.16546115907165188,0.16546115907165188,249.72253738707684
5.886401,6.051815496223716,-0.16541449622371562,0.16541449622371562,2.8101126005670616
0.241929,0.4072556980119941,-0.16532669801199412,0.16532669801199412,68.33686657806929
3.368299,3.5333026262469893,-0.1650036262469894,0.1650036262469894,4.898722656215813
0.017351,0.18191835226829056,-0.16456735226829056,0.16456735226829056,948.4603268966067
0.287124,0.45154648305479483,-0.16442248305479484,0.16442248305479484,57.26532195063092
0.026391,0.19079797220950923,-0.16440697220950923,0.16440697220950923,622.9660550435495
12.650968,12.815229145595687,-0.1642611455956864,0.1642611455956864,1.2984077233804399
2.451278,2.287205084611376,0.164072915388624,0.164072915388624,6.693362212769448
2.002769,2.1666454110208697,-0.16387641102086992,0.16387641102086992,8.182491890611821
0.03501,0.1987160615123713,-0.16370606151237133,0.16370606151237133,467.5980035554794
1.806432,1.6429063132414008,0.16352568675859924,0.16352568675859924,9.052413085549128
2.432885,2.595894556823234,-0.16300955682323393,0.16300955682323393,6.700257382347857
0.839349,1.0020731814775132,-0.16272418147751322,0.16272418147751322,19.386951251282394
0.042773,0.20543335838299726,-0.16266035838299725,0.16266035838299725,380.2874663986856
0.05707,0.2194479876417752,-0.1623779876417752,0.1623779876417752,284.5242462892079
43.258805,43.096630686106565,0.16217431389343773,0.16217431389343773,0.3748931897056861
1.762851,1.924804553111553,-0.16195355311155302,0.16195355311155302,9.187024490576118
0.648597,0.8103122973057033,-0.16171529730570333,0.16171529730570333,24.933093628365572
0.020094,0.1814293653101089,-0.1613353653101089,0.1613353653101089,802.9031776013024
1.059248,1.220114002306417,-0.160866002306417,0.160866002306417,15.186811992208643
0.08273,0.24345452253891509,-0.1607245225389151,0.1607245225389151,194.2759849445656
0.5778,0.7384732731190269,-0.1606732731190269,0.1606732731190269,27.80776619785724
0.01845,0.17886569566621802,-0.16041569566621802,0.16041569566621802,869.461760416023
1.156258,0.9958506624543837,0.1604073375456163,0.1604073375456163,13.872971043810582
22.275771,22.436051690403467,-0.16028069040346793,0.16028069040346793,0.7195292607503839
2.150463,1.9903026336728047,0.1601603663271951,0.1601603663271951,7.4477155068349195
11.581423,11.421284380718832,0.16013861928116668,0.16013861928116668,1.3827197165649159
4.717395,4.877493793101186,-0.16009879310118613,0.16009879310118613,3.3937966419558325
10.080441,9.920412754974047,0.1600282450259538,0.1600282450259538,1.5875123422116781
0.423606,0.5832184475952573,-0.15961244759525733,0.15961244759525733,37.67945863787998
1.524916,1.6844409070099253,-0.1595249070099254,0.1595249070099254,10.461225864209187
0.688377,0.8477757459939923,-0.15939874599399229,0.15939874599399229,23.155733845093103
2.553383,2.7125461437544445,-0.1591631437544443,0.1591631437544443,6.233422238191875
2.870969,2.711968784791967,0.15900021520803298,0.15900021520803298,5.538207316153353
0.060629,0.21959485564453374,-0.15896585564453375,0.15896585564453375,262.1944207925899
7.762839,7.921293429453113,-0.15845442945311383,0.15845442945311383,2.0411917527991066
19.519403,19.677818857611165,-0.15841585761116406,0.15841585761116406,0.811581469014972
7.815623,7.973958395952657,-0.15833539595265655,0.15833539595265655,2.02588323350078
2.940109,3.0983156800819334,-0.15820668008193328,0.15820668008193328,5.3809800955186455
0.723253,0.8814456339656793,-0.15819263396567929,0.15819263396567929,21.872378537497514
0.061676,0.21973548747130778,-0.15805948747130777,0.15805948747130777,256.273894570066
1.133611,0.975962367195752,0.1576486328042479,0.1576486328042479,13.906766323751372
0.465027,0.6222195996724338,-0.15719259967243376,0.15719259967243376,33.80289738845935
2.024402,2.1811995332278045,-0.15679753322780465,0.15679753322780465,7.745375336522059
4.790271,4.9470240838405175,-0.15675308384051778,0.15675308384051778,3.2723218339264206
0.194884,0.3516195328017453,-0.1567355328017453,0.1567355328017453,80.42503885455976
11.404827,11.248118260555252,0.15670873944474728,0.15670873944474728,1.3740562609443636
3.56942,3.4127287309104943,0.1566912690895057,0.1566912690895057,4.389824371609838
0.197677,0.3542930761458045,-0.15661607614580453,0.15661607614580453,79.2282744409194
2.998882,2.842272174785304,0.15660982521469613,0.15660982521469613,5.222273674305086
16.475844,16.632357332818014,-0.15651333281801527,0.15651333281801527,0.949956389591121
0.021865,0.1782556295087545,-0.15639062950875451,0.15639062950875451,715.2555627418201
0.167721,0.011464990826073773,0.15625600917392624,0.15625600917392624,93.16424841299657
7.088652,6.93240684962441,0.1562451503755895,0.1562451503755895,2.2041588495723214
6.57826,6.422144847238622,0.15611515276137844,0.15611515276137844,2.373198273692515
0.054677,0.21067194066267803,-0.15599494066267802,0.15599494066267802,285.302669088237
4.356043,4.5120321371649155,-0.1559891371649158,0.1559891371649158,3.5809824917094444
6.340618,6.184649604794991,0.15596839520500883,0.15596839520500883,2.4598295497780973
2.323228,2.4791145936985153,-0.15588659369851543,0.15588659369851543,6.709913693008414
0.195693,0.3513316676652316,-0.1556386676652316,0.1556386676652316,79.53205663242913
0.024985,0.18051219328087598,-0.15552719328087597,0.15552719328087597,622.4822599895685
0.021693,0.17703236818784163,-0.15533936818784164,0.15533936818784164,716.0806134318029
2.709267,2.5539772090947768,0.15528979090522332,0.15528979090522332,5.731800922518582
0.028068,0.18317529192507465,-0.15510729192507464,0.15510729192507464,552.6125529872527
2.122611,1.9678998037656683,0.15471119623433172,0.15471119623433172,7.288721118803351
0.176125,0.02173896652580254,0.15438603347419746,0.15438603347419746,87.65708070208113
25.362266,25.207988518798068,0.15427748120193385,0.15427748120193385,0.6082953360765382
0.073064,0.22722505996041775,-0.15416105996041773,0.15416105996041773,210.99455237794697
1.046557,1.2007149276702407,-0.15415792767024072,0.15415792767024072,14.730007792744276
38.400922,38.554640548782935,-0.15371854878293334,0.15371854878293334,0.40029910943943753
5.168634,5.322301902961335,-0.15366790296133548,0.15366790296133548,2.9730854024170097
1.710516,1.5570383510291776,0.15347764897082228,0.15347764897082228,8.972593589411014
5.811474,5.9648253078591225,-0.15335130785912288,0.15335130785912288,2.6387678557364986
8.996136,9.149438896341426,-0.15330289634142602,0.15330289634142602,1.7040971405914933
3.138105,3.2911796888662828,-0.15307468886628284,0.15307468886628284,4.8779339397950325
0.180812,0.027850175502088348,0.15296182449791165,0.15296182449791165,84.59716413363853
1.057144,1.2100576254108901,-0.15291362541089004,0.15291362541089004,14.464786764757237
1.807645,1.6547348086911775,0.15291019130882244,0.15291019130882244,8.459083022405581
0.018923,0.17180778867866664,-0.15288478867866664,0.15288478867866664,807.9310250527698
21.17384,21.32661202910014,-0.15277202910014154,0.15277202910014154,0.7215130987077453
1.386065,1.2335076992785226,0.15255730072147755,0.15255730072147755,11.006504075239693
0.353182,0.5055429907399294,-0.15236099073992937,0.15236099073992937,43.13951183718022
0.585069,0.7372710846054851,-0.15220208460548512,0.15220208460548512,26.014381992460844
2.23379,2.3858305427050546,-0.15204054270505463,0.15204054270505463,6.8063937388137745
0.496576,0.6485333424895359,-0.15195734248953585,0.15195734248953585,30.60102430623607
3.110115,2.958206435711837,0.15190856428816302,0.15190856428816302,4.884339141262579
1.050356,1.2022632324660876,-0.1519072324660875,0.1519072324660875,14.462452011663194
13.125402,13.277145506603965,-0.15174350660396563,0.15174350660396563,1.1561055928253439
10.744931,10.896483173156145,-0.151552173156146,0.151552173156146,1.4104527349197082
0.158677,0.007378546707645484,0.15129845329235453,0.15129845329235453,95.34995821511912
2.038471,2.189520841603418,-0.15104984160341806,0.15104984160341806,7.4099578358489335
0.137079,0.2881149961591589,-0.15103599615915891,0.15103599615915891,110.18171714775946
2.243486,2.3944899586227173,-0.15100395862271743,0.15100395862271743,6.730773386416794
4.451396,4.602043741365025,-0.15064774136502468,0.15064774136502468,3.3842808269954054
13.759448,13.910073542800717,-0.15062554280071616,0.15062554280071616,1.0947062905402996
0.044985,0.19558889266003732,-0.15060389266003732,0.15060389266003732,334.78691191563945
10.40726,10.55784251804779,-0.15058251804778955,0.15058251804778955,1.4468987807198306
2.892717,3.043228440218723,-0.15051144021872265,0.15051144021872265,5.203116662069588
9.871642,10.02212471717758,-0.15048271717757977,0.15048271717757977,1.524393988113177
1.607933,1.758404282172723,-0.150471282172723,0.150471282172723,9.358056720234297
6.400505,6.250203351132926,0.15030164886707365,0.15030164886707365,2.3482779697027873
1.872375,1.7222587304231673,0.15011626957683255,0.15011626957683255,8.01742543928514
7.377241,7.227152953477503,0.1500880465224963,0.1500880465224963,2.034473951989122
2.545453,2.6954609584600995,-0.1500079584600993,0.1500079584600993,5.89317337441336
4.81902,4.669033947240678,0.14998605275932242,0.14998605275932242,3.1123766399851016
0.112484,0.2623561537328776,-0.14987215373287757,0.14987215373287757,133.23864158425994
6.220221,6.070510202964728,0.14971079703527135,0.14971079703527135,2.40684048095501
1.412495,1.2628507604011077,0.1496442395988924,0.1496442395988924,10.594319950746591
0.051503,0.2011105969281175,-0.1496075969281175,0.1496075969281175,290.4832662905738
0.075487,0.22499202633019877,-0.14950502633019877,0.14950502633019877,198.05400417574518
0.022701,0.17179923662119023,-0.14909823662119023,0.14909823662119023,656.7914892048753
0.103928,0.25280778210688837,-0.14887978210688835,0.14887978210688835,143.25281152686046
0.050444,0.1993041181599331,-0.1488601181599331,0.1488601181599331,295.0997499501097
0.198646,0.34747081995196893,-0.14882481995196895,0.14882481995196895,74.91961573706459
28.115291,27.96649909878918,0.14879190121082075,0.14879190121082075,0.5292205626123221
2.565561,2.7141915681857167,-0.14863056818571652,0.14863056818571652,5.793296989622278
0.89633,1.0446901477932116,-0.1483601477932116,0.1483601477932116,16.551956062684464
0.918245,1.0661468554200262,-0.1479018554200262,0.1479018554200262,16.107014511804497
0.736828,0.8844410682800472,-0.14761306828004717,0.14761306828004717,20.033585621069445
14.627262,14.479753088442404,0.14750891155759582,0.14750891155759582,1.008451968362824
0.182409,0.03491553992982688,0.1474934600701731,0.1474934600701731,80.85865280184336
0.111149,0.25861792119301796,-0.14746892119301797,0.14746892119301797,132.67678617022304
1.674233,1.8216757093521778,-0.14744270935217774,0.14744270935217774,8.806582437651816
7.355312,7.502547106739062,-0.14723510673906226,0.14723510673906226,2.0017520227158347
0.323232,0.47025160736735927,-0.14701960736735925,0.14701960736735925,45.48423649944158
14.840941,14.693931853173144,0.14700914682685706,0.14700914682685706,0.9905648626045106
0.856589,1.0035421147507648,-0.14695311475076478,0.14695311475076478,17.1556154390973
0.690994,0.837577203945493,-0.14658320394549296,0.14658320394549296,21.21338302854722
3.185526,3.0389798432395665,0.14654615676043337,0.14654615676043337,4.600375471926237
1.48567,1.6320877267018084,-0.1464177267018083,0.1464177267018083,9.855333061309238
6.523705,6.669917350941384,-0.14621235094138463,0.14621235094138463,2.24124712780764
3.530014,3.383833986648556,0.14618001335144415,0.14618001335144415,4.141060441893519
6.599648,6.453534978371771,0.1461130216282296,0.1461130216282296,2.213951738426286
0.055597,0.20159504606012746,-0.14599804606012745,0.14599804606012745,262.60058240107713
18.985333,18.839640892774987,0.14569210722501325,0.14569210722501325,0.7673929513074428
7.202246,7.3475524527939005,-0.14530645279390075,0.14530645279390075,2.017515824811916
0.75799,0.9032166141921003,-0.14522661419210026,0.14522661419210026,19.15943669084563
0.527048,0.6721868585421511,-0.14513885854215114,0.14513885854215114,27.538072151798904
0.682504,0.8274186773286587,-0.1449146773286587,0.1449146773286587,21.232795310712596
0.019612,0.16452249049735812,-0.14491049049735813,0.14491049049735813,738.8868537552073
3.941823,3.7970293300919327,0.1447936699080672,0.1447936699080672,3.6732666561739054
0.521121,0.376359844701021,0.14476115529897893,0.14476115529897893,27.7787990257925
13.185678,13.32976468168727,-0.1440866816872699,0.1440866816872699,1.09275140562493
0.696755,0.8408043256205069,-0.14404932562050687,0.14404932562050687,20.674315304494773
0.087196,0.23124388352351488,-0.14404788352351489,0.14404788352351489,165.20010477351573
1.913598,2.0575502990815693,-0.14395229908156937,0.14395229908156937,7.522598741953471
8.279364,8.423262626018118,-0.1438986260181192,0.1438986260181192,1.7380396129024063
9.832543,9.976402988074035,-0.14385998807403588,0.14385998807403588,1.4631005231563472
0.024466,0.16816465909219858,-0.1436986590921986,0.1436986590921986,587.340221143049
3.42157,3.2779191831583745,0.1436508168416255,0.1436508168416255,4.198388951195712
0.363643,0.5072213100810821,-0.14357831008108207,0.14357831008108207,39.48331469094655
1.487442,1.6309466358567875,-0.14350463585678752,0.14350463585678752,9.647746658164808
0.019755,0.16317571564682964,-0.14342071564682965,0.14342071564682965,725.9970383236274
0.122457,0.26587428359077947,-0.1434172835907795,0.1434172835907795,117.11644370976184
1.540596,1.3974701320302927,0.1431258679697074,0.1431258679697074,9.290292066214445
33.394323,33.25127799591686,0.1430450040831417,0.1430450040831417,0.4283512622271556
2.066336,1.9234269263576351,0.14290907364236505,0.14290907364236505,6.916061745788148
2.349861,2.492711731015735,-0.14285073101573476,0.14285073101573476,6.079114084180112
0.057824,0.200465906978895,-0.142641906978895,0.142641906978895,246.68287688885604
6.758551,6.901027002199028,-0.1424760021990279,0.1424760021990279,2.1080850347496054
0.040686,0.1831590233206839,-0.1424730233206839,0.1424730233206839,350.177021507415
0.52595,0.668218461289495,-0.142268461289495,0.142268461289495,27.04980725590744
0.83948,0.9817451943800961,-0.1422651943800961,0.1422651943800961,16.946823553050613
0.108442,0.2507017670033278,-0.14225976700332782,0.14225976700332782,131.18511911634118
2.523839,2.6660827185592346,-0.14224371855923446,0.14224371855923446,5.63600604292106
0.215226,0.3572597713720036,-0.1420337713720036,0.1420337713720036,65.99284998374301
0.072301,0.2142542924939974,-0.1419532924939974,0.1419532924939974,196.3365545395788
0.056135,0.19785871453457915,-0.14172371453457916,0.14172371453457916,252.46942955751268
0.034974,0.17655168960599,-0.14157768960599,0.14157768960599,404.80839824207004
1.821414,1.6798375033366,0.1415764966634001,0.1415764966634001,7.7728894504833725
3.007598,3.149133660762258,-0.141535660762258,0.141535660762258,4.705936789343259
2.067735,2.209241274305519,-0.14150627430551932,0.14150627430551932,6.84354011992232
0.074273,0.21550796534332406,-0.14123496534332405,0.14123496534332405,190.15653757511816
10.307176,10.448227846532276,-0.14105184653227631,0.14105184653227631,1.3684819831436645
0.73568,0.8767159445609245,-0.1410359445609245,0.1410359445609245,19.170827607350162
10.078609,10.219620663714158,-0.14101166371415808,0.14101166371415808,1.3991183080200746
0.285066,0.4260189892495525,-0.14095298924955252,0.14095298924955252,49.445738600922866
2.117861,2.2587752330988025,-0.14091423309880247,0.14091423309880247,6.653611029814933
0.019392,0.16010653968324462,-0.14071453968324463,0.14071453968324463,725.6319046906597
0.067177,0.20783633256870715,-0.14065933256870716,0.14065933256870716,209.3861475792623
0.263827,0.40433795398767813,-0.14051095398767816,0.14051095398767816,53.25874680545184
3.318827,3.4592417113312344,-0.14041471133123418,0.14041471133123418,4.230853591555189
3.540722,3.681066277056951,-0.14034427705695096,0.14034427705695096,3.9637191808051364
3.672598,3.5324054523491206,0.14019254765087918,0.14019254765087918,3.8172581820025484
1.11109,0.9709077800396564,0.14018221996034352,0.14018221996034352,12.616639511446138
0.705962,0.8461012052205668,-0.14013920522056678,0.14013920522056678,19.850814236561735
2.857334,2.9974385729749304,-0.14010457297493062,0.14010457297493062,4.903332021038747
2.770601,2.9106162591134517,-0.14001525911345158,0.14001525911345158,5.053606026576832
0.357502,0.49744221571747715,-0.13994021571747717,0.13994021571747717,39.14389728682169
10.062241,10.202136465099994,-0.1398954650999933,0.1398954650999933,1.3903012768090428
0.579942,0.719559061580398,-0.139617061580398,0.139617061580398,24.07431459634303
2.357263,2.4967548017593497,-0.1394918017593496,0.1394918017593496,5.917532398948784
15.049423,14.91058468491056,0.13883831508944056,0.13883831508944056,0.9225490910084592
2.620924,2.7597173065438874,-0.13879330654388733,0.13879330654388733,5.295586844127939
2.862923,2.724200318328471,0.138722681671529,0.138722681671529,4.84549118738728
22.087638,22.226245668438665,-0.13860766843866656,0.13860766843866656,0.62753504217173
2.375992,2.2373897902635704,0.13860220973642967,0.13860220973642967,5.833445976695049
11.169428,11.030873198662608,0.13855480133739206,0.13855480133739206,1.2404825147371161
0.021892,0.16041369532047867,-0.13852169532047867,0.13852169532047867,632.7502954856951
1.409718,1.5481634758519043,-0.13844547585190425,0.13844547585190425,9.820792232353098
0.092968,0.23137991772980726,-0.13841191772980727,0.13841191772980727,148.8812468601304
1.240657,1.3785997587353336,-0.13794275873533368,0.13794275873533368,11.11852500120623
0.025562,0.1634652829757144,-0.1379032829757144,0.1379032829757144,539.4854957993462
1.397435,1.5352338199411406,-0.13779881994114063,0.13779881994114063,9.860839318557199
0.021337,0.15909442405645535,-0.13775742405645536,0.13775742405645536,645.6269551053495
0.15605,0.29373516891914164,-0.13768516891914165,0.13768516891914165,88.23144430048715
4.258128,4.12064006618545,0.13748793381455027,0.13748793381455027,3.2288351550569034
9.176547,9.039183966283051,0.13736303371694802,0.13736303371694802,1.4968923900836681
1.165819,1.0285331787883756,0.13728582121162436,0.13728582121162436,11.775912144153462
4.366362,4.50357579231002,-0.1372137923100203,0.1372137923100203,3.142519843908448
0.613352,0.7504950819865179,-0.13714308198651792,0.13714308198651792,22.35960459314689
0.887755,1.0248546918046095,-0.13709969180460957,0.13709969180460957,15.443415332965307
0.028471,0.16556559397916004,-0.13709459397916005,0.13709459397916005,481.5236328110583
0.086678,0.2236772221237011,-0.1369992221237011,0.1369992221237011,158.05535656757857
0.088687,0.22557299602619452,-0.1368859960261945,0.1368859960261945,154.34730667611623
0.904815,1.041607088095624,-0.13679208809562404,0.13679208809562404,15.11823832280696
0.056143,0.19286308379102834,-0.13672008379102835,0.13672008379102835,243.52115766436987
5.897265,6.0338180461981,-0.13655304619809971,0.13655304619809971,2.315531796447746
0.07545,0.21189405657563043,-0.1364440565756304,0.1364440565756304,180.84036632841625
1.495597,1.3591898214899985,0.13640717851000161,0.13640717851000161,9.120583853864444
1.135511,1.271833668949693,-0.13632266894969303,0.13632266894969303,12.005402760315631
8.411719,8.275463479980933,0.13625552001906627,0.13625552001906627,1.619829668792389
9.761792,9.89799696780145,-0.13620496780145075,0.13620496780145075,1.3952865191150914
1.746031,1.8821573756533923,-0.13612637565339214,0.13612637565339214,7.796332118135119
2.118446,2.2543457013305392,-0.1358997013305392,0.1358997013305392,6.415065634154664
0.04771,0.18360046740118463,-0.13589046740118463,0.13589046740118463,284.82596335434636
0.641019,0.5051588436583572,0.13586015634164283,0.13586015634164283,21.19440396001498
0.170264,0.3059626740101642,-0.1356986740101642,0.1356986740101642,79.69898154070457
0.026383,0.1619839449114373,-0.13560094491143732,0.13560094491143732,513.9709070138589
2.518371,2.653936800487042,-0.1355658004870417,0.1355658004870417,5.38307503071067
14.09307,13.957529361749959,0.13554063825004192,0.13554063825004192,0.9617538141021095
1.287643,1.4231331960506672,-0.13549019605066714,0.13549019605066714,10.522341677013333
0.022461,0.1577848186226838,-0.13532381862268378,0.13532381862268378,602.483495927164
0.149893,0.28496370611430777,-0.13507070611430777,0.13507070611430777,90.11141682680068
1.095634,1.230678299582241,-0.13504429958224096,0.13504429958224096,12.325676235852052
0.162189,0.29714406552977124,-0.13495506552977124,0.13495506552977124,83.20851934876146
8.935874,8.801048191493745,0.13482580850625503,0.13482580850625503,1.5088150135593477
4.172191,4.037390754631488,0.13480024536851154,0.13480024536851154,3.2309222028732774
2.65192,2.5171238593672633,0.1347961406327367,0.1347961406327367,5.082964064815445
3.76247,3.6277913343169956,0.13467866568300435,0.13467866568300435,3.579527961137891
17.079364,16.944780055314553,0.1345839446854491,0.1345839446854491,0.7879915474877233
1.55249,1.6870629076915833,-0.13457290769158337,0.13457290769158337,8.66819803560185
1.816373,1.950761924466768,-0.13438892446676798,0.13438892446676798,7.398751493188306
1.582709,1.7169767793492312,-0.1342677793492313,0.1342677793492313,8.483415418800796
0.059441,0.19369310950100882,-0.13425210950100883,0.13425210950100883,225.85775689364422
15.122436,15.256575960853704,-0.1341399608537035,0.1341399608537035,0.8870261434918055
4.169329,4.303412641376347,-0.1340836413763471,0.1340836413763471,3.2159525279279024
0.100688,0.23476990456325808,-0.13408190456325808,0.13408190456325808,133.16572424727113
0.483918,0.6179622833088168,-0.13404428330881674,0.13404428330881674,27.699792791571493
0.462562,0.596559069794278,-0.133997069794278,0.133997069794278,28.968456069739744
0.058197,0.1921538697930565,-0.1339568697930565,0.1339568697930565,230.17830740910733
0.401885,0.5357447236444131,-0.13385972364441306,0.13385972364441306,33.307967107780854
0.794278,0.6604529822550873,0.13382501774491273,0.13382501774491273,16.848637092814368
0.789844,0.9236685070008726,-0.13382450700087256,0.13382450700087256,16.943156747905842
0.224123,0.3579302164555571,-0.13380721645555713,0.13380721645555713,59.70258134856956
6.025901,5.892115959326727,0.13378504067327324,0.13378504067327324,2.220166588715166
0.023373,0.15712478643245475,-0.13375178643245475,0.13375178643245475,572.2491159038447
0.02467,0.1583688992081136,-0.1336988992081136,0.1336988992081136,541.9493257647517
1.816254,1.6825749093825237,0.1336790906174763,0.1336790906174763,7.360153954794655
0.096984,0.2304827913556977,-0.1334987913556977,0.1334987913556977,137.6503250206708
0.596103,0.729567753220909,-0.133464753220909,0.133464753220909,22.389545631966197
10.773745,10.640296234792373,0.1334487652076266,0.1334487652076266,1.238647890834505
0.249329,0.3827546516342295,-0.1334256516342295,0.1334256516342295,53.51389191819468
1.597751,1.7311588651963383,-0.1334078651963384,0.1334078651963384,8.349728160895452
0.565218,0.6985518489750042,-0.13333384897500422,0.13333384897500422,23.589809410070878
0.022838,0.15600369800220548,-0.13316569800220548,0.13316569800220548,583.0882626285893
1.590898,1.7240446724924503,-0.13314667249245038,0.13314667249245038,8.36927775910719
0.021045,0.15416992904837556,-0.13312492904837556,0.13312492904837556,632.572717585188
4.064573,3.931543240327791,0.1330297596722092,0.1330297596722092,3.272908609808122
8.792661,8.659843872374958,0.13281712762504227,0.13281712762504227,1.510545301627479
0.655912,0.5231778829718259,0.13273411702817417,0.13273411702817417,20.23657396235129
8.136617,8.269308188471506,-0.1326911884715063,0.1326911884715063,1.6307906402608787
0.196002,0.32846910118037087,-0.13246710118037086,0.13246710118037086,67.58456603136003
0.209916,0.3420482274860497,-0.1321322274860497,0.1321322274860497,62.9452864112809
0.088099,0.22021990551472115,-0.13212090551472117,0.13212090551472117,149.9686776975363
1.638036,1.7701559655624841,-0.13211996556248407,0.13211996556248407,8.065754693695274
30.480475,30.348434411839662,0.13204058816033637,0.13204058816033637,0.4331972784541684
1.442282,1.5743208725845506,-0.1320388725845505,0.1320388725845505,9.154858243768945
2.323471,2.455491359548418,-0.13202035954841795,0.13202035954841795,5.682031733675003
0.027931,0.15993515778369982,-0.1320041577836998,0.1320041577836998,472.60806025953866
0.562779,0.6947701451015185,-0.13199114510151844,0.13199114510151844,23.453459542389634
0.054416,0.18635163978055047,-0.13193563978055048,0.13193563978055048,242.45743813968878
0.170875,0.3027112137320245,-0.13183621373202448,0.13183621373202448,77.15359979802246
2.017619,2.1493065538106286,-0.1316875538106288,0.1316875538106288,6.526879148347728
0.15329,0.28496358363298313,-0.13167358363298312,0.13167358363298312,85.89835184753393
0.099956,0.23128706717554692,-0.13133106717554693,0.13133106717554693,131.3888781505443
0.777057,0.9083285828602676,-0.13127158286026763,0.13127158286026763,16.89343032021772
0.650828,0.7820570021047288,-0.13122900210472888,0.13122900210472888,20.163392184196976
0.745751,0.87673472788806,-0.1309837278880599,0.1309837278880599,17.564002980954214
0.023216,0.15405554934668686,-0.13083954934668685,0.13083954934668685,563.5748999961747
1.753583,1.8840752041533335,-0.13049220415333362,0.13049220415333362,7.441461518838411
0.180697,0.05025090077830896,0.13044609922169104,0.13044609922169104,72.19051735751037
0.829407,0.9597550576029299,-0.1303480576029299,0.1303480576029299,15.715813537529112
0.025684,0.15601736344897432,-0.13033336344897434,0.13033336344897434,507.449629892247
3.537613,3.407295570724836,0.1303174292751641,0.1303174292751641,3.6837672541196658
13.708734,13.838924126651342,-0.13019012665134255,0.13019012665134255,0.949687452177516
3.658214,3.5281070898051574,0.13010691019484266,0.13010691019484266,3.556569139784772
0.023229,0.15332658488034667,-0.13009758488034667,0.13009758488034667,560.0653679464518
0.027247,0.1572449482229885,-0.12999794822298852,0.12999794822298852,477.1092147608151
0.188187,0.058199711968608625,0.12998728803139137,0.12998728803139137,69.07346839171564
0.765976,0.8958512134461714,-0.12987521344617137,0.12987521344617137,16.9555199417757
2.52993,2.6597844279541754,-0.12985442795417557,0.12985442795417557,5.132728097182248
3.226827,3.3564630758668983,-0.12963607586689818,0.12963607586689818,4.0174473519305725
0.13944,0.2689293076048713,-0.12948930760487132,0.12948930760487132,92.86381777969555
0.435678,0.3064369434842007,0.1292410565157993,0.1292410565157993,29.664352224839206
1.135667,1.2648605217199709,-0.1291935217199709,0.1291935217199709,11.376003855760086
1.82544,1.954630132697119,-0.129190132697119,0.129190132697119,7.077205095212211
0.038976,0.16808231433157417,-0.12910631433157416,0.12910631433157416,331.2456742619265
2.068236,1.9392463838199667,0.12898961618003346,0.12898961618003346,6.236697174490569
0.27528,0.40422026777267206,-0.12894026777267203,0.12894026777267203,46.83967877282488
0.067863,0.19678323537105413,-0.12892023537105413,0.12892023537105413,189.9713174794554
7.343299,7.214756690628743,0.128542309371257,0.128542309371257,1.7504708628847405
0.140448,0.26895089412795414,-0.12850289412795415,0.12850289412795415,91.49499746273294
3.257219,3.1287209338513424,0.12849806614865766,0.12849806614865766,3.94502384226276
0.955543,0.8274481202715727,0.12809487972842737,0.12809487972842737,13.40545425114536
0.424218,0.29637983780143884,0.12783816219856114,0.12783816219856114,30.135015998478643
0.036971,0.16472521576061894,-0.12775421576061893,0.12775421576061893,345.5525017312662
0.049527,0.1771462956360743,-0.12761929563607433,0.12761929563607433,257.67620768146287
3.550508,3.6780992487872926,-0.12759124878729233,0.12759124878729233,3.5936054441702066
0.608321,0.7358043520334583,-0.12748335203345829,0.12748335203345829,20.95659232748856
0.257292,0.38476557944688494,-0.12747357944688492,0.12747357944688492,49.54432294721195
0.911873,0.7844029820926757,0.12747001790732437,0.12747001790732437,13.978922272437657
2.65057,2.7779649915984983,-0.1273949915984982,0.1273949915984982,4.806324360182598
0.065401,0.1927450464797964,-0.1273440464797964,0.1273440464797964,194.71268984432
0.12324,0.2504014137417485,-0.1271614137417485,0.1271614137417485,103.18193252074535
0.038928,0.16587721728586402,-0.12694921728586403,0.12694921728586403,326.1128672414487
0.38533,0.5122294556162537,-0.12689945561625365,0.12689945561625365,32.932669551636515
1.608266,1.4814170083625875,0.12684899163741248,0.12684899163741248,7.887314140168676
1.937846,2.064478356978313,-0.126632356978313,0.126632356978313,6.534696615302677
0.3551,0.4815010293312447,-0.1264010293312447,0.1264010293312447,35.59589673208921
0.025861,0.1522218994807112,-0.1263608994807112,0.1263608994807112,488.615672217221
0.34545,0.471779369403702,-0.12632936940370204,0.12632936940370204,36.56950915244826
0.493727,0.6197239282614255,-0.1259969282614255,0.1259969282614255,25.519553971305182
0.937355,1.0633184297951601,-0.12596342979516006,0.12596342979516006,13.438177614854766
1.153699,1.2794224627837885,-0.12572346278378843,0.12572346278378843,10.897423225025852
3.280124,3.4057501979049594,-0.12562619790495955,0.12562619790495955,3.8299222194383393
3.563855,3.689287747369198,-0.12543274736919763,0.12543274736919763,3.5195805487506657
0.740889,0.8662235746184557,-0.12533457461845565,0.12533457461845565,16.916781677355026
6.082124,6.207379529806683,-0.12525552980668309,0.12525552980668309,2.059404408799026
1.072675,1.1978199449529825,-0.12514494495298245,0.12514494495298245,11.66662269012663
1.170462,1.2955846103210185,-0.12512261032101857,0.12512261032101857,10.690019010470103
0.124118,0.24916831219984203,-0.12505031219984203,0.12505031219984203,100.75114979220652
6.704942,6.829990353403671,-0.12504835340367126,0.12504835340367126,1.8650176750493328
6.299161,6.174176110045737,0.12498488995426271,0.12498488995426271,1.9841513806724191
0.295448,0.17046332931450436,0.12498467068549562,0.12498467068549562,42.30344109392929
0.231301,0.3562529078530474,-0.12495190785304741,0.12495190785304741,54.02134353030297
0.375927,0.5006387684909548,-0.12471176849095478,0.12471176849095478,33.17446431295978
3.329336,3.4538243867000737,-0.12448838670007367,0.12448838670007367,3.7391355722683004
0.999515,1.1238961738822972,-0.12438117388229719,0.12438117388229719,12.444152801093834
0.519668,0.643924704157584,-0.12425670415758394,0.12425670415758394,23.91078614301307
30.711787,30.835846867483703,-0.12405986748370168,0.12405986748370168,0.40394871025674195
0.543389,0.6671902148892741,-0.12380121488927409,0.12380121488927409,22.78316544252661
3.435044,3.3112552638526527,0.12378873614734731,0.12378873614734731,3.6037016161581517
0.188549,0.3122934075917314,-0.12374440759173141,0.12374440759173141,65.62984026757054
0.194139,0.31788152741902564,-0.12374252741902564,0.12374252741902564,63.7391391504471
0.021642,0.14536191447754376,-0.12371991447754377,0.12371991447754377,571.6658067917842
0.392174,0.515703328840825,-0.12352932884082501,0.12352932884082501,31.498602357455212
25.4018,25.52521544946449,-0.12341544946448835,0.12341544946448835,0.4858531657756635
2.679614,2.5562081082214796,0.12340589177852035,0.12340589177852035,4.605360763673984
1.794214,1.9175526349382395,-0.12333863493823949,0.12333863493823949,6.8742432581266915
1.228773,1.3519377211254806,-0.12316472112548071,0.12316472112548071,10.023390904215615
15.563603,15.440445194421194,0.12315780557880629,0.12315780557880629,0.791319372371648
0.036967,0.15991914177344313,-0.12295214177344313,0.12295214177344313,332.5997279758796
12.513303,12.636168702239937,-0.12286570223993643,0.12286570223993643,0.9818806612367217
0.06467,0.18751677588533155,-0.12284677588533155,0.12284677588533155,189.95944904186192
2.754603,2.6319413748158347,0.12266162518416523,0.12266162518416523,4.452969272875702
1.745232,1.8677244561680943,-0.12249245616809445,0.12249245616809445,7.018691850772606
0.438703,0.5610475916479167,-0.12234459164791672,0.12234459164791672,27.887794617321727
4.138141,4.260325200844811,-0.12218420084481085,0.12218420084481085,2.9526350320556554
2.402732,2.2806847700027006,0.12204722999729922,0.12204722999729922,5.079519063808187
3.06778,2.9457827562415755,0.12199724375842447,0.12199724375842447,3.976727267093721
1.379615,1.2576721778884803,0.12194282211151974,0.12194282211151974,8.838902309896662
0.831102,0.7091642652578152,0.12193773474218483,0.12193773474218483,14.671813414901303
0.819229,0.9411663840246192,-0.12193738402461918,0.12193738402461918,14.884407657655524
0.028412,0.15029540107256878,-0.12188340107256879,0.12188340107256879,428.98564213565794
0.732194,0.610416570836815,0.12177742916318501,0.12177742916318501,16.631852916925453
0.069323,0.19072767263500623,-0.12140467263500623,0.12140467263500623,175.12899392680242
0.831726,0.7103605140391203,0.1213654859608797,0.1213654859608797,14.592003369653913
3.463122,3.341852315110355,0.12126968488964485,0.12126968488964485,3.5017445208728746
34.469164,34.348023875674464,0.12114012432553523,0.12114012432553523,0.35144491559233576
0.339494,0.4605919193921366,-0.1210979193921366,0.1210979193921366,35.67012063732097
0.252592,0.37365171259180485,-0.12105971259180487,0.12105971259180487,47.926978108522
0.049054,0.16988432603975667,-0.12083032603975667,0.12083032603975667,246.32104577289442
2.84246,2.9631826548030915,-0.12072265480309152,0.12072265480309152,4.247118861790295
7.083633,6.9629458769196155,0.12068712308038432,0.12068712308038432,1.7037461296862864
2.746406,2.8669186969979155,-0.12051269699791556,0.12051269699791556,4.388014626880642
8.456003,8.335617949670645,0.12038505032935554,0.12038505032935554,1.423663760856422
8.653017,8.532858235227904,0.1201587647720963,0.1201587647720963,1.3886343314789242
18.71529,18.595245807195994,0.12004419280400569,0.12004419280400569,0.6414230973891629
1.151698,1.2716626460327909,-0.11996464603279078,0.11996464603279078,10.416328414425868
5.766543,5.646666644206583,0.11987635579341749,0.11987635579341749,2.078825316855153
0.121979,0.24160199964209284,-0.11962299964209283,0.11962299964209283,98.0685196173311
1.548205,1.6677947221252296,-0.11958972212522956,0.11958972212522956,7.724411309710609
0.21889,0.3383211422469934,-0.11943114224699339,0.11943114224699339,54.56217378246207
2.455454,2.574849135125765,-0.11939513512576516,0.11939513512576516,4.862446420128527
13.252006,13.132750944272042,0.11925505572795814,0.11925505572795814,0.8999019146766025
0.422439,0.5416617666688488,-0.11922276666884879,0.11922276666884879,28.22248103054555
2.076629,2.1958154969082635,-0.11918649690826344,0.11918649690826344,5.739421769729884
2.595509,2.7144494963151686,-0.11894049631516879,0.11894049631516879,4.58254994725837
26.909508,26.790567773717797,0.11894022628220213,0.11894022628220213,0.4420007466571301
9.921238,9.802311526270687,0.11892647372931364,0.11892647372931364,1.198705985363066
3.871202,3.75237967151231,0.1188223284876897,0.1188223284876897,3.0693910698697797
0.652384,0.7710708960332582,-0.11868689603325822,0.11868689603325822,18.192796882674227
0.171843,0.2904876534319989,-0.1186446534319989,0.1186446534319989,69.04247095485788
0.563868,0.44531699685271775,0.11855100314728229,0.11855100314728229,21.02460205691007
0.486858,0.6053900493627928,-0.11853204936279282,0.11853204936279282,24.346328773163115
0.07585,0.19429744177809383,-0.11844744177809383,0.11844744177809383,156.16010760966873
0.404158,0.5223023626343668,-0.11814436263436678,0.11814436263436678,29.232221706643085
0.028976,0.1470792746615821,-0.1181032746615821,0.1181032746615821,407.58998569157967
2.165939,2.047883986225422,0.11805501377457794,0.11805501377457794,5.450523480537884
0.964205,1.0822116018293855,-0.1180066018293855,0.1180066018293855,12.238746098303446
1.641829,1.7597812031330236,-0.11795220313302357,0.11795220313302357,7.184195377584351
0.661063,0.7787313912301279,-0.11766839123012796,0.11766839123012796,17.79987553566424
1.10821,1.225859213145629,-0.11764921314562904,0.11764921314562904,10.61614794443408
0.081536,0.19918177343530985,-0.11764577343530985,0.11764577343530985,144.28690798055212
0.329977,0.4473747350509356,-0.11739773505093559,0.11739773505093559,35.577550864259635
0.333113,0.4504836729205586,-0.11737067292055858,0.11737067292055858,35.23449186471981
8.115244,7.997962032354042,0.11728196764595822,0.11728196764595822,1.4452056850602766
7.640382,7.523187247040321,0.11719475295967907,0.11719475295967907,1.5338860407522188
0.056605,0.1737660210894134,-0.11716102108941341,0.11716102108941341,206.9799856592764
53.43549,53.55239484981566,-0.1169048498156613,0.1169048498156613,0.2187775387021669
9.586244,9.70312587196431,-0.11688187196430988,0.11688187196430988,1.2192666070578906
6.856345,6.739478391454849,0.11686660854515107,0.11686660854515107,1.7045030339553593
0.023623,0.14046336576651441,-0.11684036576651441,0.11684036576651441,494.60426394577377
2.27512,2.1583559397559355,0.11676406024406427,0.11676406024406427,5.132215454082952
0.63866,0.7553065593842909,-0.11664655938429092,0.11664655938429092,18.264265707266254
8.488907,8.60548656550767,-0.11657956550767068,0.11657956550767068,1.3733165589668654
0.347926,0.46438588706179473,-0.11645988706179472,0.11645988706179472,33.47260251557001
4.208683,4.325132448833642,-0.1164494488336425,0.1164494488336425,2.7668857177144397
0.619007,0.7354306903150309,-0.11642369031503097,0.11642369031503097,18.808137920285688
0.847407,0.7310521976074043,0.11635480239259577,0.11635480239259577,13.730686951944588
0.136619,0.2528724358755454,-0.11625343587554543,0.11625343587554543,85.09316843956717
1.232775,1.34902139163529,-0.11624639163529005,0.11624639163529005,9.42965193371543
0.027879,0.14405868956024293,-0.11617968956024292,0.11617968956024292,416.7283229079759
0.387506,0.5035545554648557,-0.11604855546485571,0.11604855546485571,29.947550601773433
0.035642,0.15167225749293323,-0.11603025749293322,0.11603025749293322,325.54362035629197
0.050169,0.1661969694646892,-0.11602796946468921,0.11602796946468921,231.27423156414318
0.451107,0.33534355519143233,0.11576344480856765,0.11576344480856765,25.662081231926255
0.445549,0.5612715214815545,-0.11572252148155449,0.11572252148155449,25.973017884807614
0.460981,0.576629472752753,-0.11564847275275303,0.11564847275275303,25.087470574202747
2.636136,2.520550714227447,0.115585285772553,0.115585285772553,4.384648051851967
0.109734,0.22531134083065396,-0.11557734083065396,0.11557734083065396,105.32500476181399
0.02431,0.1397016229415442,-0.1153916229415442,0.1153916229415442,474.66730755605465
0.319662,0.43498918667690134,-0.11532718667690134,0.11532718667690134,36.077853057549376
11.67081,11.786100397861158,-0.11529039786115902,0.11529039786115902,0.9878525814418294
0.468798,0.5840560155710897,-0.11525801557108967,0.11525801557108967,24.58585905795328
1.133626,1.0187637121674058,0.11486228783259422,0.11486228783259422,10.132291233833904
0.026964,0.14168997596651067,-0.11472597596651067,0.11472597596651067,425.47832495561624
3.632438,3.517858716838141,0.11457928316185884,0.11457928316185884,3.1543355498071683
0.188035,0.07348930150605781,0.1145456984939422,0.1145456984939422,60.91722202410453
0.128514,0.24291097116555704,-0.11439697116555705,0.11439697116555705,89.01518206307631
1.367898,1.4822306341006737,-0.11433263410067362,0.11433263410067362,8.358271895442156
2.299429,2.185140864700074,0.1142881352999261,0.1142881352999261,4.970283287501194
0.120768,0.23505268401624235,-0.11428468401624235,0.11428468401624235,94.63159439720023
6.807756,6.922012136269512,-0.11425613626951137,0.11425613626951137,1.678323022561811
0.336808,0.4508852964233512,-0.11407729642335118,0.11407729642335118,33.87012671595718
0.02934,0.143354968294382,-0.11401496829438199,0.11401496829438199,388.59907261684697
0.221033,0.33493351470513133,-0.11390051470513132,0.11390051470513132,51.530999739224605
1.250404,1.3642465356662612,-0.11384253566626112,0.11384253566626112,9.104460291006479
0.326771,0.21298723625021054,0.11378376374978943,0.11378376374978943,34.8206431155056
15.640239,15.526754188710852,0.11348481128914756,0.11348481128914756,0.7255951222255745
1.283887,1.3973251513579292,-0.11343815135792923,0.11343815135792923,8.835524571017052
0.102652,0.21594708260537132,-0.11329508260537133,0.11329508260537133,110.36811995382772
0.133899,0.24710995920532142,-0.11321095920532143,0.11321095920532143,84.54951801041972
0.021033,0.13422228653539747,-0.11318928653539748,0.11318928653539748,538.1509342330934
1.167747,1.2808787544970848,-0.11313175449708468,0.11313175449708468,9.688036405779387
0.340444,0.45328580707708,-0.11284180707707997,0.11284180707707997,33.14548267672054
0.24506,0.35785882620463383,-0.11279882620463383,0.11279882620463383,46.02906478356515
2.051042,2.163831226529922,-0.11278922652992218,0.11278922652992218,5.499118327387888
1.16764,1.0550396538461548,0.11260034615384518,0.11260034615384518,9.643412879329397
0.086557,0.19899222125633997,-0.11243522125633998,0.11243522125633998,129.89731752075818
0.088963,0.2013329849262142,-0.11236998492621421,0.11236998492621421,126.31092116936624
2.512944,2.4006003557957385,0.11234364420426157,0.11234364420426157,4.470598795667192
1.166819,1.2791505778961074,-0.11233157789610737,0.11233157789610737,9.627163929150981
0.062694,0.1750148532342628,-0.1123208532342628,0.1123208532342628,179.1572607507984
0.176979,0.28928837944970454,-0.11230937944970454,0.11230937944970454,63.45915582427597
0.701784,0.5894751064204797,0.11230889357952023,0.11230889357952023,16.003341991769105
0.420634,0.5328962513797855,-0.11226225137978546,0.11226225137978546,26.68882005570083
0.188154,0.30035828134058207,-0.11220428134058208,0.11220428134058208,59.63427898474005
0.472648,0.5847409017323173,-0.11209290173231728,0.11209290173231728,23.715936957016922
0.028522,0.14058175687645047,-0.11205975687645048,0.11205975687645048,392.88884539499907
0.844611,0.9566577460166137,-0.11204674601661369,0.11204674601661369,13.266077046515806
0.185146,0.0731475255097358,0.1119984744902642,0.1119984744902642,60.491976294260866
10.727156,10.615172038552828,0.11198396144717293,0.11198396144717293,1.0439296440373291
0.708713,0.8206262345821429,-0.11191323458214286,0.11191323458214286,15.791051464605815
4.015077,3.9033557783668993,0.1117212216331005,0.1117212216331005,2.782542442655968
3.015631,3.1273485137835664,-0.11171751378356642,0.11171751378356642,3.704614847766912
0.226085,0.1143892631709349,0.11169573682906511,0.11169573682906511,49.404311112926905
0.129171,0.24083637768975663,-0.11166537768975662,0.11166537768975662,86.44771473729311
2.996009,2.884822324855115,0.1111866751448849,0.1111866751448849,3.7111595840057134
0.959685,1.0707837609285633,-0.1110987609285633,0.1110987609285633,11.576586162854136
0.407079,0.2959848908520115,0.1110941091479885,0.1110941091479885,27.290552723352945
5.072053,5.183049459973411,-0.11099645997341057,0.11099645997341057,2.1883931412235276
0.163413,0.05265948488007055,0.11075351511992945,0.11075351511992945,67.77521681393416
0.866301,0.7555616251551385,0.11073937484486152,0.11073937484486152,12.783013621371614
8.194783,8.305487358006037,-0.1107043580060374,0.1107043580060374,1.3509126233688737
5.521737,5.632402468420651,-0.11066546842065073,0.11066546842065073,2.0041785477766605
0.956036,1.0666725651681794,-0.11063656516817943,0.11063656516817943,11.57242668232232
0.033285,0.14351126779407863,-0.11022626779407863,0.11022626779407863,331.1589829139842
0.197976,0.08779689181762151,0.1101791081823785,0.1101791081823785,55.65275999450727
1.578863,1.688949146266303,-0.1100861462663032,0.1100861462663032,6.972495160082332
0.200651,0.3106480812937207,-0.10999708129372068,0.10999708129372068,54.820101190076585
0.052979,0.16294375388010707,-0.10996475388010707,0.10996475388010707,207.56290921411153
0.33666,0.44660785135403813,-0.10994785135403812,0.10994785135403812,32.658424321683505
1.170169,1.279819376853986,-0.10965037685398604,0.10965037685398604,9.370473567887679
0.028311,0.13790048778705355,-0.10958948778705355,0.10958948778705355,387.09154533560104
0.029524,0.13905473361843335,-0.10953073361843335,0.10953073361843335,370.98879978134585
0.758959,0.8683437982675883,-0.10938479826758829,0.10938479826758829,14.412477914245144
0.568066,0.6774333579893543,-0.10936735798935437,0.10936735798935437,19.252579448532707
1.158438,1.0490843966897536,0.10935360331024646,0.10935360331024646,9.439745873392164
2.464538,2.573757873370541,-0.10921987337054073,0.10921987337054073,4.431657104337976
2.911476,2.8024970866408516,0.10897891335914833,0.10897891335914833,3.743081287821203
2.084696,2.1935926387991316,-0.10889663879913147,0.10889663879913147,5.223621995432804
29.478661,29.58733090713637,-0.10866990713637037,0.10866990713637037,0.36863922393219195
0.110372,0.2189905863108237,-0.10861858631082369,0.10861858631082369,98.41135995760912
6.106237,5.997751740146166,0.10848525985383439,0.10848525985383439,1.7766303510993393
0.071126,0.17959903905063257,-0.10847303905063257,0.10847303905063257,152.50827952946082
11.124132,11.232596498410741,-0.10846449841074168,0.10846449841074168,0.9750378583224889
0.398896,0.5073600994277356,-0.10846409942773566,0.10846409942773566,27.191072209434186
15.016854,14.908411406440024,0.10844259355997643,0.10844259355997643,0.7221392280916781
0.160583,0.2689404785412819,-0.10835747854128189,0.10835747854128189,67.47755271342814
0.038157,0.1464652542075484,-0.10830825420754842,0.10830825420754842,283.8489763967278
0.770325,0.8786247396646978,-0.10829973966469775,0.10829973966469775,14.058967273636295
2.75512,2.6470568611961127,0.10806313880388707,0.10806313880388707,3.922266137226865
1.87373,1.981471770126035,-0.10774177012603503,0.10774177012603503,5.750122489381336
0.028697,0.13642527005030658,-0.10772827005030658,0.10772827005030658,375.399064971626
0.851548,0.9591752573056134,-0.1076272573056134,0.1076272573056134,12.639012397771399
0.031695,0.1392439031416579,-0.10754890314165791,0.10754890314165791,339.3245079739183
0.499826,0.6073118366981731,-0.10748583669817313,0.10748583669817313,21.504650953865642
0.458298,0.5657676247516719,-0.10746962475167188,0.10746962475167188,23.449725883207467
1.179216,1.2865976252589135,-0.10738162525891348,0.10738162525891348,9.106187946042734
0.119611,0.22690496558375273,-0.10729396558375273,0.10729396558375273,89.70242326713289
0.033488,0.1407429532248372,-0.10725495322483722,0.10725495322483722,320.2787652429481
0.061181,0.1684272508621696,-0.10724625086216959,0.10724625086216959,175.29339286196074
4.53855,4.645790439771645,-0.10724043977164488,0.10724043977164488,2.3628788879550076
0.172057,0.27916737939109026,-0.10711037939109028,0.10711037939109028,62.25284605034229
0.214903,0.3219970159090231,-0.10709401590902307,0.10709401590902307,49.83365325713899
0.960802,1.0678934085211402,-0.10709140852114019,0.10709140852114019,11.1460434626483
0.442913,0.5499817386986088,-0.10706873869860878,0.10706873869860878,24.17376294541705
0.043865,0.15080833466900145,-0.10694333466900145,0.10694333466900145,243.80105876028813
0.025753,0.13269178282891758,-0.10693878282891758,0.10693878282891758,415.247863991262
0.455127,0.3484269711661163,0.10670002883388369,0.10670002883388369,23.444012069255322
0.466833,0.3603191233217231,0.10651387667827689,0.10651387667827689,22.81626977001639
0.082586,0.18908215425301833,-0.10649615425301832,0.10649615425301832,128.95182491471496
0.221639,0.3280952756626121,-0.1064562756626121,0.1064562756626121,48.031382389642935
0.829977,0.9364300554538829,-0.10645305545388295,0.10645305545388295,12.82602475021078
5.79889,5.905259952223041,-0.1063699522230408,0.1063699522230408,1.8343157435510329
0.333372,0.43972572917039443,-0.10635372917039443,0.10635372917039443,31.90241806105252
2.162909,2.2689665332440256,-0.10605753324402567,0.10605753324402567,4.903467193447445
0.475151,0.5811419726625893,-0.10599097266258928,0.10599097266258928,22.30679776329682
4.550088,4.444098229366702,0.10598977063329773,0.10598977063329773,2.329400456232239
0.03256,0.1385156794053657,-0.10595567940536568,0.10595567940536568,325.4167047909981
0.887622,0.9934351616425374,-0.1058131616425374,0.1058131616425374,11.920971047429697
1.374711,1.480482200175178,-0.10577120017517805,0.10577120017517805,7.694068074488674
9.195805,9.301411091377311,-0.10560609137731092,0.10560609137731092,1.1484159502747449
1.977829,2.083386185577673,-0.10555718557767313,0.10555718557767313,5.3370228453691455
2.73931,2.8448057165508054,-0.10549571655080525,0.10549571655080525,3.8511784554122777
0.405361,0.2999207252845473,0.10544027471545275,0.10544027471545275,26.01145021090862
1.953078,1.847643131747951,0.10543486825204917,0.10543486825204917,5.398395161209679
9.944389,9.839047167136837,0.10534183286316257,0.10534183286316257,1.059309253309613
0.293966,0.39928965138409467,-0.10532365138409466,0.10532365138409466,35.82851464055916
0.188487,0.29378609398151667,-0.10529909398151668,0.10529909398151668,55.86544107851006
1.02797,0.9227481786024327,0.1052218213975673,0.1052218213975673,10.235884450648502
1.47013,1.5753346386565106,-0.10520463865651064,0.10520463865651064,7.156145283026297
3.151154,3.0459497408640797,0.10520425913592035,0.10520425913592035,3.338594658737141
1.187395,1.0822383629338432,0.10515663706615674,0.10515663706615674,8.856078816004839
1.605406,1.7105380831035184,-0.10513208310351829,0.10513208310351829,6.548629013281977
1.434938,1.5400615091747554,-0.10512350917475533,0.10512350917475533,7.3259966052491
0.354041,0.4591442475754768,-0.10510324757547679,0.10510324757547679,29.686744627257873
0.686304,0.581237697394549,0.10506630260545102,0.10506630260545102,15.309003384818102
0.771912,0.8769183750211091,-0.1050063750211091,0.1050063750211091,13.603412695683664
0.029971,0.13491891568737557,-0.10494791568737558,0.10494791568737558,350.16487717196856
3.333454,3.228804620118412,0.10464937988158818,0.10464937988158818,3.1393677512408695
0.352591,0.4572401181052079,-0.10464911810520794,0.10464911810520794,29.680030992148954
0.132387,0.23700638038806687,-0.10461938038806687,0.10461938038806687,79.0254181370085
33.223187,33.32758693186507,-0.10439993186506769,0.10439993186506769,0.3142381610311901
1.08866,1.1929579012749478,-0.10429790127494787,0.10429790127494787,9.58039252524824
26.396366,26.500600305783582,-0.1042343057835815,0.1042343057835815,0.3948812718507791
0.277692,0.38191330732015416,-0.10422130732015417,0.10422130732015417,37.53126027491714
0.139208,0.24329112129354513,-0.10408312129354513,0.10408312129354513,74.7680601824443
0.641646,0.7456211862011273,-0.10397518620112722,0.10397518620112722,16.204447029190984
13.797137,13.693290214454134,0.10384678554586557,0.10384678554586557,0.75266909029832
0.616629,0.7204661661359744,-0.10383716613597438,0.10383716613597438,16.839487944799043
1.101882,0.9981448910768442,0.1037371089231558,0.1037371089231558,9.414538844789302
0.404294,0.5079179515860837,-0.10362395158608367,0.10362395158608367,25.630840813975187
1.922231,2.0257716816733975,-0.10354068167339747,0.10354068167339747,5.386484853694014
0.992678,1.0958981598120694,-0.10322015981206945,0.10322015981206945,10.398151243572567
6.355275,6.252172002470957,0.10310299752904317,0.10310299752904317,1.6223215758156944
0.115853,0.21895054709722928,-0.10309754709722928,0.10309754709722928,88.98996746587426
5.195229,5.092231448162556,0.10299755183744441,0.10299755183744441,1.9825411321707256
0.549529,0.652254476152919,-0.10272547615291894,0.10272547615291894,18.69336761740064
0.427755,0.5304801183262526,-0.10272511832625264,0.10272511832625264,24.01494273643504
0.364619,0.2619224359874295,0.10269656401257055,0.10269656401257055,28.16544502190097
2.403284,2.5059340029278356,-0.10265000292783544,0.10265000292783544,4.271238976482355
2.704073,2.8066228973108096,-0.10254989731080943,0.10254989731080943,3.792423403769684
0.628042,0.5258374497386953,0.1022045502613047,0.1022045502613047,16.273521555092046
0.123518,0.225693517668887,-0.10217551766888701,0.10217551766888701,82.72115609560214
0.029111,0.13123381821207758,-0.10212281821207758,0.10212281821207758,350.8049117559433
8.150762,8.252840574767607,-0.10207857476760651,0.10207857476760651,1.2523807561348759
0.159541,0.26139297167999587,-0.10185197167999588,0.10185197167999588,63.84062505321846
0.171169,0.06948350296531558,0.10168549703468441,0.10168549703468441,59.40649123105114
0.553431,0.6550119302232318,-0.10158093022323178,0.10158093022323178,18.354759708956855
2.281747,2.383324143056562,-0.10157714305656196,0.10157714305656196,4.451726815116235
5.522954,5.4215015587808075,0.10145244121919283,0.10145244121919283,1.8369235234868135
35.548927,35.65034006151413,-0.10141306151412977,0.10141306151412977,0.28527741924206174
0.334112,0.43548901064177414,-0.10137701064177412,0.10137701064177412,30.342223748752485
0.910794,1.0120803304760493,-0.10128633047604929,0.10128633047604929,11.120662901262923
0.034074,0.13525341057505713,-0.10117941057505714,0.10117941057505714,296.9402191645152
0.21289,0.31391656726125916,-0.10102656726125916,0.10102656726125916,47.45482043017725
0.824099,0.9250864006771025,-0.10098740067710243,0.10098740067710243,12.25428020964085
3.030601,3.131579104971051,-0.10097810497105097,0.10097810497105097,3.3319498333076187
0.158018,0.25892409757053514,-0.10090609757053515,0.10090609757053515,63.857343787845565
1.702854,1.8037376419904732,-0.10088364199047306,0.10088364199047306,5.9243858830263
0.155189,0.054415208183385744,0.10077379181661425,0.10077379181661425,64.93616928498675
0.746848,0.847614600291795,-0.10076660029179507,0.10076660029179507,13.49225013366881
7.401735,7.502472943708277,-0.10073794370827649,0.10073794370827649,1.3610044632361937
0.056284,0.15692376797989027,-0.10063976797989027,0.10063976797989027,178.80706382112714
0.260566,0.3611475699323847,-0.1005815699323847,0.1005815699323847,38.60118737432494
3.04603,3.1463630165330034,-0.10033301653300342,0.10033301653300342,3.29389456209261
0.222649,0.32291140443231825,-0.10026240443231824,0.10026240443231824,45.031598788805084
0.35323,0.4534200029562818,-0.10019000295628183,0.10019000295628183,28.36395632531718
0.18449,0.08432510618277433,0.10016489381722565,0.10016489381722565,54.29285802099453
0.434961,0.33482304812185504,0.10013795187814495,0.10013795187814495,23.022282884010902
3.355748,3.255686670373418,0.10006132962658221,0.10006132962658221,2.981789145776155
1.139884,1.0398451153721169,0.10003888462788302,0.10003888462788302,8.776233776340996
0.38922,0.28918647076378434,0.10003352923621567,0.10003352923621567,25.70102492433961
20.149482,20.04957407297999,0.09990792702000917,0.09990792702000917,0.4958337242590819
1.272119,1.3719998974493066,-0.09988089744930662,0.09988089744930662,7.8515372729638555
1.611794,1.7116651624912151,-0.09987116249121519,0.09987116249121519,6.196273375196763
0.786336,0.885960829413424,-0.09962482941342399,0.09962482941342399,12.669498713114303
0.40184,0.5014131619421107,-0.09957316194211074,0.09957316194211074,24.779305673235974
3.850806,3.9503729300932307,-0.0995669300932307,0.0995669300932307,2.585612728624737
6.355563,6.455093546236,-0.0995305462360001,0.0995305462360001,1.5660382287837296
0.196103,0.09663553555060744,0.09946746444939256,0.09946746444939256,50.72205137028526
0.26019,0.16082253958699155,0.09936746041300842,0.09936746041300842,38.1903456607933
1.905453,2.004733868307852,-0.0992808683078521,0.0992808683078521,5.210355138785461
0.223136,0.32233421031807197,-0.09919821031807197,0.09919821031807197,44.456389947662224
1.424013,1.324969977757199,0.09904302224280093,0.09904302224280093,6.955204919888071
4.342225,4.441132026960798,-0.09890702696079767,0.09890702696079767,2.2777959907310166
6.079771,5.980868168897876,0.09890283110212383,0.09890283110212383,1.626752571774448
0.267348,0.3661678189141533,-0.09881981891415331,0.09881981891415331,36.96299163531813
0.507823,0.6066421152747132,-0.09881911527471321,0.09881911527471321,19.459361875152137
0.059327,0.15810121956288725,-0.09877421956288726,0.09877421956288726,166.49117500698853
0.238699,0.3373719789965506,-0.09867297899655059,0.09867297899655059,41.33782670024288
11.5732,11.671859027989314,-0.09865902798931359,0.09865902798931359,0.8524783809876362
0.278874,0.3774654157997084,-0.09859141579970837,0.09859141579970837,35.35339105271735
0.626543,0.7250986012142988,-0.09855560121429885,0.09855560121429885,15.730061815161736
2.199901,2.298389580545873,-0.09848858054587284,0.09848858054587284,4.476955123953117
8.45739,8.555749841473123,-0.0983598414731226,0.0983598414731226,1.1630046795992568
4.653457,4.751762810046666,-0.09830581004666517,0.09830581004666517,2.1125328985430105
0.053989,0.15226997010872267,-0.09828097010872267,0.09828097010872267,182.0388781542236
4.608895,4.707162560517048,-0.09826756051704777,0.09826756051704777,2.1321284280704083
0.050947,0.1492103774571163,-0.0982633774571163,0.0982633774571163,192.87372615510742
0.032469,0.13067273340173813,-0.09820373340173813,0.09820373340173813,302.45382703281376
0.486025,0.5842058005133453,-0.09818080051334527,0.09818080051334527,20.200771666713543
0.062292,0.16045866474058457,-0.09816666474058457,0.09816666474058457,157.59112660212136
0.896403,0.9944841679197047,-0.09808116791970478,0.09808116791970478,10.941637623787868
8.982348,9.080420489428453,-0.09807248942845348,0.09807248942845348,1.0918357808822554
0.195716,0.29368272257716654,-0.09796672257716654,0.09796672257716654,50.055551169608506
0.20472,0.10679822220139101,0.097921777798609,0.097921777798609,47.83205243785509
3.393776,3.296000025880039,0.09777597411996108,0.09777597411996108,2.8810379387761613
0.055778,0.15352012159961959,-0.09774212159961959,0.09774212159961959,175.23418090355588
3.222305,3.124611794253159,0.09769320574684093,0.09769320574684093,3.031780223902118
2.870268,2.772627666284322,0.09764033371567793,0.09764033371567793,3.40178456200871
10.060323,10.157889513278175,-0.09756651327817423,0.09756651327817423,0.9698149182407405
0.099893,0.19745344471464676,-0.09756044471464677,0.09756044471464677,97.6649461093188
0.933877,1.0314135169397431,-0.09753651693974319,0.09753651693974319,10.44425731967903
0.402909,0.5004454959694833,-0.09753649596948327,0.09753649596948327,24.208070791487703
0.621964,0.719465330429653,-0.09750133042965303,0.09750133042965303,15.676362364055906
1.270512,1.367970331332998,-0.09745833133299797,0.09745833133299797,7.670791879598711
0.136693,0.2341278018024724,-0.09743480180247238,0.09743480180247238,71.28002292084624
1.186174,1.0887417846813925,0.09743221531860757,0.09743221531860757,8.213990132172311
0.030986,0.12841098915948024,-0.09742498915948024,0.09742498915948024,314.41615195592874
3.318144,3.4155402193768296,-0.09739621937682941,0.09739621937682941,2.9352619830210545
0.151446,0.05409793062926482,0.09734806937073517,0.09734806937073517,64.27906270648027
1.491782,1.5889901056619316,-0.09720810566193161,0.09720810566193161,6.516240687675234
1.854458,1.7572500969732694,0.09720790302673055,0.09720790302673055,5.241849803095498
0.031148,0.12833059211095943,-0.09718259211095943,0.09718259211095943,312.0026704730858
0.54735,0.45053167666759464,0.09681832333240536,0.09681832333240536,17.68855820128196
0.166485,0.2632081796287835,-0.09672317962878352,0.09672317962878352,58.09723372717439
0.903756,1.0003550376089727,-0.0965990376089727,0.0965990376089727,10.688619228894092
0.05917,0.15574938672797956,-0.09657938672797955,0.09657938672797955,163.22357033083654
9.981593,10.078095689089434,-0.0965026890894336,0.0965026890894336,0.9668064915937447
0.125264,0.22167153710816123,-0.09640753710816125,0.09640753710816125,76.9634827493915
1.523413,1.6197787544506035,-0.09636575445060358,0.09636575445060358,6.325648687800219
0.84655,0.9428619126008968,-0.09631191260089678,0.09631191260089678,11.376990442327067
2.015562,2.1117815122381316,-0.09621951223813152,0.09621951223813152,4.773830437037297
0.182349,0.27846645871254694,-0.09611745871254693,0.09611745871254693,52.71071333532742
2.291609,2.387709594341576,-0.09610059434157625,0.09610059434157625,4.1935860060500145
0.368921,0.4650027526811549,-0.09608175268115487,0.09608175268115487,26.043991167515777
0.60977,0.7057654164172185,-0.09599541641721843,0.09599541641721843,15.742889351964761
0.178618,0.27461011990369144,-0.09599211990369144,0.09599211990369144,53.741571314173186
0.224709,0.3206414000569957,-0.09593240005699571,0.09593240005699571,42.691837004438575
1.64143,1.5455208845216077,0.0959091154783922,0.0959091154783922,5.843021966976916
2.338396,2.4339270230720995,-0.0955310230720996,0.0955310230720996,4.08532271984789
0.121196,0.025706491248627117,0.09548950875137288,0.09548950875137288,78.78932363492488
0.042541,0.13794033663869243,-0.09539933663869243,0.09539933663869243,224.2526889693231
0.716885,0.8122624351642607,-0.09537743516426067,0.09537743516426067,13.304426114503197
0.430687,0.5257747798279659,-0.09508777982796596,0.09508777982796596,22.07816344721057
0.596545,0.5014836705775139,0.09506132942248613,0.09506132942248613,15.93531576101565
0.038237,0.13327452820281493,-0.09503752820281494,0.09503752820281494,248.54859940441548
0.039044,0.13386956955118734,-0.09482556955118734,0.09482556955118734,242.86847994139654
1.715509,1.8102579456654482,-0.09474894566544823,0.09474894566544823,5.523080651860477
7.549471,7.644210344522019,-0.09473934452201949,0.09473934452201949,1.2549136823065428
8.054279,8.148960369477964,-0.09468136947796424,0.09468136947796424,1.1755412182367746
0.268052,0.17337756068640076,0.09467443931359926,0.09467443931359926,35.319430289003556
17.025487,17.120128977449625,-0.09464197744962632,0.09464197744962632,0.5558841133241619
12.851601,12.946202359962566,-0.09460135996256547,0.09460135996256547,0.7361056413269393
0.568193,0.6627270775087055,-0.09453407750870557,0.09453407750870557,16.637670209254235
0.029283,0.12381094920506897,-0.09452794920506896,0.09452794920506896,322.80828085326186
4.064034,4.158441593300086,-0.09440759330008586,0.09440759330008586,2.3230020540616256
2.743451,2.8378492749373727,-0.09439827493737285,0.09439827493737285,3.44085879186222
1.611832,1.7061685275287317,-0.09433652752873178,0.09433652752873178,5.852751870100546
1.736369,1.8306887390021664,-0.09431973900216639,0.09431973900216639,5.432010073707511
6.582145,6.487899096524661,0.0942459034753389,0.0942459034753389,1.4318418004147138
0.98572,1.0799232488346462,-0.09420324883464615,0.09420324883464615,9.556795928366
3.388823,3.482939150778172,-0.09411615077817226,0.09411615077817226,2.777251888794281
0.125051,0.21907800801192323,-0.09402700801192324,0.09402700801192324,75.19092845057801
3.159729,3.253699992925263,-0.09397099292526301,0.09397099292526301,2.974020649311665
3.839303,3.9331339395811575,-0.0938309395811574,0.0938309395811574,2.4439576553013254
0.879406,0.7856725327906986,0.09373346720930142,0.09373346720930142,10.658725002859054
0.206202,0.11250832717723824,0.09369367282276175,0.09369367282276175,45.437809903552804
2.919383,3.013060244484322,-0.09367724448432213,0.09367724448432213,3.208802835431779
0.030142,0.12381418218209461,-0.09367218218209461,0.09367218218209461,310.7696299891347
0.035484,0.1290553069921465,-0.09357130699214651,0.09357130699214651,263.69999641654414
2.32245,2.4160107613150075,-0.09356076131500757,0.09356076131500757,4.0285371616602745
0.473805,0.5673489387311541,-0.09354393873115413,0.09354393873115413,19.74313034083874
0.285016,0.3784373161943009,-0.09342131619430089,0.09342131619430089,32.777569035255326
0.609215,0.7024734581196341,-0.09325845811963418,0.09325845811963418,15.307971422950226
3.362833,3.4560675618506043,-0.09323456185060408,0.09323456185060408,2.7725005032313996
13.787922,13.881131547855134,-0.09320954785513358,0.09320954785513358,0.6760231734300322
1.113532,1.2067321272600573,-0.09320012726005733,0.09320012726005733,8.369775386040775
0.468786,0.37560908102044266,0.09317691897955732,0.09317691897955732,19.876216217993097
1.223206,1.1301095216028152,0.09309647839718482,0.09309647839718482,7.6108585462770755
0.41335,0.32044013806415705,0.09290986193584294,0.09290986193584294,22.47728605621523
0.765815,0.8586298511036112,-0.0928148511036112,0.0928148511036112,12.119748384595686
0.048388,0.14113520040064031,-0.09274720040064031,0.09274720040064031,191.673969184439
2.546631,2.639261576801662,-0.09263057680166176,0.09263057680166176,3.637377256383998
0.077346,0.16968468118479407,-0.09233868118479407,0.09233868118479407,119.38391263337493
2.247989,2.340325015639241,-0.09233601563924099,0.09233601563924099,4.107494104069614
0.337797,0.430047520807765,-0.09225052080776497,0.09225052080776497,27.30945531797367
0.237137,0.32937748910727294,-0.09224048910727295,0.09224048910727295,38.89755249850314
4.578081,4.670245878874741,-0.09216487887474134,0.09216487887474134,2.0131771122600965
24.235508,24.32761970681225,-0.09211170681225056,0.09211170681225056,0.38006922244778407
6.299213,6.20716340102928,0.09204959897071952,0.09204959897071952,1.4612872904799095
2.294175,2.3862126429580712,-0.09203764295807115,0.09203764295807115,4.011796962047766
0.736048,0.8280606989674482,-0.09201269896744813,0.09201269896744813,12.500910124740127
0.04871,0.1406553423796879,-0.0919453423796879,0.0919453423796879,188.7607107183888
18.941797,18.8498678518483,0.09192914815170283,0.09192914815170283,0.4853243235117424
5.440027,5.348105942612948,0.0919210573870517,0.0919210573870517,1.6897169331211406
0.4514,0.35953882057611253,0.0918611794238875,0.0918611794238875,20.350283430114576
0.540424,0.6322707425118601,-0.09184674251186009,0.09184674251186009,16.99531155072032
0.394827,0.48664103882383714,-0.09181403882383715,0.09181403882383715,23.25424522653793
11.560104,11.468305047744064,0.09179895225593704,0.09179895225593704,0.7941014393567993
0.354927,0.2632124535121889,0.09171454648781108,0.09171454648781108,25.84039716955055
1.857514,1.7659052953419057,0.09160870465809445,0.09160870465809445,4.931790804977117
4.294812,4.386387190636334,-0.09157519063633401,0.09157519063633401,2.132228154205627
0.130679,0.2222078222145285,-0.09152882221452852,0.09152882221452852,70.04095695902751
7.283047,7.191540299013582,0.09150670098641811,0.09150670098641811,1.2564343053829212
0.620987,0.7124585456517956,-0.0914715456517956,0.0914715456517956,14.730025851920505
9.575054,9.483697904201094,0.09135609579890591,0.09135609579890591,0.9541052802203706
0.109761,0.20107358502187722,-0.09131258502187722,0.09131258502187722,83.19219480387846
0.04369,0.13498520661934776,-0.09129520661934776,0.09129520661934776,208.9613330519259
0.259382,0.16809374830214807,0.09128825169785193,0.09128825169785193,35.19452069251429
1.300093,1.391303648668483,-0.09121064866848316,0.09121064866848316,7.015701850672795
0.050764,0.1419631033414035,-0.09119910334140349,0.09119910334140349,179.65310685082025
4.697711,4.788909916236475,-0.09119891623647547,0.09119891623647547,1.941347950832525
2.231613,2.3227712481686176,-0.09115824816861773,0.09115824816861773,4.084859165300295
0.363625,0.45471567649573075,-0.09109067649573077,0.09109067649573077,25.050718864401528
12.812574,12.721500817856832,0.09107318214316784,0.09107318214316784,0.7108109747694493
4.520521,4.611493702481493,-0.09097270248149325,0.09097270248149325,2.012438444141302
0.739719,0.8306608009243739,-0.09094180092437387,0.09094180092437387,12.294100991333163
0.039109,0.13002805642095083,-0.09091905642095083,0.09091905642095083,232.47604435929014
1.784318,1.8752193312750194,-0.09090133127501931,0.09090133127501931,5.0944580097227545
0.032292,0.1231848621377587,-0.0908928621377587,0.0908928621377587,281.47176345933025
1.708054,1.7989242766327607,-0.0908702766327607,0.0908702766327607,5.320105607167021
1.794613,1.885194545189755,-0.09058154518975492,0.09058154518975492,5.047413853834086
2.696584,2.606181496686645,0.09040250331335509,0.09040250331335509,3.352482374367073
22.251737,22.34211048286716,-0.09037348286716096,0.09037348286716096,0.40614125030668313
0.037808,0.12808294473240522,-0.09027494473240522,0.09027494473240522,238.77207070893235
7.552598,7.462405753513973,0.0901922464860263,0.0901922464860263,1.1941883638561475
8.78176,8.871877546143184,-0.09011754614318335,0.09011754614318335,1.0261900364181797
0.635906,0.7258607762612783,-0.08995477626127835,0.08995477626127835,14.14592349295846
0.968341,1.0582376774032056,-0.08989667740320562,0.08989667740320562,9.283576487407023
0.316063,0.4057939585280579,-0.0897309585280579,0.0897309585280579,28.390212868848202
0.257921,0.34762432555945466,-0.08970332555945465,0.08970332555945465,34.779380323694184
0.144234,0.05459565827055357,0.08963834172944643,0.08963834172944643,62.147858110638666
3.967603,3.878042011635449,0.08956098836455118,0.08956098836455118,2.2573072044328497
4.262284,4.172933935228986,0.08935006477101393,0.08935006477101393,2.0962954314850353
0.459461,0.5487940047185198,-0.08933300471851979,0.08933300471851979,19.443000537385497
0.03839,0.12733395112838508,-0.08894395112838507,0.08894395112838507,231.68520681609758
0.225149,0.31395501731556763,-0.08880601731556764,0.08880601731556764,39.44322083425839
0.050705,0.13946432130755326,-0.08875932130755326,0.08875932130755326,175.050431185293
1.449063,1.360308406110331,0.088754593889669,0.088754593889669,6.124964469008183
0.416462,0.5047861411640575,-0.08832414116405751,0.08832414116405751,21.208211347697823
3.22747,3.3157515262697093,-0.08828152626970942,0.08828152626970942,2.7353167114481036
0.525476,0.4372008505492744,0.08827514945072568,0.08827514945072568,16.799083009295682
0.257783,0.3459772727321351,-0.08819427273213509,0.08819427273213509,34.212602343025914
0.577818,0.6659943230937451,-0.08817632309374501,0.08817632309374501,15.260224340274062
3.105056,3.1932197272109164,-0.08816372721091659,0.08816372721091659,2.8393602952113337
0.858504,0.9465722899719893,-0.08806828997198923,0.08806828997198923,10.25834357926473
2.021274,1.9332400770453155,0.08803392295468448,0.08803392295468448,4.355368097067944
0.28786,0.1998419052797047,0.08801809472029531,0.08801809472029531,30.576702108566177
7.328214,7.24021892177781,0.08799507822218988,0.08799507822218988,1.2007711322429873
0.634079,0.7220638833603168,-0.08798488336031685,0.08798488336031685,13.876012822761966
0.045768,0.1337234190588923,-0.08795541905889229,0.08795541905889229,192.1766711823012
2.806059,2.894007747356733,-0.0879487473567333,0.0879487473567333,3.1342444101709575
0.316276,0.4041812665703439,-0.08790526657034392,0.08790526657034392,27.793846685347628
0.30358,0.21567867018185538,0.08790132981814464,0.08790132981814464,28.954914615320416
0.058363,0.14625616618983628,-0.08789316618983628,0.08789316618983628,150.59740938477952
19.517839,19.605674098422625,-0.0878350984226266,0.0878350984226266,0.4500247103287234
1.005367,0.9176407690897577,0.08772623091024223,0.08772623091024223,8.725791765744892
0.444124,0.5317784851540317,-0.08765448515403168,0.08765448515403168,19.73648916390359
0.193341,0.1057695496124964,0.08757145038750361,0.08757145038750361,45.29378163049214
0.513049,0.6004666372121648,-0.08741763721216478,0.08741763721216478,17.038847594503824
23.127718,23.04030269715146,0.08741530284854093,0.08741530284854093,0.37796769594026947
4.784282,4.871691823287268,-0.08740982328726776,0.08740982328726776,1.8270207167019155
0.268554,0.3559525171613842,-0.08739851716138419,0.08739851716138419,32.54411296381364
0.166746,0.2541415816538297,-0.08739558165382971,0.08739558165382971,52.412400658137116
0.052919,0.14026454471031613,-0.08734554471031614,0.08734554471031614,165.05516836157327
0.061978,0.14919215276951192,-0.08721415276951192,0.08721415276951192,140.71792027621737
0.781922,0.8689751576686078,-0.08705315766860777,0.08705315766860777,11.133227822912586
0.032543,0.11957788584383877,-0.08703488584383877,0.08703488584383877,267.4457965657529
2.102349,2.0153378555263224,0.08701114447367742,0.08701114447367742,4.138758335059435
1.537052,1.4501173342720826,0.08693466572791753,0.08693466572791753,5.65593523981372
2.520931,2.607837107177211,-0.08690610717721103,0.08690610717721103,3.447381430660484
0.456251,0.5430475453221817,-0.08679654532218167,0.08679654532218167,19.023858644289614
0.023312,0.11000572526791785,-0.08669372526791785,0.08669372526791785,371.8845439946521
0.721916,0.8085696437052867,-0.08665364370528672,0.08665364370528672,12.003286212424081
0.052878,0.13943787379609773,-0.08655987379609772,0.08655987379609772,163.69732900714925
1.052527,1.1389246151290315,-0.08639761512903155,0.08639761512903155,8.208588959791337
0.864032,0.9503813652951081,-0.08634936529510806,0.08634936529510806,9.993769360985969
0.255028,0.3413516506664429,-0.08632365066644293,0.08632365066644293,33.84869529329887
2.414923,2.3286192517836,0.08630374821639997,0.08630374821639997,3.573768116533165
2.714001,2.800189086474404,-0.08618808647440401,0.08618808647440401,3.1756836667056616
0.11646,0.030377071643783893,0.0860829283562161,0.0860829283562161,73.91630455289354
0.908721,0.9947468679364846,-0.08602586793648459,0.08602586793648459,9.466697471172989
8.19987,8.285883306649072,-0.08601330664907181,0.08601330664907181,1.0489593938443273
0.18164,0.26762839110673653,-0.08598839110673653,0.08598839110673653,47.340008290793065
0.480482,0.5664212772909067,-0.08593927729090672,0.08593927729090672,17.88605551779685
0.269054,0.3549236768559041,-0.08586967685590408,0.08586967685590408,31.915406135567082
0.033977,0.11974605881044909,-0.08576905881044908,0.08576905881044908,252.4327002325584
0.619086,0.7047983501774908,-0.08571235017749079,0.08571235017749079,13.844982791348182
2.139572,2.225172798326984,-0.08560079832698397,0.08560079832698397,4.000837472306758
1.483157,1.3975633578364288,0.08559364216357124,0.08559364216357124,5.77104393923234
0.631349,0.7168937552656729,-0.08554475526567284,0.08554475526567284,13.549519402441964
0.680711,0.5951788969005847,0.08553210309941528,0.08553210309941528,12.565112520122367
9.979704,9.894189195336866,0.08551480466313421,0.08551480466313421,0.8568871848531513
0.025624,0.11098006916602898,-0.08535606916602897,0.08535606916602897,333.1098533910362
2.261341,2.346641951257663,-0.08530095125766302,0.08530095125766302,3.772140126318449
1.495937,1.581064519221016,-0.08512751922101591,0.08512751922101591,5.690581837024242
2.0536,1.9685651492870377,0.08503485071296213,0.08503485071296213,4.140769902065707
2.863755,2.778773749467362,0.08498125053263772,0.08498125053263772,2.967476286542328
1.553455,1.638408210995955,-0.08495321099595499,0.08495321099595499,5.4686624968529065
0.114994,0.19993459961029814,-0.08494059961029814,0.08494059961029814,73.865244740102
1.006603,1.0914761939644642,-0.08487319396446424,0.08487319396446424,8.431645242069873
1.121505,1.206352510297421,-0.0848475102974211,0.0848475102974211,7.5655044150365445
0.542514,0.4576948190667913,0.08481918093320873,0.08481918093320873,15.63446858838191
1.735515,1.8203239887957423,-0.08480898879574239,0.08480898879574239,4.886675643302174
4.023007,4.107708464137163,-0.08470146413716328,0.08470146413716328,2.10542671526691
0.60803,0.6926956028167162,-0.0846656028167162,0.0846656028167162,13.924576550958278
0.832834,0.9174985322534432,-0.08466453225344328,0.08466453225344328,10.165835237667704
0.414621,0.49926263885666344,-0.08464163885666343,0.08464163885666343,20.414218970155684
1.41366,1.4982689492653485,-0.08460894926534857,0.08460894926534857,5.98509891058412
0.264648,0.3492370934921851,-0.08458909349218513,0.08458909349218513,31.962868965653346
0.885429,0.8009121932618832,0.08451680673811679,0.08451680673811679,9.545294623122972
0.821001,0.9054031469649821,-0.08440214696498216,0.08440214696498216,10.280395146254605
0.127969,0.0436833723006238,0.0842856276993762,0.0842856276993762,65.86409804992779
0.939463,1.0236646058724155,-0.08420160587241543,0.08420160587241543,8.962737847414182
0.150794,0.23499261295808083,-0.08419861295808082,0.08419861295808082,55.83684556563521
0.137162,0.22130010804539424,-0.08413810804539423,0.08413810804539423,61.3421413978012
1.393356,1.3093015173666274,0.08405448263337267,0.08405448263337267,6.032520233690467
0.25759,0.1735542865513473,0.08403571344865268,0.08403571344865268,32.62382600878483
0.413618,0.49754282596336097,-0.08392482596336098,0.08392482596336098,20.2904191652855
3.935475,3.851623525412414,0.0838514745875858,0.0838514745875858,2.1306570257835493
0.157947,0.2417976691928061,-0.0838506691928061,0.0838506691928061,53.08785170957234
0.033391,0.11722482794658262,-0.08383382794658262,0.08383382794658262,251.06713693964087
3.664473,3.580725512158846,0.08374748784115393,0.08374748784115393,2.285389681923391
0.750764,0.8344666741606375,-0.08370267416063748,0.08370267416063748,11.148999439169764
0.364185,0.28054490961550016,0.08364009038449982,0.08364009038449982,22.96637433214807
0.183042,0.2666721126193323,-0.08363011261933231,0.08363011261933231,45.68902906089492
1.536907,1.4534173197748217,0.08348968022517833,0.08348968022517833,5.4323183003100395
0.301216,0.2177407970252183,0.08347520297478167,0.08347520297478167,27.71273868156703
5.304935,5.221581872837694,0.08335312716230625,0.08335312716230625,1.571237482848235
0.550758,0.4674648425499157,0.08329315745008425,0.08329315745008425,15.123367692336906
0.455738,0.539002380526231,-0.08326438052623097,0.08326438052623097,18.27022993648999
1.344001,1.4271753605759017,-0.08317436057590166,0.08317436057590166,6.188563890184092
3.829454,3.9125925742441314,-0.08313857424413129,0.08313857424413129,2.1710294533361743
0.050666,0.13377391360281976,-0.08310791360281976,0.08310791360281976,164.03093482569932
0.409398,0.49249623019319344,-0.08309823019319346,0.08309823019319346,20.297663929207225
0.885934,0.9689767882673763,-0.08304278826737632,0.08304278826737632,9.373473448135284
0.337982,0.4210217995219949,-0.08303979952199492,0.08303979952199492,24.569296441060654
2.300772,2.3837988325096546,-0.08302683250965481,0.08302683250965481,3.6086510313080202
1.744546,1.8275644877407444,-0.0830184877407445,0.0830184877407445,4.758744552220793
5.78013,5.862924770286302,-0.08279477028630211,0.08279477028630211,1.432403255374355
2.907298,2.990048140379054,-0.08275014037905404,0.08275014037905404,2.8462902797101552
0.635231,0.5525091475821426,0.08272185241785734,0.08272185241785734,13.022326115198254
23.733123,23.650471805140576,0.08265119485942307,0.08265119485942307,0.34825250287994053
0.331227,0.4138261482584369,-0.0825991482584369,0.0825991482584369,24.937323416720126
1.188689,1.2712642080506988,-0.08257520805069873,0.08257520805069873,6.946746208953897
0.049506,0.1320526284445691,-0.08254662844456911,0.08254662844456911,166.74065421934404
2.166914,2.249442227053599,-0.08252822705359941,0.08252822705359941,3.8085603327954347
0.045349,0.12780453512554502,-0.08245553512554502,0.08245553512554502,181.824373070455
11.864198,11.781846144067003,0.08235185593299654,0.08235185593299654,0.6941207145422086
0.412487,0.33013930776906975,0.08234769223093025,0.08234769223093025,19.9637060588495
0.365674,0.4480168461762233,-0.08234284617622328,0.08234284617622328,22.518102504882815
0.919187,1.0014553210275956,-0.08226832102759563,0.08226832102759563,8.950117986725825
0.164689,0.0824922138925146,0.0821967861074854,0.0821967861074854,49.910307341458804
0.203467,0.12127521590100798,0.08219178409899203,0.08219178409899203,40.39563371878309
1.841179,1.7590325138324125,0.08214648616758735,0.08214648616758735,4.461624109504059
0.446134,0.36406926609312507,0.08206473390687491,0.08206473390687491,18.394637908897387
0.225021,0.14310965915169405,0.08191134084830595,0.08191134084830595,36.4016428741781
0.455627,0.5375252308145697,-0.0818982308145697,0.0818982308145697,17.9748414375344
1.322128,1.4039768357172377,-0.08184883571723778,0.08184883571723778,6.190689230622684
0.219078,0.30092629546172844,-0.08184829546172845,0.08184829546172845,37.36034445465455
2.358668,2.2768326783284287,0.08183532167157148,0.08183532167157148,3.4695566170441077
1.961243,2.04301084735204,-0.08176784735203979,0.08176784735203979,4.169184917313694
6.541964,6.460432810105564,0.0815311898944362,0.0815311898944362,1.2462800145826225
1.327246,1.4087172256176501,-0.08147122561765019,0.08147122561765019,6.13836663372968
1.076624,1.1580760729273791,-0.0814520729273791,0.0814520729273791,7.565507820726047
0.243584,0.16222584178681387,0.08135815821318612,0.08135815821318612,33.400452484475856
11.811338,11.73007482981547,0.08126317018452944,0.08126317018452944,0.6880098612353778
0.518251,0.5993186286653227,-0.08106762866532269,0.08106762866532269,15.642541673760427
0.046767,0.12779010946543679,-0.08102310946543678,0.08102310946543678,173.24846428504782
25.280701,25.361719759993246,-0.08101875999324548,0.08101875999324548,0.3204767146010904
1.134577,1.0536122144643905,0.08096478553560948,0.08096478553560948,7.136120821105431
0.668707,0.7496398013186649,-0.08093280131866487,0.08093280131866487,12.102879333783253
0.814282,0.7335535608078771,0.0807284391921228,0.0807284391921228,9.914064068984546
1.458989,1.539710258451528,-0.080721258451528,0.080721258451528,5.532684512768452
5.238553,5.319202643087619,-0.0806496430876198,0.0806496430876198,1.5395404625300204
6.884044,6.964523590008383,-0.080479590008383,0.080479590008383,1.1690743116577105
0.486178,0.5666249313596161,-0.08044693135961611,0.08044693135961611,16.54680617861551
0.688352,0.7687484912111593,-0.08039649121115933,0.08039649121115933,11.679560922243237
1.565192,1.6455789592310808,-0.08038695923108086,0.08038695923108086,5.135916822086041
23.628791,23.709079921945875,-0.08028892194587556,0.08028892194587556,0.3397927636057883
0.735739,0.8158707529395919,-0.08013175293959185,0.08013175293959185,10.891328708781309
1.514268,1.5943984484356477,-0.08013044843564776,0.08013044843564776,5.291695289760866
1.121527,1.2016224292400324,-0.08009542924003243,0.08009542924003243,7.141640748095302
0.204142,0.12410995635181621,0.08003204364818378,0.08003204364818378,39.20410479420192
1.41941,1.499387683478787,-0.07997768347878687,0.07997768347878687,5.634572355637363
0.588934,0.5090478542638053,0.07988614573619468,0.07988614573619468,13.564532820762624
5.282962,5.362647114017008,-0.07968511401700784,0.07968511401700784,1.5083416086562706
1.744784,1.824324740290347,-0.07954074029034719,0.07954074029034719,4.558772907465246
0.283375,0.36284846097730394,-0.07947346097730396,0.07947346097730396,28.045332492018925
0.084678,0.16404356851973034,-0.07936556851973034,0.07936556851973034,93.72631430360191
0.052836,0.13213480898853547,-0.07929880898853547,0.07929880898853547,150.08480740111034
0.580191,0.6594126868090058,-0.07922168680900576,0.07922168680900576,13.65441497633561
10.721755,10.80095687914572,-0.07920187914571919,0.07920187914571919,0.7387025645053491
0.064281,0.14342877501372442,-0.07914777501372441,0.07914777501372441,123.12779031221766
0.041402,0.12051555457631125,-0.07911355457631125,0.07911355457631125,191.0863107705544
1.428524,1.5075792111483395,-0.07905521114833958,0.07905521114833958,5.534048510406933
0.103146,0.18210099998760398,-0.07895499998760398,0.07895499998760398,76.54683643675678
5.68144,5.760286788409271,-0.07884678840927073,0.07884678840927073,1.3877958476703605
8.391807,8.470616486960107,-0.07880948696010748,0.07880948696010748,0.9391241595423769
0.214824,0.2936074374897366,-0.07878343748973662,0.07878343748973662,36.67348036209322
4.983742,5.062518226490592,-0.07877622649059202,0.07877622649059202,1.5806642175500123
3.881669,3.9604297091060694,-0.07876070910606936,0.07876070910606936,2.029042381100509
2.285782,2.3643549336943916,-0.07857293369439144,0.07857293369439144,3.4374640141078183
19.671406,19.59286319984681,0.07854280015319048,0.07854280015319048,0.3992739520133498
0.143525,0.22200858257452438,-0.07848358257452437,0.07848358257452437,54.682865368292276
0.175335,0.09689495228429124,0.07844004771570876,0.07844004771570876,44.737244515340066
0.529868,0.6082898724017447,-0.0784218724017447,0.0784218724017447,14.800265799584883
4.8998,4.978221808324934,-0.07842180832493373,0.07842180832493373,1.600510394778016
0.778121,0.8565231672061486,-0.07840216720614868,0.07840216720614868,10.07583231863333
0.121071,0.199330382393768,-0.07825938239376799,0.07825938239376799,64.63924666446032
0.120571,0.19883011942945217,-0.07825911942945217,0.07825911942945217,64.90708326591394
0.045268,0.12349275329858145,-0.07822475329858145,0.07822475329858145,172.8036430276968
2.480484,2.4022937126862054,0.07819028731379474,0.07819028731379474,3.1522189746292466
0.297082,0.3751645683255447,-0.07808256832554467,0.07808256832554467,26.283170403882256
0.245483,0.3235375597237393,-0.07805455972373931,0.07805455972373931,31.796319782609384
0.311654,0.23374568368064175,0.07790831631935824,0.07790831631935824,24.998336711340112
2.322467,2.400258285220202,-0.07779128522020207,0.07779128522020207,3.3495108958212345
0.64549,0.723271642815174,-0.07778164281517397,0.07778164281517397,12.050015151764388
1.289139,1.2113783236266187,0.07776067637338135,0.07776067637338135,6.0319854078845925
1.582852,1.5051329551731918,0.07771904482680814,0.07771904482680814,4.9100639113383995
0.186809,0.26450345004742104,-0.07769445004742104,0.07769445004742104,41.590314174279996
0.117669,0.19521403508128898,-0.07754503508128899,0.07754503508128899,65.90098922858867
0.726358,0.8038792846938208,-0.0775212846938208,0.0775212846938208,10.672600106717102
0.170326,0.24781069282029122,-0.07748469282029122,0.07748469282029122,45.491993456547576
0.061442,0.13888220481547364,-0.07744020481547365,0.07744020481547365,126.03789702391808
0.071336,0.1487619880203077,-0.07742598802030771,0.07742598802030771,108.53704708950696
0.885219,0.9624378394989428,-0.07721883949894282,0.07721883949894282,8.723133991726305
0.864703,0.9418675162849404,-0.07716451628494037,0.07716451628494037,8.92381734260394
0.283702,0.3608142873811673,-0.07711228738116727,0.07711228738116727,27.180734486886426
1.074,1.151100521339444,-0.077100521339444,0.077100521339444,7.178819490899924
0.12248,0.19949696514206394,-0.07701696514206394,0.07701696514206394,62.881258229247784
0.449289,0.5262862560072428,-0.07699725600724278,0.07699725600724278,17.13757870548916
0.530985,0.6078637755580161,-0.07687877555801603,0.07687877555801603,14.478521152864488
1.153091,1.076345581459229,0.076745418540771,0.076745418540771,6.655625491319883
1.382567,1.4592722147858197,-0.0767052147858196,0.0767052147858196,5.548028759566195
0.071375,0.14781843133260608,-0.07644343133260609,0.07644343133260609,107.10112956287912
0.358129,0.43440181065342287,-0.0762728106534229,0.0762728106534229,21.29758009882621
0.268637,0.34487876638700143,-0.07624176638700142,0.07624176638700142,28.380962547460125
0.771231,0.8474513402365496,-0.07622034023654956,0.07622034023654956,9.882945606007357
9.542319,9.618478895978416,-0.07615989597841555,0.07615989597841555,0.7981277504725782
10.952406,10.876285077282507,0.07612092271749304,0.07612092271749304,0.6950155309874199
0.04834,0.12441386344574212,-0.07607386344574213,0.07607386344574213,157.3724933561639
3.558178,3.482212718607048,0.07596528139295167,0.07596528139295167,2.1349488808827646
0.086709,0.010767253667420817,0.07594174633257918,0.07594174633257918,87.58231123066449
1.248729,1.3246644828128282,-0.07593548281282825,0.07593548281282825,6.081021807513658
1.174771,1.0988755904437966,0.07589540955620344,0.07589540955620344,6.460442890549987
0.360009,0.4358968838580992,-0.07588788385809919,0.07588788385809919,21.07944074648682
1.716283,1.7921374761080138,-0.07585447610801377,0.07585447610801377,4.419695126246316
2.657675,2.5818267429143518,0.07584825708564802,0.07584825708564802,2.853932745079594
1.354241,1.430033103361847,-0.07579210336184694,0.07579210336184694,5.596648111839052
6.227962,6.303705850659997,-0.07574385065999678,0.07574385065999678,1.2161899937536644
0.25718,0.3328861501263738,-0.07570615012637377,0.07570615012637377,29.43702857801413
0.406552,0.4822502248457212,-0.0756982248457212,0.0756982248457212,18.619567688045223
0.363447,0.28775786723806007,0.07568913276193995,0.07568913276193995,20.825356308103956
0.343804,0.26814854595778925,0.07565545404221075,0.07565545404221075,22.005402502648412
2.150222,2.2258746768393287,-0.07565267683932886,0.07565267683932886,3.5183658634229626
0.290344,0.3659953708618815,-0.0756513708618815,0.0756513708618815,26.05577206204562
12.709604,12.634127525398142,0.07547647460185836,0.07547647460185836,0.5938538651657794
0.259096,0.3345449979724364,-0.07544899797243643,0.07544899797243643,29.120093688561898
1.861874,1.7864299375268367,0.07544406247316338,0.07544406247316338,4.052049841670883
0.048958,0.12439055233429741,-0.07543255233429741,0.07543255233429741,154.0760492263192
4.830876,4.755474659796731,0.07540134020326938,0.07540134020326938,1.5608212713741476
0.963035,0.8876383320349923,0.07539666796500766,0.07539666796500766,7.8290683056356825
0.79328,0.8684796380330404,-0.07519963803304042,0.07519963803304042,9.479583252264124
0.221062,0.29624899572570484,-0.07518699572570484,0.07518699572570484,34.01172326844646
12.699195,12.774305243306252,-0.07511024330625204,0.07511024330625204,0.5914567286009907
1.228161,1.3030443185976672,-0.07488331859766717,0.07488331859766717,6.097190725936581
0.276068,0.20119311172062382,0.07487488827937616,0.07487488827937616,27.121900492724354
3.047844,2.972996124114829,0.07484787588517117,0.07484787588517117,2.4557646612725392
8.289681,8.364519032816922,-0.07483803281692225,0.07483803281692225,0.9027854366895356
0.269204,0.344007479804997,-0.07480347980499702,0.07480347980499702,27.786912444543955
0.656737,0.5819699143679884,0.07476708563201162,0.07476708563201162,11.384631232993875
0.269804,0.3445333856345165,-0.07472938563451653,0.07472938563451653,27.6976566718132
5.304935,5.379633197844878,-0.07469819784487797,0.07469819784487797,1.408088842624271
1.219344,1.144727870073254,0.07461612992674604,0.07461612992674604,6.119366636537899
1.725514,1.8000980939788356,-0.07458409397883559,0.07458409397883559,4.3224276345780535
1.737562,1.8121161520716278,-0.07455415207162774,0.07455415207162774,4.290733341736122
0.39111,0.3165867642733886,0.0745232357266114,0.0745232357266114,19.054290534007595
0.475319,0.5498282387455866,-0.07450923874558663,0.07450923874558663,15.675628100267607
11.0617,11.136201554354356,-0.0745015543543559,0.0745015543543559,0.6735090840800455
3.344444,3.2700193344517423,0.07442466554825788,0.07442466554825788,2.225322521352804
15.713181,15.63876365895657,0.07441734104343034,0.07441734104343034,0.4735981914989507
0.1493,0.074920010902634,0.07437998909736598,0.07437998909736598,49.8191487257514
0.365565,0.2912714975019526,0.07429350249804739,0.07429350249804739,20.32292546543692
0.957361,0.883090371861531,0.07427062813846896,0.07427062813846896,7.757849769388048
0.111993,0.037732134163796616,0.07426086583620338,0.07426086583620338,66.30848871795104
0.123569,0.1976276012524778,-0.0740586012524778,0.0740586012524778,59.932993867834824
0.095283,0.16930147189767197,-0.07401847189767197,0.07401847189767197,77.68276798588332
1.428772,1.5026398185730692,-0.07386781857306923,0.07386781857306923,5.17002142874435
0.356416,0.28265123443314266,0.07376476556685735,0.07376476556685735,20.696255371857912
1.196445,1.2701002560591128,-0.07365525605911283,0.07365525605911283,6.156175674849797
0.745649,0.8192695439870548,-0.07362054398705475,0.07362054398705475,9.873351131320689
0.701845,0.6283765467553692,0.0734684532446308,0.0734684532446308,10.467902917903938
0.037535,0.11091584159899881,-0.07338084159899881,0.07338084159899881,195.4997772838658
0.811046,0.8843880327779736,-0.07334203277797358,0.07334203277797358,9.042894332618703
1.827263,1.9004768917042227,-0.07321389170422266,0.07321389170422266,4.00675172102844
0.182068,0.25524749390540435,-0.07317949390540435,0.07317949390540435,40.19349576268803
2.989877,3.063049108358813,-0.07317210835881305,0.07317210835881305,2.4473283802767045
1.408108,1.4812206598149515,-0.07311265981495163,0.07311265981495163,5.192262227738169
0.545435,0.4723431669137632,0.07309183308623679,0.07309183308623679,13.400649586630148
1.880037,1.9530145087713677,-0.07297750877136777,0.07297750877136777,3.8817059859718754
0.164328,0.09158247009793996,0.07274552990206004,0.07274552990206004,44.26849341426388
21.569139,21.641805219379734,-0.07266621937973383,0.07266621937973383,0.3368990267965585
0.456319,0.52892337365504,-0.07260437365504008,0.07260437365504008,15.910881124636317
0.107508,0.18010800665655324,-0.07260000665655324,0.07260000665655324,67.52986437197546
2.529805,2.602375987473346,-0.072570987473346,0.072570987473346,2.868639577772886
0.346128,0.41862250044589544,-0.07249450044589545,0.07249450044589545,20.944419528310636
0.02898,0.10147155570841448,-0.07249155570841448,0.07249155570841448,250.14339357581466
5.654238,5.581774123742742,0.0724638762572587,0.0724638762572587,1.2815851801069766
16.099752,16.172129828639772,-0.07237782863977316,0.07237782863977316,0.44955865555769814
2.275668,2.3479611036603423,-0.07229310366034225,0.07229310366034225,3.1767860539044124
0.105887,0.033644437048607756,0.07224256295139224,0.07224256295139224,68.22609280002848
1.429512,1.5015932691635427,-0.07208126916354285,0.07208126916354285,5.042368945381394
53.298738,53.37081857089251,-0.07208057089250985,0.07208057089250985,0.13523879475790707
0.197714,0.269741202788353,-0.072027202788353,0.072027202788353,36.42999623290359
0.294895,0.3669118935037723,-0.07201689350377227,0.07201689350377227,24.421198555197975
2.528201,2.600207751896546,-0.07200675189654593,0.07200675189654593,2.8481418959053406
0.036081,0.1080593732399322,-0.0719783732399322,0.0719783732399322,199.4910702043766
0.503452,0.43151553207261983,0.07193646792738018,0.07193646792738018,14.28864477906365
0.774337,0.8461662257292026,-0.07182922572920258,0.07182922572920258,9.276222848698481
0.374519,0.30274665062714945,0.07177234937285054,0.07177234937285054,19.163874023397124
22.310248,22.23853185257583,0.07171614742417276,0.07171614742417276,0.32144935109574446
0.035239,0.10681730100361264,-0.07157830100361265,0.07157830100361265,203.1223950750312
1.764142,1.8356899815208614,-0.07154798152086128,0.07154798152086128,4.055681544728576
0.197144,0.2686186507285271,-0.07147465072852707,0.07147465072852707,36.255047423341324
0.290889,0.3623430911608132,-0.0714540911608132,0.0714540911608132,24.564040282117627
0.126105,0.19753636684528786,-0.07143136684528786,0.07143136684528786,56.644357312274295
0.379899,0.45132650706687016,-0.07142750706687018,0.07142750706687018,18.80170967759022
0.739116,0.8104628908983109,-0.07134689089831092,0.07134689089831092,9.653003167115571
0.064643,0.1358759959828646,-0.07123299598286459,0.07123299598286459,110.19444622413894
0.20622,0.27743081619935595,-0.07121081619935596,0.07121081619935596,34.531479082933025
0.437753,0.36663417191765646,0.07111882808234354,0.07111882808234354,16.246337104736508
0.23404,0.1629605956287925,0.0710794043712075,0.0710794043712075,30.370622261509517
0.030094,0.10092497321469907,-0.07083097321469907,0.07083097321469907,235.36576387098194
0.051325,0.1221394326298153,-0.0708144326298153,0.0708144326298153,137.9725913138679
0.433068,0.5038585350159046,-0.0707905350159046,0.0707905350159046,16.346286264410743
9.63302,9.56223235598802,0.07078764401198079,0.07078764401198079,0.734843735518518
2.43884,2.509615912539429,-0.07077591253942916,0.07077591253942916,2.9020318076022673
0.069191,0.13989499276624073,-0.07070399276624073,0.07070399276624073,102.18668997998878
0.363429,0.4340807694301887,-0.0706517694301887,0.0706517694301887,19.440322431822548
29.933056,29.862489476970904,0.07056652302909683,0.07056652302909683,0.23574780680215573
0.044832,0.11539555160545234,-0.07056355160545234,0.07056355160545234,157.39550198085485
0.669331,0.5988888627227666,0.07044213727723336,0.07044213727723336,10.52426038338417
0.889432,0.8190695984318204,0.07036240156817963,0.07036240156817963,7.910936593271739
0.308385,0.37872351279651895,-0.07033851279651893,0.07033851279651893,22.80866863618861
3.212041,3.282368877070926,-0.07032787707092591,0.07032787707092591,2.1895074523873266
0.534321,0.46403207508610933,0.07028892491389072,0.07028892491389072,13.154812350765907
0.833511,0.7632505449847216,0.07026045501527844,0.07026045501527844,8.429457440495565
0.047016,0.11725538686196657,-0.07023938686196657,0.07023938686196657,149.394645891977
2.115101,2.185333322581812,-0.07023232258181178,0.07023232258181178,3.3205186219708303
3.281805,3.351958443469824,-0.07015344346982433,0.07015344346982433,2.1376481377682914
2.866074,2.936220190997913,-0.0701461909979133,0.0701461909979133,2.4474661504017634
0.221701,0.29177604751293273,-0.07007504751293273,0.07007504751293273,31.60790771413968
1.067217,1.1372284925777976,-0.07001149257779749,0.07001149257779749,6.560192779091532
4.95948,5.0294092161952335,-0.0699292161952334,0.0699292161952334,1.410011053453656
8.452125,8.52201914424121,-0.06989414424120888,0.06989414424120888,0.8269416772750277
1.215812,1.285689685732656,-0.06987768573265618,0.06987768573265618,5.747408787453058
0.322446,0.3923023538354471,-0.06985635383544708,0.06985635383544708,21.66451244976913
2.303612,2.2337630347218393,0.06984896527816087,0.06984896527816087,3.03214974028303
0.665125,0.7348711275812683,-0.0697461275812683,0.0697461275812683,10.486168400042418
0.200854,0.13118921349857615,0.06966478650142385,0.06966478650142385,34.684291309478304
0.415163,0.48482511732776246,-0.06966211732776245,0.06966211732776245,16.779461876656395
1.167786,1.2373784954945108,-0.06959249549451085,0.06959249549451085,5.959353467891506
1.047563,1.1171131978310278,-0.06955019783102778,0.06955019783102778,6.6392377188186815
5.994152,5.924711282591797,0.06944071740820235,0.06944071740820235,1.1584744165153615
1.642226,1.71163783671523,-0.0694118367152301,0.0694118367152301,4.2266921063850775
0.035649,0.10506013338128639,-0.06941113338128639,0.06941113338128639,194.70709749664587
0.736189,0.8055940933040233,-0.06940509330402334,0.06940509330402334,9.427618898760471
6.455042,6.385767077844815,0.06927492215518516,0.06927492215518516,1.0731908817032014
0.154231,0.22350015248051847,-0.06926915248051846,0.06926915248051846,44.91260021370921
1.217207,1.2863504864022914,-0.06914348640229151,0.06914348640229151,5.680503513092761
3.476381,3.407268449065013,0.06911255093498703,0.06911255093498703,1.9880603113697541
0.074952,0.14402805037640576,-0.06907605037640575,0.06907605037640575,92.16038302412926
0.115306,0.04646736731677592,0.06883863268322409,0.06883863268322409,59.70082443543551
0.594372,0.5255336841759259,0.06883831582407407,0.06883831582407407,11.58168887708243
3.478536,3.547349239868961,-0.06881323986896071,0.06881323986896071,1.9782241686440067
0.982863,0.914063215859457,0.068799784140543,0.068799784140543,6.99993632210624
0.29937,0.3681201691868239,-0.06875016918682386,0.06875016918682386,22.964949448461404
0.045036,0.11368403268883753,-0.06864803268883754,0.06864803268883754,152.4292400222229
2.585756,2.6543757165249406,-0.0686197165249407,0.0686197165249407,2.6537583794560256
3.474113,3.542637198583744,-0.06852419858374414,0.06852419858374414,1.9724228481276147
0.40307,0.47156315823967887,-0.06849315823967889,0.06849315823967889,16.99286928391744
0.10495,0.17341877516766147,-0.06846877516766146,0.06846877516766146,65.23942363260795
5.996211,5.927799490088722,0.06841150991127787,0.06841150991127787,1.1409123179644105
1.65062,1.718988915095057,-0.06836891509505705,0.06836891509505705,4.142014218349168
2.243668,2.175386429363712,0.06828157063628781,0.06828157063628781,3.0433009978858063
1.105715,1.1739840825293406,-0.06826908252934061,0.06826908252934061,6.174202441240863
0.244206,0.3124626156647139,-0.06825661566471389,0.06825661566471389,27.950425311730037
0.551582,0.6198216588327234,-0.06823965883272343,0.06823965883272343,12.371625401182742
0.299688,0.23152925252471945,0.06815874747528056,0.06815874747528056,22.743235449046114
0.303596,0.23547948198677204,0.06811651801322793,0.06811651801322793,22.436566354889845
0.111544,0.04350785297876314,0.06803614702123686,0.06803614702123686,60.994896148821965
1.792967,1.8609384246399472,-0.06797142463994721,0.06797142463994721,3.7910025469602178
1.798061,1.8660020287690209,-0.06794102876902097,0.06794102876902097,3.778571959752333
1.502254,1.4343271285351982,0.06792687146480181,0.06792687146480181,4.5216635442661595
0.814927,0.8828003276326157,-0.06787332763261578,0.06787332763261578,8.328761671203312
0.090966,0.15862710046252104,-0.06766110046252104,0.06766110046252104,74.38064814121803
0.564386,0.6320361365697451,-0.06765013656974506,0.06765013656974506,11.986501535785536
1.808166,1.875785511629168,-0.06761951162916802,0.06761951162916802,3.7396738809063073
0.521157,0.5886705700804526,-0.06751357008045267,0.06751357008045267,12.954554974316398
0.068894,0.13637193297048,-0.06747793297048,0.06747793297048,97.94457118549576
7.032767,7.100191441340343,-0.06742444134034287,0.06742444134034287,0.958718543346938
0.167157,0.09976966670044973,0.06738733329955027,0.06738733329955027,40.3137967654579
0.370307,0.43756953220553285,-0.06726253220553285,0.06726253220553285,18.16399154954372
0.621458,0.5543297380642827,0.0671282619357173,0.0671282619357173,10.80173751483054
0.098699,0.16579615112860324,-0.06709715112860325,0.06709715112860325,67.98159156690713
0.26017,0.327237445512754,-0.06706744551275401,0.06706744551275401,25.778316288186836
0.576077,0.5090157894270853,0.0670612105729147,0.0670612105729147,11.64101510063302
11.016494,11.083496011017086,-0.06700201101708636,0.06700201101708636,0.6081972269623908
1.53064,1.4637714554096775,0.06686854459032254,0.06686854459032254,4.368665694477727
7.631972,7.698830863477962,-0.06685886347796188,0.06685886347796188,0.8760365404522691
0.4812,0.4143803698168895,0.06681963018311049,0.06681963018311049,13.886041182299344
0.3669,0.4337075399558863,-0.06680753995588629,0.06680753995588629,18.208650841558363
0.36748,0.30070111769199315,0.06677888230800683,0.06677888230800683,18.172113391159986
2.690342,2.757037554065505,-0.0666955540655052,0.0666955540655052,2.4790734435631654
0.034135,0.10082105476855219,-0.06668605476855219,0.06668605476855219,195.35976145654732
0.268739,0.3353473076587612,-0.06660830765876119,0.06660830765876119,24.785501037800874
0.062886,0.12945995674974142,-0.06657395674974143,0.06657395674974143,105.86451140774882
6.045451,6.111878400726017,-0.06642740072601683,0.06642740072601683,1.0987997541443646
0.141868,0.0754689201413008,0.0663990798586992,0.0663990798586992,46.80342276756969
3.240357,3.306477963834853,-0.066120963834853,0.066120963834853,2.0405456507666426
5.873967,5.807855298488118,0.06611170151188261,0.06611170151188261,1.1255034546628728
0.58105,0.6471573713127619,-0.0661073713127619,0.0661073713127619,11.377225936044175
0.491154,0.4250531801836104,0.0661008198163896,0.0661008198163896,13.458267631523174
3.278857,3.2128431023413437,0.06601389765865617,0.06601389765865617,2.013320424057617
0.674973,0.6089914202896018,0.0659815797103982,0.0659815797103982,9.77543986213119
0.045192,0.1111133775585671,-0.06592137755856708,0.06592137755856708,145.86957296135932
2.140825,2.0749490177551877,0.06587598224481228,0.06587598224481228,3.0771306501808953
0.359144,0.42492076160183956,-0.06577676160183954,0.06577676160183954,18.314871356203824
0.064351,0.12996622428734028,-0.06561522428734028,0.06561522428734028,101.96457581914143
0.069121,0.13470228403160434,-0.06558128403160433,0.06558128403160433,94.87895709947104
0.354848,0.4202664468906683,-0.06541844689066828,0.06541844689066828,18.435625076718104
1.606045,1.6714464817457184,-0.06540148174571847,0.06540148174571847,4.072207300645141
0.450278,0.5156541402853279,-0.06537614028532784,0.06537614028532784,14.519061617669257
16.209214,16.143962583222628,0.06525141677737167,0.06525141677737167,0.4025575624886507
1.092212,1.026968350937718,0.06524364906228186,0.06524364906228186,5.9735334400563564
0.304107,0.36922469681006476,-0.06511769681006474,0.06511769681006474,21.4127582688501
0.04968,0.1147837729052874,-0.0651037729052874,0.0651037729052874,131.0462414940442
0.31344,0.378449952503189,-0.06500995250318903,0.06500995250318903,20.740796478575877
0.058385,0.12329497233745812,-0.06490997233745813,0.06490997233745813,111.1757681361349
14.335453,14.400350146737587,-0.06489714673758762,0.06489714673758762,0.4527038436604335
2.149216,2.214069857664583,-0.06485385766458318,0.06485385766458318,3.0175588522310286
0.063858,0.1286857471183005,-0.0648277471183005,0.0648277471183005,101.51859910548704
0.284412,0.34923435069212516,-0.06482235069212516,0.06482235069212516,22.79170733630559
0.184964,0.12019010317301948,0.06477389682698051,0.06477389682698051,35.019731835362975
0.408885,0.4735558370856232,-0.06467083708562321,0.06467083708562321,15.816387754455855
0.062183,0.1266972829573909,-0.06451428295739091,0.06451428295739091,103.74906783790077
0.626212,0.6907244838674131,-0.06451248386741315,0.06451248386741315,10.302019740457087
7.897819,7.9623291298228285,-0.06451012982282833,0.06451012982282833,0.8168094232345857
0.419364,0.4838416377524517,-0.06447763775245169,0.06447763775245169,15.37510080433146
3.391905,3.456316889320453,-0.06441188932045305,0.06441188932045305,1.898988601348035
0.41968,0.48407361063286913,-0.06439361063286914,0.06439361063286914,15.343502339288417
0.195112,0.13077991537542388,0.06433208462457612,0.06433208462457612,32.97187491881803
0.229366,0.29365334636656115,-0.06428734636656117,0.06428734636656117,28.028280712282065
0.50455,0.5688334670833761,-0.06428346708337607,0.06428346708337607,12.740752565778477
3.21834,3.282584978428245,-0.06424497842824506,0.06424497842824506,1.9962147699201713
0.218042,0.28226283571336097,-0.06422083571336096,0.06422083571336096,29.45342442460972
0.402,0.33791987177007954,0.06408012822992049,0.06408012822992049,15.940330401487598
0.644643,0.5806018791007617,0.0640411208992383,0.0640411208992383,9.934354501530917
0.137022,0.07307312340887506,0.06394887659112494,0.06394887659112494,46.670517540580654
0.474426,0.5382579313741118,-0.0638319313741118,0.0638319313741118,13.454560112779914
3.224681,3.2885041929769496,-0.06382319297694972,0.06382319297694972,1.9792095086295516
44.181855,44.245642520067854,-0.06378752006785504,0.06378752006785504,0.1443749251083067
0.055921,0.11970741102870619,-0.06378641102870619,0.06378641102870619,114.06521863815198
1.622174,1.5583999530010608,0.06377404699893918,0.06377404699893918,3.931393734273129
0.125213,0.06147052658306151,0.06374247341693848,0.06374247341693848,50.907232768188
0.11187,0.1756047136997516,-0.06373471369975162,0.06373471369975162,56.972122680593095
0.051902,0.1156305998816336,-0.0637285998816336,0.0637285998816336,122.7864046835328
0.528951,0.46536041568531417,0.06359058431468578,0.06359058431468578,12.022017975703566
0.871186,0.9346698536662643,-0.0634838536662643,0.0634838536662643,7.287060818123482
6.508895,6.4455017355737105,0.06339326442628934,0.06339326442628934,0.9739481805331841
3.907107,3.8438363875546155,0.06327061244538434,0.06327061244538434,1.6193724012105368
1.815668,1.8788026541198661,-0.06313465411986607,0.06313465411986607,3.4772135718858768
3.258436,3.3215688788936966,-0.06313287889369645,0.06313287889369645,1.937520911620143
0.840864,0.9039266506753911,-0.06306265067539119,0.06306265067539119,7.499744390043032
1.963714,1.900766088377086,0.06294791162291391,0.06294791162291391,3.205553946231903
0.141566,0.20446289486655544,-0.06289689486655545,0.06289689486655545,44.42937910382865
0.242099,0.30499492083735547,-0.06289592083735546,0.06289592083735546,25.979421976702106
1.788264,1.851124216694231,-0.06286021669423092,0.06286021669423092,3.5151530585369817
0.127486,0.19028915979290062,-0.06280315979290063,0.06280315979290063,49.26278943855627
0.030228,0.09301557591268406,-0.06278757591268405,0.06278757591268405,207.71329795213296
0.579132,0.5163767878643775,0.06275521213562252,0.06275521213562252,10.836080915022213
0.049368,0.11203026335256894,-0.06266226335256894,0.06266226335256894,126.92890784645931
0.237068,0.17453961761948378,0.06252838238051622,0.06252838238051622,26.375715977753433
5.841471,5.903943918511452,-0.062472918511451425,0.062472918511451425,1.0694723728044178
2.829486,2.7670926189191913,0.06239338108080883,0.06239338108080883,2.20511361705284
1.281618,1.2192568490955082,0.06236115090449168,0.06236115090449168,4.865814220744861
4.014037,3.951744631410808,0.06229236858919229,0.06229236858919229,1.5518633382711826
0.080857,0.1429627150444368,-0.06210571504443681,0.06210571504443681,76.80932382802662
5.034615,4.972548730751853,0.06206626924814618,0.06206626924814618,1.2327907744070479
0.048514,0.1105228661642883,-0.0620088661642883,0.0620088661642883,127.81643656773687
0.899504,0.8375044436224464,0.06199955637755361,0.06199955637755361,6.892638206240437
0.34356,0.40554065115800597,-0.061980651158005995,0.061980651158005995,18.0407064675647
0.806739,0.8686960290104935,-0.06195702901049349,0.06195702901049349,7.679934774792536
7.882219,7.8204840493265575,0.06173495067344259,0.06173495067344259,0.7832179069454855
6.606154,6.544424778890701,0.06172922110929946,0.06172922110929946,0.9344199530977485
7.082501,7.144224702191881,-0.06172370219188128,0.06172370219188128,0.8714958485852637
0.939104,1.0007937318603233,-0.06168973186032323,0.06168973186032323,6.56899894513858
0.064267,0.12589598516749945,-0.06162898516749944,0.06162898516749944,95.89522627725616
0.615118,0.6766596732248225,-0.0615416732248224,0.0615416732248224,10.004856501487119
3.965571,4.027020977807034,-0.06144997780703365,0.06144997780703365,1.5495871289527805
0.095197,0.033839005540006184,0.06135799445999382,0.06135799445999382,64.4537058894084
0.081645,0.1428883952104023,-0.06124339521040231,0.06124339521040231,75.01181350406088
0.078757,0.13992674769072266,-0.06116974769072267,0.06116974769072267,77.6689660767344
0.170889,0.23200297976798367,-0.06111397976798366,0.06111397976798366,35.76238361288396
2.51643,2.577488342518235,-0.06105834251823472,0.06105834251823472,2.426387482099972
0.126838,0.18782362294357213,-0.060985622943572126,0.060985622943572126,48.081507825328856
1.722179,1.7831286786006366,-0.060949678600636714,0.060949678600636714,3.539102416014689
0.447773,0.5086821884081942,-0.06090918840819426,0.06090918840819426,13.602693417109018
0.815761,0.8766664787055909,-0.06090547870559093,0.06090547870559093,7.466093463419414
0.082173,0.02132696592494554,0.060846034075054456,0.060846034075054456,74.04626093851776
1.339645,1.400469259615246,-0.06082425961524596,0.06082425961524596,4.540326699290158
0.544917,0.6056993624831009,-0.06078236248310087,0.06078236248310087,11.154425806489144
1.143633,1.0830128636115077,0.060620136388492174,0.060620136388492174,5.300663445632604
0.044208,0.10478764258880702,-0.06057964258880702,0.06057964258880702,137.03321220542392
0.235507,0.17495071340123047,0.06055628659876952,0.06055628659876952,25.713157814016725
2.647963,2.587413282477481,0.0605497175225187,0.0605497175225187,2.2866527032376225
0.457108,0.5175995872662291,-0.06049158726622911,0.06049158726622911,13.23354376930519
0.757694,0.8181801326984797,-0.06048613269847969,0.06048613269847969,7.982923540439381
0.162199,0.22256044216197068,-0.060361442161970674,0.060361442161970674,37.2144354310176
3.727629,3.7879648174573433,-0.0603358174573434,0.0603358174573434,1.618611118642032
1.656761,1.7170966881578806,-0.06033568815788071,0.06033568815788071,3.6417858794502598
0.245501,0.305804914209979,-0.06030391420997902,0.06030391420997902,24.563612443703043
0.317575,0.25742732051177697,0.06014767948822303,0.06014767948822303,18.939677074481096
1.007625,1.0677619234459002,-0.06013692344590016,0.06013692344590016,5.96818493387242
1.002985,0.9429350607687432,0.06004993923125679,0.06004993923125679,5.987122362275573
0.59871,0.5387231035523499,0.059986896447650095,0.059986896447650095,10.019357691976206
0.11126,0.17116042118966135,-0.05990042118966135,0.05990042118966135,53.83823578628718
0.427194,0.48708205297244334,-0.05988805297244332,0.05988805297244332,14.018935883562122
0.895956,0.836129217897895,0.059826782102105014,0.059826782102105014,6.677424125227979
0.592329,0.6520948735062362,-0.05976587350623619,0.05976587350623619,10.089979301392674
0.467342,0.5270772460236515,-0.05973524602365149,0.05973524602365149,12.781912605943738
0.894797,0.9545302886885239,-0.0597332886885239,0.0597332886885239,6.6756246033288305
0.15377,0.09412419246755377,0.05964580753244622,0.05964580753244622,38.78897541370699
0.334367,0.3939381733385474,-0.05957117333854739,0.05957117333854739,17.81610425691868
1.318326,1.3778685149964502,-0.059542514996450135,0.059542514996450135,4.51652436437828
0.938576,0.9980914548928439,-0.05951545489284393,0.05951545489284393,6.341037367938547
0.954028,1.0135275374383248,-0.05949953743832481,0.05949953743832481,6.236665740637397
3.938299,3.878844637641814,0.05945436235818624,0.05945436235818624,1.5096457215837749
0.566325,0.5068733640930212,0.05945163590697877,0.05945163590697877,10.49779471089586
2.395035,2.335748919591598,0.05928608040840189,0.05928608040840189,2.475374280790323
0.09081,0.1500766218911096,-0.059266621891109594,0.059266621891109594,65.26442222865893
2.307121,2.3663550268067173,-0.0592340268067173,0.0592340268067173,2.5674434415945178
2.100019,2.040826347105561,0.05919265289443887,0.05919265289443887,2.81867225447104
0.565041,0.6241370730115676,-0.05909607301156761,0.05909607301156761,10.45872299551871
0.072354,0.13127275822731477,-0.058918758227314766,0.058918758227314766,81.43123828106744
0.097746,0.0389886148022498,0.0587573851977502,0.0587573851977502,60.11231675734853
0.215162,0.15659026306518342,0.05857173693481657,0.05857173693481657,27.222156750538858
2.209388,2.150912239596707,0.058475760403293275,0.058475760403293275,2.646694939985488
0.167304,0.22574548877951628,-0.05844148877951627,0.05844148877951627,34.93131589476937
0.644254,0.7026216000344583,-0.05836760003445829,0.05836760003445829,9.059718686325358
0.058234,0.11655085429980616,-0.05831685429980616,0.05831685429980616,100.14227805004616
2.102727,2.1610320489391093,-0.05830504893910948,0.05830504893910948,2.7728301836775127
0.848538,0.7902473935328977,0.05829060646710227,0.05829060646710227,6.869534005575795
4.155094,4.21315714742668,-0.05806314742667951,0.05806314742667951,1.3973967237632197
0.686168,0.7441961413681923,-0.05802814136819234,0.05802814136819234,8.456841671388858
2.122125,2.180090647094879,-0.057965647094878836,0.057965647094878836,2.7314907035234657
0.07735,0.13521764007201398,-0.057867640072013976,0.057867640072013976,74.81272139263253
6.597806,6.540089184151714,0.05771681584828592,0.05771681584828592,0.8747880105509488
1.543899,1.4861853759508001,0.057713624049199774,0.057713624049199774,3.7381735492711377
5.300536,5.242839305985058,0.057696694014942373,0.057696694014942373,1.088506785235566
0.067839,0.12550093678164131,-0.05766193678164132,0.05766193678164132,84.99821149581084
24.432428,24.374891479645257,0.05753652035474488,0.05753652035474488,0.23549243797836789
0.30351,0.2459825982345798,0.057527401765420205,0.057527401765420205,18.954038333651663
0.761905,0.8193194906822932,-0.057414490682293096,0.057414490682293096,7.535649546171432
0.295648,0.2382805358262594,0.05736746417374061,0.05736746417374061,19.403975049496914
12.595354,12.652677638417707,-0.05732363841770649,0.05732363841770649,0.4551173267321535
0.535034,0.5922067647459208,-0.05717276474592081,0.05717276474592081,10.685818982575872
0.455945,0.5131014789826125,-0.0571564789826125,0.0571564789826125,12.535827560358525
0.577811,0.5206582201124164,0.057152779887583605,0.057152779887583605,9.891258539157674
2.067202,2.124298512761605,-0.05709651276160521,0.05709651276160521,2.7620190363033315
0.181769,0.1246936777293044,0.05707532227069559,0.05707532227069559,31.39992091021883
0.618992,0.676028018490701,-0.05703601849070106,0.05703601849070106,9.214338550657637
7.436734,7.4937040564828035,-0.056970056482803066,0.056970056482803066,0.76606285073578
0.179905,0.12301798054170021,0.0568870194582998,0.0568870194582998,31.620588325326814
2.147497,2.0906785119910154,0.05681848800898459,0.05681848800898459,2.645800576500865
0.398849,0.45544779989470996,-0.05659879989470995,0.05659879989470995,14.190533229497735
10.413357,10.469920606741798,-0.05656360674179872,0.05656360674179872,0.5431832092307557
1.372848,1.4293514297673902,-0.05650342976739009,0.05650342976739009,4.115781919285625
0.861299,0.9177417844671965,-0.056442784467196416,0.056442784467196416,6.553216067897814
1.191351,1.2477511589183798,-0.056400158918379795,0.056400158918379795,4.734134517337515
0.032071,0.0884242499950254,-0.0563532499950254,0.0563532499950254,175.71404015874577
13.638246,13.581939929625072,0.056306070374928296,0.056306070374928296,0.41285419235373405
0.234151,0.29042518157399755,-0.05627418157399755,0.05627418157399755,24.033286874693793
0.150404,0.20666739833748693,-0.05626339833748692,0.05626339833748692,37.40817950325705
0.457356,0.40133884126761643,0.056017158732383554,0.056017158732383554,12.248042820064788
0.054944,0.11091145777624334,-0.05596745777624334,0.05596745777624334,101.86272873176436
0.061958,0.11790863702718468,-0.05595063702718468,0.05595063702718468,90.30413657135567
0.830174,0.7742532210016506,0.05592077899834935,0.05592077899834935,6.736031120176412
0.976405,1.0321913159639848,-0.05578631596398487,0.05578631596398487,5.713440217765315
2.484438,2.428675246964298,0.055762753035701884,0.055762753035701884,2.2444815702165806
1.36728,1.4228603964685114,-0.05558039646851132,0.05558039646851132,4.065033969958332
0.821386,0.7658871789973958,0.05549882100260417,0.05549882100260417,6.756728382982842
0.381391,0.436765566110779,-0.05537456611077901,0.05537456611077901,14.519106663833153
37.86933,37.924637284887694,-0.05530728488769654,0.05530728488769654,0.1460476984608666
0.235358,0.2906314457269872,-0.05527344572698717,0.05527344572698717,23.48483829039265
4.826023,4.881228779184379,-0.05520577918437919,0.05520577918437919,1.1439186921246596
2.730899,2.786000355398116,-0.05510135539811589,0.05510135539811589,2.0177002297081725
0.097593,0.042572090716664235,0.055020909283335764,0.055020909283335764,56.377925903453985
0.160021,0.21501717845373136,-0.054996178453731365,0.054996178453731365,34.368100698885314
0.362118,0.30712546093505466,0.054992539064945334,0.054992539064945334,15.186358880187942
1.339343,1.284361346059267,0.054981653940732844,0.054981653940732844,4.1051212375491355
1.981032,2.0359966660534,-0.0549646660534,0.0549646660534,2.7745471072968764
0.089886,0.14483715373587813,-0.05495115373587814,0.05495115373587814,61.134274163656045
0.711495,0.6565664995758098,0.054928500424190174,0.054928500424190174,7.7201526948847174
0.034163,0.08908010748794126,-0.054917107487941264,0.054917107487941264,160.75024830135237
0.314973,0.36970501832153957,-0.054732018321539566,0.054732018321539566,17.376733340369757
0.378737,0.43342114433025003,-0.05468414433025004,0.05468414433025004,14.438553485878455
0.041016,0.09569736061304823,-0.054681360613048235,0.054681360613048235,133.31714569858372
0.818347,0.8729182681990864,-0.05457126819908631,0.05457126819908631,6.668475376877758
0.261437,0.20689590763009136,0.05454109236990862,0.05454109236990862,20.862040319100426
1.990523,2.0449039291865567,-0.05438092918655668,0.05438092918655668,2.731992003298866
8.949605,8.89524211120678,0.05436288879321971,0.05436288879321971,0.6074333872010248
0.842601,0.7882424196489453,0.054358580351054786,0.054358580351054786,6.451283625892149
0.405321,0.3509868600954036,0.0543341399045964,0.0543341399045964,13.405212138327693
1.065218,1.0110044853600613,0.05421351463993873,0.05421351463993873,5.089429077883523
0.50244,0.44830848482247276,0.054131515177527234,0.054131515177527234,10.773727244398039
0.310629,0.3647273462579257,-0.0540983462579257,0.0540983462579257,17.415742329437997
8.073557,8.019473242653032,0.05408375734696769,0.05408375734696769,0.669887601540409
0.489071,0.5431544343271817,-0.05408343432718171,0.05408343432718171,11.058401401048787
0.157058,0.21113628911394144,-0.05407828911394144,0.05407828911394144,34.43204999395726
0.135231,0.08116375199815096,0.05406724800184903,0.05406724800184903,39.9814006861353
1.652442,1.5983974628381894,0.05404453716181057,0.05404453716181057,3.2705860271368064
1.769183,1.8231552394014194,-0.053972239401419486,0.053972239401419486,3.0506872041144866
0.120596,0.06665979405011768,0.05393620594988231,0.05393620594988231,44.72470555006601
6.224546,6.170615408532488,0.053930591467512556,0.053930591467512556,0.866418072364573
0.182506,0.23630184458697912,-0.053795844586979114,0.053795844586979114,29.476206019255752
1.130207,1.0764900047203767,0.05371699527962326,0.05371699527962326,4.752845741963235
3.79515,3.7416314607394323,0.05351853926056771,0.05351853926056771,1.4101824502103348
0.556655,0.5031903818730719,0.053464618126928154,0.053464618126928154,9.604623710794574
1.668112,1.61468444216084,0.05342755783916009,0.05342755783916009,3.202875936145607
0.147291,0.09388235868875228,0.05340864131124773,0.05340864131124773,36.26062778783978
1.462751,1.5161336262420733,-0.05338262624207335,0.05338262624207335,3.6494677657662775
0.047784,0.10103252359226289,-0.05324852359226289,0.05324852359226289,111.43588540270176
0.472034,0.4187994172149807,0.0532345827850193,0.0532345827850193,11.27770092276014
0.394557,0.4477652881581662,-0.053208288158166195,0.053208288158166195,13.485577025545261
4.898788,4.951933002010639,-0.05314500201063943,0.05314500201063943,1.0848602145990922
0.162641,0.21571089261940912,-0.053069892619409115,0.053069892619409115,32.63008256637565
1.045131,0.9921454882944367,0.052985511705563315,0.052985511705563315,5.0697483569517665
1.634183,1.581231250101368,0.05295174989863205,0.05295174989863205,3.240258275565943
0.614551,0.5615999251958854,0.05295107480411454,0.05295107480411454,8.616221403186769
0.035634,0.08842088539791959,-0.05278688539791959,0.05278688539791959,148.13628907723887
0.1684,0.22111592638708544,-0.05271592638708544,0.05271592638708544,31.30399427302936
0.965642,1.018334725707458,-0.05269272570745798,0.05269272570745798,5.45675578547756
0.065645,0.013015912178119038,0.05262908782188096,0.05262908782188096,80.1722716759977
0.050299,0.1028888541627353,-0.052589854162735296,0.052589854162735296,104.55447237157959
13.240559,13.293102474601246,-0.0525434746012472,0.0525434746012472,0.39683728308487853
0.028108,0.0805862587267896,-0.052478258726789594,0.052478258726789594,186.70221481459862
2.128065,2.075649908658054,0.052415091341945885,0.052415091341945885,2.463039960691184
0.14244,0.19482956897886083,-0.05238956897886082,0.05238956897886082,36.78009614018585
0.249562,0.19717884060525392,0.05238315939474608,0.05238315939474608,20.99003829659806
0.585397,0.6377130318077917,-0.05231603180779176,0.05231603180779176,8.936846584259046
0.076821,0.12909086046821372,-0.05226986046821372,0.05226986046821372,68.0411090719629
0.082357,0.030120267960583647,0.05223673203941635,0.05223673203941635,63.42719134498485
0.371045,0.4232226580865337,-0.052177658086533685,0.052177658086533685,14.062353103389436
0.605148,0.5529786758843471,0.05216932411565289,0.05216932411565289,8.620919858783632
6.1818,6.129667314771144,0.05213268522885617,0.05213268522885617,0.8433253296452949
1.221148,1.1690382199862555,0.052109780013744444,0.052109780013744444,4.267278004752672
0.069895,0.017858074938835955,0.052036925061164044,0.052036925061164044,74.45013947594808
1.572076,1.6239948153721286,-0.05191881537212861,0.05191881537212861,3.302563958029131
0.716719,0.7683574100432189,-0.051638410043218896,0.051638410043218896,7.204833419515048
0.052151,0.10374505852129445,-0.05159405852129445,0.05159405852129445,98.93205963905272
2.810207,2.7586276231752347,0.05157937682476543,0.05157937682476543,1.835429803673893
0.148618,0.2001936306610368,-0.05157563066103679,0.05157563066103679,34.703488558810704
0.168728,0.22029652806606137,-0.05156852806606138,0.05156852806606138,30.56311224900329
1.004016,0.95259459240323,0.05142140759677005,0.05142140759677005,5.1215725239088306
0.030206,0.0815455476109932,-0.0513395476109932,0.0513395476109932,169.96473363248515
0.130002,0.07880595870490481,0.051196041295095196,0.051196041295095196,39.38096433571347
3.806148,3.857317793284569,-0.05116979328456894,0.05116979328456894,1.3443984123377373
0.825148,0.8762107977002316,-0.05106279770023159,0.05106279770023159,6.1883198764395315
0.209672,0.15862069255853584,0.05105130744146416,0.05105130744146416,24.34817592101758
1.207996,1.259042282850686,-0.05104628285068591,0.05104628285068591,4.225699658480674
0.440381,0.3893837053550371,0.05099729464496294,0.05099729464496294,11.580266776582702
1.711649,1.7624834993905765,-0.05083449939057649,0.05083449939057649,2.9699137724852807
0.22523,0.1744345216905252,0.05079547830947481,0.05079547830947481,22.552714241851483
2.233655,2.1828784915746056,0.050776508425394606,0.050776508425394606,2.2732475885094767
3.638095,3.5873255751318514,0.050769424868148505,0.050769424868148505,1.395494753896009
0.221813,0.27251724621075013,-0.05070424621075012,0.05070424621075012,22.8590056434434
0.579193,0.6298471715974543,-0.050654171597454334,0.050654171597454334,8.74564637153914
17.364961,17.31433904596122,0.05062195403878178,0.05062195403878178,0.2915178101378417
0.533239,0.4826433729354065,0.05059562706459353,0.05059562706459353,9.488358326211168
0.275474,0.326018470834331,-0.050544470834331,0.050544470834331,18.34818197578821
0.096746,0.14717462518490976,-0.05042862518490976,0.05042862518490976,52.124764985410245
0.958686,0.9084864013722438,0.05019959862775625,0.05019959862775625,5.236292031230241
1.125796,1.1759198956473327,-0.05012389564733266,0.05012389564733266,4.452307135829258
1.239935,1.2900389208395922,-0.05010392083959214,0.05010392083959214,4.040850595841822
0.261253,0.3111310992217078,-0.04987809922170777,0.04987809922170777,19.091876151705776
0.164658,0.21451452742131139,-0.049856527421311386,0.049856527421311386,30.2788369778769
1.286052,1.335842242950843,-0.049790242950843,0.049790242950843,3.871557522321915
0.100054,0.14956792762128046,-0.04951392762128046,0.04951392762128046,49.48720448137331
0.766334,0.7168597652977091,0.04947423470229084,0.04947423470229084,6.455962373564905
0.503923,0.45464880313121014,0.049274196868789866,0.049274196868789866,9.7781202403962
0.063536,0.11274276892688562,-0.04920676892688562,0.04920676892688562,77.4470675671093
1.526412,1.5754701304471297,-0.04905813044712959,0.04905813044712959,3.2139507841864208
0.489426,0.44039551206142846,0.049030487938571565,0.049030487938571565,10.017957347699879
0.075405,0.12432118648269963,-0.04891618648269963,0.04891618648269963,64.87127699466662
0.091124,0.13997060672690864,-0.048846606726908645,0.048846606726908645,53.60454619343324
0.81851,0.8673380293580522,-0.048828029358052194,0.048828029358052194,5.965477434861727
4.516209,4.467453095625206,0.0487559043747936,0.0487559043747936,1.0795759092131039
0.197765,0.24651611917163763,-0.04875111917163763,0.04875111917163763,24.65103488837084
1.911509,1.9602258908739074,-0.048716890873907515,0.048716890873907515,2.548609024145788
0.642215,0.5935457837366478,0.04866921626335219,0.04866921626335219,7.578336889635691
3.805903,3.8544591721033648,-0.048556172103364936,0.048556172103364936,1.2758121292657518
0.161832,0.21034935685264955,-0.048517356852649546,0.048517356852649546,29.98007614233864
0.069981,0.11841912718156777,-0.04843812718156777,0.04843812718156777,69.21611167652885
1.89928,1.8508993628407424,0.04838063715925767,0.04838063715925767,2.547314622210014
0.114928,0.16304209295961059,-0.04811409295961058,0.04811409295961058,41.86455251787731
0.196934,0.14897530684113036,0.047958693158869636,0.047958693158869636,24.352673045038927
1.740164,1.7881132899036452,-0.04794928990364511,0.04794928990364511,2.755446607382388
0.14576,0.19370614199052483,-0.047946141990524827,0.047946141990524827,32.89389541549871
4.633037,4.680930527789226,-0.04789352778922584,0.04789352778922584,1.0337393763138973
1.697995,1.650108147817381,0.04788685218261901,0.04788685218261901,2.8201998344988537
0.253619,0.30145729832410595,-0.047838298324105966,0.047838298324105966,18.862269114397463
14.924233,14.876547571756172,0.04768542824382749,0.04768542824382749,0.31951677679856627
0.620499,0.5728703441806751,0.04762865581932496,0.04762865581932496,7.67586342792641
0.072885,0.12048568465342058,-0.04760068465342057,0.04760068465342057,65.30930176046
1.506751,1.4592109801084447,0.04754001989155521,0.04754001989155521,3.155134450775216
0.094194,0.14157374246308407,-0.047379742463084074,0.047379742463084074,50.300170300426686
0.53023,0.48292908898313414,0.04730091101686584,0.04730091101686584,8.920828887076366
0.295491,0.34265563463217674,-0.04716463463217674,0.04716463463217674,15.961445396379345
0.433206,0.4803597707429077,-0.04715377074290772,0.04715377074290772,10.884837867440174
3.847104,3.799973808119505,0.04713019188049472,0.04713019188049472,1.2250823445186207
0.251521,0.2986204054595589,-0.04709940545955893,0.04709940545955893,18.725834201054028
0.048851,0.09589599366804791,-0.04704499366804791,0.04704499366804791,96.30303079106851
0.21118,0.16414056803355948,0.04703943196644053,0.04703943196644053,22.27456764095367
0.049884,0.09682720311767312,-0.046943203117673124,0.046943203117673124,94.10472901845962
0.311244,0.35812532077710557,-0.04688132077710555,0.04688132077710555,15.062562093419626
2.007976,1.961120123760871,0.046855876239129124,0.046855876239129124,2.333487862245148
4.061891,4.108697591007537,-0.04680659100753726,0.04680659100753726,1.1523349840353894
0.093414,0.04662506036302716,0.04678893963697284,0.04678893963697284,50.08771660231349
0.251887,0.29861658746478525,-0.04672958746478523,0.04672958746478523,18.55180594720387
0.044988,-0.0016344526205500642,0.046622452620550064,0.046622452620550064,103.63308552706715
0.065992,0.019405502583630607,0.04658649741636939,0.04658649741636939,70.59415890679966
0.261363,0.2148212531410536,0.04654174685894641,0.04654174685894641,17.80732040921595
0.45451,0.40798777225253247,0.04652222774746756,0.04652222774746756,10.23568848589291
1.978051,2.024567498629885,-0.04651649862988516,0.04651649862988516,2.3516329269333056
0.423197,0.3769250689530246,0.04627193104697541,0.04627193104697541,10.933898642013414
0.171543,0.12528852442557437,0.046254475574425635,0.046254475574425635,26.96377908015008
2.724899,2.6786686748935686,0.04623032510643155,0.04623032510643155,1.6965885746493707
0.295179,0.34138874372267836,-0.04620974372267833,0.04620974372267833,15.65482087378286
8.823722,8.777517191982504,0.046204808017495935,0.046204808017495935,0.5236430614764641
1.611706,1.6579041872865758,-0.046198187286575765,0.046198187286575765,2.8664152943346584
0.582252,0.6283209203339517,-0.04606892033395171,0.04606892033395171,7.91219614978386
2.739612,2.693564002039068,0.046047997960932285,0.046047997960932285,1.680821881319379
0.535878,0.5818643798776328,-0.04598637987763288,0.04598637987763288,8.581501735292619
4.440498,4.4864624062835965,-0.04596440628359666,0.04596440628359666,1.0351182746295922
0.212106,0.2580058213860603,-0.04589982138606033,0.04589982138606033,21.640039114603212
0.55965,0.6055133929597929,-0.045863392959792915,0.045863392959792915,8.19501348192583
0.049444,0.09529016433064186,-0.045846164330641856,0.045846164330641856,92.7234128264672
0.964997,0.9191692511067409,0.045827748893259135,0.045827748893259135,4.749004285869296
2.884926,2.8392768185894877,0.04564918141051244,0.04564918141051244,1.582334569723109
0.853486,0.8990926814065077,-0.0456066814065077,0.0456066814065077,5.3435769773803115
4.562754,4.608259559947477,-0.04550555994747718,0.04550555994747718,0.9973266134111078
3.65346,3.6989473308722065,-0.04548733087220658,0.04548733087220658,1.2450480057523972
7.784401,7.739026375080037,0.04537462491996269,0.04537462491996269,0.5828916691133949
0.98641,1.0317267248590305,-0.04531672485903049,0.04531672485903049,4.594106391301424
2.098927,2.144236325789471,-0.045309325789471,0.045309325789471,2.1586899300124447
0.781073,0.8263547589070228,-0.045281758907022795,0.045281758907022795,5.797378593450985
0.235782,0.28090621527744375,-0.04512421527744376,0.04512421527744376,19.138108616563457
0.106773,0.1518681445018224,-0.04509514450182239,0.04509514450182239,42.23459531865528
0.103278,0.05819786803755278,0.045080131962447215,0.045080131962447215,43.64930761517255
0.468852,0.5138177191922715,-0.04496571919227149,0.04496571919227149,9.590599844445773
0.207254,0.2522154278882347,-0.044961427888234706,0.044961427888234706,21.69387701397359
0.946464,0.9913493701543636,-0.04488537015436367,0.04488537015436367,4.74242762002794
3.749885,3.7050114757047012,0.04487352429529867,0.04487352429529867,1.1966640122057612
1.359407,1.4042356111363645,-0.04482861113636449,0.04482861113636449,3.2976592832806384
0.115615,0.07085479344229384,0.044760206557706156,0.044760206557706156,38.714878276167696
0.170394,0.12568651454112967,0.04470748545887032,0.04470748545887032,26.237711088789872
2.662831,2.6181235375737035,0.04470746242629664,0.04470746242629664,1.6789447931399963
0.879314,0.9240107598968237,-0.044696759896823646,0.044696759896823646,5.083139798950148
0.427441,0.4721213785054772,-0.04468037850547718,0.04468037850547718,10.452993160465232
0.415078,0.4596665758806715,-0.0445885758806715,0.0445885758806715,10.74221613044519
0.203012,0.24729069257708503,-0.04427869257708503,0.04427869257708503,21.810874507553322
0.042681,0.08680272298237313,-0.04412172298237313,0.04412172298237313,103.37556027037222
4.236228,4.280277909183988,-0.04404990918398877,0.04404990918398877,1.0398380158704614
19.357962,19.401961282925487,-0.04399928292548694,0.04399928292548694,0.2272929501838037
7.150801,7.194765781855914,-0.04396478185591324,0.04396478185591324,0.6148231765266354
2.159024,2.2029670760107436,-0.04394307601074354,0.04394307601074354,2.035321330782253
0.644792,0.6886477195714278,-0.043855719571427754,0.043855719571427754,6.801529728133447
7.544129,7.500335570366522,0.0437934296334781,0.0437934296334781,0.5804968291620889
12.178688,12.134964269542458,0.04372373045754152,0.04372373045754152,0.3590183971966644
0.22671,0.27030591264177417,-0.043595912641774176,0.043595912641774176,19.22981457480674
0.260752,0.30429060004790287,-0.04353860004790289,0.04353860004790289,16.69732160489874
0.098917,0.14240516511542722,-0.04348816511542722,0.04348816511542722,43.964298423388215
0.663524,0.7068951973198949,-0.043371197319894916,0.043371197319894916,6.536492623229669
0.794071,0.7507009601352621,0.043370039864737864,0.043370039864737864,5.46173325298067
4.106583,4.063256305911649,0.04332669408835077,0.04332669408835077,1.0550546302679313
0.83307,0.7897508300746736,0.04331916992532636,0.04331916992532636,5.199943572584107
10.593937,10.550716074850026,0.04322092514997422,0.04322092514997422,0.40797793256242926
2.384474,2.4276908152666117,-0.0432168152666117,0.0432168152666117,1.8124255187852445
5.502726,5.459666166684389,0.043059833315610696,0.043059833315610696,0.7825182157866515
2.789951,2.7469038157592625,0.04304718424073739,0.04304718424073739,1.5429369275372382
1.005393,1.048424665461475,-0.04303166546147508,0.04303166546147508,4.2800840524247725
0.192691,0.14966728921449857,0.043023710785501434,0.043023710785501434,22.327825774516512
3.989826,4.0327806534605255,-0.04295465346052563,0.04295465346052563,1.0766046804910545
4.761466,4.804382820740361,-0.04291682074036096,0.04291682074036096,0.90133628465392
0.142679,0.18558586255279153,-0.042906862552791525,0.042906862552791525,30.072303928902794
18.044607,18.00188464520157,0.04272235479842834,0.04272235479842834,0.2367596855846824
1.664899,1.707313454242012,-0.04241445424201218,0.04241445424201218,2.5475692062680446
0.079099,0.036753144550679906,0.0423458554493201,0.0423458554493201,53.53526011173951
1.299129,1.2568041702564443,0.04232482974355567,0.04232482974355567,3.257938952967544
0.616626,0.5743257819539913,0.0423002180460087,0.0423002180460087,6.859947202866688
2.424477,2.382177356218328,0.042299643781671836,0.042299643781671836,1.744691485212157
1.20046,1.242673917490027,-0.0422139174900269,0.0422139174900269,3.5164784737942467
0.275874,0.3180728554044059,-0.04219885540440588,0.04219885540440588,15.296423508235446
0.155636,0.19780570284061127,-0.04216970284061128,0.04216970284061128,27.095082637382223
0.029655,0.07182266820281313,-0.04216766820281313,0.04216766820281313,142.19412598421513
0.048779,0.09089881103699327,-0.04211981103699326,0.04211981103699326,86.34824607032742
0.696288,0.6542047457213549,0.04208325427864512,0.04208325427864512,6.043943637202016
0.618675,0.6606937081592186,-0.0420187081592186,0.0420187081592186,6.791725567127631
0.058053,0.10000782723347967,-0.04195482723347967,0.04195482723347967,72.26986919058412
6.151347,6.193207164607077,-0.04186016460707709,0.04186016460707709,0.6805040360492844
0.121922,0.16374216938588404,-0.04182016938588404,0.04182016938588404,34.3007573297545
3.840651,3.7988410985086745,0.04180990149132535,0.04180990149132535,1.0886149637193472
2.884655,2.9264343571047764,-0.04177935710477643,0.04177935710477643,1.4483311558341672
1.074785,1.1165565326087794,-0.041771532608779305,0.041771532608779305,3.8865012634985416
0.105659,0.0639653682420871,0.04169363175791291,0.04169363175791291,39.46055870153262
6.521923,6.563604527336569,-0.04168152733656871,0.04168152733656871,0.6390987341606089
0.447073,0.4885557022371998,-0.0414827022371998,0.0414827022371998,9.278731264898813
0.223598,0.18213413079517693,0.04146386920482306,0.04146386920482306,18.54393562835049
0.062436,0.1037860252870324,-0.0413500252870324,0.0413500252870324,66.22785767955114
0.164766,0.1236095497796903,0.0411564502203097,0.0411564502203097,24.97872752590399
7.908304,7.9493140568338525,-0.04101005683385228,0.04101005683385228,0.5185695546520936
3.091043,3.0500407537272363,0.04100224627276372,0.04100224627276372,1.3264857936766727
0.146059,0.10505876615609822,0.04100023384390178,0.04100023384390178,28.071008165077654
0.107323,0.1482803123802512,-0.04095731238025119,0.04095731238025119,38.162660699093884
1.430921,1.4718224899319203,-0.04090148993192022,0.04090148993192022,2.8584030794894906
1.142528,1.1016988150804181,0.04082918491958187,0.04082918491958187,3.5735828720178664
0.208671,0.16791404245527985,0.04075695754472014,0.04075695754472014,19.53168266083378
0.235903,0.19521995703053463,0.04068304296946537,0.04068304296946537,17.245665783063252
0.231985,0.2726268809532044,-0.04064188095320442,0.04064188095320442,17.519184833366484
0.427868,0.4684165698310494,-0.040548569831049375,0.040548569831049375,9.476887690028814
0.481357,0.4408553161840132,0.04050168381598679,0.04050168381598679,8.414063534460436
0.119177,0.07868686080323783,0.04049013919676217,0.04049013919676217,33.974793091609435
1.794205,1.753717513843739,0.040487486156260966,0.040487486156260966,2.2565696870761367
1.703647,1.74409871470899,-0.040451714708990005,0.040451714708990005,2.374418803109775
4.013929,4.054379877699088,-0.040450877699087506,0.040450877699087506,1.007762660925984
0.442831,0.48321741511456295,-0.04038641511456298,0.04038641511456298,9.120051465557498
1.392815,1.3524370232284788,0.04037797677152111,0.04037797677152111,2.899019379359218
0.065006,0.10537788448913687,-0.04037188448913688,0.04037188448913688,62.104858670018196
0.449127,0.489473314313166,-0.04034631431316599,0.04034631431316599,8.983275176995084
31.100095,31.059972895514008,0.04012210448599163,0.04012210448599163,0.1290095881889191
0.126279,0.16630883572426924,-0.04002983572426924,0.04002983572426924,31.69951907488159
0.28223,0.32220207169714854,-0.03997207169714856,0.03997207169714856,14.162942168793402
1.109643,1.1496113957074883,-0.039968395707488336,0.039968395707488336,3.6019148234059446
1.334263,1.3742262262869147,-0.03996322628691473,0.03996322628691473,2.9951536004460575
0.333954,0.3738523501293436,-0.03989835012934362,0.03989835012934362,11.94725923851679
0.169688,0.1298851203320801,0.0398028796679199,0.0398028796679199,23.456508205921097
12.215556,12.17580672653748,0.039749273462518886,0.039749273462518886,0.3253988067525825
1.35589,1.3954542325911845,-0.03956423259118447,0.03956423259118447,2.917952974670992
0.224511,0.2640346962713842,-0.03952369627138422,0.03952369627138422,17.604347338785125
6.180269,6.140803268915425,0.03946573108457496,0.03946573108457496,0.6385762672132295
0.101304,0.14073050165303158,-0.039426501653031576,0.039426501653031576,38.918997881734754
1.83542,1.8747954972603935,-0.039375497260393466,0.039375497260393466,2.1453126400632088
8.81105,8.771680978372649,0.03936902162735123,0.03936902162735123,0.4468141893066595
0.83559,0.8749087929776991,-0.039318792977699024,0.039318792977699024,4.7055126285610775
0.285861,0.32513514293405166,-0.03927414293405168,0.03927414293405168,13.738895099475895
2.894004,2.9332177248728826,-0.03921372487288277,0.03921372487288277,1.3549989865780343
1.196486,1.235645474525782,-0.03915947452578217,0.03915947452578217,3.272873608425782
3.216728,3.1776028336163904,0.03912516638360941,0.03912516638360941,1.2163032243445238
2.55946,2.5985012850896254,-0.039041285089625344,0.039041285089625344,1.525371956901064
0.044976,0.006016532607276304,0.0389594673927237,0.0389594673927237,86.62279283640363
0.05895,0.09787595062266519,-0.038925950622665184,0.038925950622665184,66.03214683059039
0.132295,0.17116182162067162,-0.03886682162067162,0.03886682162067162,29.378904411574673
0.070689,0.10955207663540989,-0.03886307663540989,0.03886307663540989,54.9775447105382
2.907594,2.9463886603635068,-0.03879466036350676,0.03879466036350676,1.3342530065123435
0.766495,0.8051801579109039,-0.03868515791090388,0.03868515791090388,5.047020255299364
10.074307,10.11295976019415,-0.038652760194150204,0.038652760194150204,0.3836766161063637
0.738834,0.7002388368564141,0.03859516314358591,0.03859516314358591,5.223793590760863
0.046533,0.08510247456366926,-0.03856947456366926,0.03856947456366926,82.88628388623768
0.233918,0.2724818363910195,-0.03856383639101954,0.03856383639101954,16.486049117440082
0.248459,0.2869437851220269,-0.03848478512202688,0.03848478512202688,15.489390646560395
9.283261,9.321633756158407,-0.03837275615840774,0.03837275615840774,0.4133542745161898
0.210267,0.17221349636688643,0.03805350363311358,0.03805350363311358,18.097706066580045
31.103336,31.065508643703364,0.03782735629663492,0.03782735629663492,0.1216183251099281
0.462355,0.4246150174163361,0.0377399825836639,0.0377399825836639,8.162555303933415
1.529431,1.5671154840130335,-0.03768448401303348,0.03768448401303348,2.4639545040325146
0.306157,0.26847826621121484,0.03767873378878517,0.03767873378878517,12.306997317218999
0.537056,0.5745931481767848,-0.037537148176784774,0.037537148176784774,6.989429066949321
1.385239,1.3477231237607086,0.037515876239291535,0.037515876239291535,2.708260180126554
0.40651,0.44394641812729674,-0.037436418127296756,0.037436418127296756,9.209224402373259
5.441972,5.479314887032777,-0.03734288703277677,0.03734288703277677,0.686201381265662
0.420637,0.45797143448162814,-0.037334434481628154,0.037334434481628154,8.875689602377456
11.548317,11.585634488014612,-0.037317488014611655,0.037317488014611655,0.3231422207607265
1.188805,1.2260977561087785,-0.03729275610877858,0.03729275610877858,3.1369952267732377
0.443113,0.4803267552810091,-0.03721375528100912,0.03721375528100912,8.398254005775247
1.955246,1.9181057063311755,0.03714029366882454,0.03714029366882454,1.8995202479342763
3.310174,3.3472803484056257,-0.037106348405625766,0.037106348405625766,1.1209787885623168
4.793082,4.830139847008784,-0.037057847008783895,0.037057847008783895,0.7731527857860713
0.235814,0.27283484092263777,-0.03702084092263777,0.03702084092263777,15.69917006918105
0.058678,0.09563149036150165,-0.03695349036150165,0.03695349036150165,62.976737957198445
0.155557,0.11867737930388245,0.036879620696117554,0.036879620696117554,23.708107428408525
0.43837,0.4752193106827143,-0.0368493106827143,0.0368493106827143,8.405983683716567
1.082807,1.119603929609987,-0.03679692960998682,0.03679692960998682,3.3982907024602285
2.837242,2.800449548486796,0.03679245151320387,0.03679245151320387,1.296768182337182
1.401039,1.3642500227752592,0.036788977224740727,0.036788977224740727,2.625835342350562
0.697553,0.7341228820695846,-0.03656988206958467,0.03656988206958467,5.242595482256126
0.725097,0.7616368517890209,-0.03653985178902086,0.03653985178902086,5.039305332111643
0.210443,0.17394322613118263,0.036499773868817365,0.036499773868817365,17.3442565689869
11.72048,11.684015112724602,0.03646488727539854,0.03646488727539854,0.31112110830859674
1.929748,1.8933052684010612,0.03644273159893885,0.03644273159893885,1.8884710126426028
0.178734,0.21516271241858576,-0.03642871241858575,0.03642871241858575,20.38152360390537
0.984278,0.9479273493830114,0.03635065061698861,0.03635065061698861,3.6931284264501985
1.536634,1.5003567843722116,0.036277215627788406,0.036277215627788406,2.360823437814573
0.234823,0.2710824423569562,-0.03625944235695622,0.03625944235695622,15.4411800979951
1.312981,1.349204719955658,-0.036223719955658096,0.036223719955658096,2.758891404589953
0.107154,0.14324455675677683,-0.03609055675677683,0.03609055675677683,33.681016782477386
0.244625,0.20872369456643725,0.035901305433562763,0.035901305433562763,14.67605740169104
8.385066,8.42093263692544,-0.03586663692543901,0.03586663692543901,0.42774424107110504
0.733248,0.7691019746056185,-0.035853974605618455,0.035853974605618455,4.889747343426604
5.869881,5.90565400326221,-0.03577300326220989,0.03577300326220989,0.6094331939880971
0.053299,0.08880274403382771,-0.03550374403382771,0.03550374403382771,66.61240167210511
0.097749,0.13317828826929912,-0.035429288269299114,0.035429288269299114,36.245166940893455
0.04744,0.08284660370536301,-0.035406603705363006,0.035406603705363006,74.63449331941085
0.304899,0.26952136235917834,0.035377637640821635,0.035377637640821635,11.60306777956588
0.770723,0.7353524885092142,0.03537051149078585,0.03537051149078585,4.589263780397962
0.117026,0.08172093345951481,0.035305066540485194,0.035305066540485194,30.168566395772416
0.087668,0.05236504418303056,0.035302955816969434,0.035302955816969434,40.268918849181595
0.101857,0.06662517116519595,0.03523182883480405,0.03523182883480405,34.589501752667516
2.008174,2.04333236581094,-0.03515836581094023,0.03515836581094023,1.7507629223956422
2.469282,2.434229911000674,0.03505208899932599,0.03505208899932599,1.4195255543071412
4.872507,4.907522417650014,-0.03501541765001459,0.03501541765001459,0.7186324750132932
1.605934,1.6408900421531243,-0.03495604215312431,0.03495604215312431,2.1766798729554035
9.735135,9.769978671206122,-0.034843671206122195,0.034843671206122195,0.3579166719903143
0.356771,0.32196487541151697,0.034806124588483034,0.034806124588483034,9.755872696695404
0.378339,0.413004547560881,-0.03466554756088103,0.03466554756088103,9.16256255678597
0.212773,0.17818434497756996,0.034588655022430026,0.034588655022430026,16.25612977500618
0.256386,0.29091124086671627,-0.03452524086671627,0.03452524086671627,13.46611782751404
4.159692,4.1252266977800485,0.034465302219951255,0.034465302219951255,0.8285541866831175
0.466456,0.5005976551506599,-0.03414165515065992,0.03414165515065992,7.319373133444644
0.120213,0.08608261783395932,0.03413038216604068,0.03413038216604068,28.391590042382347
0.932538,0.9662995416030498,-0.03376154160304978,0.03376154160304978,3.6203931206481013
1.71729,1.7510294896902963,-0.033739489690296276,0.033739489690296276,1.964693772649441
0.441837,0.4081053479404204,0.033731652059579564,0.033731652059579564,7.634410891787051
2.622978,2.589324637671469,0.03365336232853089,0.03365336232853089,1.2830211434197265
3.484553,3.4509104968000415,0.03364250319995854,0.03364250319995854,0.9654754339794248
0.24505,0.2114446114910642,0.033605388508935796,0.033605388508935796,13.713686388582783
8.467219,8.433659609961962,0.03355939003803776,0.03355939003803776,0.3963448924332938
0.25659,0.2901353255922423,-0.033545325592242325,0.033545325592242325,13.073512443652838
7.730905,7.697392036398707,0.03351296360129297,0.03351296360129297,0.4334934086094639
0.378328,0.41183609862614645,-0.033508098626146454,0.033508098626146454,8.856891009200895
0.06855,0.10204577012147453,-0.03349577012147453,0.03349577012147453,48.863267793743645
3.189673,3.223118262121263,-0.033445262121262864,0.033445262121262864,1.0485483032340406
0.412801,0.37943590491816437,0.033365095081835605,0.033365095081835605,8.082610040613515
2.311838,2.278530716658633,0.03330728334136701,0.03330728334136701,1.4407273926601383
7.382089,7.348795545749589,0.03329345425041108,0.03329345425041108,0.4510031543911226
0.303785,0.33700829287104384,-0.03322329287104381,0.03322329287104381,10.936449416563477
2.411059,2.3779195131386146,0.03313948686138524,0.03313948686138524,1.3744784702494117
3.501182,3.4680652998487833,0.033116700151216705,0.033116700151216705,0.9458719983785714
3.404881,3.371797084876924,0.03308391512307596,0.03308391512307596,0.9716614214154415
0.647349,0.6143463417415909,0.03300265825840909,0.03300265825840909,5.098124543841261
0.039766,0.07262479471664562,-0.03285879471664562,0.03285879471664562,82.6303742745442
3.021661,2.9888632566094433,0.03279774339055663,0.03279774339055663,1.0854210114725382
0.525054,0.5578225769310627,-0.03276857693106272,0.03276857693106272,6.240991769384049
0.66597,0.6986883962779977,-0.032718396277997774,0.032718396277997774,4.91289341458097
0.377509,0.3448817585445454,0.03262724145545459,0.03262724145545459,8.64277181386717
3.79982,3.8324399913061864,-0.032619991306186424,0.032619991306186424,0.8584614877896312
2.090131,2.0576228593413006,0.032508140658699336,0.032508140658699336,1.5553159422612277
0.335727,0.36819722487457796,-0.03247022487457796,0.03247022487457796,9.67161558793494
0.106825,0.13915066746200466,-0.03232566746200466,0.03232566746200466,30.26039544277488
3.846551,3.878822052384022,-0.03227105238402217,0.03227105238402217,0.838960730877693
2.131293,2.1635633064120583,-0.032270306412058414,0.032270306412058414,1.5141187256066762
0.358264,0.3904236481753074,-0.032159648175307365,0.032159648175307365,8.976522387493814
0.090822,0.058780236297408806,0.032041763702591194,0.032041763702591194,35.2797380230687
0.513467,0.5454509334183086,-0.03198393341830863,0.03198393341830863,6.229014408341649
4.606786,4.638766827481614,-0.03198082748161468,0.03198082748161468,0.694211267484977
0.773232,0.8052062871347765,-0.03197428713477646,0.03197428713477646,4.135147941451118
1.297715,1.265749515499035,0.031965484500964925,0.031965484500964925,2.4632129934925397
29.404115,29.37249982382034,0.0316151761796597,0.0316151761796597,0.10751956377381934
0.681807,0.6502330397951361,0.031573960204863916,0.031573960204863916,4.63092344317864
0.098908,0.13039824350937224,-0.03149024350937224,0.03149024350937224,31.83791349287654
1.361421,1.330054291104723,0.03136670889527693,0.03136670889527693,2.3039683457925917
0.358414,0.3897638092915052,-0.031349809291505215,0.031349809291505215,8.746814935454083
0.08386,0.052696129590398044,0.03116387040960196,0.03116387040960196,37.161781984784376
0.671681,0.7026640049759614,-0.030983004975961403,0.030983004975961403,4.61275590218402
0.567319,0.5982717627127201,-0.030952762712720072,0.030952762712720072,5.455971456493454
0.048685,0.07961972945430773,-0.03093472945430773,0.03093472945430773,63.54057592845261
0.452071,0.4212501636440358,0.03082083635596422,0.03082083635596422,6.8176981821763665
7.563591,7.532879645988459,0.030711354011541125,0.030711354011541125,0.40604197148067744
0.101924,0.07121980556667751,0.030704194433322493,0.030704194433322493,30.12459715395579
4.606492,4.637120669043188,-0.03062866904318806,0.03062866904318806,0.6649022519201847
24.461933,24.43148634351921,0.030446656480787482,0.030446656480787482,0.12446545610546403
0.834676,0.8649829686449095,-0.03030696864490956,0.03030696864490956,3.6309859923225987
2.653135,2.683390857205268,-0.030255857205268022,0.030255857205268022,1.1403813678583126
12.227384,12.257549591284496,-0.030165591284495363,0.030165591284495363,0.24670519290347515
0.565328,0.5351883667731947,0.03013963322680535,0.03013963322680535,5.331353342037541
1.185962,1.2160350603646037,-0.030073060364603776,0.030073060364603776,2.535752440809067
2.956134,2.9861765601072605,-0.030042560107260474,0.030042560107260474,1.0162786973203581
0.634153,0.6043951836531569,0.029757816346843047,0.029757816346843047,4.692529459318259
2.357991,2.387742309673513,-0.029751309673512694,0.029751309673512694,1.2617227831764823
4.604216,4.574505045446168,0.029710954553832103,0.029710954553832103,0.6452988859164471
3.414586,3.444266257439274,-0.02968025743927427,0.02968025743927427,0.8692197952666897
3.047844,3.077503702202142,-0.02965970220214187,0.02965970220214187,0.973137148790054
0.642676,0.6723191693210389,-0.02964316932103883,0.02964316932103883,4.612459359992651
14.428036,14.457676545472331,-0.02964054547233097,0.02964054547233097,0.20543714662290513
0.524008,0.4944559988374557,0.029552001162544306,0.029552001162544306,5.639608776374539
1.624567,1.6541117781261434,-0.029544778126143312,0.029544778126143312,1.8186247858244495
0.295611,0.26614544330827883,0.029465556691721184,0.029465556691721184,9.9676793765298
1.343263,1.372719509114603,-0.029456509114602847,0.029456509114602847,2.1929070563553035
0.165555,0.1950080063580799,-0.029453006358079903,0.029453006358079903,17.79046621381984
2.419347,2.4486755525374466,-0.029328552537446484,0.029328552537446484,1.2122507658568296
1.830563,1.8013350221575948,0.02922797784240516,0.02922797784240516,1.5966660443157925
0.058671,0.08776056083445383,-0.029089560834453826,0.029089560834453826,49.58081639118646
2.610013,2.6390921441638344,-0.029079144163834503,0.029079144163834503,1.114137905164471
0.706845,0.7358492857286834,-0.02900428572868341,0.02900428572868341,4.103344541530331
0.039852,0.06882722951637632,-0.028975229516376322,0.028975229516376322,72.70708984158695
0.279738,0.25080150782081745,0.028936492179182538,0.028936492179182538,10.34414064904961
0.639424,0.6105380245308467,0.02888597546915328,0.02888597546915328,4.517499415823582
0.966742,0.9955220329713121,-0.028780032971312153,0.028780032971312153,2.9770127881415247
0.56564,0.5943824067631773,-0.028742406763177297,0.028742406763177297,5.081395721323792
0.909704,0.9382768497418397,-0.028572849741839712,0.028572849741839712,3.1408952514992587
0.798762,0.8273211954359354,-0.028559195435935436,0.028559195435935436,3.5754324107005595
21.115256,21.08671872751223,0.028537272487767495,0.028537272487767495,0.13515001896085158
7.207344,7.178864359956876,0.0284796400431242,0.0284796400431242,0.39514750569320756
0.12797,0.15644063486542237,-0.028470634865422367,0.028470634865422367,22.24789782228215
0.351127,0.37958169859775026,-0.02845469859775024,0.02845469859775024,8.103819583696616
0.109495,0.1378944584201811,-0.028399458420181115,0.028399458420181115,25.936762769299378
0.188961,0.1607453267653085,0.028215673234691485,0.028215673234691485,14.932008837675223
0.986373,1.0145823130678764,-0.02820931306787633,0.02820931306787633,2.8599032075103863
11.496651,11.468589412400593,0.02806158759940658,0.02806158759940658,0.2440848869741501
1.547798,1.5758130312816796,-0.028015031281679592,0.028015031281679592,1.809992730309097
1.868464,1.840452870530104,0.028011129469895923,0.028011129469895923,1.499152751586157
9.238157,9.210156265150522,0.028000734849477737,0.028000734849477737,0.3030987116713284
0.101444,0.1292848560640394,-0.027840856064039382,0.027840856064039382,27.444556638731544
0.629856,0.6020588288120692,0.02779717118793079,0.02779717118793079,4.413258138926601
0.745386,0.7731720608276333,-0.027786060827633352,0.027786060827633352,3.727741173553784
6.578995,6.606715085881316,-0.027720085881315804,0.027720085881315804,0.42134225487167054
3.867904,3.895588529666478,-0.027684529666478053,0.027684529666478053,0.7157501754377126
6.77443,6.802042624524965,-0.02761262452496549,0.02761262452496549,0.40760070625215544
3.121025,3.0935490314611904,0.027475968538809514,0.027475968538809514,0.8803507994306089
8.919772,8.89240818566216,0.027363814337839187,0.027363814337839187,0.3067770604173785
0.067233,0.09458139930367082,-0.02734839930367082,0.02734839930367082,40.67704737702285
0.125158,0.15249595615102507,-0.027337956151025078,0.027337956151025078,21.842755660191376
0.25579,0.22879794788014962,0.026992052119850396,0.026992052119850396,10.552426642674838
7.121572,7.09460210972326,0.026969890276739683,0.026969890276739683,0.3787069803740098
1.459305,1.4323510968979676,0.026953903102032495,0.026953903102032495,1.8470369867975136
0.686771,0.659847821510759,0.026923178489240973,0.026923178489240973,3.9202555852417644
0.530663,0.5038349512285727,0.026828048771427304,0.026828048771427304,5.055571759548288
1.592013,1.5652007658792648,0.02681223412073508,0.02681223412073508,1.6841718075826584
0.425575,0.39876828756931104,0.02680671243068894,0.02680671243068894,6.2989396520918755
0.303643,0.33043787971084626,-0.026794879710846264,0.026794879710846264,8.824468109596399
0.102911,0.12962060033135714,-0.026709600331357136,0.026709600331357136,25.954077120427417
0.226594,0.253159117305497,-0.026565117305497016,0.026565117305497016,11.723663156912076
1.463464,1.4899419394855755,-0.02647793948557542,0.02647793948557542,1.809264832190348
1.18629,1.1598271245378413,0.026462875462158753,0.026462875462158753,2.2307256623530525
0.151578,0.17802875271373964,-0.026450752713739645,0.026450752713739645,17.450258412361546
0.151916,0.17836474655046786,-0.02644874655046786,0.02644874655046786,17.41011251814012
1.101848,1.1282808867040437,-0.026432886704043757,0.026432886704043757,2.3989594482764227
2.973217,2.9995869558374846,-0.026369955837484582,0.026369955837484582,0.8869166238655862
0.084951,0.11123096705802027,-0.02627996705802027,0.02627996705802027,30.93544163939781
0.046553,0.07282211213111012,-0.02626911213111012,0.02626911213111012,56.42839790063309
0.39528,0.36902773612255757,0.02625226387744245,0.02625226387744245,6.6414348995145245
3.356083,3.329917883288168,0.02616511671183197,0.02616511671183197,0.7796325868893093
0.90456,0.9307168702410671,-0.026156870241067054,0.026156870241067054,2.8916677985070516
0.188222,0.16214360932904626,0.026078390670953744,0.026078390670953744,13.855123554684692
0.230388,0.2563536261277086,-0.025965626127708613,0.025965626127708613,11.270390001405552
0.265911,0.23995610332090322,0.025954896679096784,0.025954896679096784,9.760745764310629
0.332351,0.3064080406006724,0.025942959399327614,0.025942959399327614,7.8058917805337495
0.094347,0.06841681132367938,0.025930188676320617,0.025930188676320617,27.483850730639837
1.110131,1.1360575830574327,-0.025926583057432673,0.025926583057432673,2.3354525776775192
32.673699,32.64778210136243,0.02591689863756841,0.02591689863756841,0.07932036907571771
0.526526,0.5006368332201134,0.02588916677988662,0.02588916677988662,4.916977846292422
1.718193,1.7440401818117053,-0.0258471818117052,0.0258471818117052,1.5043235428267299
1.558077,1.5835473965354652,-0.025470396535465234,0.025470396535465234,1.634732849135858
0.437608,0.46305297227520015,-0.02544497227520015,0.02544497227520015,5.814558296325843
8.562409,8.587684550060848,-0.02527555006084725,0.02527555006084725,0.2951920430401311
2.024786,2.0499277280493082,-0.025141728049308032,0.025141728049308032,1.2416980386108127
0.510717,0.48558362851890635,0.025133371481093625,0.025133371481093625,4.921193435145576
0.071725,0.09683271760163592,-0.025107717601635923,0.025107717601635923,35.00553163698905
21.511826,21.53684739850412,-0.02502139850411922,0.02502139850411922,0.11631461924247112
61.96792,61.94294154612358,0.024978453876421725,0.024978453876421725,0.040308685326829456
6.161958,6.137067127567191,0.02489087243280963,0.02489087243280963,0.4039442078703828
4.217746,4.242524045401392,-0.02477804540139239,0.02477804540139239,0.5874712559932466
3.443415,3.4188177542487868,0.024597245751213137,0.024597245751213137,0.7143270779298694
0.071086,0.09561365721873472,-0.02452765721873472,0.02452765721873472,34.50420221173018
0.399139,0.3747040335106888,0.024434966489311205,0.024434966489311205,6.121919051555795
0.363155,0.38758581020321614,-0.024430810203216136,0.024430810203216136,6.727378170888121
0.70281,0.7271913903315301,-0.024381390331530084,0.024381390331530084,3.469129683422398
2.951808,2.927658335950044,0.024149664049956332,0.024149664049956332,0.8181312622344745
3.516156,3.492023274907817,0.024132725092183005,0.024132725092183005,0.6863382936222586
18.629137,18.653261789650344,-0.024124789650343814,0.024124789650343814,0.12950030723492084
0.404222,0.38013132683411754,0.02409067316588248,0.02409067316588248,5.959762991604296
0.041171,0.01711584320144155,0.02405515679855845,0.02405515679855845,58.4274288701538
0.202718,0.17868312806525566,0.02403487193474435,0.02403487193474435,11.856308725859588
7.106961,7.082961435761787,0.023999564238213367,0.023999564238213367,0.3376909517003917
1.716421,1.6925532878842269,0.0238677121157731,0.0238677121157731,1.390551159324114
0.121318,0.09745776896027536,0.023860231039724636,0.023860231039724636,19.667511020670574
0.1587,0.13489232820198183,0.023807671798018182,0.023807671798018182,15.001683543173595
0.636516,0.6127237291137462,0.023792270886253797,0.023792270886253797,3.7378904666207773
0.918384,0.9421565050963778,-0.02377250509637785,0.02377250509637785,2.5885147273677824
1.887455,1.911207046025595,-0.023752046025594886,0.023752046025594886,1.2584165463195927
0.526676,0.5504006626354183,-0.02372466263541828,0.02372466263541828,4.504602949614882
0.116687,0.14031739825813716,-0.02363039825813716,0.02363039825813716,20.251097584037694
0.210085,0.1864572785022851,0.023627721497714887,0.023627721497714887,11.24674369253785
0.549405,0.5730207154925644,-0.02361571549256436,0.02361571549256436,4.298416557597026
4.82211,4.845689154393092,-0.023579154393091883,0.023579154393091883,0.48898001896686105
0.79832,0.7747521130842401,0.02356788691575995,0.02356788691575995,2.9521854535534326
4.551818,4.528332339712456,0.02348566028754373,0.02348566028754373,0.5159621998732763
11.513964,11.490512534251884,0.023451465748115297,0.023451465748115297,0.20367847031579756
0.131457,0.1548601146276738,-0.023403114627673804,0.023403114627673804,17.80286680045257
0.203747,0.227076003552245,-0.023329003552244987,0.023329003552244987,11.449986277488748
1.846686,1.869979263546579,-0.023293263546579013,0.023293263546579013,1.2613548565006536
0.363343,0.3401714408629388,0.023171559137061204,0.023171559137061204,6.377323666806263
0.358497,0.33535660122550937,0.023140398774490645,0.023140398774490645,6.454837493210768
0.071492,0.04835775551552146,0.02313424448447854,0.02313424448447854,32.359207256922915
0.164321,0.1412467150398271,0.023074284960172886,0.023074284960172886,14.042200903189904
0.122396,0.14543102820551468,-0.023035028205514674,0.023035028205514674,18.820082508165783
0.260787,0.2836250517623995,-0.022838051762399503,0.022838051762399503,8.75735820943611
1.959063,1.9362574583842722,0.022805541615727787,0.022805541615727787,1.1641045548082773
0.06557,0.04280333287143634,0.022766667128563664,0.022766667128563664,34.72116378502746
3.129739,3.107083917642811,0.022655082357188938,0.022655082357188938,0.723864908750061
0.344075,0.321431260341825,0.02264373965817501,0.02264373965817501,6.581047635426566
0.190122,0.16750600817655226,0.022615991823447756,0.022615991823447756,11.89551541197349
0.866516,0.8891089115553328,-0.02259291155533283,0.02259291155533283,2.607327683819514
0.846353,0.8237874305876822,0.0225655694123178,0.0225655694123178,2.6662124916732832
0.722519,0.7000048784177402,0.02251412158225985,0.02251412158225985,3.1160594502212104
1.93676,1.9143088660064507,0.022451133993549366,0.022451133993549366,1.1592109498538876
0.115211,0.13765099813426218,-0.022439998134262187,0.022439998134262187,19.477305218065016
0.266959,0.24452767203682413,0.022431327963175873,0.022431327963175873,8.402536702180235
0.146636,0.12423057614013544,0.02240542385986455,0.02240542385986455,15.27962017825427
4.008517,3.986115714600597,0.022401285399403115,0.022401285399403115,0.5588422201738017
4.291928,4.314329269862494,-0.022401269862493578,0.022401269862493578,0.5219395540179527
1.787891,1.7654920794147344,0.02239892058526549,0.02239892058526549,1.252812424471776
0.279524,0.3018024594938993,-0.022278459493899283,0.022278459493899283,7.9701419148012835
0.703371,0.7256365277018091,-0.022265527701809118,0.022265527701809118,3.165545309465925
4.753923,4.776186960045157,-0.02226396004515685,0.02226396004515685,0.4683281585479723
0.10306,0.12528130886131805,-0.022221308861318054,0.022221308861318054,21.561526139876314
0.088737,0.11092787908451385,-0.02219087908451385,0.02219087908451385,25.007470457088232
0.35907,0.336886805794677,0.022183194205322998,0.022183194205322998,6.177958113778661
3.524936,3.547038972399397,-0.02210297239939729,0.02210297239939729,0.6270460626453996
5.246151,5.224086850769869,0.02206414923013167,0.02206414923013167,0.42057785278599663
0.325094,0.3030939453574568,0.022000054642543176,0.022000054642543176,6.767290271667852
0.090887,0.06891647803379541,0.02197052196620458,0.02197052196620458,24.1734482841673
1.97322,1.9950740029907763,-0.021854002990776333,0.021854002990776333,1.1075299758602084
0.451843,0.47360068000860167,-0.021757680008601676,0.021757680008601676,4.815318596013738
0.673426,0.6516826738320773,0.021743326167922628,0.021743326167922628,3.22876250169935
0.759241,0.7375175663397151,0.021723433660284952,0.021723433660284952,2.8612039731025782
1.209689,1.2313921987360708,-0.02170319873607074,0.02170319873607074,1.7941139197162763
0.074603,0.05293614345352182,0.02166685654647818,0.02166685654647818,29.04287564499458
0.113026,0.0913652793092723,0.021660720690727706,0.021660720690727706,19.164369854337355
0.971222,0.9928243490714124,-0.02160234907141234,0.02160234907141234,2.224244206699199
0.268795,0.2472451502636659,0.021549849736334115,0.021549849736334115,8.017206320175935
1.003408,0.9818937164466561,0.02151428355334395,0.02151428355334395,2.1441211901041077
0.515023,0.49367822270840733,0.021344777291592676,0.021344777291592676,4.144431857887559
0.520494,0.4991545681805256,0.021339431819474397,0.021339431819474397,4.099842037636275
0.064286,0.0855831716554789,-0.02129717165547891,0.02129717165547891,33.12878639571622
11.426976,11.405695721690801,0.021280278309198764,0.021280278309198764,0.18622843269306363
0.136112,0.11491839544067517,0.02119360455932484,0.02119360455932484,15.570709815265463
0.274869,0.2537755386832963,0.0210934613167037,0.0210934613167037,7.674005183934781
0.584566,0.6056418324087289,-0.0210758324087289,0.0210758324087289,3.6053811554424167
0.348236,0.3693100379827605,-0.02107403798276053,0.02107403798276053,6.051654044012932
4.486337,4.507145229410558,-0.02080822941055782,0.02080822941055782,0.463813338367002
0.050665,0.07145141643317388,-0.020786416433173874,0.020786416433173874,41.02717140461206
0.20258,0.1818278547911092,0.02075214520889082,0.02075214520889082,10.243925954510265
0.269368,0.2900963638504237,-0.020728363850423703,0.020728363850423703,7.69518422482571
0.856134,0.8354551174172045,0.020678882582795488,0.020678882582795488,2.4153792023655303
0.596125,0.5755280191646506,0.020596980835349443,0.020596980835349443,3.4551446142829603
0.577599,0.5981930111200064,-0.020594011120006472,0.020594011120006472,3.5654513107607566
0.744499,0.7650697197370349,-0.020570719737034837,0.020570719737034837,2.7630285244536
0.133078,0.11253221691746873,0.02054578308253127,0.02054578308253127,15.438902799179704
0.145721,0.16625074922714944,-0.020529749227149452,0.020529749227149452,14.088394406476116
0.480505,0.5010346711394256,-0.020529671139425554,0.020529671139425554,4.27251977297906
0.698697,0.7191963774850088,-0.02049937748500874,0.02049937748500874,2.9339438243007767
3.372815,3.3523231499580213,0.020491850041978843,0.020491850041978843,0.6075592655206788
0.923789,0.9033823955167932,0.020406604483206747,0.020406604483206747,2.209011417217323
1.326027,1.3056816659975965,0.02034533400240357,0.02034533400240357,1.5343076725337614
3.89051,3.910822271146328,-0.020312271146328165,0.020312271146328165,0.5220979035089504
2.862889,2.8829059594982347,-0.020016959498234677,0.020016959498234677,0.6991874116508006
0.146888,0.16689354582371152,-0.02000554582371153,0.02000554582371153,13.619591668544698
3.125648,3.105672785234736,0.01997521476526387,0.01997521476526387,0.6390743540099459
0.362533,0.34259859935681547,0.019934400643184524,0.019934400643184524,5.498644437247335
0.419001,0.4389269312857884,-0.0199259312857884,0.0199259312857884,4.755580841342341
0.055936,0.03612379904687302,0.019812200953126982,0.019812200953126982,35.41940953537538
13.125911,13.145716091642885,-0.01980509164288513,0.01980509164288513,0.1508854634374273
0.151786,0.13201566651859764,0.019770333481402363,0.019770333481402363,13.02513635538009
3.671544,3.651773977871267,0.01977002212873291,0.01977002212873291,0.5384661637772677
9.44671,9.426982875240949,0.019727124759050696,0.019727124759050696,0.20882534510789333
1.825273,1.8056342312646265,0.019638768735373402,0.019638768735373402,1.0759359687179653
0.089098,0.06948529899004185,0.01961270100995814,0.01961270100995814,22.012504195319355
0.181738,0.20127527163442593,-0.019537271634425923,0.019537271634425923,10.750240248971421
0.058135,0.07767098734742106,-0.019535987347421062,0.019535987347421062,33.60451933227237
0.27199,0.2915011734294204,-0.01951117342942038,0.01951117342942038,7.173489254107464
1.108856,1.128277502364707,-0.019421502364706855,0.019421502364706855,1.751490036844763
4.649982,4.630666192154425,0.019315807845574184,0.019315807845574184,0.4153953250820926
0.182506,0.20177319261976834,-0.019267192619768336,0.019267192619768336,10.557018733198534
6.837361,6.856611363683953,-0.01925036368395361,0.01925036368395361,0.2815466915330646
0.857462,0.8766840359192898,-0.019222035919289837,0.019222035919289837,2.241736183883146
0.071363,0.05220683871177556,0.019156161288224435,0.019156161288224435,26.84326788585285
0.237984,0.21895762808209085,0.01902637191790915,0.01902637191790915,7.994811378039842
0.129746,0.14875580878005223,-0.019009808780052234,0.019009808780052234,14.651556707259319
0.682212,0.7011898784744801,-0.01897787847448007,0.01897787847448007,2.781815399274456
0.537779,0.5188016089115308,0.018977391088469187,0.018977391088469187,3.5288456940379485
0.465934,0.48485306222207925,-0.01891906222207923,0.01891906222207923,4.06045968270587
1.146431,1.1652701533899439,-0.018839153389943908,0.018839153389943908,1.6432871571250796
0.866084,0.8473837641260502,0.018700235873949755,0.018700235873949755,2.1591711510419986
0.142986,0.16143232042174915,-0.01844632042174915,0.01844632042174915,12.900787775620245
0.435344,0.4537173459109809,-0.018373345910980887,0.018373345910980887,4.220420152054574
1.383931,1.4021774606629585,-0.01824646066295843,0.01824646066295843,1.3184516180098558
2.495386,2.5135926287350756,-0.018206628735075725,0.018206628735075725,0.7296117207656897
0.563053,0.5449630393553484,0.018089960644651626,0.018089960644651626,3.2128344296964566
0.089068,0.10715543429123997,-0.018087434291239976,0.018087434291239976,20.30744405502822
8.008428,8.026487205010906,-0.018059205010905188,0.018059205010905188,0.22550249575421902
2.926498,2.908452658022078,0.018045341977921847,0.018045341977921847,0.6166189752156067
0.539305,0.5213834226600618,0.017921577339938266,0.017921577339938266,3.323087554651853
0.29339,0.31124674717582224,-0.017856747175822252,0.017856747175822252,6.086351671746106
0.874223,0.8565089121196507,0.017714087880349227,0.017714087880349227,2.0262665107556037
0.101063,0.11872532967058547,-0.017662329670585467,0.017662329670585467,17.47655388530809
0.085786,0.10338720405262336,-0.01760120405262336,0.01760120405262336,20.517571669160223
0.053229,0.03563685649048409,0.017592143509515906,0.017592143509515906,33.049922930105744
0.409184,0.39163182559008547,0.017552174409914523,0.017552174409914523,4.289555409210763
0.530823,0.5132975317849464,0.01752546821505363,0.01752546821505363,3.301565345087169
0.169859,0.18735242299961286,-0.017493422999612845,0.017493422999612845,10.29879075545838
0.122867,0.10552835737277633,0.017338642627223677,0.017338642627223677,14.11171641947143
1.22368,1.2408926964128462,-0.017212696412846062,0.017212696412846062,1.4066337940833737
0.629057,0.6462350483934145,-0.017178048393414524,0.017178048393414524,2.7307618213744957
8.195773,8.178607306408225,0.017165693591776332,0.017165693591776332,0.20944569342717134
0.051692,0.06884041224470394,-0.01714841224470394,0.01714841224470394,33.174209184263965
1.009823,0.9927461375053817,0.01707686249461826,0.01707686249461826,1.6910748213228644
0.281436,0.29847178212323655,-0.01703578212323653,0.01703578212323653,6.0531638159948855
0.202677,0.18566645425929806,0.017010545740701932,0.017010545740701932,8.392933451900806
0.275557,0.2924982854043634,-0.016941285404363404,0.016941285404363404,6.148014892822679
0.613829,0.6306976213407935,-0.016868621340793588,0.016868621340793588,2.7480978151969837
0.120117,0.10346353863856805,0.016653461361431948,0.016653461361431948,13.864366698775013
0.625251,0.6418285559987424,-0.016577555998742444,0.016577555998742444,2.651344179552068
1.336318,1.3197416569477411,0.016576343052258746,0.016576343052258746,1.2404489837761894
0.26118,0.27773245094294907,-0.01655245094294905,0.01655245094294905,6.337564490623892
0.113928,0.1304415633354914,-0.016513563335491394,0.016513563335491394,14.494736430900796
0.29475,0.2783191404782812,0.0164308595217188,0.0164308595217188,5.574507045341575
0.474368,0.4907070107451794,-0.016339010745179405,0.016339010745179405,3.4443745661037486
1.371359,1.38769423115491,-0.01633523115491009,0.01633523115491009,1.1911710320724858
0.243692,0.22735826340291254,0.01633373659708745,0.01633373659708745,6.702615018295568
0.071572,0.08788299071697026,-0.01631099071697026,0.01631099071697026,22.789625404041576
0.143273,0.1595657645169659,-0.016292764516965902,0.016292764516965902,11.371831751686688
0.07275,0.056573143398157555,0.01617685660184244,0.01617685660184244,22.23622897540373
1.011898,1.0277879398817085,-0.015889939881708504,0.015889939881708504,1.57031043446456
0.367889,0.35218123283931746,0.015707767160682562,0.015707767160682562,4.269702860485869
8.632344,8.648031755210983,-0.015687755210983312,0.015687755210983312,0.18173227585464133
13.497958,13.513587361662102,-0.015629361662101715,0.015629361662101715,0.11579056374294486
0.205145,0.18953034234293753,0.015614657657062464,0.015614657657062464,7.6115224107099575
1.129722,1.1453196945938409,-0.015597694593840972,0.015597694593840972,1.380666623510944
1.320806,1.3363971964750974,-0.015591196475097435,0.015591196475097435,1.1804304700248944
0.564684,0.5802718957654776,-0.015587895765477588,0.015587895765477588,2.7604635092754752
4.946265,4.961852001846356,-0.015587001846355975,0.015587001846355975,0.315126703604454
1.904718,1.920298676496472,-0.015580676496472101,0.015580676496472101,0.8180043710225922
0.230451,0.2459493184818875,-0.015498318481887513,0.015498318481887513,6.725212073352817
0.182842,0.1982066491175587,-0.015364649117558693,0.015364649117558693,8.403238374747298
0.758659,0.743544662852365,0.015114337147634993,0.015114337147634993,1.9922438336120378
0.07454,0.08962676433463557,-0.015086764334635572,0.015086764334635572,20.239823335653007
4.898885,4.913941267690003,-0.015056267690003011,0.015056267690003011,0.30734070486846843
0.08396,0.06903732682083685,0.014922673179163154,0.014922673179163154,17.773550692460223
0.49989,0.514632359122885,-0.014742359122884963,0.014742359122884963,2.949120630525884
9.632833,9.61810488411287,0.014728115887129078,0.014728115887129078,0.15289495714268256
2.355046,2.3697095152144776,-0.014663515214477396,0.014663515214477396,0.622642411819334
0.303051,0.31765147186052545,-0.014600471860525432,0.014600471860525432,4.817826654822985
1.055165,1.0405931355225064,0.014571864477493479,0.014571864477493479,1.3810033953090253
0.093892,0.07937839870155017,0.014513601298449835,0.014513601298449835,15.45776134600613
3.816463,3.8021663534627272,0.014296646537272917,0.014296646537272917,0.3746046152392493
0.662731,0.6769608908740175,-0.014229890874017492,0.014229890874017492,2.1471593862170826
0.561361,0.5755473623870841,-0.01418636238708415,0.01418636238708415,2.5271371514154017
4.443544,4.457717848197149,-0.014173848197148509,0.014173848197148509,0.3189762090086096
0.706121,0.6919887338439992,0.014132266156000828,0.014132266156000828,2.0013944003930537
0.792743,0.7786414783326592,0.0141015216673408,0.0141015216673408,1.7788263870588543
0.12426,0.138246324873041,-0.013986324873041009,0.013986324873041009,11.255693595513694
0.993112,1.0070639224882072,-0.013951922488207202,0.013951922488207202,1.4048689862575756
0.10106,0.11498167622048072,-0.013921676220480725,0.013921676220480725,13.775654271427937
0.320609,0.3066954081012163,0.013913591898783662,0.013913591898783662,4.339738402366722
0.31855,0.33246285736961667,-0.013912857369616671,0.013912857369616671,4.36755842575706
1.312732,1.326597807948115,-0.013865807948115094,0.013865807948115094,1.056255804464189
8.305522,8.29172408005672,0.013797919943279169,0.013797919943279169,0.166129473175955
9.168681,9.154893434249347,0.01378756575065232,0.01378756575065232,0.15037676357702862
0.482613,0.46889214491750764,0.013720855082492378,0.013720855082492378,2.8430347047529474
2.289237,2.3027940789188754,-0.013557078918875476,0.013557078918875476,0.5922094968010418
3.926353,3.913000052537434,0.01335294746256599,0.01335294746256599,0.3400852511790433
0.571592,0.5582951661080777,0.013296833891922266,0.013296833891922266,2.3262806144235726
0.130365,0.11714717323185297,0.013217826768147034,0.013217826768147034,10.139091595142823
0.15022,0.1370939884993625,0.013126011500637497,0.013126011500637497,8.737858801690612
9.358431,9.34532201545189,0.013108984548109603,0.013108984548109603,0.1400767345292125
10.256262,10.269364991386363,-0.013102991386363172,0.013102991386363172,0.1277560127289593
0.166058,0.1529882854800988,0.013069714519901215,0.013069714519901215,7.870572036294934
0.057152,0.07019206773213682,-0.013040067732136819,0.013040067732136819,22.81646785645358
1.779046,1.7660215309188203,0.013024469081179602,0.013024469081179602,0.7321041209978549
30.736636,30.7237233146321,0.012912685367901133,0.012912685367901133,0.04201073067286584
0.863768,0.8509163651891605,0.012851634810839507,0.012851634810839507,1.4878572497883287
0.182151,0.16931218521388658,0.012838814786113428,0.012838814786113428,7.0484459481776005
0.263473,0.25070446476019015,0.012768535239809864,0.012768535239809864,4.846240500910386
1.035356,1.0225961695383887,0.012759830461611221,0.012759830461611221,1.2324099595094644
12.733194,12.745833390070581,-0.012639390070582124,0.012639390070582124,0.09926331186411565
0.162987,0.15044774085778556,0.012539259142214432,0.012539259142214432,7.693410599938044
5.468279,5.480810224504822,-0.012531224504821914,0.012531224504821914,0.2291621276930594
0.387737,0.3752311978105105,0.01250580218948949,0.01250580218948949,3.2253311358637835
1.981635,1.9691306574303091,0.012504342569690907,0.012504342569690907,0.6310113905466898
2.339174,2.351636098613872,-0.01246209861387193,0.01246209861387193,0.5327563752563587
0.190093,0.20254491374156913,-0.01245191374156912,0.01245191374156912,6.550432543554306
7.042294,7.02990882190047,0.012385178099529881,0.012385178099529881,0.17586851811858484
0.539224,0.5515745878716984,-0.012350587871698404,0.012350587871698404,2.290437345038048
0.223711,0.23593104190271674,-0.01222004190271675,0.01222004190271675,5.462423348540897
0.081609,0.06945339920987337,0.012155600790126633,0.012155600790126633,14.894926754686011
0.134777,0.12262350922753029,0.012153490772469716,0.012153490772469716,9.017481293879692
0.291657,0.2795680899679063,0.012088910032093725,0.012088910032093725,4.144906526484473
0.403856,0.3918179083025066,0.01203809169749337,0.01203809169749337,2.980788126092613
1.807763,1.7957501558989826,0.01201284410101744,0.01201284410101744,0.6645143251827216
0.535597,0.5236760447785151,0.011920955221484841,0.011920955221484841,2.2257322612447625
0.348002,0.3599176436781306,-0.011915643678130639,0.011915643678130639,3.4240158604567283
0.071394,0.08315956924841572,-0.011765569248415722,0.011765569248415722,16.479773134907624
0.064162,0.07576477392556313,-0.011602773925563137,0.011602773925563137,18.083560218633423
0.95228,0.9638811698473511,-0.011601169847351045,0.011601169847351045,1.2182519685526099
0.084014,0.09560614181349791,-0.011592141813497908,0.011592141813497908,13.797869164305995
0.980023,0.9915608492518686,-0.011537849251868626,0.011537849251868626,1.1773039255906568
0.86995,0.858452475199222,0.011497524800778036,0.011497524800778036,1.3216305304277725
10.486687,10.47522177929463,0.011465220705369816,0.011465220705369816,0.10933119969405482
0.400457,0.41191165266857155,-0.011454652668571541,0.011454652668571541,2.8603951649518287
0.12099,0.1324395059482555,-0.011449505948255487,0.011449505948255487,9.463183683603853
5.431232,5.442641452123246,-0.011409452123245956,0.011409452123245956,0.21007116107424403
0.054557,0.043184025017865224,0.011372974982134777,0.011372974982134777,20.846041683539664
0.104985,0.11633295586045733,-0.011347955860457337,0.011347955860457337,10.80912115983066
0.068142,0.07948788259529493,-0.01134588259529494,0.01134588259529494,16.65035158733907
3.249734,3.2610758762590386,-0.011341876259038486,0.011341876259038486,0.34900937303451535
4.111783,4.123094611493027,-0.011311611493026952,0.011311611493026952,0.2751023459348864
1.147501,1.158791213644399,-0.011290213644398861,0.011290213644398861,0.9838957563797299
6.603212,6.592063993020949,0.011148006979051495,0.011148006979051495,0.16882703415977962
15.323389,15.312269164835381,0.011119835164619118,0.011119835164619118,0.0725677274429733
1.745086,1.7340362595295495,0.011049740470450375,0.011049740470450375,0.6331917435482942
0.053123,0.04214068454774278,0.010982315452257217,0.010982315452257217,20.67337204522306
0.20347,0.21431438941581504,-0.010844389415815031,0.010844389415815031,5.3297239939476615
10.286387,10.297094142542903,-0.010707142542903725,0.010707142542903725,0.10409041136406431
9.99727,9.98658645793979,0.010683542060210272,0.010683542060210272,0.10686459463536953
0.255183,0.2445657531143688,0.010617246885631204,0.010617246885631204,4.160640356712855
0.261372,0.25075893867806087,0.010613061321939121,0.010613061321939121,4.060519611082519
12.647452,12.636851430253465,0.01060056974653456,0.01060056974653456,0.08381585276189027
5.986982,5.997552511867969,-0.010570511867968868,0.010570511867968868,0.17655827039052913
1.017137,1.006618485253913,0.010518514746086893,0.010518514746086893,1.03412959562505
0.442871,0.43236787662536,0.010503123374639989,0.010503123374639989,2.371598811452633
0.143556,0.13306880570291213,0.01048719429708786,0.01048719429708786,7.305298482670569
0.734573,0.7450197969113113,-0.010446796911311229,0.010446796911311229,1.4221591196367236
0.64036,0.650743265334615,-0.010383265334614977,0.010383265334614977,1.62147312964481
0.275192,0.26490914464192983,0.010282855358070164,0.010282855358070164,3.736611294780936
1.134023,1.1441554603860382,-0.010132460386038211,0.010132460386038211,0.8934969030738102
0.470608,0.4605572095381021,0.01005079046189794,0.01005079046189794,2.1357032731620023
1.676148,1.6661039499144294,0.010044050085570522,0.010044050085570522,0.5992340822511668
0.772351,0.7625293986759694,0.009821601324030649,0.009821601324030649,1.2716499781522905
5.220173,5.229799186832389,-0.009626186832389472,0.009626186832389472,0.18440359796897665
0.895153,0.8855516646467265,0.009601335353273455,0.009601335353273455,1.0725915404630118
0.327058,0.3175310677035341,0.009526932296465895,0.009526932296465895,2.912918287751095
0.042797,0.05231374691240731,-0.009516746912407309,0.009516746912407309,22.236948594925718
0.086987,0.07748836132996573,0.009498638670034268,0.009498638670034268,10.919607135680804
0.156974,0.1664662271692805,-0.009492227169280498,0.009492227169280498,6.047005977571758
0.075701,0.08518503630721241,-0.00948403630721241,0.00948403630721241,12.528284031497769
1.27171,1.2810358354404272,-0.00932583544042731,0.00932583544042731,0.7333303535942928
0.253816,0.2446133999179132,0.009202600082086787,0.009202600082086787,3.6256973864772473
0.031605,0.04079177580334559,-0.009186775803345586,0.009186775803345586,29.06747595088786
0.991618,1.00076483730097,-0.009146837300970101,0.009146837300970101,0.9224154160218638
0.35859,0.36767671140030345,-0.009086711400303427,0.009086711400303427,2.534011377274719
0.373597,0.3645318044193502,0.009065195580649832,0.009065195580649832,2.426463697038083
0.183249,0.17418496003143247,0.009064039968567528,0.009064039968567528,4.946297095002554
0.166309,0.17530154629163874,-0.008992546291638731,0.008992546291638731,5.407131475886211
5.194999,5.18602456370909,0.008974436290910326,0.008974436290910326,0.17275145367184044
0.066582,0.05766430420761992,0.008917695792380081,0.008917695792380081,13.393553481401172
0.603466,0.6123543155965159,-0.008888315596515928,0.008888315596515928,1.4728776095162033
2.016889,2.025670112670131,-0.00878111267013093,0.00878111267013093,0.4353790748868952
0.222776,0.21403014996448633,0.008745850035513675,0.008745850035513675,3.925849297764492
0.403159,0.4117868342337552,-0.008627834233755183,0.008627834233755183,2.1400574541595563
0.177887,0.1864903166165135,-0.008603316616513507,0.008603316616513507,4.8363942343606405
1.602371,1.5938290964537813,0.008541903546218643,0.008541903546218643,0.5330790151397875
0.473831,0.46535608866626177,0.008474911333738233,0.008474911333738233,1.7885936825470767
0.992563,0.9841366765811834,0.00842632341881655,0.00842632341881655,0.8489459528480916
0.589135,0.5809557577124806,0.008179242287519317,0.008179242287519317,1.388347710818568
27.457789,27.449638090795805,0.008150909204193368,0.008150909204193368,0.029685235049929492
0.575899,0.567752667389712,0.008146332610288076,0.008146332610288076,1.414541891698637
15.716415,15.724523646832386,-0.008108646832386768,0.008108646832386768,0.05159348892438368
0.167472,0.15941572182457264,0.008056278175427367,0.008056278175427367,4.810522457853756
0.163166,0.15517257529569406,0.007993424704305946,0.007993424704305946,4.898952416193933
0.132602,0.14057638399782135,-0.007974383997821355,0.007974383997821355,6.013773541732086
1.052547,1.0605033023043688,-0.007956302304368945,0.007956302304368945,0.7559094561680415
0.053563,0.04565216714268061,0.007910832857319389,0.007910832857319389,14.76921166206183
0.261827,0.26971931793748993,-0.007892317937489957,0.007892317937489957,3.014325464705944
2.119616,2.127497759101928,-0.007881759101927788,0.007881759101927788,0.3718484433763445
0.142783,0.134928588102035,0.007854411897964986,0.007854411897964986,5.500943314304954
1.033674,1.0258209362363786,0.007853063763621382,0.007853063763621382,0.7597234488689528
0.095708,0.08807048786203353,0.007637512137966471,0.007637512137966471,7.980014345704076
0.142452,0.1500678305945229,-0.007615830594522893,0.007615830594522893,5.346243358588612
0.456955,0.46450406147042145,-0.007549061470421448,0.007549061470421448,1.6520360798698803
13.541115,13.548602700501274,-0.007487700501274119,0.007487700501274119,0.05529604099233205
0.054698,0.06215645595725405,-0.0074584559572540565,0.0074584559572540565,13.635701385093341
7.100597,7.0932252638675894,0.007371736132410156,0.007371736132410156,0.10381853993835079
1.814189,1.821537174259145,-0.007348174259145024,0.007348174259145024,0.40503907028098973
1.102391,1.09506997912656,0.007321020873439998,0.007321020873439998,0.6641038318324347
0.044733,0.052052872976567244,-0.007319872976567242,0.007319872976567242,16.363474303542723
1.310162,1.3174557523061736,-0.007293752306173573,0.007293752306173573,0.5567061405854289
0.105944,0.11321772126352414,-0.007273721263524144,0.007273721263524144,6.865628309917046
0.158084,0.16524523113854883,-0.007161231138548829,0.007161231138548829,4.530016405214197
0.095016,0.10214969841880261,-0.0071336984188026115,0.0071336984188026115,7.5078917353863766
0.195658,0.18856771078827705,0.007090289211722944,0.007090289211722944,3.623817686012903
0.288275,0.29535482070843955,-0.007079820708439544,0.007079820708439544,2.4559260102276013
0.292198,0.2851817952697644,0.00701620473023562,0.00701620473023562,2.401181639790292
0.960993,0.9679612101294524,-0.006968210129452368,0.006968210129452368,0.7251051910604202
0.280841,0.28780527846841153,-0.006964278468411522,0.006964278468411522,2.47979407064201
1.763887,1.7571188671839906,0.006768132816009409,0.006768132816009409,0.3837055783973522
1.436433,1.4297605657324048,0.006672434267595229,0.006672434267595229,0.4645141309849268
0.71375,0.7203167291005279,-0.006566729100527913,0.006566729100527913,0.9200320980186173
0.784133,0.7906292668182999,-0.006496266818299956,0.006496266818299956,0.8284649182564043
2.02395,2.0174661257852797,0.006483874214720409,0.006483874214720409,0.3203574304898862
2.985058,2.9785752193920096,0.006482780607990346,0.006482780607990346,0.21717436002158655
0.059858,0.06632974711746087,-0.006471747117460867,0.006471747117460867,10.811833182948034
0.195479,0.20194896456224498,-0.0064699645622449675,0.0064699645622449675,3.309800315601761
0.404582,0.411036007925734,-0.006454007925734029,0.006454007925734029,1.5952286369978892
0.122634,0.12906246935843413,-0.006428469358434122,0.006428469358434122,5.241995982510662
0.048918,0.054934806948985226,-0.006016806948985223,0.006016806948985223,12.299781137179448
0.084655,0.09061799185407793,-0.005962991854077934,0.005962991854077934,7.043874368949337
8.725139,8.71918881939975,0.005950180600249766,0.005950180600249766,0.06819582587946817
40.40326,40.39736857369991,0.005891426300095759,0.005891426300095759,0.014581561735565835
0.709162,0.714956696959689,-0.0057946969596890385,0.0057946969596890385,0.8171189317633939
3.647541,3.653192472796688,-0.005651472796687873,0.005651472796687873,0.1549392535007265
0.319949,0.32552811745153676,-0.005579117451536775,0.005579117451536775,1.743752113553417
1.927005,1.9325340736958445,-0.005529073695844433,0.005529073695844433,0.2869257576164829
0.197366,0.2028462267068285,-0.005480226706828489,0.005480226706828489,2.7766822573552723
0.290174,0.2848358962465056,0.005338103753494361,0.005338103753494361,1.8396216586099166
0.885781,0.8909959287117282,-0.0052149287117281284,0.0052149287117281284,0.588737928578214
0.941165,0.9360090486502415,0.005155951349758547,0.005155951349758547,0.547826507489199
0.177874,0.1829640128525618,-0.005090012852561804,0.005090012852561804,2.8615833959433195
0.445886,0.45097065708036155,-0.005084657080361543,0.005084657080361543,1.1403491204525806
0.151372,0.15639199095097922,-0.005019990950979214,0.005019990950979214,3.3163272914824975
0.205891,0.2108942134565055,-0.005003213456505506,0.005003213456505506,2.4300301878544843
1.494444,1.4993123422130594,-0.004868342213059318,0.004868342213059318,0.32576277282611826
0.441121,0.44597174439118703,-0.004850744391187045,0.004850744391187045,1.0996403231964484
13.201871,13.197085533262157,0.00478546673784308,0.00478546673784308,0.03624839795667471
2.384614,2.379954867166102,0.00465913283389785,0.00465913283389785,0.19538310324867955
1.0899,1.0852809836911597,0.004619016308840429,0.004619016308840429,0.4238018449781289
0.044869,0.0494587181288999,-0.004589718128899904,0.004589718128899904,10.229151794492305
0.147941,0.14343337332758566,0.004507626672414333,0.004507626672414333,3.0469083414113904
0.046337,0.05082999921810938,-0.004492999218109375,0.004492999218109375,9.69635325638911
0.085646,0.09013068238335364,-0.004484682383353644,0.004484682383353644,5.23630102762224
0.897317,0.8928437494340642,0.004473250565935838,0.004473250565935838,0.49851396612761417
1.213939,1.2095331964567748,0.004405803543225284,0.004405803543225284,0.3629345084771433
0.126448,0.1308138917280921,-0.004365891728092097,0.004365891728092097,3.45271710476985
0.088394,0.09270576878580528,-0.0043117687858052756,0.0043117687858052756,4.877897573282551
7.721636,7.725846386299271,-0.004210386299270397,0.004210386299270397,0.05452712740170437
20.997995,20.99382336583001,0.0041716341699888915,0.0041716341699888915,0.01986682142732687
2.912743,2.9086020953428893,0.004140904657110589,0.004140904657110589,0.1421651225998457
2.462304,2.466314782181401,-0.004010782181401051,0.004010782181401051,0.16288736814130847
2.954178,2.950190125254988,0.0039878747450123875,0.0039878747450123875,0.1349910108624936
0.071193,0.06726242462319831,0.003930575376801693,0.003930575376801693,5.521013823382466
0.044549,0.04069074770880121,0.003858252291198787,0.003858252291198787,8.660693354594027
0.381136,0.38489029317776513,-0.0037542931777651556,0.0037542931777651556,0.9850271758060452
1.922368,1.926014195509854,-0.0036461955098539,0.0036461955098539,0.18967208722077292
1.044547,1.0409159974602389,0.003631002539761008,0.003631002539761008,0.3476150464664006
0.121448,0.12498803744131948,-0.003540037441319477,0.003540037441319477,2.9148585719028874
3.024683,3.0211949065102637,0.0034880934897363325,0.0034880934897363325,0.11532096056416528
11.793484,11.796946335067958,-0.003462335067958122,0.003462335067958122,0.0293580342155784
0.033159,0.029709953070440775,0.0034490469295592255,0.0034490469295592255,10.401540815940422
0.579246,0.5826696596022991,-0.0034236596022990673,0.0034236596022990673,0.5910545090873329
14.158759,14.155378911518802,0.0033800884811974186,0.0033800884811974186,0.023872773603770964
0.917775,0.9144023048869272,0.00337269511307281,0.00337269511307281,0.36748605188693567
0.166616,0.16337629710551127,0.0032397028944887163,0.0032397028944887163,1.944412837029039
13.289559,13.292798157385171,-0.0032391573851704436,0.0032391573851704436,0.02437370107725975
0.544983,0.5481661734370853,-0.003183173437085296,0.003183173437085296,0.5840867396783402
0.101766,0.10482925693694156,-0.0030632569369415663,0.0030632569369415663,3.0100985927829216
0.372804,0.36995161992855685,0.0028523800714431724,0.0028523800714431724,0.7651152001260869
0.534002,0.5312162738464465,0.002785726153553436,0.002785726153553436,0.521669610419393
14.100807,14.103539795665332,-0.002732795665332688,0.002732795665332688,0.01938042032142776
0.942229,0.9448861663388328,-0.0026571663388328393,0.0026571663388328393,0.2820085497846947
6.95286,6.950238761850862,0.002621238149138172,0.002621238149138172,0.03770014280598878
0.410341,0.41295665647966473,-0.0026156564796647186,0.0026156564796647186,0.6374348356677212
4.508421,4.510933758572554,-0.0025127585725535084,0.0025127585725535084,0.05573478103526209
9.983794,9.986255363304686,-0.0024613633046861594,0.0024613633046861594,0.024653586649138654
0.95329,0.9557128194295892,-0.002422819429589218,0.002422819429589218,0.254153450611573
0.220704,0.22312658178223188,-0.0024225817822318696,0.0024225817822318696,1.0976610216100335
0.715467,0.713102103397901,0.0023648966020989315,0.0023648966020989315,0.33053887904940304
0.954169,0.9564692441274687,-0.0023002441274686536,0.0023002441274686536,0.2410730307972257
0.088515,0.08627093473603509,0.002244065263964909,0.002244065263964909,2.5352372608367757
0.097136,0.09507408854444321,0.0020619114555567863,0.0020619114555567863,2.122705745999507
0.724317,0.7263391753014723,-0.0020221753014723065,0.0020221753014723065,0.279183741537631
1.298927,1.2970195420977966,0.0019074579022033689,0.0019074579022033689,0.14684873761624173
1.307377,1.3092150345024294,-0.0018380345024293643,0.0018380345024293643,0.14058947819097128
0.345341,0.34355620550317667,0.0017847944968233387,0.0017847944968233387,0.5168209092770675
0.142367,0.140658686686848,0.0017083133131519934,0.0017083133131519934,1.1999362998110918
0.238062,0.2363745281226386,0.0016874718773614017,0.0016874718773614017,0.7088371418590806
0.331584,0.3300086739372965,0.001575326062703497,0.001575326062703497,0.4750910967442355
4.159235,4.160682241792276,-0.0014472417922766212,0.0014472417922766212,0.0347958649184724
0.108534,0.10983457110464911,-0.0013005711046491092,0.0013005711046491092,1.1983075381454675
10.862936,10.86167964604123,0.0012563539587695516,0.0012563539587695516,0.011565510086389041
1.591168,1.589992205723565,0.0011757942764349938,0.0011757942764349938,0.07389504290942872
0.281409,0.280287320033338,0.0011216799666620147,0.0011216799666620147,0.3985942049697843
0.333809,0.3348785966878154,-0.0010695966878153662,0.0010695966878153662,0.32042176439069775
6.064456,6.06550760922876,-0.0010516092287602419,0.0010516092287602419,0.017340536871615547
2.149343,2.150356662568907,-0.0010136625689067813,0.0010136625689067813,0.04716150790542132
0.933412,0.9342526512904996,-0.0008406512904995944,0.0008406512904995944,0.09006219015927931
1.414893,1.4140820513281618,0.0008109486718381742,0.0008109486718381742,0.05731519427835596
12.195898,12.195124237498689,0.0007737625013106708,0.0007737625013106708,0.006344448775353208
9.643813,9.644556505555702,-0.0007435055557021286,0.0007435055557021286,0.007709663757420627
0.050157,0.04947535500697953,0.0006816449930204735,0.0006816449930204735,1.3590226521950093
0.088612,0.08927992945271157,-0.0006679294527115742,0.0006679294527115742,0.7537686227122802
3.105286,3.105943950411529,-0.0006579504115289403,0.0006579504115289403,0.02118807773286429
0.182167,0.18280990424796784,-0.0006429042479678404,0.0006429042479678404,0.35292025867194393
0.055707,0.05634735019340198,-0.0006403501934019798,0.0006403501934019798,1.1494968177293392
4.243968,4.244597048216061,-0.0006290482160613564,0.0006290482160613564,0.014822171516056066
1.310214,1.3108142822735118,-0.0006002822735118318,0.0006002822735118318,0.04581558993156967
0.069716,0.06922452706702842,0.0004914729329715817,0.0004914729329715817,0.7049643299481
0.101405,0.10104075236618826,0.0003642476338117373,0.0003642476338117373,0.3592008613505611
0.318049,0.3177635048887062,0.000285495111293832,0.000285495111293832,0.08976450521902835
1.188623,1.188823951577234,-0.00020095157723409862,0.00020095157723409862,0.016906250107661756
0.238537,0.23862692760031834,-8.992760031834024e-05,8.992760031834024e-05,0.03769964419802404
4.109603,4.109540632123322,6.236787667823762e-05,6.236787667823762e-05,0.00151761317764076
2.433334,2.433289781229231,4.4218770768988946e-05,4.4218770768988946e-05,0.0018172092596894522
11.268463,11.268461884600452,1.115399548723417e-06,1.115399548723417e-06,9.89841781184815e-06
