actual,predicted,error,abs_error,rel_error_pct
103.85912,28.302303993977937,75.55681600602207,75.55681600602207,72.74933198543307
84.311804,28.302303993977937,56.00950000602206,56.00950000602206,66.43138605592597
84.30998,28.302303993977937,56.00767600602206,56.00767600602206,66.43065981744466
84.306832,28.302303993977937,56.00452800602206,56.00452800602206,66.42940634509388
84.303229,28.302303993977937,56.000925006022065,56.000925006022065,66.42797158570953
84.298344,28.302303993977937,55.99604000602206,55.99604000602206,66.42602612212126
84.261938,28.302303993977937,55.959634006022064,55.959634006022064,66.41152023580997
84.248684,28.302303993977937,55.94638000602206,55.94638000602206,66.40623609735631
78.183781,28.302303993977937,49.88147700602206,49.88147700602206,63.80028743552101
77.827979,28.302303993977937,49.52567500602206,49.52567500602206,63.63479514990159
30.297909,9.766327137690013,20.531581862309988,20.531581862309988,67.76567274739065
30.297043,9.766327137690013,20.530715862309986,20.530715862309986,67.76475137274032
30.296869,9.766327137690013,20.53054186230999,20.53054186230999,67.76456624030102
30.296224,9.766327137690013,20.529896862309986,20.529896862309986,67.76387995494827
30.290262,9.766327137690013,20.523934862309986,20.523934862309986,67.75753495378227
30.267519,9.766327137690013,20.501191862309987,20.501191862309987,67.73330798022215
30.266745,9.766327137690013,20.500417862309988,20.500417862309988,67.73248283633492
30.266247,9.766327137690013,20.499919862309987,20.499919862309987,67.73195190749041
29.009826,9.766327137690013,19.243498862309988,19.243498862309988,66.33441669813412
28.627769,9.766327137690013,18.861441862309988,18.861441862309988,65.8851266483396
44.395909,28.302303993977937,16.093605006022067,16.093605006022067,36.250198201788855
13.293784,28.302303993977937,-15.008519993977936,15.008519993977936,112.89878031616158
13.294051,28.302303993977937,-15.008252993977937,15.008252993977937,112.89450442054903
13.294159,28.302303993977937,-15.008144993977936,15.008144993977936,112.8927748935833
13.294163,28.302303993977937,-15.008140993977937,15.008140993977937,112.89271083756869
13.294167,28.302303993977937,-15.008136993977937,15.008136993977937,112.89264678159259
13.294445,28.302303993977937,-15.007858993977937,15.007858993977937,112.888194985688
13.294489,28.302303993977937,-15.007814993977936,15.007814993977936,112.88749040196315
13.294799,28.302303993977937,-15.007504993977937,15.007504993977937,112.88252642153564
13.294934,28.302303993977937,-15.007369993977937,15.007369993977937,112.88036476047986
13.294998,28.302303993977937,-15.007305993977937,15.007305993977937,112.87933998835547
13.295152,28.302303993977937,-15.007151993977937,15.007151993977937,112.87687417086363
13.29523,28.302303993977937,-15.007073993977937,15.007073993977937,112.87562527210933
13.295231,28.302303993977937,-15.007072993977937,15.007072993977937,112.87560926068198
13.295451,28.302303993977937,-15.006852993977937,15.006852993977937,112.87208680521678
13.295565,28.302303993977937,-15.006738993977937,15.006738993977937,112.87026157869234
13.295949,28.302303993977937,-15.006354993977936,15.006354993977936,112.86411367751992
13.296105,28.302303993977937,-15.006198993977936,15.006198993977936,112.86161619410402
13.296248,28.302303993977937,-15.006055993977936,15.006055993977936,112.85932688578822
13.296373,28.302303993977937,-15.005930993977936,15.005930993977936,112.85732578249028
13.296507,28.302303993977937,-15.005796993977937,15.005796993977937,112.85518064154051
13.296572,28.302303993977937,-15.005731993977937,15.005731993977937,112.85414010366794
13.297149,28.302303993977937,-15.005154993977937,15.005154993977937,112.84490377497531
13.297455,28.302303993977937,-15.004848993977937,15.004848993977937,112.84000580460771
13.298639,28.302303993977937,-15.003664993977937,15.003664993977937,112.82105630407078
13.299173,28.302303993977937,-15.003130993977937,15.003130993977937,112.81251092729694
13.350596,28.302303993977937,-14.951707993977937,14.951707993977937,111.9928128591858
13.351379,28.302303993977937,-14.950924993977937,14.950924993977937,111.98038040764146
13.351675,28.302303993977937,-14.950628993977936,14.950628993977936,111.97568090794572
13.351825,28.302303993977937,-14.950478993977937,14.950478993977937,111.97329948427249
13.352039,28.302303993977937,-14.950264993977937,14.950264993977937,111.9699020791204
13.352199,28.302303993977937,-14.950104993977936,14.950104993977936,111.96736203426842
13.352351,28.302303993977937,-14.949952993977936,14.949952993977936,111.96494904804383
13.352458,28.302303993977937,-14.949845993977936,14.949845993977936,111.96325046568933
13.353483,28.302303993977937,-14.948820993977936,14.948820993977936,111.94698037857232
13.353785,28.302303993977937,-14.948518993977936,14.948518993977936,111.94218713170831
13.36359,28.302303993977937,-14.938713993977936,14.938713993977936,111.78668302354492
13.370691,28.302303993977937,-14.931612993977936,14.931612993977936,111.67420587212928
18.957169,5.24876647268947,13.70840252731053,13.70840252731053,72.31249838643217
18.957039,5.24876647268947,13.708272527310532,13.708272527310532,72.31230851631534
18.956968,5.24876647268947,13.70820152731053,13.70820152731053,72.31220481692124
18.956945,5.24876647268947,13.708178527310531,13.708178527310531,72.31217122399322
18.956771,5.24876647268947,13.70800452731053,13.70800452731053,72.31191708354878
18.956308,5.24876647268947,13.70754152731053,13.70754152731053,72.31124081354989
18.956292,5.24876647268947,13.707525527310532,13.707525527310532,72.31121744293779
18.9562,5.24876647268947,13.70743352731053,13.70743352731053,72.31108306115266
18.956165,5.24876647268947,13.707398527310529,13.707398527310529,72.31103193730493
18.95611,5.24876647268947,13.70734352731053,13.70734352731053,72.31095159944852
18.956106,5.24876647268947,13.707339527310529,13.707339527310529,72.31094575667714
18.956093,5.24876647268947,13.70732652731053,13.70732652731053,72.31092676765313
18.955471,5.24876647268947,13.70670452731053,13.70670452731053,72.31001818545275
18.946226,5.24876647268947,13.69745952731053,13.69745952731053,72.29650658256813
18.940629,5.24876647268947,13.691862527310532,13.691862527310532,72.28832013571589
18.25323,4.683596056891762,13.569633943108236,13.569633943108236,74.34100125311464
18.25313,4.683596056891762,13.569533943108237,13.569533943108237,74.34086067997049
18.252863,4.683596056891762,13.56926694310824,13.56926694310824,74.34048534212906
18.25246,4.683596056891762,13.568863943108237,13.568863943108237,74.33991880017213
18.252226,4.683596056891762,13.568629943108238,13.568629943108238,74.33958982884553
18.252116,4.683596056891762,13.568519943108239,13.568519943108239,74.33943518129021
18.242939,4.683596056891762,13.559342943108238,13.559342943108238,74.32652678953711
17.921294,4.481561136501066,13.439732863498934,13.439732863498934,74.99309404457034
17.920389,4.481561136501066,13.438827863498934,13.438827863498934,74.99183116741463
17.920311,4.481561136501066,13.438749863498936,13.438749863498936,74.99172231678314
17.920197,4.481561136501066,13.438635863498936,13.438635863498936,74.99156322569414
17.920094,4.481561136501066,13.438532863498933,13.438532863498933,74.99141948375909
17.920035,4.481561136501066,13.438473863498933,13.438473863498933,74.99133714540147
17.920021,4.481561136501066,13.438459863498933,13.438459863498933,74.9913176074065
17.919199,4.481561136501066,13.437637863498933,13.437637863498933,74.99017039446878
17.919197,4.481561136501066,13.437635863498935,13.437635863498935,74.99016760306807
17.919109,4.481561136501066,13.437547863498933,13.437547863498933,74.99004478081999
17.918919,4.481561136501066,13.437357863498933,13.437357863498933,74.98977959230658
17.763537,4.370699558173557,13.392837441826442,13.392837441826442,75.39510538780114
17.76258,4.370699558173557,13.391880441826443,13.391880441826443,75.39377974230686
17.762405,4.370699558173557,13.391705441826444,13.391705441826444,75.39353731519493
17.762382,4.370699558173557,13.391682441826442,13.391682441826442,75.39350545299077
17.762247,4.370699558173557,13.391547441826441,13.391547441826441,75.39331843404187
17.76213,4.370699558173557,13.391430441826442,13.391430441826442,75.39315634865329
17.762111,4.370699558173557,13.391411441826444,13.391411441826444,75.39313002689293
17.761436,4.370699558173557,13.390736441826443,13.390736441826443,75.3921948751838
17.761264,4.370699558173557,13.390564441826443,13.390564441826443,75.39195657331061
17.753627,4.370699558173557,13.382927441826444,13.382927441826444,75.3813710390055
17.688635,4.3117976335580135,13.376837366441988,13.376837366441988,75.62390973846406
17.688547,4.3117976335580135,13.376749366441986,13.376749366441986,75.62378846813344
17.688519,4.3117976335580135,13.376721366441986,13.376721366441986,75.6237498818661
17.688293,4.3117976335580135,13.376495366441988,13.376495366441988,75.62343843109318
17.687837,4.3117976335580135,13.376039366441985,13.376039366441985,75.62280999291414
17.687743,4.3117976335580135,13.375945366441988,13.375945366441988,75.62268044241917
17.687677,4.3117976335580135,13.375879366441987,13.375879366441987,75.62258948061051
17.687552,4.3117976335580135,13.375754366441987,13.375754366441987,75.62241720259742
17.687546,4.3117976335580135,13.375748366441988,13.375748366441988,75.62240893319155
17.687515,4.3117976335580135,13.375717366441988,13.375717366441988,75.6223662078385
17.650334,4.281919046445923,13.368414953554078,13.368414953554078,75.74029450931829
17.650244,4.281919046445923,13.368324953554078,13.368324953554078,75.7401708071477
17.679405,4.3117976335580135,13.367607366441986,13.367607366441986,75.61118355717501
17.649467,4.281919046445923,13.367547953554078,13.367547953554078,75.73910279261317
17.649457,4.281919046445923,13.367537953554079,13.367537953554079,75.73908904663945
17.64938,4.281919046445923,13.367460953554078,13.367460953554078,75.73898320212007
17.648927,4.281919046445923,13.367007953554078,13.367007953554078,75.7383604877415
17.677802,4.3117976335580135,13.366004366441986,13.366004366441986,75.60897201114923
17.630216,4.267145098521496,13.363070901478505,13.363070901478505,75.796410556755
17.630212,4.267145098521496,13.363066901478504,13.363066901478504,75.79640506536569
17.630155,4.267145098521496,13.363009901478502,13.363009901478502,75.7963268127972
17.630118,4.267145098521496,13.362972901478503,13.362972901478503,75.79627601699949
17.630089,4.267145098521496,13.362943901478506,13.362943901478506,75.79623620392789
17.629991,4.267145098521496,13.362845901478504,13.362845901478504,75.79610166223402
17.622669,4.259935314191354,13.362733685808644,13.362733685808644,75.82695723180649
17.629866,4.267145098521496,13.362720901478504,13.362720901478504,75.79593005075994
17.622438,4.259935314191354,13.362502685808645,13.362502685808645,75.82664036458985
17.621901,4.259935314191354,13.361965685808647,13.361965685808647,75.82590371908695
17.621799,4.259935314191354,13.361863685808645,13.361863685808645,75.82576379252096
17.628944,4.267145098521496,13.361798901478505,13.361798901478505,75.79466416934963
17.621711,4.259935314191354,13.361775685808647,13.361775685808647,75.82564307026044
17.621533,4.259935314191354,13.361597685808645,13.361597685808645,75.82539887836559
17.621439,4.259935314191354,13.361503685808644,13.361503685808644,75.82526992110475
17.642498,4.281919046445923,13.360578953554077,13.360578953554077,75.72951944491278
17.613248,4.259935314191354,13.353312685808644,13.353312685808644,75.81402751913124
17.613197,4.259935314191354,13.353261685808645,13.353261685808645,75.8139574872911
17.613183,4.259935314191354,13.353247685808645,13.353247685808645,75.81393826279346
16.46096,4.370699558173557,12.090260441826443,12.090260441826443,73.44808833599618
16.501311,4.481561136501066,12.019749863498935,12.019749863498935,72.841181306298
16.238912,4.267145098521496,11.971766901478503,11.971766901478503,73.7227155452581
16.191285,4.259935314191354,11.931349685808646,11.931349685808646,73.68994916546127
16.011358,4.3117976335580135,11.699560366441988,11.699560366441988,73.07038145277195
15.954446,4.267145098521496,11.687300901478505,11.687300901478505,73.25419448224808
36.161427,28.302303993977937,7.859123006022067,7.859123006022067,21.733442670833572
16.796899,9.766327137690013,7.030571862309987,7.030571862309987,41.85636802524163
16.785899,9.766327137690013,7.019571862309988,7.019571862309988,41.81826580910662
16.629563,9.766327137690013,6.863235862309988,6.863235862309988,41.27129415408401
3.757207,9.766327137690013,-6.0091201376900125,6.0091201376900125,159.93582833019516
3.757262,9.766327137690013,-6.009065137690013,6.009065137690013,159.93202330660148
3.757558,9.766327137690013,-6.008769137690013,6.008769137690013,159.91154727432288
3.757568,9.766327137690013,-6.008759137690013,6.008759137690013,159.91085557280937
3.757751,9.766327137690013,-6.008576137690013,6.008576137690013,159.89819808524075
3.757785,9.766327137690013,-6.0085421376900126,6.0085421376900126,159.89584655668477
3.757808,9.766327137690013,-6.008519137690013,6.008519137690013,159.89425584090827
3.75782,9.766327137690013,-6.008507137690012,6.008507137690012,159.89342590997222
3.757827,9.766327137690013,-6.008500137690013,6.008500137690013,159.89294178604072
3.757833,9.766327137690013,-6.008494137690013,6.008494137690013,159.89252682410634
3.757839,9.766327137690013,-6.008488137690012,6.008488137690012,159.89211186349706
3.757851,9.766327137690013,-6.008476137690012,6.008476137690012,159.89128194625388
3.757875,9.766327137690013,-6.008452137690012,6.008452137690012,159.8896221276685
3.75788,9.766327137690013,-6.008447137690013,6.008447137690013,159.88927633479844
3.757889,9.766327137690013,-6.008438137690012,6.008438137690012,159.88865390995113
3.757915,9.766327137690013,-6.008412137690012,6.008412137690012,159.8868558104727
3.757933,9.766327137690013,-6.008394137690013,6.008394137690013,159.88561098694757
3.757977,9.766327137690013,-6.008350137690012,6.008350137690012,159.88256813519962
3.75798,9.766327137690013,-6.008347137690013,6.008347137690013,159.8823606706297
3.75799,9.766327137690013,-6.008337137690013,6.008337137690013,159.88166912445567
3.758033,9.766327137690013,-6.0082941376900125,6.0082941376900125,159.87869551784493
3.758062,9.766327137690013,-6.008265137690013,6.008265137690013,159.87669010064593
3.758084,9.766327137690013,-6.0082431376900125,6.0082431376900125,159.8751687703132
3.758093,9.766327137690013,-6.008234137690012,6.008234137690012,159.87454641303813
3.758113,9.766327137690013,-6.008214137690013,6.008214137690013,159.87316340754361
3.758155,9.766327137690013,-6.008172137690012,6.008172137690012,159.87025914391882
3.758165,9.766327137690013,-6.008162137690013,6.008162137690013,159.86956766214743
3.758183,9.766327137690013,-6.008144137690013,6.008144137690013,159.86832300423222
3.758186,9.766327137690013,-6.0081411376900125,6.0081411376900125,159.8681155624055
3.758201,9.766327137690013,-6.008126137690013,6.008126137690013,159.86707835823964
3.758215,9.766327137690013,-6.008112137690013,6.008112137690013,159.86611030848812
3.758252,9.766327137690013,-6.008075137690012,6.008075137690012,159.86355192600573
3.758281,9.766327137690013,-6.0080461376900125,6.0080461376900125,159.8615467425174
3.758357,9.766327137690013,-6.0079701376900125,6.0079701376900125,159.85629192570465
3.758373,9.766327137690013,-6.007954137690012,6.007954137690012,159.85518567556113
3.758403,9.766327137690013,-6.007924137690013,6.007924137690013,159.8531114819289
3.758411,9.766327137690013,-6.007916137690012,6.007916137690012,159.8525583692193
3.758443,9.766327137690013,-6.007884137690013,6.007884137690013,159.85034594192763
3.758451,9.766327137690013,-6.007876137690013,6.007876137690013,159.8497928409912
3.758613,9.766327137690013,-6.007714137690012,6.007714137690012,159.83859305361244
3.758753,9.766327137690013,-6.007574137690012,6.007574137690012,159.82891500266666
3.758753,9.766327137690013,-6.007574137690012,6.007574137690012,159.82891500266666
3.7621,9.766327137690013,-6.0042271376900125,6.0042271376900125,159.59775491162952
3.762336,9.766327137690013,-6.003991137690013,6.003991137690013,159.58147112672637
3.763966,9.766327137690013,-6.002361137690013,6.002361137690013,159.46905836903267
3.764728,9.766327137690013,-6.001599137690013,6.001599137690013,159.41654051848093
3.765048,9.766327137690013,-6.0012791376900125,6.0012791376900125,159.39449211618597
3.766997,9.766327137690013,-5.999330137690013,5.999330137690013,159.26028445286133
8.859361,4.281919046445923,4.577441953554077,4.577441953554077,51.66785678450635
8.843936,4.267145098521496,4.576790901478503,4.576790901478503,51.75061083014116
8.836688,4.259935314191354,4.576752685808646,4.576752685808646,51.792625084837816
8.836426,4.259935314191354,4.576490685808645,4.576490685808645,51.79119573634017
8.834646,4.259935314191354,4.574710685808645,4.574710685808645,51.78148265088226
8.856562,4.281919046445923,4.574642953554077,4.574642953554077,51.652582045972515
8.856209,4.281919046445923,4.574289953554077,4.574289953554077,51.650654964245156
8.943618,4.370699558173557,4.5729184418264435,4.5729184418264435,51.13052057651962
8.884509,4.3117976335580135,4.572711366441986,4.572711366441986,51.46836326453739
8.941902,4.370699558173557,4.571202441826443,4.571202441826443,51.1211422555886
8.941298,4.370699558173557,4.5705984418264425,4.5705984418264425,51.117840404998525
8.83473,4.267145098521496,4.567584901478504,4.567584901478504,51.700333812428944
8.875626,4.3117976335580135,4.563828366441987,4.563828366441987,51.419791307008275
8.811311,4.259935314191354,4.551375685808646,4.551375685808646,51.653785523595666
8.820461,4.281919046445923,4.538541953554077,4.538541953554077,51.45470235062115
0.082198,4.281919046445923,-4.199721046445923,4.199721046445923,5109.273998560366
0.08222,4.281919046445923,-4.1996990464459225,4.1996990464459225,5107.880128117298
0.082232,4.281919046445923,-4.199687046445923,4.199687046445923,5107.120149502387
0.082338,4.281919046445923,-4.199581046445923,4.199581046445923,5100.41662579308
0.082356,4.281919046445923,-4.199563046445923,4.199563046445923,5099.280005520719
0.08236,4.281919046445923,-4.1995590464459225,4.1995590464459225,5099.027490707741
0.082446,4.281919046445923,-4.199473046445923,4.199473046445923,5093.6043487280385
0.082528,4.281919046445923,-4.199391046445923,4.199391046445923,5088.443972176085
0.0826,4.281919046445923,-4.199319046445923,4.199319046445923,5083.921357581115
0.082633,4.281919046445923,-4.1992860464459225,4.1992860464459225,5081.851126504026
0.082635,4.281919046445923,-4.199284046445923,4.199284046445923,5081.725711096022
0.082667,4.281919046445923,-4.199252046445923,4.199252046445923,5079.719889878916
0.082676,4.281919046445923,-4.199243046445923,4.199243046445923,5079.15603242388
0.082794,4.281919046445923,-4.199125046445923,4.199125046445923,5071.774574696414
0.082864,4.281919046445923,-4.199055046445923,4.199055046445923,5067.405678435169
0.082875,4.281919046445923,-4.199044046445923,4.199044046445923,5066.719808602357
0.082888,4.281919046445923,-4.199031046445923,4.199031046445923,5065.909469862964
0.082994,4.281919046445923,-4.198925046445923,4.198925046445923,5059.31156636216
0.083013,4.281919046445923,-4.198906046445923,4.198906046445923,5058.130704091879
0.083016,4.281919046445923,-4.198903046445923,4.198903046445923,5057.944301565938
0.083059,4.281919046445923,-4.1988600464459225,4.1988600464459225,5055.274011715345
0.083088,4.281919046445923,-4.198831046445923,4.198831046445923,5053.474679126286
0.08312,4.281919046445923,-4.198799046445923,4.198799046445923,5051.49066577771
0.0832,4.281919046445923,-4.198719046445923,4.198719046445923,5046.537309374263
0.083232,4.281919046445923,-4.198687046445923,4.198687046445923,5044.5586329793405
0.083262,4.281919046445923,-4.1986570464459225,4.1986570464459225,5042.705005168285
0.083272,4.281919046445923,-4.198647046445923,4.198647046445923,5042.087426030161
0.083307,4.281919046445923,-4.198612046445923,4.198612046445923,5039.9270666402535
0.083337,4.281919046445923,-4.198582046445923,4.198582046445923,5038.076774311346
0.068588,4.267145098521496,-4.198557098521496,4.198557098521496,6121.416417449233
0.083385,4.281919046445923,-4.198534046445923,4.198534046445923,5035.119075865929
0.068706,4.267145098521496,-4.198439098521496,4.198439098521496,6110.731366126342
0.08349,4.281919046445923,-4.198429046445923,4.198429046445923,5028.660967082599
0.083524,4.281919046445923,-4.198395046445923,4.198395046445923,5026.573250106976
0.068837,4.267145098521496,-4.198308098521496,4.198308098521496,6098.912056630278
0.068938,4.267145098521496,-4.198207098521496,4.198207098521496,6089.830126246288
0.069011,4.267145098521496,-4.198134098521496,4.198134098521496,6083.282509220579
0.083915,4.281919046445923,-4.198004046445923,4.198004046445923,5002.686100748659
0.083941,4.281919046445923,-4.197978046445923,4.197978046445923,5001.105587787633
0.069232,4.267145098521496,-4.197913098521496,4.197913098521496,6063.544448315738
0.069238,4.267145098521496,-4.197907098521496,4.197907098521496,6063.0103302499865
0.069306,4.267145098521496,-4.197839098521496,4.197839098521496,6056.963455493799
0.084091,4.281919046445923,-4.197828046445923,4.197828046445923,4992.006328208628
0.069367,4.267145098521496,-4.197778098521496,4.197778098521496,6051.549140758498
0.069403,4.267145098521496,-4.197742098521496,4.197742098521496,6048.35827337887
0.084367,4.281919046445923,-4.197552046445923,4.197552046445923,4975.348230315852
0.06969,4.267145098521496,-4.1974550985214965,4.1974550985214965,6023.037871284917
0.069698,4.267145098521496,-4.197447098521496,4.197447098521496,6022.335063415251
0.069705,4.267145098521496,-4.197440098521496,4.197440098521496,6021.720238863461
0.069722,4.267145098521496,-4.197423098521496,4.197423098521496,6020.227607500171
0.069771,4.267145098521496,-4.197374098521496,4.197374098521496,6015.9293868592495
0.084565,4.281919046445923,-4.197354046445923,4.197354046445923,4963.464839451852
0.069923,4.267145098521496,-4.197222098521496,4.197222098521496,6002.634458645742
0.084741,4.281919046445923,-4.197178046445923,4.197178046445923,4952.9484446643
0.070023,4.267145098521496,-4.197122098521496,4.197122098521496,5993.919272992555
0.070046,4.267145098521496,-4.197099098521496,4.197099098521496,5991.918300159294
0.070071,4.267145098521496,-4.197074098521496,4.197074098521496,5989.744819585494
0.07008,4.267145098521496,-4.197065098521496,4.197065098521496,5988.962746193684
0.070203,4.267145098521496,-4.196942098521496,4.196942098521496,5978.294506706553
0.063006,4.259935314191354,-4.196929314191355,4.196929314191355,6661.158155620412
0.063042,4.259935314191354,-4.196893314191354,4.196893314191354,6657.297210643789
0.06308,4.259935314191354,-4.196855314191354,4.196855314191354,6653.2265496799755
0.063119,4.259935314191354,-4.196816314191354,4.196816314191354,6649.053862612368
0.063309,4.259935314191354,-4.196626314191354,4.196626314191354,6628.798918893925
0.063346,4.259935314191354,-4.196589314191354,4.196589314191354,6624.868669792072
0.063378,4.259935314191354,-4.196557314191354,4.196557314191354,6621.473236091201
0.063399,4.259935314191354,-4.196536314191354,4.196536314191354,6619.246845489846
0.085426,4.281919046445923,-4.196493046445923,4.196493046445923,4912.430690344266
0.070834,4.267145098521496,-4.196311098521496,4.196311098521496,5924.148138743187
0.063641,4.259935314191354,-4.196294314191355,4.196294314191355,6593.696371203562
0.070976,4.267145098521496,-4.196169098521496,4.196169098521496,5912.09576844201
0.063829,4.259935314191354,-4.196106314191354,4.196106314191354,6573.980961032405
0.063835,4.259935314191354,-4.196100314191354,4.196100314191354,6573.353658052794
0.063954,4.259935314191354,-4.1959813141913544,4.1959813141913544,6560.936466257651
0.063959,4.259935314191354,-4.195976314191355,4.195976314191355,6560.415747011271
0.06399,4.259935314191354,-4.195945314191354,4.195945314191354,6557.189103975878
0.064105,4.259935314191354,-4.195830314191355,4.195830314191355,6545.2465605586285
0.064121,4.259935314191354,-4.195814314191354,4.195814314191354,6543.588383911303
0.064169,4.259935314191354,-4.195766314191355,4.195766314191355,6538.61881539799
0.06423,4.259935314191354,-4.195705314191354,4.195705314191354,6532.314039637305
0.064231,4.259935314191354,-4.195704314191354,4.195704314191354,6532.210782424599
0.064321,4.259935314191354,-4.195614314191355,4.195614314191355,6522.930781033293
0.064571,4.259935314191354,-4.195364314191354,4.195364314191354,6497.288732858506
0.064753,4.259935314191354,-4.195182314191355,4.195182314191355,6478.745861523958
0.064849,4.259935314191354,-4.195086314191355,4.195086314191355,6469.006935684972
0.072181,4.267145098521496,-4.194964098521496,4.194964098521496,5811.728976752564
0.065124,4.259935314191354,-4.194811314191354,4.194811314191354,6441.267900850818
0.072462,4.267145098521496,-4.194683098521496,4.194683098521496,5788.803914786637
0.065376,4.259935314191354,-4.194559314191355,4.194559314191355,6416.053762505049
0.065697,4.259935314191354,-4.194238314191354,4.194238314191354,6384.215881710182
0.066055,4.259935314191354,-4.193880314191354,4.193880314191354,6349.073208450959
0.066099,4.259935314191354,-4.193836314191354,4.193836314191354,6344.780265732573
0.066316,4.259935314191354,-4.193619314191355,4.193619314191355,6323.691579509716
0.066566,4.259935314191354,-4.193369314191354,4.193369314191354,6299.566306961195
0.073778,4.267145098521496,-4.193367098521496,4.193367098521496,5683.763578353619
0.118648,4.3117976335580135,-4.193149633558013,4.193149633558013,3534.1089862651743
0.074161,4.267145098521496,-4.192984098521496,4.192984098521496,5653.893681136449
0.118821,4.3117976335580135,-4.192976633558014,4.192976633558014,3528.817826839697
0.118838,4.3117976335580135,-4.192959633558013,4.192959633558013,3528.2987176069228
0.118846,4.3117976335580135,-4.192951633558014,4.192951633558014,3528.0544822963834
0.067021,4.259935314191354,-4.192914314191354,4.192914314191354,6256.1201831295175
0.118899,4.3117976335580135,-4.192898633558014,4.192898633558014,3526.4372534937856
0.118992,4.3117976335580135,-4.192805633558013,4.192805633558013,3523.6029565301956
0.118997,4.3117976335580135,-4.192800633558013,4.192800633558013,3523.450700466871
0.119013,4.3117976335580135,-4.192784633558014,4.192784633558014,3522.963567034736
0.119023,4.3117976335580135,-4.192774633558013,4.192774633558013,3522.659175147118
0.119031,4.3117976335580135,-4.192766633558014,4.192766633558014,3522.415698461408
0.119096,4.3117976335580135,-4.192701633558014,4.192701633558014,3520.4386629589367
0.119113,4.3117976335580135,-4.192684633558014,4.192684633558014,3519.9219480981023
0.119133,4.3117976335580135,-4.192664633558014,4.192664633558014,3519.314237061687
0.119138,4.3117976335580135,-4.192659633558013,4.192659633558013,3519.162341183209
0.119304,4.3117976335580135,-4.192493633558014,4.192493633558014,3514.1266261348214
0.119339,4.3117976335580135,-4.192458633558013,4.192458633558013,3513.0666672629623
0.11936,4.3117976335580135,-4.192437633558013,4.192437633558013,3512.4309903196904
0.119526,4.3117976335580135,-4.192271633558014,4.192271633558014,3507.413976917658
0.119592,4.3117976335580135,-4.192205633558014,4.192205633558014,3505.4231303536944
0.1196,4.3117976335580135,-4.192197633558013,4.192197633558013,3505.1819649271165
0.119604,4.3117976335580135,-4.192193633558014,4.192193633558014,3505.0613943120234
0.119609,4.3117976335580135,-4.192188633558014,4.192188633558014,3504.910692383603
0.119739,4.3117976335580135,-4.1920586335580134,4.1920586335580134,3500.99685988443
0.119902,4.3117976335580135,-4.191895633558014,4.191895633558014,3496.101507949753
0.119945,4.3117976335580135,-4.191852633558013,4.191852633558013,3494.8123140299317
0.120103,4.3117976335580135,-4.191694633558013,4.191694633558013,3490.0832036401503
0.068836,4.259935314191354,-4.191099314191354,4.191099314191354,6088.5282528078715
0.120872,4.3117976335580135,-4.190925633558013,4.190925633558013,3467.242727919428
0.120918,4.3117976335580135,-4.190879633558014,4.190879633558014,3465.885666395515
0.193024,4.370699558173557,-4.177675558173557,4.177675558173557,2164.3295942521277
0.193075,4.370699558173557,-4.177624558173557,4.177624558173557,2163.731480517843
0.193101,4.370699558173557,-4.177598558173557,4.177598558173557,2163.426681379242
0.19312,4.370699558173557,-4.177579558173557,4.177579558173557,2163.203995448608
0.193153,4.370699558173557,-4.177546558173558,4.177546558173558,2162.8173292730326
0.193161,4.370699558173557,-4.177538558173557,4.177538558173557,2162.7236119148447
0.193168,4.370699558173557,-4.177531558173557,4.177531558173557,2162.6416155941542
0.193169,4.370699558173557,-4.177530558173557,4.177530558173557,2162.629902319175
0.193263,4.370699558173557,-4.177436558173557,4.177436558173557,2161.5293957001745
0.193265,4.370699558173557,-4.177434558173557,4.177434558173557,2161.505992296614
0.193267,4.370699558173557,-4.177432558173558,4.177432558173558,2161.4825893774287
0.19327,4.370699558173557,-4.177429558173557,4.177429558173557,2161.447485906819
0.193275,4.370699558173557,-4.177424558173557,4.177424558173557,2161.3889825441306
0.193281,4.370699558173557,-4.1774185581735575,4.1774185581735575,2161.318782504353
0.193283,4.370699558173557,-4.177416558173557,4.177416558173557,2161.2953834596224
0.193308,4.370699558173557,-4.177391558173557,4.177391558173557,2161.002936253313
0.19331,4.370699558173557,-4.177389558173557,4.177389558173557,2160.9795437445437
0.193338,4.370699558173557,-4.1773615581735575,4.1773615581735575,2160.6520994387574
0.193349,4.370699558173557,-4.177350558173558,4.177350558173558,2160.5234865517973
0.193372,4.370699558173557,-4.177327558173557,4.177327558173557,2160.2546159802364
0.193391,4.370699558173557,-4.177308558173557,4.177308558173557,2160.0325537452745
0.193403,4.370699558173557,-4.177296558173557,4.177296558173557,2159.8923263929023
0.193417,4.370699558173557,-4.177282558173557,4.177282558173557,2159.728749806805
0.193459,4.370699558173557,-4.177240558173557,4.177240558173557,2159.2381620985943
0.193479,4.370699558173557,-4.177220558173557,4.177220558173557,2159.0046237651386
0.193502,4.370699558173557,-4.177197558173558,4.177197558173558,2158.7361143630665
0.193526,4.370699558173557,-4.177173558173557,4.177173558173557,2158.455998684983
0.193541,4.370699558173557,-4.1771585581735575,4.1771585581735575,2158.2809616645964
0.193548,4.370699558173557,-4.177151558173557,4.177151558173557,2158.199287006509
0.193561,4.370699558173557,-4.177138558173557,4.177138558173557,2158.047621171367
0.193579,4.370699558173557,-4.1771205581735575,4.1771205581735575,2157.8376559522053
0.193581,4.370699558173557,-4.177118558173557,4.177118558173557,2157.8143288937154
0.193595,4.370699558173557,-4.177104558173557,4.177104558173557,2157.6510529796255
0.193625,4.370699558173557,-4.177074558173557,4.177074558173557,2157.3012555280857
0.193649,4.370699558173557,-4.1770505581735575,4.1770505581735575,2157.0214956010805
0.193706,4.370699558173557,-4.1769935581735576,4.1769935581735576,2156.357343612072
0.193738,4.370699558173557,-4.1769615581735575,4.1769615581735575,2155.9846576394784
0.193803,4.370699558173557,-4.176896558173557,4.176896558173557,2155.2280181515916
0.193865,4.370699558173557,-4.1768345581735575,4.1768345581735575,2154.5067732798857
0.194077,4.370699558173557,-4.176622558173557,4.176622558173557,2152.0440629345635
0.194226,4.370699558173557,-4.176473558173557,4.176473558173557,2150.3164128506173
0.194329,4.370699558173557,-4.1763705581735575,4.1763705581735575,2149.1236799574094
0.194348,4.370699558173557,-4.1763515581735575,4.1763515581735575,2148.9037993828874
0.194408,4.370699558173557,-4.176291558173557,4.176291558173557,2148.2097218351855
0.194426,4.370699558173557,-4.176273558173557,4.176273558173557,2148.0015821060742
0.194488,4.370699558173557,-4.1762115581735575,4.1762115581735575,2147.2849512701414
0.194513,4.370699558173557,-4.1761865581735576,4.1761865581735576,2146.9961164685965
0.349938,4.481561136501066,-4.131623136501066,4.131623136501066,1180.6729007196682
0.350021,4.481561136501066,-4.131540136501066,4.131540136501066,1180.3692165100654
0.350204,4.481561136501066,-4.131357136501066,4.131357136501066,1179.7001562864405
0.350211,4.481561136501066,-4.131350136501066,4.131350136501066,1179.6745777035535
0.350263,4.481561136501066,-4.131298136501066,4.131298136501066,1179.4845973801348
0.350305,4.481561136501066,-4.131256136501066,4.131256136501066,1179.3311929095316
0.350319,4.481561136501066,-4.131242136501066,4.131242136501066,1179.2800662601187
0.350336,4.481561136501066,-4.131225136501065,4.131225136501065,1179.2179893935672
0.350351,4.481561136501066,-4.131210136501066,4.131210136501066,1179.1632206906509
0.350386,4.481561136501066,-4.131175136501065,4.131175136501065,1179.0354452866354
0.350454,4.481561136501066,-4.131107136501066,4.131107136501066,1178.7872688918599
0.350464,4.481561136501066,-4.131097136501066,4.131097136501066,1178.7507804859601
0.350478,4.481561136501066,-4.131083136501066,4.131083136501066,1178.6997002158098
0.350514,4.481561136501066,-4.131047136501065,4.131047136501065,1178.5683696863741
0.350517,4.481561136501066,-4.131044136501066,4.131044136501066,1178.5574266932867
0.35054,4.481561136501066,-4.131021136501066,4.131021136501066,1178.4735366356456
0.350541,4.481561136501066,-4.131020136501066,4.131020136501066,1178.4698894915562
0.350546,4.481561136501066,-4.131015136501066,4.131015136501066,1178.4516540832342
0.350553,4.481561136501066,-4.131008136501066,4.131008136501066,1178.4261253855022
0.35057,4.481561136501066,-4.130991136501065,4.130991136501065,1178.3641313639791
0.350594,4.481561136501066,-4.130967136501066,4.130967136501066,1178.2766206275032
0.350601,4.481561136501066,-4.1309601365010655,4.1309601365010655,1178.2510989195166
0.350611,4.481561136501066,-4.130950136501066,4.130950136501066,1178.2146411044864
0.350618,4.481561136501066,-4.130943136501066,4.130943136501066,1178.1891218713463
0.350688,4.481561136501066,-4.130873136501066,4.130873136501066,1177.933985572113
0.350701,4.481561136501066,-4.130860136501066,4.130860136501066,1177.886614330492
0.350717,4.481561136501066,-4.130844136501065,4.130844136501065,1177.8283160848312
0.350733,4.481561136501066,-4.130828136501066,4.130828136501066,1177.770023158156
0.350735,4.481561136501066,-4.1308261365010654,4.1308261365010654,1177.7627369162765
0.350774,4.481561136501066,-4.130787136501065,4.130787136501065,1177.6206718067601
0.350783,4.481561136501066,-4.130778136501066,4.130778136501066,1177.5878920368084
0.350894,4.481561136501066,-4.130667136501065,4.130667136501065,1177.1837464658506
0.350929,4.481561136501066,-4.130632136501066,4.130632136501066,1177.056366194874
0.350959,4.481561136501066,-4.130602136501066,4.130602136501066,1176.947203326918
0.352094,4.481561136501066,-4.129467136501066,4.129467136501066,1172.8308733827428
0.352145,4.481561136501066,-4.1294161365010655,4.1294161365010655,1172.6465334814975
0.352189,4.481561136501066,-4.129372136501066,4.129372136501066,1172.4875380345718
0.352239,4.481561136501066,-4.129322136501066,4.129322136501066,1172.306909606477
0.295772,4.370699558173557,-4.074927558173557,4.074927558173557,1377.7259364631645
0.680575,4.683596056891762,-4.003021056891762,4.003021056891762,588.1822071488931
0.680595,4.683596056891762,-4.003001056891762,4.003001056891762,588.161984190833
0.680614,4.683596056891762,-4.002982056891762,4.002982056891762,588.1427734815355
0.680627,4.683596056891762,-4.002969056891762,4.002969056891762,588.1296299299958
0.680711,4.683596056891762,-4.002885056891762,4.002885056891762,588.0447144682131
0.680755,4.683596056891762,-4.0028410568917625,4.0028410568917625,588.0002433039438
0.680763,4.683596056891762,-4.002833056891762,4.002833056891762,587.9921582553355
0.680819,4.683596056891762,-4.002777056891762,4.002777056891762,587.9355682352913
0.680821,4.683596056891762,-4.002775056891762,4.002775056891762,587.9335473353243
0.680847,4.683596056891762,-4.002749056891762,4.002749056891762,587.9072767161865
0.680851,4.683596056891762,-4.002745056891762,4.002745056891762,587.9032352605576
0.680873,4.683596056891762,-4.002723056891762,4.002723056891762,587.8810081034027
0.680888,4.683596056891762,-4.002708056891762,4.002708056891762,587.8658540470526
0.680894,4.683596056891762,-4.002702056891762,4.002702056891762,587.8597926114641
0.680929,4.683596056891762,-4.002667056891762,4.002667056891762,587.8244363661905
0.680932,4.683596056891762,-4.002664056891762,4.002664056891762,587.821406000003
0.680935,4.683596056891762,-4.002661056891762,4.002661056891762,587.8183756605174
0.680936,4.683596056891762,-4.002660056891762,4.002660056891762,587.8173655532892
0.680943,4.683596056891762,-4.002653056891762,4.002653056891762,587.8102948857617
0.680951,4.683596056891762,-4.002645056891762,4.002645056891762,587.8022143008761
0.680975,4.683596056891762,-4.002621056891762,4.002621056891762,587.7779736853753
0.680977,4.683596056891762,-4.002619056891762,4.002619056891762,587.7759537112098
0.681013,4.683596056891762,-4.002583056891762,4.002583056891762,587.7395962050684
0.681021,4.683596056891762,-4.002575056891762,4.002575056891762,587.731517281263
0.68103,4.683596056891762,-4.002566056891762,4.002566056891762,587.7224287188582
0.68104,4.683596056891762,-4.002556056891762,4.002556056891762,587.7123305979164
0.681055,4.683596056891762,-4.002541056891762,4.002541056891762,587.6971839725228
0.681073,4.683596056891762,-4.0025230568917625,4.0025230568917625,587.6790089027289
0.681077,4.683596056891762,-4.002519056891762,4.002519056891762,587.674970128794
0.681095,4.683596056891762,-4.002501056891762,4.002501056891762,587.65679623314
0.681104,4.683596056891762,-4.002492056891762,4.002492056891762,587.6477096455334
0.681116,4.683596056891762,-4.002480056891762,4.002480056891762,587.6355945689318
0.68113,4.683596056891762,-4.0024660568917625,4.0024660568917625,587.6214608524277
0.681132,4.683596056891762,-4.002464056891762,4.002464056891762,587.6194417974993
0.681153,4.683596056891762,-4.002443056891762,4.002443056891762,587.5982424365984
0.681177,4.683596056891762,-4.002419056891762,4.002419056891762,587.5740161961116
0.681179,4.683596056891762,-4.002417056891762,4.002417056891762,587.5719974197957
0.681184,4.683596056891762,-4.002412056891762,4.002412056891762,587.566950530869
0.681223,4.683596056891762,-4.002373056891762,4.002373056891762,587.527587339863
0.681228,4.683596056891762,-4.002368056891762,4.002368056891762,587.5225411028672
0.681246,4.683596056891762,-4.002350056891762,4.002350056891762,587.5043752630119
0.681427,4.683596056891762,-4.002169056891762,4.002169056891762,587.3217609963268
0.684736,4.683596056891762,-3.998860056891762,3.998860056891762,584.000265256648
0.684766,4.683596056891762,-3.9988300568917623,3.9988300568917623,583.9702988039405
0.68488,4.683596056891762,-3.998716056891762,3.998716056891762,583.8564502260111
0.333793,4.267145098521496,-3.933352098521496,3.933352098521496,1178.3806422972066
0.341821,4.267145098521496,-3.925324098521496,3.925324098521496,1148.356624482738
0.370829,4.281919046445923,-3.911090046445923,3.911090046445923,1054.6882917439668
0.408514,4.3117976335580135,-3.9032836335580137,3.9032836335580137,955.4834430649942
0.414462,4.3117976335580135,-3.8973356335580136,3.8973356335580136,940.336057978217
0.804056,4.683596056891762,-3.879540056891762,3.879540056891762,482.4962510582926
0.493482,4.370699558173557,-3.877217558173557,3.877217558173557,785.6857103983269
1.379607,5.24876647268947,-3.8691594726894696,3.8691594726894696,280.4537431608433
1.379698,5.24876647268947,-3.8690684726894693,3.8690684726894693,280.4286497776354
1.379703,5.24876647268947,-3.8690634726894695,3.8690634726894695,280.42727111625055
1.379783,5.24876647268947,-3.86898347268947,3.86898347268947,280.4052138929864
1.379833,5.24876647268947,-3.8689334726894695,3.8689334726894695,280.39142942726244
1.379846,5.24876647268947,-3.86892047268947,3.86892047268947,280.3878456298081
1.379846,5.24876647268947,-3.86892047268947,3.86892047268947,280.3878456298081
1.379856,5.24876647268947,-3.8689104726894694,3.8689104726894694,280.3850889084864
1.379874,5.24876647268947,-3.8688924726894696,3.8688924726894696,280.3801269107969
1.379896,5.24876647268947,-3.8688704726894696,3.8688704726894696,280.3740624227547
1.379904,5.24876647268947,-3.86886247268947,3.86886247268947,280.37185720231975
1.379938,5.24876647268947,-3.8688284726894695,3.8688284726894695,280.36248530072413
1.379953,5.24876647268947,-3.8688134726894696,3.8688134726894696,280.358350785071
1.379968,5.24876647268947,-3.8687984726894697,3.8687984726894697,280.3542163593007
1.37999,5.24876647268947,-3.8687764726894693,3.8687764726894693,280.34815269741966
1.379998,5.24876647268947,-3.8687684726894696,3.8687684726894696,280.34594777739704
1.380008,5.24876647268947,-3.8687584726894695,3.8687584726894695,280.3431916633184
1.380014,5.24876647268947,-3.8687524726894695,3.8687524726894695,280.34153801404386
1.380042,5.24876647268947,-3.8687244726894696,3.8687244726894696,280.3338211742205
1.38006,5.24876647268947,-3.8687064726894693,3.8687064726894693,280.3288605139733
1.380093,5.24876647268947,-3.8686734726894696,3.8686734726894696,280.319766306267
1.380095,5.24876647268947,-3.8686714726894698,3.8686714726894698,280.31921515614147
1.380126,5.24876647268947,-3.86864047268947,3.86864047268947,280.3106725334614
1.380191,5.24876647268947,-3.8685754726894697,3.8685754726894697,280.2927618285568
1.380195,5.24876647268947,-3.8685714726894695,3.8685714726894695,280.291659686434
1.380234,5.24876647268947,-3.86853247268947,3.86853247268947,280.2809141355154
1.380313,5.24876647268947,-3.8684534726894695,3.8684534726894695,280.25914936751377
1.380423,5.24876647268947,-3.8683434726894697,3.8683434726894697,280.2288481435937
1.381812,5.24876647268947,-3.8669544726894696,3.8669544726894696,279.84664139619736
1.384825,5.24876647268947,-3.8639414726894694,3.8639414726894694,279.0201991161663
1.385209,5.24876647268947,-3.86355747268947,3.86355747268947,278.91512922674883
0.510245,4.370699558173557,-3.8604545581735574,3.8604545581735574,756.588414862854
0.510273,4.370699558173557,-3.8604265581735575,3.8604265581735575,756.5414116398508
8.87127,5.24876647268947,3.6225035273105313,3.6225035273105313,40.83410297814966
6.372397,5.24876647268947,1.1236305273105307,1.1236305273105307,17.632776603417803
5.076916,4.259935314191354,0.8169806858086455,0.8169806858086455,16.092066242430512
28.958507,28.302303993977937,0.6562030060220643,0.6562030060220643,2.2660111794430504
28.809698,28.302303993977937,0.5073940060220643,0.5073940060220643,1.7611916862866912
28.805239,28.302303993977937,0.5029350060220636,0.5029350060220636,1.7459844926831458
28.759083,28.302303993977937,0.4567790060220638,0.4567790060220638,1.5882947520283435
28.750027,28.302303993977937,0.4477230060220627,0.4477230060220627,1.557295949741214
28.737798,28.302303993977937,0.4354940060220649,0.4354940060220649,1.5154049242762075
28.737327,28.302303993977937,0.4350230060220639,0.4350230060220639,1.513790778176934
28.736207,28.302303993977937,0.43390300602206366,0.43390300602206366,1.5099522564705694
28.73299,28.302303993977937,0.4306860060220643,0.4306860060220643,1.49892512411888
28.729793,28.302303993977937,0.4274890060220642,0.4274890060220642,1.4879641006135207
28.728453,28.302303993977937,0.4261490060220616,0.4261490060220616,1.4833691393705686
28.727507,28.302303993977937,0.4252030060220626,0.4252030060220626,1.4801249757613235
28.721752,28.302303993977937,0.419448006022062,0.419448006022062,1.4603844710468974
28.720376,28.302303993977937,0.41807200602206507,0.41807200602206507,1.4556634147847138
28.698258,28.302303993977937,0.39595400602206254,0.39595400602206254,1.3797144273380038
28.692341,28.302303993977937,0.39003700602206237,0.39003700602206237,1.3593767271227644
28.611221,28.302303993977937,0.30891700602206384,0.30891700602206384,1.0797057770480476
39.30168,39.01979190539942,0.28188809460057485,0.28188809460057485,0.7172418446230736
28.577452,28.302303993977937,0.27514800602206435,0.27514800602206435,0.9628150404070368
4.939442,4.683596056891762,0.2558459431082376,0.2558459431082376,5.179652744238275
4.932307,4.683596056891762,0.24871094310823771,0.24871094310823771,5.042487077612874
4.932102,4.683596056891762,0.24850594310823837,0.24850594310823837,5.038540222874543
4.931844,4.683596056891762,0.24824794310823783,0.24824794310823783,5.033572495464258
4.930677,4.683596056891762,0.24708094310823814,0.24708094310823814,5.011095699499826
4.930445,4.683596056891762,0.24684894310823768,0.24684894310823768,5.0066260368634286
4.929937,4.683596056891762,0.24634094310823773,0.24634094310823773,4.996837547888359
10.011857,9.766327137690013,0.2455298623099864,0.2455298623099864,2.4523908232761817
4.928944,4.683596056891762,0.24534794310823838,0.24534794310823838,4.977697922785502
4.928905,4.683596056891762,0.24530894310823825,0.24530894310823825,4.97694605806485
4.928848,4.683596056891762,0.24525194310823828,0.24525194310823828,4.975847157454692
4.928807,4.683596056891762,0.24521094310823788,0.24521094310823788,4.9750567044573435
4.928713,4.683596056891762,0.24511694310823806,0.24511694310823806,4.973244396727194
4.928659,4.683596056891762,0.24506294310823762,0.24506294310823762,4.972203252512812
4.928559,4.683596056891762,0.24496294310823785,0.24496294310823785,4.970275147426816
4.928545,4.683596056891762,0.24494894310823767,0.24494894310823767,4.970005206471031
4.928535,4.683596056891762,0.24493894310823805,0.24493894310823805,4.969812390563692
4.928532,4.683596056891762,0.24493594310823763,0.24493594310823763,4.969754545638902
4.92851,4.683596056891762,0.2449139431082381,0.2449139431082381,4.969330347372101
4.928469,4.683596056891762,0.2448729431082377,0.2448729431082377,4.968539785951158
4.928467,4.683596056891762,0.24487094310823831,0.24487094310823831,4.968501221642953
4.928444,4.683596056891762,0.24484794310823776,0.24484794310823776,4.968057729848806
4.928428,4.683596056891762,0.2448319431082382,0.2448319431082382,4.96774921137674
4.928424,4.683596056891762,0.24482794310823763,0.24482794310823763,4.967672081445711
4.928424,4.683596056891762,0.24482794310823763,0.24482794310823763,4.967672081445711
4.928422,4.683596056891762,0.24482594310823824,0.24482594310823824,4.967633516433264
4.928414,4.683596056891762,0.244817943108238,0.244817943108238,4.967479256070422
4.92841,4.683596056891762,0.24481394310823834,0.24481394310823834,4.967402125701208
4.928389,4.683596056891762,0.24479294310823807,0.24479294310823807,4.966997189208707
4.928383,4.683596056891762,0.24478694310823812,0.24478694310823812,4.966881492434156
4.928334,4.683596056891762,0.24473794310823838,0.24473794310823838,4.965936624897428
4.928315,4.683596056891762,0.2447189431082375,0.2447189431082375,4.965570242634084
4.928295,4.683596056891762,0.24469894310823825,0.24469894310823825,4.965184574041794
4.928195,4.683596056891762,0.2445989431082376,0.2445989431082376,4.963256184125717
4.928152,4.683596056891762,0.2445559431082378,0.2445559431082378,4.962426952400725
4.927801,4.683596056891762,0.2442049431082376,0.2442049431082376,4.955657566189908
4.927341,4.683596056891762,0.24374494310823813,0.24374494310823813,4.946784545727429
4.927279,4.683596056891762,0.24368294310823835,0.24368294310823835,4.9455884901848
4.927261,4.683596056891762,0.2436649431082376,0.2436649431082376,4.945241242615165
4.927242,4.683596056891762,0.24364594310823762,0.24364594310823762,4.9448747007614555
4.92723,4.683596056891762,0.24363394310823772,0.24363394310823772,4.944643199186826
4.92722,4.683596056891762,0.2436239431082381,0.2436239431082381,4.944450280346597
4.927144,4.683596056891762,0.24354794310823813,0.24354794310823813,4.9429840715695565
4.927142,4.683596056891762,0.24354594310823785,0.24354594310823785,4.942945486517233
4.927085,4.683596056891762,0.24348894310823788,0.24348894310823788,4.941845799357958
4.92705,4.683596056891762,0.2434539431082383,0.2434539431082383,4.941170540248163
28.544926,28.302303993977937,0.24262200602206363,0.24262200602206363,0.8499654405172172
10.008779,9.766327137690013,0.24245186230998783,0.24245186230998783,2.4223920051343466
10.00712,9.766327137690013,0.24079286230998775,0.24079286230998775,2.4062153977126437
10.000648,9.766327137690013,0.23432086230998728,0.23432086230998728,2.343056792996256
10.000124,9.766327137690013,0.23379686230998686,0.23379686230998686,2.337939632625045
9.998021,9.766327137690013,0.2316938623099869,0.2316938623099869,2.3173972359896973
9.997822,9.766327137690013,0.23149486230998662,0.23149486230998662,2.315452928724588
9.997689,9.766327137690013,0.23136186230998668,0.23136186230998668,2.3141534239329964
9.997328,9.766327137690013,0.23100086230998684,0.23100086230998684,2.310626022349934
9.996962,9.766327137690013,0.2306348623099872,0.2306348623099872,2.307049504716334
9.996935,9.766327137690013,0.23060786230998787,0.23060786230998787,2.306785652879418
9.996878,9.766327137690013,0.2305508623099879,0.2305508623099879,2.30622862765437
9.996874,9.766327137690013,0.23054686230998733,0.23054686230998733,2.3061895379263673
9.996372,9.766327137690013,0.23004486230998644,0.23004486230998644,2.301283528741079
9.996175,9.766327137690013,0.22984786230998644,0.22984786230998644,2.299358127560663
9.995866,9.766327137690013,0.22953886230998677,0.22953886230998677,2.296337929176826
9.995858,9.766327137690013,0.22953086230998743,0.22953086230998743,2.296259733858676
9.995813,9.766327137690013,0.22948586230998735,0.22948586230998735,2.2958198828618697
9.995778,9.766327137690013,0.2294508623099869,0.2294508623099869,2.2954777737930097
9.99576,9.766327137690013,0.22943286230998794,0.22943286230998794,2.2953018310532927
9.995694,9.766327137690013,0.2293668623099876,0.2293668623099876,2.2946567022529196
9.995514,9.766327137690013,0.2291868623099873,0.2291868623099873,2.2928972167683863
9.99542,9.766327137690013,0.2290928623099866,0.2290928623099866,2.2919783491608623
9.994973,9.766327137690013,0.22864586230998718,0.22864586230998718,2.2876086039221875
9.994687,9.766327137690013,0.22835986230998806,0.22835986230998806,2.2848125439816496
9.994189,9.766327137690013,0.22786186230998773,0.22786186230998773,2.2799434982439073
9.991406,9.766327137690013,0.22507886230998686,0.22507886230998686,2.2527246146111386
9.990877,9.766327137690013,0.22454986230998664,0.22454986230998664,2.247549062086733
9.98794,9.766327137690013,0.22161286230998734,0.22161286230998734,2.2188045013062605
9.9857,9.766327137690013,0.21937286230998687,0.21937286230998687,2.196870147388666
17.270505,17.4877815469272,-0.21727654692719867,0.21727654692719867,1.258078712382415
9.98333,9.766327137690013,0.21700286230998778,0.21700286230998778,2.1736521011307257
9.983277,9.766327137690013,0.21694986230998659,0.21694986230998659,2.173132752980945
9.982601,9.766327137690013,0.21627386230998802,0.21627386230998802,2.1665081305746017
9.981817,9.766327137690013,0.2154898623099868,0.2154898623099868,2.158824012780719
4.898843,4.683596056891762,0.21524694310823822,0.21524694310823822,4.393832239650145
4.8984,4.683596056891762,0.21480394310823758,0.21480394310823758,4.385185838311538
4.898218,4.683596056891762,0.2146219431082379,0.2146219431082379,4.381633138905951
4.897958,4.683596056891762,0.21436194310823797,0.21436194310823797,4.3765573960385415
4.897892,4.683596056891762,0.21429594310823763,0.21429594310823763,4.3752688524749495
4.897712,4.683596056891762,0.21411594310823823,0.21411594310823823,4.371754466246004
4.89763,4.683596056891762,0.2140339431082383,0.2140339431082383,4.370153382429218
9.980262,9.766327137690013,0.21393486230998704,0.21393486230998704,2.1435796205334436
9.98007,9.766327137690013,0.21374286230998685,0.21374286230998685,2.1416970252497745
9.979769,9.766327137690013,0.21344186230998652,0.21344186230998652,2.1387455191382463
4.896811,4.683596056891762,0.21321494310823752,0.21321494310823752,4.354159127315377
9.978898,9.766327137690013,0.21257086230998645,0.21257086230998645,2.1302037790932054
4.895926,4.683596056891762,0.21232994310823816,0.21232994310823816,4.33686994255839
28.514423,28.302303993977937,0.21211900602206413,0.21211900602206413,0.7439007481277816
4.894237,4.683596056891762,0.21064094310823833,0.21064094310823833,4.303856619610666
28.511756,28.302303993977937,0.2094520060220617,0.2094520060220617,0.7346162965947349
3.660716,3.4537708338864217,0.20694516611357816,0.20694516611357816,5.653133597578316
3.659139,3.4537708338864217,0.20536816611357844,0.20536816611357844,5.61247239058057
9.971388,9.766327137690013,0.20506086230998655,0.20506086230998655,2.0564926598777427
5.453296,5.24876647268947,0.2045295273105303,0.2045295273105303,3.7505671305349964
5.453277,5.24876647268947,0.20451052731053032,0.20451052731053032,3.7502317836922656
5.452866,5.24876647268947,0.2040995273105306,0.2040995273105306,3.742977129949418
5.452222,5.24876647268947,0.2034555273105303,0.2034555273105303,3.731607541050212
5.452196,5.24876647268947,0.2034295273105302,0.2034295273105302,3.7311484639730317
4.684579,4.481561136501066,0.20301786349893458,0.20301786349893458,4.3337483153683785
4.684548,4.481561136501066,0.2029868634989347,0.2029868634989347,4.333115243874149
4.462793,4.259935314191354,0.20285768580864527,0.20285768580864527,4.545532042469811
4.462772,4.259935314191354,0.2028366858086459,0.2028366858086459,4.545082872351552
4.684364,4.481561136501066,0.20280286349893473,0.20280286349893473,4.329357485767659
4.462723,4.259935314191354,0.20278768580864615,0.20278768580864615,4.544034792302863
4.462672,4.259935314191354,0.20273668580864612,0.20273668580864612,4.542943909032596
4.684165,4.481561136501066,0.20260386349893444,0.20260386349893444,4.325293056384845
4.68413,4.481561136501066,0.202568863498934,0.202568863498934,4.324578171284943
9.968884,9.766327137690013,0.20255686230998649,0.20255686230998649,2.0318910552871774
4.684057,4.481561136501066,0.20249586349893445,0.20249586349893445,4.323087090840512
4.462367,4.259935314191354,0.20243168580864612,0.20243168580864612,4.536419478812695
28.504605,28.302303993977937,0.2023010060220649,0.2023010060220649,0.7097134165562202
5.450719,5.24876647268947,0.2019525273105307,0.2019525273105307,3.705062163483856
4.461648,4.259935314191354,0.201712685808646,0.201712685808646,4.5210354067404
4.468847,4.267145098521496,0.2017019014785042,0.2017019014785042,4.513511012437675
4.468834,4.267145098521496,0.20168890147850416,0.20168890147850416,4.513233238781993
4.461566,4.259935314191354,0.20163068580864607,0.20163068580864607,4.519280580050296
4.468763,4.267145098521496,0.201617901478504,0.201617901478504,4.51171613876127
4.468759,4.267145098521496,0.20161390147850433,0.20161390147850433,4.511630666903108
4.461513,4.259935314191354,0.20157768580864577,0.20157768580864577,4.518146328479322
4.461484,4.259935314191354,0.20154868580864527,0.20154868580864527,4.517525688854375
4.468683,4.267145098521496,0.20153790147850437,0.20153790147850437,4.51000667252509
4.461468,4.259935314191354,0.2015326858086457,0.2015326858086457,4.51718326353856
4.461468,4.259935314191354,0.2015326858086457,0.2015326858086457,4.51718326353856
4.461445,4.259935314191354,0.20150968580864603,0.20150968580864603,4.516691022844153
4.461445,4.259935314191354,0.20150968580864603,0.20150968580864603,4.516691022844153
4.461423,4.259935314191354,0.20148768580864562,0.20148768580864562,4.516220179169951
4.483402,4.281919046445923,0.20148295355407697,0.20148295355407697,4.493974743946294
4.483332,4.281919046445923,0.20141295355407696,0.20141295355407696,4.492483571361311
4.461337,4.259935314191354,0.20140168580864604,0.20140168580864604,4.514379563887052
5.450107,5.24876647268947,0.20134052731053043,0.20134052731053043,3.6942490726665764
4.461275,4.259935314191354,0.20133968580864536,0.20133968580864536,4.513052564662172
4.461255,4.259935314191354,0.20131968580864612,0.20131968580864612,4.512624492528077
4.461248,4.259935314191354,0.20131268580864603,0.20131268580864603,4.512474666374376
4.461234,4.259935314191354,0.20129868580864585,0.20129868580864585,4.512175012656447
4.461185,4.259935314191354,0.2012496858086461,0.2012496858086461,4.511126209832924
5.450013,5.24876647268947,0.2012465273105306,0.2012465273105306,3.69258802331
4.461173,4.259935314191354,0.20123768580864532,0.20123768580864532,4.510869356649797
4.46116,4.259935314191354,0.20122468580864528,0.20122468580864528,4.510591097475426
4.461152,4.259935314191354,0.20121668580864593,0.20121668580864593,4.51041986025438
4.461132,4.259935314191354,0.2011966858086458,0.2011966858086458,4.509991764514832
4.461128,4.259935314191354,0.20119268580864613,0.20119268580864613,4.509906144906315
4.468328,4.267145098521496,0.2011829014785036,0.2011829014785036,4.502420177614562
4.461099,4.259935314191354,0.20116368580864563,0.20116368580864563,4.509285398152705
4.461087,4.259935314191354,0.20115168580864573,0.20115168580864573,4.5090285350663795
4.461052,4.259935314191354,0.20111668580864528,0.20111668580864528,4.508279343171454
5.449869,5.24876647268947,0.20110252731053002,0.20110252731053002,3.6900433259375593
4.682639,4.481561136501066,0.2010778634989343,0.2010778634989343,4.294114141505253
5.449826,5.24876647268947,0.20105952731053023,0.20105952731053023,3.689283424954135
5.449824,5.24876647268947,0.20105752731052995,0.20105752731052995,3.6892480804305
4.682611,4.481561136501066,0.20104986349893395,0.20104986349893395,4.293541861466614
4.46098,4.259935314191354,0.20104468580864587,0.20104468580864587,4.506738111449483
4.460962,4.259935314191354,0.20102668580864602,0.20102668580864602,4.506352795745395
4.460945,4.259935314191354,0.20100968580864542,0.20100968580864542,4.50598888361411
5.449746,5.24876647268947,0.2009795273105306,0.2009795273105306,3.687869623774075
4.460909,4.259935314191354,0.20097368580864572,0.20097368580864572,4.505218237003724
4.460904,4.259935314191354,0.2009686858086459,0.2009686858086459,4.505111201768538
4.460886,4.259935314191354,0.20095068580864606,0.20095068580864606,4.504725872935137
4.460876,4.259935314191354,0.20094068580864555,0.20094068580864555,4.50451180001733
4.460839,4.259935314191354,0.2009036858086457,0.2009036858086457,4.503719721876131
4.460837,4.259935314191354,0.20090168580864542,0.20090168580864542,4.503676906467144
4.682428,4.481561136501066,0.20086686349893412,0.20086686349893412,4.289801434098813
5.449632,5.24876647268947,0.20086552731053064,0.20086552731053064,3.685854885372898
4.4608,4.259935314191354,0.20086468580864558,0.20086468580864558,4.50288481447594
4.682394,4.481561136501066,0.2008328634989347,0.2008328634989347,4.289106459102878
4.682381,4.481561136501066,0.20081986349893466,0.20081986349893466,4.288840730701876
4.682334,4.481561136501066,0.2007728634989343,0.2007728634989343,4.2878800080183606
4.467917,4.267145098521496,0.20077190147850388,0.20077190147850388,4.493635434006725
4.682279,4.481561136501066,0.2007178634989346,0.2007178634989346,4.286755733578624
4.467855,4.267145098521496,0.2007099014785041,0.2007099014785041,4.492310101245716
4.467851,4.267145098521496,0.20070590147850353,0.20070590147850353,4.492224594643181
4.682265,4.481561136501066,0.20070386349893443,0.20070386349893443,4.286469550413058
4.682265,4.481561136501066,0.20070386349893443,0.20070386349893443,4.286469550413058
4.482601,4.281919046445923,0.20068195355407692,0.20068195355407692,4.476908686488046
4.46781,4.267145098521496,0.20066490147850402,0.20066490147850402,4.4913481431397635
4.682199,4.481561136501066,0.2006378634989341,0.2006378634989341,4.285120378152423
4.467741,4.267145098521496,0.20059590147850415,0.20059590147850415,4.48987310307411
4.68214,4.481561136501066,0.20057886349893472,0.20057886349893472,4.283914267720546
4.682129,4.481561136501066,0.20056786349893407,0.20056786349893407,4.2836893963120275
5.449325,5.24876647268947,0.20055852731053037,0.20055852731053037,3.680428811033475
4.682082,4.481561136501066,0.2005208634989346,0.2005208634989346,4.282728570209831
4.682068,4.481561136501066,0.20050686349893443,0.20050686349893443,4.2824423629612385
4.682062,4.481561136501066,0.20050086349893448,0.20050086349893448,4.282319702187885
4.682015,4.481561136501066,0.20045386349893413,0.20045386349893413,4.281358848586619
4.482357,4.281919046445923,0.20043795355407745,0.20043795355407745,4.471708825281113
4.482355,4.281919046445923,0.20043595355407717,0.20043595355407717,4.4716662011287704
4.681996,4.481561136501066,0.20043486349893413,0.20043486349893413,4.28097041293186
4.467579,4.267145098521496,0.2004339014785037,0.2004339014785037,4.486409786464153
4.681986,4.481561136501066,0.2004248634989345,0.2004248634989345,4.280765971847283
4.467563,4.267145098521496,0.20041790147850413,0.20041790147850413,4.486067716874235
4.68197,4.481561136501066,0.20040886349893405,0.20040886349893405,4.280438864295449
4.681914,4.481561136501066,0.20035286349893422,0.20035286349893422,4.279293970257782
4.482269,4.281919046445923,0.2003499535540767,0.2003499535540767,4.46983332659434
4.681908,4.481561136501066,0.20034686349893427,0.20034686349893427,4.279171301415045
4.681902,4.481561136501066,0.20034086349893432,0.20034086349893432,4.2790486322579
4.681888,4.481561136501066,0.20032686349893414,0.20032686349893414,4.278762403001853
3.153107,2.9527835317358537,0.20032346826414615,0.20032346826414615,6.35320870042764
4.467468,4.267145098521496,0.20032290147850418,0.20032290147850418,4.4840366282202835
4.467468,4.267145098521496,0.20032290147850418,0.20032290147850418,4.4840366282202835
4.467468,4.267145098521496,0.20032290147850418,0.20032290147850418,4.4840366282202835
4.482214,4.281919046445923,0.200294953554077,0.200294953554077,4.468661102517825
4.681843,4.481561136501066,0.20028186349893407,0.20028186349893407,4.27784236879913
4.467419,4.267145098521496,0.20027390147850355,0.20027390147850355,4.482988980304301
4.467417,4.267145098521496,0.20027190147850416,0.20027190147850416,4.482946218676726
4.482187,4.281919046445923,0.20026795355407678,0.20026795355407678,4.468085636534324
4.482177,4.281919046445923,0.20025795355407716,0.20025795355407716,4.4678724992254715
0.375756,0.5759542871366765,-0.20019828713667653,0.20019828713667653,53.27879982845191
4.467337,4.267145098521496,0.20019190147850363,0.20019190147850363,4.481235722176822
0.375767,0.5759542871366765,-0.2001872871366765,0.2001872871366765,53.274312827736914
28.502487,28.302303993977937,0.20018300602206196,0.20018300602206196,0.702335224366069
3.152966,2.9527835317358537,0.20018246826414643,0.20018246826414643,6.3490208349153585
0.375774,0.5759542871366765,-0.20018028713667652,0.20018028713667652,53.271457600420746
4.482099,4.281919046445923,0.20017995355407692,0.20017995355407692,4.466209995575973
4.482097,4.281919046445923,0.20017795355407753,0.20017795355407753,4.466167366516418
3.152951,2.9527835317358537,0.2001674682641461,0.2001674682641461,6.34857529526458
4.482081,4.281919046445923,0.20016195355407707,0.20016195355407707,4.465826332670276
4.467306,4.267145098521496,0.20016090147850374,0.20016090147850374,4.480572888313968
4.681718,4.481561136501066,0.20015686349893436,0.20015686349893436,4.275286625436625
4.681718,4.481561136501066,0.20015686349893436,0.20015686349893436,4.275286625436625
5.448919,5.24876647268947,0.20015252731053046,0.20015252731053046,3.6732520213065603
3.152929,2.9527835317358537,0.20014546826414614,0.20014546826414614,6.34792182944171
4.467286,4.267145098521496,0.2001409014785036,0.2001409014785036,4.480145248681716
0.375814,0.5759542871366765,-0.20014028713667653,0.20014028713667653,53.255144056214355
4.467284,4.267145098521496,0.20013890147850422,0.20013890147850422,4.4801024845079045
0.375819,0.5759542871366765,-0.2001352871366765,0.2001352871366765,53.25310510735844
4.482044,4.281919046445923,0.20012495355407722,0.20012495355407722,4.465037682575454
4.681679,4.481561136501066,0.20011786349893423,0.20011786349893423,4.2744892055747465
4.467251,4.267145098521496,0.20010590147850404,0.20010590147850404,4.479396870111499
0.375853,0.5759542871366765,-0.20010128713667652,0.20010128713667652,53.23924169381043
0.375858,0.5759542871366765,-0.2000962871366765,0.2000962871366765,53.23720316806859
0.37587,0.5759542871366765,-0.20008428713667653,0.20008428713667653,53.23231092756651
0.375876,0.5759542871366765,-0.20007828713667652,0.20007828713667652,53.22986492445558
0.375878,0.5759542871366765,-0.20007628713667652,0.20007628713667652,53.22904960743844
0.37588,0.5759542871366765,-0.20007428713667652,0.20007428713667652,53.228234299097664
0.375882,0.5759542871366765,-0.20007228713667652,0.20007228713667652,53.2274189994331
0.375889,0.5759542871366765,-0.20006528713667654,0.20006528713667654,53.22456551893032
0.375892,0.5759542871366765,-0.2000622871366765,0.2000622871366765,53.22334263124865
0.375893,0.5759542871366765,-0.20006128713667654,0.20006128713667654,53.22293500635915
4.48198,4.281919046445923,0.20006095355407716,0.20006095355407716,4.463673500319356
0.375894,0.5759542871366765,-0.2000602871366765,0.2000602871366765,53.222527383638464
8.42309,8.623143447927827,-0.20005344792782687,0.20005344792782687,2.375060078017115
0.375901,0.5759542871366765,-0.20005328713667653,0.20005328713667653,53.219674085319504
4.481972,4.281919046445923,0.20005295355407693,0.20005295355407693,4.463502974798001
0.375903,0.5759542871366765,-0.20005128713667653,0.20005128713667653,53.21885887674684
0.375904,0.5759542871366765,-0.2000502871366765,0.2000502871366765,53.218451275713484
4.467188,4.267145098521496,0.20004290147850412,0.20004290147850412,4.4780497591331745
0.375917,0.5759542871366765,-0.2000372871366765,0.2000372871366765,53.2131526596199
0.375923,0.5759542871366765,-0.2000312871366765,0.2000312871366765,53.21070726810165
0.375925,0.5759542871366765,-0.2000292871366765,0.2000292871366765,53.20989215494224
4.467169,4.267145098521496,0.20002390147850413,0.20002390147850413,4.477643480110703
0.375931,0.5759542871366765,-0.2000232871366765,0.2000232871366765,53.20744686750203
0.375936,0.5759542871366765,-0.20001828713667652,0.20001828713667652,53.2054091875934
4.511814,4.3117976335580135,0.20001636644198673,0.20001636644198673,4.433169595146288
0.375939,0.5759542871366765,-0.2000152871366765,0.2000152871366765,53.20418660566536
4.681574,4.481561136501066,0.20001286349893466,0.20001286349893466,4.272342239910387
0.375943,0.5759542871366765,-0.20001128713667649,0.20001128713667649,53.20255652678036
4.481927,4.281919046445923,0.20000795355407686,0.20000795355407686,4.462543757397528
0.375947,0.5759542871366765,-0.20000728713667654,0.20000728713667654,53.20092648258281
4.481925,4.281919046445923,0.20000595355407746,0.20000595355407746,4.462501125066014
4.481923,4.281919046445923,0.20000395355407719,0.20000395355407719,4.462458492696433
0.375951,0.5759542871366765,-0.20000328713667653,0.20000328713667653,53.199296473071556
0.375953,0.5759542871366765,-0.20000128713667653,0.20000128713667653,53.19848148132294
4.681556,4.481561136501066,0.19999486349893392,0.19999486349893392,4.271974178983696
4.511791,4.3117976335580135,0.19999336644198618,0.19999336644198618,4.432682418967401
3.152773,2.9527835317358537,0.1999894682641461,0.1999894682641461,6.3432879010890675
4.481903,4.281919046445923,0.19998395355407705,0.19998395355407705,4.462032166908008
4.681544,4.481561136501066,0.19998286349893402,0.19998286349893402,4.2717288034601895
4.511779,4.3117976335580135,0.19998136644198627,0.19998136644198627,4.432428238119683
0.37598,0.5759542871366765,-0.19997428713667653,0.19997428713667653,53.18747994135036
4.681535,4.481561136501066,0.19997386349893453,0.19997386349893453,4.271544770992056
5.448739,5.24876647268947,0.19997252731053017,0.19997252731053017,3.6700698511501493
0.375987,0.5759542871366765,-0.1999672871366765,0.1999672871366765,53.18462794817157
4.681521,4.481561136501066,0.19995986349893435,0.19995986349893435,4.27125849685739
4.681519,4.481561136501066,0.19995786349893407,0.19995786349893407,4.271217600412662
4.681515,4.481561136501066,0.1999538634989344,0.1999538634989344,4.2711358074183945
3.152722,2.9527835317358537,0.19993846826414607,0.19993846826414607,6.341772863506656
3.152718,2.9527835317358537,0.1999344682641464,0.1999344682641464,6.341654034956655
3.152714,2.9527835317358537,0.1999304682641463,0.1999304682641463,6.341535206105113
3.152689,2.9527835317358537,0.19990546826414635,0.19990546826414635,6.340792518951459
4.681464,4.481561136501066,0.19990286349893438,0.19990286349893438,4.270092934489388
4.481774,4.281919046445923,0.1998549535540768,0.1998549535540768,4.459282274153438
4.466999,4.267145098521496,0.19985390147850435,0.19985390147850435,4.474008198211603
3.152613,2.9527835317358537,0.19982946826414638,0.19982946826414638,6.3385346776723885
4.481747,4.281919046445923,0.19982795355407745,0.19982795355407745,4.458706695170851
4.511621,4.3117976335580135,0.1998233664419864,0.1998233664419864,4.429081397518925
4.481733,4.281919046445923,0.19981395355407727,0.19981395355407727,4.458408244079218
4.466956,4.267145098521496,0.19981090147850367,0.19981090147850367,4.473088641885673
4.46695,4.267145098521496,0.19980490147850372,0.19980490147850372,4.47296033029317
4.46694,4.267145098521496,0.1997949014785041,0.1997949014785041,4.472746476873012
4.481698,4.281919046445923,0.19977895355407682,0.19977895355407682,4.457662108192457
3.152562,2.9527835317358537,0.19977846826414636,0.19977846826414636,6.337019486303817
3.152558,2.9527835317358537,0.19977446826414624,0.19977446826414624,6.336900645691827
4.481692,4.281919046445923,0.19977295355407687,0.19977295355407687,4.457534198013146
0.357439,0.5572012354044009,-0.1997622354044009,0.1997622354044009,55.88708432725971
0.357444,0.5572012354044009,-0.19975723540440093,0.19975723540440093,55.88490374674523
9.966078,9.766327137690013,0.19975086230998684,0.19975086230998684,2.004307635440768
4.481661,4.281919046445923,0.19974195355407698,0.19974195355407698,4.456873323297325
4.481659,4.281919046445923,0.1997399535540767,0.1997399535540767,4.456830685904927
0.357462,0.5572012354044009,-0.19973923540440092,0.19973923540440092,55.87705416198753
4.481657,4.281919046445923,0.1997379535540773,0.1997379535540773,4.456788048474493
3.152521,2.9527835317358537,0.1997374682641464,0.1997374682641464,6.335801355734366
0.357464,0.5572012354044009,-0.19973723540440091,0.19973723540440091,55.876182034701316
4.481655,4.281919046445923,0.19973595355407703,0.19973595355407703,4.4567454110059845
0.357468,0.5572012354044009,-0.1997332354044009,0.1997332354044009,55.874437809405734
0.35747,0.5572012354044009,-0.1997312354044009,0.1997312354044009,55.87356571139601
0.35747,0.5572012354044009,-0.1997312354044009,0.1997312354044009,55.87356571139601
3.152511,2.9527835317358537,0.19972746826414634,0.19972746826414634,6.335504245910985
4.481645,4.281919046445923,0.1997259535540774,0.1997259535540774,4.456532223092656
3.152509,2.9527835317358537,0.19972546826414606,0.19972546826414606,6.3354448237201115
0.357476,0.5572012354044009,-0.1997252354044009,0.1997252354044009,55.87094947591724
4.48164,4.281919046445923,0.1997209535540767,0.1997209535540767,4.456425628779204
0.357482,0.5572012354044009,-0.1997192354044009,0.1997192354044009,55.8683333282606
0.357491,0.5572012354044009,-0.19971023540440092,0.19971023540440092,55.86440927143242
4.481626,4.281919046445923,0.19970695355407742,0.19970695355407742,4.456127163436245
0.357495,0.5572012354044009,-0.1997062354044009,0.1997062354044009,55.86266530959545
0.357495,0.5572012354044009,-0.1997062354044009,0.1997062354044009,55.86266530959545
3.152486,2.9527835317358537,0.1997024682641464,0.1997024682641464,6.334761463105994
0.357499,0.5572012354044009,-0.1997022354044009,0.1997022354044009,55.86092138678429
0.357509,0.5572012354044009,-0.1996922354044009,0.1996922354044009,55.85656175048581
0.357511,0.5572012354044009,-0.1996902354044009,0.1996902354044009,55.85568985249271
0.357515,0.5572012354044009,-0.1996862354044009,0.1996862354044009,55.85394608577177
0.357517,0.5572012354044009,-0.19968423540440094,0.19968423540440094,55.85307421704363
0.357517,0.5572012354044009,-0.19968423540440094,0.19968423540440094,55.85307421704363
0.357524,0.5572012354044009,-0.1996772354044009,0.1996772354044009,55.85002275331191
4.511474,4.3117976335580135,0.19967636644198627,0.19967636644198627,4.425967354296186
0.357528,0.5572012354044009,-0.1996732354044009,0.1996732354044009,55.848279113398846
0.357529,0.5572012354044009,-0.19967223540440093,0.19967223540440093,55.84784320951673
0.35753,0.5572012354044009,-0.1996712354044009,0.1996712354044009,55.84740730807303
0.357534,0.5572012354044009,-0.1996672354044009,0.1996672354044009,55.845663726682005
0.357534,0.5572012354044009,-0.1996672354044009,0.1996672354044009,55.845663726682005
3.15245,2.9527835317358537,0.19966646826414625,0.19966646826414625,6.333691835169869
0.357536,0.5572012354044009,-0.1996652354044009,0.1996652354044009,55.84479195061647
0.357538,0.5572012354044009,-0.1996632354044009,0.1996632354044009,55.84392018430403
0.357542,0.5572012354044009,-0.1996592354044009,0.1996592354044009,55.84217668093782
0.357546,0.5572012354044009,-0.19965523540440094,0.19965523540440094,55.84043321658206
3.152437,2.9527835317358537,0.1996534682641462,0.1996534682641462,6.333305574633622
0.357548,0.5572012354044009,-0.19965323540440094,0.19965323540440094,55.83956149903268
0.35755,0.5572012354044009,-0.19965123540440094,0.19965123540440094,55.83868979123542
0.357552,0.5572012354044009,-0.19964923540440094,0.19964923540440094,55.837818093190116
0.357554,0.5572012354044009,-0.19964723540440094,0.19964723540440094,55.8369464048966
0.357556,0.5572012354044009,-0.19964523540440093,0.19964523540440093,55.83607472635471
3.152427,2.9527835317358537,0.19964346826414614,0.19964346826414614,6.333008448976396
0.357562,0.5572012354044009,-0.19963923540440093,0.19963923540440093,55.83345974923719
0.357564,0.5572012354044009,-0.19963723540440093,0.19963723540440093,55.832588109700175
0.357564,0.5572012354044009,-0.19963723540440093,0.19963723540440093,55.832588109700175
0.357566,0.5572012354044009,-0.19963523540440092,0.19963523540440092,55.83171647991397
0.357566,0.5572012354044009,-0.19963523540440092,0.19963523540440092,55.83171647991397
0.357566,0.5572012354044009,-0.19963523540440092,0.19963523540440092,55.83171647991397
8.423512,8.623143447927827,-0.1996314479278265,0.1996314479278265,2.3699313056769737
4.511427,4.3117976335580135,0.1996293664419868,0.1996293664419868,4.4249716650089175
0.357575,0.5572012354044009,-0.19962623540440094,0.19962623540440094,55.82779426653798
3.152407,2.9527835317358537,0.19962346826414645,0.19962346826414645,6.332414192006744
3.152406,2.9527835317358537,0.1996224682641463,0.1996224682641463,6.332384478960322
0.357579,0.5572012354044009,-0.19962223540440094,0.19962223540440094,55.82605112396838
0.357591,0.5572012354044009,-0.19961023540440093,0.19961023540440093,55.82082193024436
4.481524,4.281919046445923,0.19960495355407737,0.19960495355407737,4.453952573937424
0.357597,0.5572012354044009,-0.19960423540440092,0.19960423540440092,55.81820746499068
0.357603,0.5572012354044009,-0.19959823540440091,0.19959823540440091,55.81559308746999
3.15238,2.9527835317358537,0.19959646826414623,0.19959646826414623,6.331611933136698
3.152364,2.9527835317358537,0.19958046826414622,0.19958046826414622,6.331136513988077
3.152362,2.9527835317358537,0.19957846826414638,0.19957846826414638,6.331077086255172
0.376376,0.5759542871366765,-0.19957828713667652,0.19957828713667652,53.02630536581775
0.357626,0.5572012354044009,-0.19957523540440092,0.19957523540440092,55.805572119643244
3.152353,2.9527835317358537,0.19956946826414645,0.19956946826414645,6.330809660523921
0.357638,0.5572012354044009,-0.1995632354044009,0.1995632354044009,55.800344300270254
3.152345,2.9527835317358537,0.19956146826414622,0.19956146826414622,6.330571947480864
3.152337,2.9527835317358537,0.19955346826414644,0.19955346826414644,6.3303342332312855
8.423591,8.623143447927827,-0.199552447927827,0.199552447927827,2.368971237153585
0.376411,0.5759542871366765,-0.19954328713667652,0.19954328713667652,53.012076449323864
0.376417,0.5759542871366765,-0.1995372871366765,0.1995372871366765,53.009637472182945
0.357681,0.5572012354044009,-0.1995202354044009,0.1995202354044009,55.781614161395
0.357687,0.5572012354044009,-0.19951423540440094,0.19951423540440094,55.779001011672754
3.152292,2.9527835317358537,0.19950846826414637,0.19950846826414637,6.328997068095765
3.152288,2.9527835317358537,0.19950446826414625,0.19950446826414625,6.328878207125027
0.376453,0.5759542871366765,-0.19950128713667653,0.19950128713667653,52.995005242004055
0.357704,0.5572012354044009,-0.1994972354044009,0.1994972354044009,55.77159756352439
0.357708,0.5572012354044009,-0.1994932354044009,0.1994932354044009,55.76985567799183
3.152271,2.9527835317358537,0.1994874682641461,0.1994874682641461,6.328373044634099
0.376468,0.5759542871366765,-0.1994862871366765,0.1994862871366765,52.98890930535598
8.423658,8.623143447927827,-0.1994854479278274,0.1994854479278274,2.3681570159360605
3.152263,2.9527835317358537,0.1994794682641463,0.1994794682641463,6.328135319223624
3.152261,2.9527835317358537,0.19947746826414647,0.19947746826414647,6.328075887682473
0.376482,0.5759542871366765,-0.19947228713667653,0.19947228713667653,52.98322020274364
0.376484,0.5759542871366765,-0.19947028713667653,0.19947028713667653,52.98240750833877
0.376485,0.5759542871366765,-0.1994692871366765,0.1994692871366765,52.98200116437427
3.152245,2.9527835317358537,0.19946146826414646,0.19946146826414646,6.327600432638289
0.376497,0.5759542871366765,-0.1994572871366765,0.1994572871366765,52.97712520516746
3.152239,2.9527835317358537,0.19945546826414606,0.19945546826414606,6.327422135752355
0.357747,0.5572012354044009,-0.19945423540440094,0.19945423540440094,55.75287433539571
5.448215,5.24876647268947,0.19944852731053064,0.19944852731053064,3.6608050032326154
0.376506,0.5759542871366765,-0.1994482871366765,0.1994482871366765,52.97346843973351
0.376506,0.5759542871366765,-0.1994482871366765,0.1994482871366765,52.97346843973351
3.152231,2.9527835317358537,0.19944746826414628,0.19944746826414628,6.327184405515303
0.357755,0.5572012354044009,-0.19944623540440093,0.19944623540440093,55.74939144069309
4.680997,4.481561136501066,0.19943586349893394,0.19943586349893394,4.260542433474608
0.376521,0.5759542871366765,-0.19943328713667652,0.19943328713667652,52.967374219156206
0.376527,0.5759542871366765,-0.1994272871366765,0.1994272871366765,52.96493666688221
3.152204,2.9527835317358537,0.19942046826414606,0.19942046826414606,6.326382057056576
0.376536,0.5759542871366765,-0.19941828713667653,0.19941828713667653,52.96128048412775
0.376543,0.5759542871366765,-0.1994112871366765,0.1994112871366765,52.95843690726373
0.376556,0.5759542871366765,-0.1993982871366765,0.1993982871366765,52.953156259287695
0.376559,0.5759542871366765,-0.19939528713667654,0.19939528713667654,52.95193769999511
0.357806,0.5572012354044009,-0.1993952354044009,0.1993952354044009,55.7271916481763
0.357814,0.5572012354044009,-0.1993872354044009,0.1993872354044009,55.7237099019818
7.59629,7.396914578703267,0.19937542129673247,0.19937542129673247,2.6246420462371476
7.596286,7.396914578703267,0.1993714212967328,0.1993714212967328,2.624590770991353
0.357831,0.5572012354044009,-0.1993702354044009,0.1993702354044009,55.716311708232254
0.376588,0.5759542871366765,-0.19936628713667653,0.19936628713667653,52.94015929443753
8.423786,8.623143447927827,-0.19935744792782728,0.19935744792782728,2.366601524842401
3.15214,2.9527835317358537,0.19935646826414644,0.19935646826414644,6.324480139137917
3.152065,2.9527835317358537,0.19928146826414617,0.19928146826414617,6.322251230790734
3.152056,2.9527835317358537,0.19927246826414624,0.19927246826414624,6.32198375466122
3.152038,2.9527835317358537,0.1992544682641464,0.1992544682641464,6.321448797819852
0.376707,0.5759542871366765,-0.1992472871366765,0.1992472871366765,52.891846205083695
8.423898,8.623143447927827,-0.1992454479278276,0.1992454479278276,2.3652405089124104
3.152028,2.9527835317358537,0.19924446826414632,0.19924446826414632,6.321151596934582
8.42391,8.623143447927827,-0.1992334479278277,0.1992334479278277,2.365094687923573
0.376721,0.5759542871366765,-0.19923328713667654,0.19923328713667654,52.886164318896576
0.376742,0.5759542871366765,-0.1992122871366765,0.1992122871366765,52.87764228140182
0.376744,0.5759542871366765,-0.1992102871366765,0.1992102871366765,52.876830708332356
5.447975,5.24876647268947,0.19920852731052996,0.19920852731052996,3.6565609663567367
0.376752,0.5759542871366765,-0.19920228713667654,0.19920228713667654,52.87358450221975
0.376754,0.5759542871366765,-0.19920028713667653,0.19920028713667653,52.87277297223222
0.376761,0.5759542871366765,-0.1991932871366765,0.1991932871366765,52.86993268512573
0.376762,0.5759542871366765,-0.19919228713667653,0.19919228713667653,52.869526938440444
0.376773,0.5759542871366765,-0.1991812871366765,0.1991812871366765,52.86506386705295
3.151964,2.9527835317358537,0.19918046826414626,0.19918046826414626,6.319249466612785
0.376775,0.5759542871366765,-0.19917928713667649,0.19917928713667649,52.8642524275263
0.376775,0.5759542871366765,-0.19917928713667649,0.19917928713667649,52.8642524275263
0.376778,0.5759542871366765,-0.1991762871366765,0.1991762871366765,52.86303528438855
3.151956,2.9527835317358537,0.19917246826414647,0.19917246826414647,6.319011694891281
0.376782,0.5759542871366765,-0.1991722871366765,0.1991722871366765,52.86141245702159
0.37679,0.5759542871366765,-0.1991642871366765,0.1991642871366765,52.858166905655224
3.151946,2.9527835317358537,0.1991624682641464,0.1991624682641464,6.318714478542072
0.376793,0.5759542871366765,-0.19916128713667652,0.19916128713667652,52.85694985942403
0.376794,0.5759542871366765,-0.1991602871366765,0.1991602871366765,52.85654418165362
5.447926,5.24876647268947,0.19915952731053022,0.19915952731053022,3.6556944295292286
0.376803,0.5759542871366765,-0.1991512871366765,0.1991512871366765,52.852893178616846
0.376806,0.5759542871366765,-0.19914828713667654,0.19914828713667654,52.851676216361966
0.376807,0.5759542871366765,-0.1991472871366765,0.1991472871366765,52.85127056658322
0.376812,0.5759542871366765,-0.19914228713667653,0.19914228713667653,52.84924234998548
0.376814,0.5759542871366765,-0.19914028713667653,0.19914028713667653,52.848431078417505
0.376814,0.5759542871366765,-0.19914028713667653,0.19914028713667653,52.848431078417505
0.37682,0.5759542871366765,-0.19913428713667652,0.19913428713667652,52.84599731538414
3.151915,2.9527835317358537,0.19913146826414607,0.19913146826414607,6.317793095874359
0.376823,0.5759542871366765,-0.1991312871366765,0.1991312871366765,52.84478046293132
0.376823,0.5759542871366765,-0.1991312871366765,0.1991312871366765,52.84478046293132
0.376823,0.5759542871366765,-0.1991312871366765,0.1991312871366765,52.84478046293132
0.376825,0.5759542871366765,-0.1991292871366765,0.1991292871366765,52.843969238726864
0.376827,0.5759542871366765,-0.1991272871366765,0.1991272871366765,52.843158023133505
0.376828,0.5759542871366765,-0.19912628713667652,0.19912628713667652,52.842752418565965
0.376829,0.5759542871366765,-0.1991252871366765,0.1991252871366765,52.84234681615112
0.37683,0.5759542871366765,-0.19912428713667651,0.19912428713667651,52.84194121588901
0.376834,0.5759542871366765,-0.1991202871366765,0.1991202871366765,52.84031883636726
0.376836,0.5759542871366765,-0.1991182871366765,0.1991182871366765,52.83950765952218
0.376837,0.5759542871366765,-0.19911728713667654,0.19911728713667654,52.83910207432854
0.37684,0.5759542871366765,-0.1991142871366765,0.1991142871366765,52.83788533166294
5.447879,5.24876647268947,0.19911252731053075,0.19911252731053075,3.654863246905371
0.376849,0.5759542871366765,-0.19910528713667652,0.19910528713667652,52.83423521990035
0.376851,0.5759542871366765,-0.19910328713667652,0.19910328713667652,52.83342410762957
0.376851,0.5759542871366765,-0.19910328713667652,0.19910328713667652,52.83342410762957
0.376854,0.5759542871366765,-0.1991002871366765,0.1991002871366765,52.83220745536581
0.376855,0.5759542871366765,-0.19909928713667652,0.19909928713667652,52.83180190891582
0.376856,0.5759542871366765,-0.1990982871366765,0.1990982871366765,52.831396364618065
0.376859,0.5759542871366765,-0.1990952871366765,0.1990952871366765,52.83017974463827
3.151868,2.9527835317358537,0.19908446826414616,0.19908446826414616,6.3163961262917665
0.376877,0.5759542871366765,-0.1990772871366765,0.1990772871366765,52.82288043150779
8.424069,8.623143447927827,-0.1990744479278277,0.1990744479278277,2.363162599041681
0.376889,0.5759542871366765,-0.19906528713667654,0.19906528713667654,52.81801461009966
8.424079,8.623143447927827,-0.1990644479278263,0.1990644479278263,2.363041086455424
3.151839,2.9527835317358537,0.1990554682641461,0.1990554682641461,6.315534145552186
0.3769,0.5759542871366765,-0.1990542871366765,0.1990542871366765,52.813554545997064
4.510851,4.3117976335580135,0.19905336644198623,0.19905336644198623,4.412767489716984
3.151833,2.9527835317358537,0.19904946826414616,0.19904946826414616,6.315355802729104
0.376905,0.5759542871366765,-0.19904928713667652,0.19904928713667652,52.811527330193286
0.376906,0.5759542871366765,-0.1990482871366765,0.1990482871366765,52.8111218934868
0.376906,0.5759542871366765,-0.1990482871366765,0.1990482871366765,52.8111218934868
8.424096,8.623143447927827,-0.19904744792782658,0.19904744792782658,2.3628345157209005
3.151823,2.9527835317358537,0.1990394682641461,0.1990394682641461,6.315058563181722
3.151817,2.9527835317358537,0.19903346826414614,0.19903346826414614,6.314880218547944
0.376958,0.5759542871366765,-0.1989962871366765,0.1989962871366765,52.7900421489626
0.376959,0.5759542871366765,-0.19899528713667652,0.19899528713667652,52.789636826256135
3.151776,2.9527835317358537,0.19899246826414618,0.19899246826414618,6.313661512043767
4.510771,4.3117976335580135,0.1989733664419866,0.1989733664419866,4.411072218864037
8.424188,8.623143447927827,-0.19895544792782793,0.19895544792782793,2.361716617975124
5.447703,5.24876647268947,0.19893652731053013,0.19893652731053013,3.651750605840267
5.447703,5.24876647268947,0.19893652731053013,0.19893652731053013,3.651750605840267
8.424221,8.623143447927827,-0.19892244792782776,0.19892244792782776,2.3613156388640144
8.424227,8.623143447927827,-0.19891644792782692,0.19891644792782692,2.361242733908591
5.447674,5.24876647268947,0.19890752731053052,0.19890752731053052,3.6512377081829652
8.424255,8.623143447927827,-0.19888844792782656,0.19888844792782656,2.3609025121564535
5.447627,5.24876647268947,0.19886052731053017,0.19886052731053017,3.6504064486588335
8.424284,8.623143447927827,-0.19885944792782695,0.19885944792782695,2.36055014201167
5.447604,5.24876647268947,0.1988375273105305,0.1988375273105305,3.649999656856124
8.42433,8.623143447927827,-0.19881344792782762,0.19881344792782762,2.3599912150339275
3.151596,2.9527835317358537,0.19881246826414634,0.19881246826414634,6.30831071805644
4.510605,4.3117976335580135,0.1988073664419865,0.1988073664419865,4.407554339996053
4.510603,4.3117976335580135,0.1988053664419862,0.1988053664419862,4.40751195433468
8.424387,8.623143447927827,-0.19875644792782765,0.19875644792782765,2.3592986400727836
5.447518,5.24876647268947,0.19875152731053003,0.19875152731053003,3.64847857881115
5.4475,5.24876647268947,0.19873352731053018,0.19873352731053018,3.6481602075609367
8.424412,8.623143447927827,-0.19873144792782682,0.19873144792782682,2.358994882081596
8.424413,8.623143447927827,-0.19873044792782757,0.19873044792782757,2.358982731799457
0.377237,0.5759542871366765,-0.19871728713667652,0.19871728713667652,52.67704045043288
0.377248,0.5759542871366765,-0.19870628713667648,0.19870628713667648,52.672588611206386
4.510497,4.3117976335580135,0.1986993664419865,0.1986993664419865,4.405265460493184
3.151468,2.9527835317358537,0.1986844682641462,0.1986844682641462,6.304505337126752
0.377272,0.5759542871366765,-0.19868228713667652,0.19868228713667652,52.662876408536455
5.447447,5.24876647268947,0.19868052731053076,0.19868052731053076,3.6472227688839105
8.424473,8.623143447927827,-0.1986704479278263,0.1986704479278263,2.358253720149237
5.447432,5.24876647268947,0.19866552731053044,0.19866552731053044,3.6469574527388957
0.377304,0.5759542871366765,-0.19865028713667654,0.19865028713667654,52.649928726975226
8.424495,8.623143447927827,-0.19864844792782677,0.19864844792782677,2.357986418479313
8.424513,8.623143447927827,-0.1986304479278278,0.1986304479278278,2.3577677181514236
5.447371,5.24876647268947,0.1986045273105308,0.1986045273105308,3.6458784853626622
8.424545,8.623143447927827,-0.19859844792782688,0.19859844792782688,2.3573789198760227
4.510364,4.3117976335580135,0.19856636644198655,0.19856636644198655,4.402446597161207
3.652316,3.4537708338864217,0.1985451661135782,0.1985451661135782,5.436144246777717
4.510333,4.3117976335580135,0.19853536644198666,0.19853536644198666,4.401789544975611
4.510333,4.3117976335580135,0.19853536644198666,0.19853536644198666,4.401789544975611
5.447279,5.24876647268947,0.19851252731053037,0.19851252731053037,3.644251144596892
4.5103,4.3117976335580135,0.1985023664419865,0.1985023664419865,4.401090092401512
8.424647,8.623143447927827,-0.19849644792782684,0.19849644792782684,2.356139645085078
8.424655,8.623143447927827,-0.1984884479278275,0.1984884479278275,2.3560424483313733
4.510263,4.3117976335580135,0.19846536644198665,0.19846536644198665,4.400305845525778
8.424682,8.623143447927827,-0.19846144792782638,0.19846144792782638,2.3557144106504038
4.510239,4.3117976335580135,0.19844136644198684,0.19844136644198684,4.399797137969562
4.510235,4.3117976335580135,0.19843736644198628,0.19843736644198628,4.399712352850496
8.424713,8.623143447927827,-0.1984304479278265,0.1984304479278265,2.355337777387445
8.424717,8.623143447927827,-0.1984264479278277,0.1984264479278277,2.355289179748975
8.424736,8.623143447927827,-0.19840744792782772,0.19840744792782772,2.355058341596374
4.510202,4.3117976335580135,0.1984043664419861,0.1984043664419861,4.3990128698800435
8.42474,8.623143447927827,-0.19840344792782716,0.19840344792782716,2.35500974422323
4.51019,4.3117976335580135,0.1983923664419862,0.1983923664419862,4.3987585098984185
4.510159,4.3117976335580135,0.19836136644198632,0.19836136644198632,4.398101407014436
8.424787,8.623143447927827,-0.1983564479278268,0.1983564479278268,2.354438728545569
8.4248,8.623143447927827,-0.19834344792782765,0.19834344792782765,2.3542807891638184
4.510126,4.3117976335580135,0.19832836644198615,0.19832836644198615,4.397401900469937
4.510124,4.3117976335580135,0.19832636644198676,0.19832636644198676,4.397359505804927
5.447064,5.24876647268947,0.19829752731053052,0.19829752731053052,3.640447905640361
8.424888,8.623143447927827,-0.1982554479278278,0.1982554479278278,2.3532116738581523
8.424901,8.623143447927827,-0.19824244792782686,0.19824244792782686,2.353053738263201
8.424905,8.623143447927827,-0.1982384479278263,0.1982384479278263,2.353005142793578
8.424906,8.623143447927827,-0.19823744792782705,0.19823744792782705,2.352992993933393
4.510028,4.3117976335580135,0.19823036644198666,0.19823036644198666,4.395324517665773
4.510009,4.3117976335580135,0.19821136644198667,0.19821136644198667,4.394921749326703
16.270123,16.468317533821406,-0.19819453382140395,0.19819453382140395,1.2181501874336524
4.509983,4.3117976335580135,0.1981853664419866,0.1981853664419866,4.3943705871528165
8.42496,8.623143447927827,-0.1981834479278266,0.1981834479278266,2.3523369597656756
8.424961,8.623143447927827,-0.19818244792782735,0.19818244792782735,2.3523248110641113
8.424974,8.623143447927827,-0.19816944792782643,0.19816944792782643,2.352166878206084
28.500459,28.302303993977937,0.1981550060220627,0.1981550060220627,0.6952695253833191
4.509944,4.3117976335580135,0.19814636644198647,0.19814636644198647,4.393543831976471
8.425009,8.623143447927827,-0.19813444792782775,0.19813444792782775,2.35174167678012
4.509927,4.3117976335580135,0.19812936644198675,0.19812936644198675,4.393183447040131
4.509913,4.3117976335580135,0.19811536644198657,0.19811536644198657,4.392886657405446
5.446869,5.24876647268947,0.1981025273105308,0.1981025273105308,3.6369981967051856
4.509889,4.3117976335580135,0.19809136644198677,0.19809136644198677,4.392377870887606
8.425076,8.623143447927827,-0.19806744792782638,0.19806744792782638,2.350927729619002
4.509833,4.3117976335580135,0.19803536644198694,0.19803536644198694,4.391190681286774
4.509786,4.3117976335580135,0.19798836644198659,0.19798836644198659,4.390194267257834
8.425159,8.623143447927827,-0.19798444792782632,0.19798444792782632,2.3499194249684354
4.50977,4.3117976335580135,0.19797236644198613,0.19797236644198613,4.389855057743438
4.509749,4.3117976335580135,0.19795136644198674,0.19795136644198674,4.389409841603099
4.509745,4.3117976335580135,0.19794736644198618,0.19794736644198618,4.389325038058624
4.509739,4.3117976335580135,0.19794136644198623,0.19794136644198623,4.389197832459861
8.425206,8.623143447927827,-0.19793744792782775,0.19793744792782775,2.3493484660847272
4.509731,4.3117976335580135,0.1979333664419869,0.1979333664419869,4.38902822446833
8.425224,8.623143447927827,-0.197919447927827,0.197919447927827,2.3491298026672984
4.5097,4.3117976335580135,0.1979023664419861,0.1979023664419861,4.388370987817321
8.425249,8.623143447927827,-0.19789444792782618,0.19789444792782618,2.3488261050264194
8.425252,8.623143447927827,-0.19789144792782665,0.19789144792782665,2.348789661430635
3.150643,2.9527835317358537,0.19785946826414635,0.19785946826414635,6.279971049016546
8.425304,8.623143447927827,-0.19783944792782648,0.19783944792782648,2.3481579765605884
8.425316,8.623143447927827,-0.19782744792782658,0.19782744792782658,2.3480122042363583
8.425323,8.623143447927827,-0.1978204479278265,0.1978204479278265,2.3479271705723157
0.455181,0.6529964930643395,-0.1978154930643395,0.1978154930643395,43.45864458773122
8.425341,8.623143447927827,-0.19780244792782753,0.19780244792782753,2.34770851322789
16.270519,16.468317533821406,-0.19779853382140544,0.19779853382140544,1.2156866896513245
8.425375,8.623143447927827,-0.19776844792782633,0.19776844792782633,2.347295496348578
8.425382,8.623143447927827,-0.19776144792782624,0.19776144792782624,2.347210463875454
4.509557,4.3117976335580135,0.19775936644198655,0.19775936644198655,4.38533910176989
4.509544,4.3117976335580135,0.1977463664419865,0.1977463664419865,4.385063466230764
8.425404,8.623143447927827,-0.19773944792782672,0.19773944792782672,2.34694321987978
4.509536,4.3117976335580135,0.19773836644198628,0.19773836644198628,4.384893843570634
5.446488,5.24876647268947,0.19772152731053083,0.19772152731053083,3.6302572833521443
8.425428,8.623143447927827,-0.19771544792782692,0.19771544792782692,2.346651682567108
8.425431,8.623143447927827,-0.19771244792782738,0.19771244792782738,2.346615240519812
8.425433,8.623143447927827,-0.1977104479278271,0.1977104479278271,2.346590945836024
4.509501,4.3117976335580135,0.19770336644198672,0.19770336644198672,4.384151737356363
8.425456,8.623143447927827,-0.19768744792782655,0.19768744792782655,2.3463115578015037
8.425483,8.623143447927827,-0.19766044792782722,0.19766044792782722,2.345983582489944
8.425501,8.623143447927827,-0.19764244792782648,0.19764244792782648,2.345764933450019
8.425524,8.623143447927827,-0.1976194479278277,0.1976194479278277,2.34548554992523
8.425543,8.623143447927827,-0.19760044792782772,0.19760044792782772,2.3452547559899997
8.425565,8.623143447927827,-0.19757844792782642,0.19757844792782642,2.344987522207489
8.425634,8.623143447927827,-0.19750944792782654,0.19750944792782654,2.3441493889419167
8.425638,8.623143447927827,-0.19750544792782776,0.19750544792782776,2.344100801927209
17.290279,17.4877815469272,-0.19750254692719693,0.19750254692719693,1.142275072172373
8.425641,8.623143447927827,-0.19750244792782645,0.19750244792782645,2.344064361696426
8.425657,8.623143447927827,-0.19748644792782777,0.19748644792782777,2.3438700142372744
8.425681,8.623143447927827,-0.1974624479278262,0.1974624479278262,2.343578494432469
8.425717,8.623143447927827,-0.1974264479278265,0.1974264479278265,2.343141217839186
8.425727,8.623143447927827,-0.19741644792782687,0.19741644792782687,2.343019752781972
9.963739,9.766327137690013,0.19741186230998764,0.19741186230998764,1.9813030259825788
17.29037,17.4877815469272,-0.1974115469271993,0.1974115469271993,1.141742755800238
8.425745,8.623143447927827,-0.1973984479278279,0.1973984479278279,2.3428011164055538
8.425768,8.623143447927827,-0.19737544792782735,0.19737544792782735,2.3425217490617456
8.425768,8.623143447927827,-0.19737544792782735,0.19737544792782735,2.3425217490617456
0.455623,0.6529964930643395,-0.1973734930643395,0.1973734930643395,43.31947531643925
0.455646,0.6529964930643395,-0.1973504930643395,0.1973504930643395,43.31224086703872
8.425795,8.623143447927827,-0.19734844792782624,0.19734844792782624,2.342193798039046
8.425816,8.623143447927827,-0.19732744792782775,0.19732744792782775,2.3419387264745137
8.425825,8.623143447927827,-0.19731844792782738,0.19731844792782738,2.3418294104789212
9.963643,9.766327137690013,0.19731586230998666,0.19731586230998666,1.9803586128889434
8.425836,8.623143447927827,-0.19730744792782673,0.19730744792782673,2.341695802357001
8.425905,8.623143447927827,-0.19723844792782685,0.19723844792782685,2.340857723004069
8.425951,8.623143447927827,-0.19719244792782753,0.19719244792782753,2.3402990110610333
8.42597,8.623143447927827,-0.19717344792782754,0.19717344792782754,2.3400682405169673
9.963471,9.766327137690013,0.19714386230998748,0.19714386230998748,1.978666493915713
0.455947,0.6529964930643395,-0.1970494930643395,0.1970494930643395,43.21763122054139
0.37893,0.5759542871366765,-0.19702428713667652,0.19702428713667652,51.9949033026368
8.426174,8.623143447927827,-0.19696944792782745,0.19696944792782745,2.3375905591967348
4.567654,4.370699558173557,0.19695444182644284,0.19695444182644284,4.311938728768223
8.426199,8.623143447927827,-0.19694444792782662,0.19694444792782662,2.3372869300320267
4.567628,4.370699558173557,0.19692844182644276,0.19692844182644276,4.311394050087515
8.42629,8.623143447927827,-0.19685344792782722,0.19685344792782722,2.33618173508734
17.290946,17.4877815469272,-0.19683554692719696,0.19683554692719696,1.1383734986278864
8.426341,8.623143447927827,-0.1968024479278263,0.1968024479278263,2.3355623505563177
8.426344,8.623143447927827,-0.19679944792782678,0.19679944792782678,2.335525916405635
0.456217,0.6529964930643395,-0.1967794930643395,0.1967794930643395,43.13287164248737
16.271567,16.468317533821406,-0.19675053382140462,0.19675053382140462,1.2091677084339538
8.426409,8.623143447927827,-0.19673444792782746,0.19673444792782746,2.3347365161778018
4.567386,4.370699558173557,0.19668644182644268,0.19668644182644268,4.306324051046624
0.456315,0.6529964930643395,-0.19668149306433946,0.19668149306433946,43.102131865320516
3.650403,3.4537708338864217,0.19663216611357814,0.19663216611357814,5.386587894766456
8.426513,8.623143447927827,-0.19663044792782713,0.19663044792782713,2.333473501144467
17.291156,17.4877815469272,-0.1966255469271978,0.1966255469271978,1.1371451794550964
4.567298,4.370699558173557,0.19659844182644282,0.19659844182644282,4.304480281823921
3.650329,3.4537708338864217,0.19655816611357846,0.19655816611357846,5.3846698779259015
4.567251,4.370699558173557,0.19655144182644246,0.19655144182644246,4.303495512336392
8.426593,8.623143447927827,-0.1965504479278266,0.1965504479278266,2.3325019723332323
8.426595,8.623143447927827,-0.19654844792782633,0.19654844792782633,2.3324776843492994
8.426628,8.623143447927827,-0.19651544792782794,0.19651544792782794,2.3320769342790006
17.291271,17.4877815469272,-0.19651054692720038,0.19651054692720038,1.1364725411224192
8.426635,8.623143447927827,-0.19650844792782785,0.19650844792782785,2.331991927091845
8.426638,8.623143447927827,-0.19650544792782654,0.19650544792782654,2.3319554954834247
8.426644,8.623143447927827,-0.19649944792782748,0.19649944792782748,2.3318826323444495
8.426673,8.623143447927827,-0.19647044792782786,0.19647044792782786,2.331530461968755
3.650235,3.4537708338864217,0.1964641661135782,0.1964641661135782,5.382233366021529
4.567106,4.370699558173557,0.19640644182644262,0.19640644182644262,4.300457265982926
3.650171,3.4537708338864217,0.19640016611357813,0.19640016611357813,5.380574392492778
3.65013,3.4537708338864217,0.19635916611357818,0.19635916611357818,5.379511582003892
3.650129,3.4537708338864217,0.19635816611357848,0.19635816611357848,5.379485659498582
16.271978,16.468317533821406,-0.1963395338214049,0.1963395338214049,1.206611352474778
3.650061,3.4537708338864217,0.1962901661135783,0.1962901661135783,5.3777228958146335
3.65004,3.4537708338864217,0.19626916611357847,0.19626916611357847,5.377178499638395
3.649954,3.4537708338864217,0.19618316611357844,0.19618316611357844,5.3749490023217685
16.27215,16.468317533821406,-0.19616753382140573,0.19616753382140573,1.2055415776046816
17.29165,17.4877815469272,-0.19613154692719803,0.19613154692719803,1.1342558224695953
17.291742,17.4877815469272,-0.19603954692719938,0.19603954692719938,1.1337177418334468
3.649808,3.4537708338864217,0.19603716611357846,0.19603716611357846,5.371163801170015
3.649779,3.4537708338864217,0.1960081661135784,0.1960081661135784,5.370411910096693
3.649768,3.4537708338864217,0.1959971661135782,0.1959971661135782,5.3701267069087155
3.649759,3.4537708338864217,0.19598816611357828,0.19598816611357828,5.369893357567126
17.29186,17.4877815469272,-0.19592154692719888,0.19592154692719888,1.1330276033119968
3.649686,3.4537708338864217,0.1959151661135783,0.1959151661135783,5.3680005926046865
3.649674,3.4537708338864217,0.1959031661135784,0.1959031661135784,5.367689445912449
3.649618,3.4537708338864217,0.1958471661135781,0.1958471661135781,5.366237400961193
17.291939,17.4877815469272,-0.19584254692719938,0.19584254692719938,1.1325655666843772
3.649607,3.4537708338864217,0.19583616611357835,0.19583616611357835,5.365952172609609
3.649587,3.4537708338864217,0.19581616611357822,0.19581616611357822,5.365433571201694
3.64958,3.4537708338864217,0.19580916611357813,0.19580916611357813,5.365252059366088
3.649567,3.4537708338864217,0.19579616611357809,0.19579616611357809,5.364914964109802
3.649537,3.4537708338864217,0.19576616611357833,0.19576616611357833,5.364137042814313
3.649528,3.4537708338864217,0.1957571661135784,0.1957571661135784,5.363903663931733
3.649506,3.4537708338864217,0.19573516611357844,0.19573516611357844,5.363333177372913
17.292051,17.4877815469272,-0.19573054692719793,0.19573054692719793,1.1319105346500888
3.649485,3.4537708338864217,0.19571416611357817,0.19571416611357817,5.36278861560509
3.649481,3.4537708338864217,0.1957101661135785,0.1957101661135785,5.362684888843532
3.649479,3.4537708338864217,0.19570816611357822,0.19570816611357822,5.362633025377474
3.649448,3.4537708338864217,0.19567716611357833,0.19567716611357833,5.361829134384611
3.649428,3.4537708338864217,0.1956571661135782,0.1956571661135782,5.361310487786494
17.292156,17.4877815469272,-0.19562554692720013,0.19562554692720013,1.1312964498242375
3.649393,3.4537708338864217,0.1956221661135782,0.1956221661135782,5.36040284256088
3.649387,3.4537708338864217,0.19561616611357824,0.19561616611357824,5.360247244488403
3.64938,3.4537708338864217,0.19560916611357815,0.19560916611357815,5.360065712757183
3.649367,3.4537708338864217,0.1955961661135781,0.1955961661135781,5.359728580551597
3.649339,3.4537708338864217,0.1955681661135782,0.1955681661135782,5.3590024414892445
3.649322,3.4537708338864217,0.19555116611357848,0.19555116611357848,5.3585615659078565
0.457452,0.6529964930643395,-0.19554449306433946,0.19554449306433946,42.7464505612814
3.649274,3.4537708338864217,0.19550316611357843,0.19550316611357843,5.357316718564325
0.457496,0.6529964930643395,-0.19550049306433948,0.19550049306433948,42.73272182086985
0.457522,0.6529964930643395,-0.1954744930643395,0.1954744930643395,42.72461062454153
28.497774,28.302303993977937,0.1954700060220631,0.1954700060220631,0.6859132436848479
3.649231,3.4537708338864217,0.1954601661135782,0.1954601661135782,5.356201515010203
3.649219,3.4537708338864217,0.1954481661135783,0.1954481661135783,5.355890290723094
3.649218,3.4537708338864217,0.19544716611357815,0.19544716611357815,5.3558643552734395
3.649217,3.4537708338864217,0.19544616611357846,0.19544616611357846,5.355838419809581
3.649215,3.4537708338864217,0.19544416611357818,0.19544416611357818,5.3557865488392
17.292338,17.4877815469272,-0.1954435469271978,0.1954435469271978,1.1302320537920758
0.45756,0.6529964930643395,-0.19543649306433947,0.19543649306433947,42.71275745730105
3.649202,3.4537708338864217,0.19543116611357814,0.19543116611357814,5.355449386145867
3.649201,3.4537708338864217,0.19543016611357844,0.19543016611357844,5.3554234504545795
3.649201,3.4537708338864217,0.19543016611357844,0.19543016611357844,5.3554234504545795
3.649193,3.4537708338864217,0.1954221661135782,0.1954221661135782,5.355215964412488
0.457581,0.6529964930643395,-0.19541549306433947,0.19541549306433947,42.70620786737938
3.64918,3.4537708338864217,0.19540916611357817,0.19540916611357817,5.35487879765381
3.649159,3.4537708338864217,0.19538816611357834,0.19538816611357834,5.3543341385843695
3.649136,3.4537708338864217,0.19536516611357824,0.19536516611357824,5.353737600029829
3.649132,3.4537708338864217,0.19536116611357812,0.19536116611357812,5.353633853426637
3.649118,3.4537708338864217,0.19534716611357839,0.19534716611357839,5.353270738524353
8.427801,8.623143447927827,-0.1953424479278265,0.1953424479278265,2.3178341292765294
4.566026,4.370699558173557,0.19532644182644265,0.19532644182644265,4.2778214977786995
3.649079,3.4537708338864217,0.19530816611357826,0.19530816611357826,5.352259189461943
3.649021,3.4537708338864217,0.19525016611357815,0.19525016611357815,5.350754794456579
4.565936,4.370699558173557,0.1952364418264425,0.1952364418264425,4.275934700402428
3.649005,3.4537708338864217,0.19523416611357813,0.19523416611357813,5.350339780521753
3.649002,3.4537708338864217,0.19523116611357816,0.19523116611357816,5.350261965003798
3.648965,3.4537708338864217,0.19519416611357832,0.19519416611357832,5.349302229761837
3.648942,3.4537708338864217,0.1951711661135782,0.1951711661135782,5.348705627774558
3.648936,3.4537708338864217,0.19516516611357826,0.19516516611357826,5.348549991236616
0.457865,0.6529964930643395,-0.19513149306433947,0.19513149306433947,42.61769146401707
3.648874,3.4537708338864217,0.19510316611357847,0.19510316611357847,5.346941717040147
16.273216,16.468317533821406,-0.19510153382140416,0.19510153382140416,1.1989119656508294
3.648849,3.4537708338864217,0.1950781661135781,0.1950781661135781,5.346293203918052
17.292709,17.4877815469272,-0.1950725469272001,0.1950725469272001,1.128062392804228
4.565768,4.370699558173557,0.195068441826443,0.195068441826443,4.272412479612862
4.565752,4.370699558173557,0.19505244182644255,0.19505244182644255,4.272077016495212
16.273277,16.468317533821406,-0.1950405338214054,0.1950405338214054,1.1985326238852008
3.648798,3.4537708338864217,0.1950271661135785,0.1950271661135785,5.344970209593228
3.648776,3.4537708338864217,0.1950051661135781,0.1950051661135781,5.344399494741078
4.565688,4.370699558173557,0.19498844182644248,0.19498844182644248,4.2707351405127065
4.565688,4.370699558173557,0.19498844182644248,0.19498844182644248,4.2707351405127065
4.565686,4.370699558173557,0.1949864418264431,0.1949864418264431,4.270693206282088
3.648756,3.4537708338864217,0.1949851661135784,0.1949851661135784,5.343880657085169
3.648749,3.4537708338864217,0.19497816611357832,0.19497816611357832,5.343699062561843
0.362228,0.5572012354044009,-0.19497323540440092,0.19497323540440092,53.826108238616236
4.56567,4.370699558173557,0.19497044182644263,0.19497044182644263,4.270357731114432
3.648739,3.4537708338864217,0.19496816611357826,0.19496816611357826,5.343439640605557
16.273351,16.468317533821406,-0.19496653382140394,0.19496653382140394,1.198072442610043
0.36225,0.5572012354044009,-0.1949512354044009,0.1949512354044009,53.81676614232826
0.362254,0.5572012354044009,-0.1949472354044009,0.1949472354044009,53.815067701277506
4.565645,4.370699558173557,0.1949454418264427,0.1949454418264427,4.269833546457792
0.362258,0.5572012354044009,-0.1949432354044009,0.1949432354044009,53.813369297734624
0.362258,0.5572012354044009,-0.1949432354044009,0.1949432354044009,53.813369297734624
0.458055,0.6529964930643395,-0.1949414930643395,0.1949414930643395,42.55853402359563
4.565627,4.370699558173557,0.19492744182644284,0.19492744182644284,4.269456129950462
4.565627,4.370699558173557,0.19492744182644284,0.19492744182644284,4.269456129950462
0.362285,0.5572012354044009,-0.1949162354044009,0.1949162354044009,53.80190605479084
0.362289,0.5572012354044009,-0.1949122354044009,0.1949122354044009,53.80020794189188
3.648683,3.4537708338864217,0.19491216611357842,0.19491216611357842,5.341986851371754
3.64868,3.4537708338864217,0.19490916611357845,0.19490916611357845,5.341909022118589
0.362293,0.5572012354044009,-0.19490823540440094,0.19490823540440094,53.79850986648995
0.362297,0.5572012354044009,-0.19490423540440094,0.19490423540440094,53.79681182858377
0.362304,0.5572012354044009,-0.1948972354044009,0.1948972354044009,53.79384035246838
0.362306,0.5572012354044009,-0.1948952354044009,0.1948952354044009,53.792991380382304
0.362312,0.5572012354044009,-0.1948892354044009,0.1948892354044009,53.79044452036103
0.362316,0.5572012354044009,-0.1948852354044009,0.1948852354044009,53.78874666054276
0.36232,0.5572012354044009,-0.19488123540440094,0.19488123540440094,53.78704883821316
0.36232,0.5572012354044009,-0.19488123540440094,0.19488123540440094,53.78704883821316
0.36232,0.5572012354044009,-0.19488123540440094,0.19488123540440094,53.78704883821316
0.362322,0.5572012354044009,-0.19487923540440094,0.19487923540440094,53.78619994110618
0.362322,0.5572012354044009,-0.19487923540440094,0.19487923540440094,53.78619994110618
0.362328,0.5572012354044009,-0.19487323540440094,0.19487323540440094,53.7836533060148
0.362328,0.5572012354044009,-0.19487323540440094,0.19487323540440094,53.7836533060148
0.362328,0.5572012354044009,-0.19487323540440094,0.19487323540440094,53.7836533060148
0.36233,0.5572012354044009,-0.19487123540440093,0.19487123540440093,53.78280444639365
4.56557,4.370699558173557,0.19487044182644286,0.19487044182644286,4.268260958044113
0.362332,0.5572012354044009,-0.19486923540440093,0.19486923540440093,53.78195559614358
0.362332,0.5572012354044009,-0.19486923540440093,0.19486923540440093,53.78195559614358
0.362334,0.5572012354044009,-0.19486723540440093,0.19486723540440093,53.78110675526443
0.362336,0.5572012354044009,-0.19486523540440093,0.19486523540440093,53.78025792375604
0.362338,0.5572012354044009,-0.19486323540440093,0.19486323540440093,53.77940910161825
4.565561,4.370699558173557,0.1948614418264425,0.1948614418264425,4.268072243962449
0.362344,0.5572012354044009,-0.19485723540440092,0.19485723540440092,53.77686269142694
0.362346,0.5572012354044009,-0.19485523540440092,0.19485523540440092,53.77601390677002
0.362349,0.5572012354044009,-0.19485223540440094,0.19485223540440094,53.77474074735302
0.362351,0.5572012354044009,-0.19485023540440094,0.19485023540440094,53.77389198612038
0.362353,0.5572012354044009,-0.19484823540440094,0.19484823540440094,53.77304323425718
0.362365,0.5572012354044009,-0.19483623540440093,0.19483623540440093,53.76795091982751
0.362367,0.5572012354044009,-0.19483423540440092,0.19483423540440092,53.76710223354605
3.648605,3.4537708338864217,0.19483416611357818,0.19483416611357818,5.339963249193548
0.362371,0.5572012354044009,-0.19483023540440092,0.19483023540440092,53.76540488908756
0.362377,0.5572012354044009,-0.19482423540440091,0.19482423540440091,53.76285894265863
0.362377,0.5572012354044009,-0.19482423540440091,0.19482423540440091,53.76285894265863
0.362379,0.5572012354044009,-0.1948222354044009,0.1948222354044009,53.76201031258403
0.362381,0.5572012354044009,-0.1948202354044009,0.1948202354044009,53.761161691876715
0.362381,0.5572012354044009,-0.1948202354044009,0.1948202354044009,53.761161691876715
4.565518,4.370699558173557,0.1948184418264427,0.1948184418264427,4.2671705997474
0.362386,0.5572012354044009,-0.19481523540440093,0.19481523540440093,53.759040181089205
4.565512,4.370699558173557,0.19481244182644275,0.19481244182644275,4.267044787576414
0.362392,0.5572012354044009,-0.19480923540440093,0.19480923540440093,53.75649444541944
0.3624,0.5572012354044009,-0.19480123540440092,0.19480123540440092,53.75310026232004
4.565494,4.370699558173557,0.1947944418264429,0.1947944418264429,4.266667349079338
0.362408,0.5572012354044009,-0.1947932354044009,0.1947932354044009,53.74970622907088
3.648559,3.4537708338864217,0.1947881661135784,0.1947881661135784,5.338769802221634
0.362414,0.5572012354044009,-0.1947872354044009,0.1947872354044009,53.74716080246728
0.362416,0.5572012354044009,-0.1947852354044009,0.1947852354044009,53.74631234566205
3.648539,3.4537708338864217,0.19476816611357828,0.19476816611357828,5.338250902847415
0.458233,0.6529964930643395,-0.1947634930643395,0.1947634930643395,42.50315735048247
3.648528,3.4537708338864217,0.19475716611357852,0.19475716611357852,5.337965505766724
0.458244,0.6529964930643395,-0.1947524930643395,0.1947524930643395,42.49973660797299
0.362449,0.5572012354044009,-0.1947522354044009,0.1947522354044009,53.7323141602456
0.362449,0.5572012354044009,-0.1947522354044009,0.1947522354044009,53.7323141602456
4.565447,4.370699558173557,0.19474744182644255,0.19474744182644255,4.265681801194425
0.362457,0.5572012354044009,-0.19474423540440094,0.19474423540440094,53.728921044612754
0.362463,0.5572012354044009,-0.19473823540440094,0.19473823540440094,53.72637630618148
4.56543,4.370699558173557,0.19473044182644283,0.19473044182644283,4.265325321430347
3.648501,3.4537708338864217,0.1947301661135783,0.1947301661135783,5.337264978363471
0.362484,0.5572012354044009,-0.19471723540440095,0.19471723540440095,53.717470385088305
3.648478,3.4537708338864217,0.1947071661135782,0.1947071661135782,5.336668224619732
0.362498,0.5572012354044009,-0.19470323540440093,0.19470323540440093,53.71153367761736
0.362516,0.5572012354044009,-0.1946852354044009,0.1946852354044009,53.703901441783806
3.648439,3.4537708338864217,0.1946681661135785,0.1946681661135785,5.335656320641316
0.458331,0.6529964930643395,-0.1946654930643395,0.1946654930643395,42.472687429361486
4.565354,4.370699558173557,0.19465444182644287,0.19465444182644287,4.263731614726463
0.362549,0.5572012354044009,-0.1946522354044009,0.1946522354044009,53.68991097774673
0.362552,0.5572012354044009,-0.19464923540440093,0.19464923540440093,53.68863924367051
0.458351,0.6529964930643395,-0.19464549306433948,0.19464549306433948,42.46647067899339
0.362558,0.5572012354044009,-0.19464323540440093,0.19464323540440093,53.686095838656115
0.36256,0.5572012354044009,-0.19464123540440093,0.19464123540440093,53.68524805569166
17.293143,17.4877815469272,-0.19463854692719806,0.19463854692719806,1.1255244169673062
17.293164,17.4877815469272,-0.1946175469271978,0.1946175469271978,1.1254016149160004
4.565312,4.370699558173557,0.19461244182644233,0.19461244182644233,4.262850859309933
3.648373,3.4537708338864217,0.19460216611357817,0.19460216611357817,5.333943818470431
4.565301,4.370699558173557,0.19460144182644257,0.19460144182644257,4.262620182594312
3.64835,3.4537708338864217,0.1945791661135785,0.1945791661135785,5.333347022852664
4.565268,4.370699558173557,0.1945684418264424,0.1945684418264424,4.2619281457776514
3.648325,3.4537708338864217,0.19455416611357812,0.19455416611357812,5.33269832342912
4.565248,4.370699558173557,0.19454844182644315,0.19454844182644315,4.261508724655958
3.648306,3.4537708338864217,0.19453516611357813,0.19453516611357813,5.332205305921322
3.648299,3.4537708338864217,0.19452816611357848,0.19452816611357848,5.332023666597679
4.565223,4.370699558173557,0.19452344182644232,0.19452344182644232,4.260984443085943
3.648288,3.4537708338864217,0.19451716611357828,0.19451716611357828,5.331738231966515
3.648279,3.4537708338864217,0.19450816611357835,0.19450816611357835,5.331504693260763
4.565158,4.370699558173557,0.194458441826443,0.194458441826443,4.259621284130437
4.565158,4.370699558173557,0.194458441826443,0.194458441826443,4.259621284130437
3.648224,3.4537708338864217,0.1944531661135782,0.1944531661135782,5.330077487244427
4.565148,4.370699558173557,0.1944484418264425,0.1944484418264425,4.259411563922639
4.565142,4.370699558173557,0.19444244182644255,0.19444244182644255,4.259285731356949
3.648207,3.4537708338864217,0.1944361661135785,0.1944361661135785,5.3296363421332416
4.565135,4.370699558173557,0.19443544182644246,0.19443544182644246,4.259138926278924
17.293358,17.4877815469272,-0.19442354692719732,0.19442354692719732,1.1242671719747723
3.648182,3.4537708338864217,0.19441116611357812,0.19441116611357812,5.328987591853946
4.565107,4.370699558173557,0.19440744182644298,0.19440744182644298,4.2585517014647065
3.648176,3.4537708338864217,0.19440516611357817,0.19440516611357817,5.328831890463874
0.458593,0.6529964930643395,-0.19440349306433952,0.19440349306433952,42.39129097521075
17.293381,17.4877815469272,-0.19440054692719855,0.19440054692719855,1.1241326778498342
16.273959,16.468317533821406,-0.19435853382140422,0.19435853382140422,1.1942916522046658
3.648125,3.4537708338864217,0.19435416611357814,0.19435416611357814,5.327508407969865
3.648112,3.4537708338864217,0.1943411661135781,0.1943411661135781,5.3271710437686925
17.29349,17.4877815469272,-0.1942915469272002,0.1942915469272002,1.1234952975141324
9.960593,9.766327137690013,0.19426586230998666,0.19426586230998666,1.9503443450408657
0.458775,0.6529964930643395,-0.1942214930643395,0.1942214930643395,42.33480312179275
0.458816,0.6529964930643395,-0.1941804930643395,0.1941804930643395,42.322084021049264
16.274172,16.468317533821406,-0.19414553382140554,0.19414553382140554,1.1929671987011847
0.458862,0.6529964930643395,-0.1941344930643395,0.1941344930643395,42.30781651608363
3.647896,3.4537708338864217,0.1941251661135781,0.1941251661135781,5.321565255924416
3.647891,3.4537708338864217,0.1941201661135783,0.1941201661135783,5.321435484455453
0.458891,0.6529964930643395,-0.1941054930643395,0.1941054930643395,42.298823254768706
28.496398,28.302303993977937,0.19409400602206262,0.19409400602206262,0.6811176837907076
0.363113,0.5572012354044009,-0.1940882354044009,0.1940882354044009,53.4511943529837
17.293697,17.4877815469272,-0.194084546927197,0.194084546927197,1.1222848817466544
3.647849,3.4537708338864217,0.1940781661135782,0.1940781661135782,5.320345390071186
16.27425,16.468317533821406,-0.19406753382140707,0.19406753382140707,1.1924821962315597
16.274354,16.468317533821406,-0.19396353382140674,0.19396353382140674,1.1918355335039101
17.293835,17.4877815469272,-0.19394654692719726,0.19394654692719726,1.1214779539996524
17.293855,17.4877815469272,-0.19392654692719802,0.19392654692719802,1.121361009017808
16.274395,16.468317533821406,-0.19392253382140723,0.19392253382140723,1.1915806014307486
0.459074,0.6529964930643395,-0.1939224930643395,0.1939224930643395,42.24209888211866
17.293872,17.4877815469272,-0.1939095469271983,0.1939095469271983,1.1212616059959104
16.274444,16.468317533821406,-0.1938735338214066,0.1938735338214066,1.1912759281989318
28.496104,28.302303993977937,0.19380000602206238,0.19380000602206238,0.680092991032677
17.293984,17.4877815469272,-0.19379754692720041,0.19379754692720041,1.1206067203836887
17.293995,17.4877815469272,-0.19378654692719977,0.19378654692719977,1.1205424017185113
16.27461,16.468317533821406,-0.19370753382140649,0.19370753382140649,1.190243783538999
0.459335,0.6529964930643395,-0.1936614930643395,0.1936614930643395,42.1612751090551
16.274704,16.468317533821406,-0.19361353382140578,0.19361353382140578,1.189659325418245
0.382413,0.5759542871366765,-0.1935412871366765,0.1935412871366765,50.61054072065174
0.459567,0.6529964930643395,-0.19342949306433949,0.19342949306433949,42.08950882510058
17.294368,17.4877815469272,-0.19341354692720003,0.19341354692720003,1.1183614626801148
17.294381,17.4877815469272,-0.19340054692719733,0.19340054692719733,1.1182854530964654
17.294419,17.4877815469272,-0.19336254692719734,0.19336254692719734,1.1180632718918126
0.459735,0.6529964930643395,-0.19326149306433948,0.19326149306433948,42.03758535293199
17.294578,17.4877815469272,-0.19320354692719732,0.19320354692719732,1.1171336295460936
17.294579,17.4877815469272,-0.19320254692719985,0.19320254692719985,1.117127782792994
17.294672,17.4877815469272,-0.19310954692720017,0.19310954692720017,1.1165840377087444
16.27522,16.468317533821406,-0.1930975338214047,0.1930975338214047,1.1864511436417957
17.294866,17.4877815469272,-0.1929155469271997,0.1929155469271997,1.1154497925921154
17.294987,17.4877815469272,-0.19279454692719966,0.19279454692719966,1.1147423639351968
17.295049,17.4877815469272,-0.19273254692719988,0.19273254692719988,1.114379883665467
17.295167,17.4877815469272,-0.19261454692719937,0.19261454692719937,1.1136900090417496
16.275813,16.468317533821406,-0.1925045338214062,0.1925045338214062,1.1827644727807052
16.275909,16.468317533821406,-0.192408533821407,0.192408533821407,1.1821676676874076
16.275986,16.468317533821406,-0.192331533821406,0.192331533821406,1.1816889853568584
16.276003,16.468317533821406,-0.19231453382140629,0.19231453382140629,1.1815833028552818
17.295534,17.4877815469272,-0.1922475469271987,0.1922475469271987,1.1115444422015948
17.295605,17.4877815469272,-0.19217654692720032,0.19217654692720032,1.1111293703000804
5.440903,5.24876647268947,0.19213652731053,0.19213652731053,3.5313352821581026
0.461036,0.6529964930643395,-0.1919604930643395,0.1919604930643395,41.636768717128966
17.295844,17.4877815469272,-0.19193754692719978,0.19193754692719978,1.1097321814771808
16.276394,16.468317533821406,-0.1919235338214058,0.1919235338214058,1.1791526662492116
17.295918,17.4877815469272,-0.19186354692719831,0.19186354692719831,1.1092995869088245
17.295941,17.4877815469272,-0.19184054692719954,0.19184054692719954,1.1091651325943492
16.276537,16.468317533821406,-0.19178053382140448,0.19178053382140448,1.1782637413611152
16.276556,16.468317533821406,-0.19176153382140626,0.19176153382140626,1.1781456336354457
17.296045,17.4877815469272,-0.19173654692719921,0.19173654692719921,1.108557169723429
16.276597,16.468317533821406,-0.19172053382140675,0.19172053382140675,1.1778907705353205
16.276599,16.468317533821406,-0.1917185338214047,0.1917185338214047,1.1778783382218043
0.461371,0.6529964930643395,-0.1916254930643395,0.1916254930643395,41.533926714684185
17.296333,17.4877815469272,-0.19144854692719804,0.19144854692719804,1.1068736183912
17.296382,17.4877815469272,-0.1913995469271974,0.1913995469271974,1.106587186419049
28.493662,28.302303993977937,0.19135800602206388,0.19135800602206388,0.6715809502526994
16.276977,16.468317533821406,-0.19134053382140692,0.19134053382140692,1.1755286858255771
0.461757,0.6529964930643395,-0.19123949306433952,0.19123949306433952,41.41561319545213
16.277178,16.468317533821406,-0.19113953382140636,0.19113953382140636,1.1742793119312949
9.95745,9.766327137690013,0.19112286230998698,0.19112286230998698,1.919395651578141
8.432122,8.623143447927827,-0.19102144792782738,0.19102144792782738,2.265401851699513
17.29689,17.4877815469272,-0.19089154692719745,0.19089154692719745,1.1036177424155085
0.462191,0.6529964930643395,-0.19080549306433947,0.19080549306433947,41.28282312356939
16.277525,16.468317533821406,-0.19079253382140493,0.19079253382140493,1.1721225052348734
16.277535,16.468317533821406,-0.1907825338214053,0.1907825338214053,1.1720603507855043
0.462295,0.6529964930643395,-0.19070149306433948,0.19070149306433948,41.25103949276727
0.462311,0.6529964930643395,-0.19068549306433946,0.19068549306433946,41.246150972633856
17.297119,17.4877815469272,-0.19066254692720008,0.19066254692720008,1.102279211503938
17.297353,17.4877815469272,-0.19042854692719757,0.19042854692719757,1.1009114916374585
0.46261,0.6529964930643395,-0.19038649306433947,0.19038649306433947,41.15485895747705
0.462648,0.6529964930643395,-0.19034849306433949,0.19034849306433949,41.14326507910901
16.277987,16.468317533821406,-0.19033053382140608,0.19033053382140608,1.1692510494094686
17.297481,17.4877815469272,-0.19030054692719744,0.19030054692719744,1.1001633528378918
16.278086,16.468317533821406,-0.19023153382140734,0.19023153382140734,1.1686357586526988
5.438968,5.24876647268947,0.19020152731053042,0.19020152731053042,3.497015009226629
16.278137,16.468317533821406,-0.19018053382140465,0.19018053382140465,1.1683187936078703
16.27821,16.468317533821406,-0.19010753382140422,0.19010753382140422,1.1678651019997675
16.278372,16.468317533821406,-0.18994553382140467,0.18994553382140467,1.1668582940618253
0.463183,0.6529964930643395,-0.18981349306433948,0.18981349306433948,40.98023740581136
5.438376,5.24876647268947,0.18960952731053027,0.18960952731053027,3.486510077770345
16.278818,16.468317533821406,-0.1894995338214045,0.1894995338214045,1.1640865683260322
16.279052,16.468317533821406,-0.18926553382140554,0.18926553382140554,1.1626324052545747
16.279171,16.468317533821406,-0.189146533821404,0.189146533821404,1.161892911010285
16.279269,16.468317533821406,-0.1890485338214063,0.1890485338214063,1.1612839238681112
16.279419,16.468317533821406,-0.18889853382140487,0.18889853382140487,1.1603518148912104
0.464187,0.6529964930643395,-0.18880949306433947,0.18880949306433947,40.67530823217026
16.279558,16.468317533821406,-0.1887595338214041,0.1887595338214041,1.159488075906266
17.299323,17.4877815469272,-0.18845854692719755,0.18845854692719755,1.0893983939493364
8.434789,8.623143447927827,-0.18835444792782674,0.18835444792782674,2.2330665049901506
17.299456,17.4877815469272,-0.18832554692719938,0.18832554692719938,1.0886212082397897
7.585151,7.396914578703267,0.18823642129673246,0.18823642129673246,2.4816436916582254
8.434956,8.623143447927827,-0.18818744792782738,0.18818744792782738,2.2310424372764524
28.490347,28.302303993977937,0.18804300602206325,0.18804300602206325,0.6600235722695945
0.464987,0.6529964930643395,-0.1880094930643395,0.1880094930643395,40.433279430157455
17.299776,17.4877815469272,-0.1880055469271973,0.1880055469271973,1.0867513367000274
0.464994,0.6529964930643395,-0.18800249306433947,0.18800249306433947,40.43116535351172
0.465018,0.6529964930643395,-0.1879784930643395,0.1879784930643395,40.42391757392522
16.280387,16.468317533821406,-0.18793053382140457,0.18793053382140457,1.1543370180343393
0.465147,0.6529964930643395,-0.1878494930643395,0.1878494930643395,40.384973572645755
0.46556,0.6529964930643395,-0.18743649306433952,0.18743649306433952,40.26043754276121
0.465586,0.6529964930643395,-0.1874104930643395,0.1874104930643395,40.25260489449573
5.435882,5.24876647268947,0.18711552731053072,0.18711552731053072,3.442229380753454
16.281637,16.468317533821406,-0.1866805338214057,0.1866805338214057,1.1465710347200293
0.466513,0.6529964930643395,-0.18648349306433948,0.18648349306433948,39.97391134317062
5.435171,5.24876647268947,0.1864045273105308,0.1864045273105308,3.429598209644208
0.466663,0.6529964930643395,-0.1863334930643395,0.1863334930643395,39.928919375311644
5.434884,5.24876647268947,0.18611752731053066,0.18611752731053066,3.424498615004592
4.869493,4.683596056891762,0.18589694310823823,0.18589694310823823,3.817583126301252
0.467196,0.6529964930643395,-0.1858004930643395,0.1858004930643395,39.769281634382615
0.467401,0.6529964930643395,-0.18559549306433948,0.18559549306433948,39.70797944904515
0.467658,0.6529964930643395,-0.18533849306433947,0.18533849306433947,39.63120336329289
28.487541,28.302303993977937,0.1852370060220636,0.1852370060220636,0.6502386640581347
0.467785,0.6529964930643395,-0.18521149306433948,0.18521149306433948,39.5932945743763
0.467863,0.6529964930643395,-0.18513349306433952,0.18513349306433952,39.570022212649754
0.467869,0.6529964930643395,-0.1851274930643395,0.1851274930643395,39.5682323523831
5.433823,5.24876647268947,0.18505652731053068,0.18505652731053068,3.405641429747068
17.302802,17.4877815469272,-0.18497954692719887,0.18497954692719887,1.0690727832759679
0.468266,0.6529964930643395,-0.18473049306433947,0.18473049306433947,39.44990518741262
0.468404,0.6529964930643395,-0.1845924930643395,0.1845924930643395,39.40882080958546
5.433311,5.24876647268947,0.18454452731053017,0.18454452731053017,3.396539003696524
28.48658,28.302303993977937,0.1842760060220634,0.1842760060220634,0.646887081641308
0.469406,0.6529964930643395,-0.1835904930643395,0.1835904930643395,39.11123697294629
5.432259,5.24876647268947,0.18349252731053056,0.18349252731053056,3.3778309779992584
0.469507,0.6529964930643395,-0.18348949306433948,0.18348949306433948,39.08131146612471
0.469516,0.6529964930643395,-0.1834804930643395,0.1834804930643395,39.07864546155208
0.47006,0.6529964930643395,-0.1829364930643395,0.1829364930643395,38.91768987478659
0.47029,0.6529964930643395,-0.1827064930643395,0.1827064930643395,38.849750797484475
17.305243,17.4877815469272,-0.18253854692719784,0.18253854692719784,1.0548164329512335
5.431171,5.24876647268947,0.18240452731053036,0.18240452731053036,3.358475130081006
0.470601,0.6529964930643395,-0.1823954930643395,0.1823954930643395,38.757990957431346
4.464257,4.281919046445923,0.182337953554077,0.182337953554077,4.084396430357675
0.470948,0.6529964930643395,-0.1820484930643395,0.1820484930643395,38.65575244521343
0.471182,0.6529964930643395,-0.1818144930643395,0.1818144930643395,38.5868927560375
0.471257,0.6529964930643395,-0.1817394930643395,0.1817394930643395,38.56483681425946
5.430061,5.24876647268947,0.18129452731053064,0.18129452731053064,3.3387199021740623
17.306699,17.4877815469272,-0.18108254692720038,0.18108254692720038,1.0463147647402553
0.471995,0.6529964930643395,-0.1810014930643395,0.1810014930643395,38.34818017690681
0.472102,0.6529964930643395,-0.18089449306433947,0.18089449306433947,38.31682412402884
0.472265,0.6529964930643395,-0.1807314930643395,0.1807314930643395,38.269084735491816
0.472302,0.6529964930643395,-0.1806944930643395,0.1806944930643395,38.25825277599528
0.472423,0.6529964930643395,-0.1805734930643395,0.1805734930643395,38.22284118811249
0.472431,0.6529964930643395,-0.1805654930643395,0.1805654930643395,38.22050056539876
0.472486,0.6529964930643395,-0.18051049306433947,0.18051049306433947,38.20441092987624
0.472746,0.6529964930643395,-0.1802504930643395,0.1802504930643395,38.1284015150231
0.472759,0.6529964930643395,-0.1802374930643395,0.1802374930643395,38.124603238905
0.472929,0.6529964930643395,-0.1800674930643395,0.1800674930643395,38.07495269401212
28.482224,28.302303993977937,0.17992000602206204,0.17992000602206204,0.6316922653983423
28.48176,28.302303993977937,0.17945600602206468,0.17945600602206468,0.6300734435703222
5.428072,5.24876647268947,0.17930552731053062,0.17930552731053062,3.3033004593017066
17.308515,17.4877815469272,-0.1792665469271988,0.1792665469271988,1.035713040235763
28.481206,28.302303993977937,0.17890200602206363,0.17890200602206363,0.6281405570446543
4.445438,4.267145098521496,0.17829290147850418,0.17829290147850418,4.010693692601122
4.861729,4.683596056891762,0.17813294310823835,0.17813294310823835,3.663983391599457
5.426887,5.24876647268947,0.17812052731053019,0.17812052731053019,3.2821860360690764
1.27793,1.4559059924058069,-0.17797599240580686,0.17797599240580686,13.926896809049005
17.310087,17.4877815469272,-0.17769454692719933,0.17769454692719933,1.0265375727237698
7.57427,7.396914578703267,0.17735542129673298,0.17735542129673298,2.3415513481086814
0.475906,0.6529964930643395,-0.1770904930643395,0.1770904930643395,37.21123352660573
0.476312,0.6529964930643395,-0.17668449306433948,0.17668449306433948,37.09427707621164
0.47636,0.6529964930643395,-0.17663649306433948,0.17663649306433948,37.08046289093522
0.476401,0.6529964930643395,-0.17659549306433947,0.17659549306433947,37.06866547871873
7.573274,7.396914578703267,0.17635942129673232,0.17635942129673232,2.3287077860170333
9.942626,9.766327137690013,0.17629886230998792,0.17629886230998792,1.7731619625259438
0.477055,0.6529964930643395,-0.17594149306433948,0.17594149306433948,36.880756522300096
7.572708,7.396914578703267,0.17579342129673314,0.17579342129673314,2.3214076297991646
0.477522,0.6529964930643395,-0.1754744930643395,0.1754744930643395,36.74689187672874
7.572315,7.396914578703267,0.1754004212967324,0.1754004212967324,2.3163381514690826
0.477674,0.6529964930643395,-0.1753224930643395,0.1753224930643395,36.7033778325042
0.477947,0.6529964930643395,-0.17504949306433948,0.17504949306433948,36.62529381452633
7.571912,7.396914578703267,0.1749974212967329,0.1749974212967329,2.311139132288143
0.478299,0.6529964930643395,-0.17469749306433952,0.17469749306433952,36.524745614733625
17.313089,17.4877815469272,-0.17469254692719716,0.17469254692719716,1.0090200941391114
4.434606,4.259935314191354,0.1746706858086453,0.1746706858086453,3.938809576424749
18.513227,18.33862541415006,0.1746015858499419,0.1746015858499419,0.9431180520230146
0.478643,0.6529964930643395,-0.1743534930643395,0.1743534930643395,36.42662548661797
3.12713,2.9527835317358537,0.17434646826414646,0.17434646826414646,5.575286868744541
18.512897,18.33862541415006,0.17427158584994018,0.17427158584994018,0.9413523223782796
3.12704,2.9527835317358537,0.1742564682641463,0.1742564682641463,5.5725692110933585
28.476453,28.302303993977937,0.17414900602206274,0.17414900602206274,0.6115544166313522
3.126913,2.9527835317358537,0.17412946826414633,0.17412946826414633,5.568734028051871
3.126893,2.9527835317358537,0.1741094682641462,0.1741094682641462,5.568130033825208
3.126872,2.9527835317358537,0.17408846826414637,0.17408846826414637,5.567495831571579
3.126843,2.9527835317358537,0.1740594682641463,0.1740594682641463,5.566620014454825
3.126835,2.9527835317358537,0.17405146826414608,0.17405146826414608,5.566378406874034
3.126782,2.9527835317358537,0.17399846826414622,0.17399846826414622,5.56477772542446
3.126755,2.9527835317358537,0.17397146826414644,0.17397146826414644,5.5639622630677
3.126733,2.9527835317358537,0.17394946826414648,0.17394946826414648,5.56329780184567
3.126719,2.9527835317358537,0.1739354682641463,0.1739354682641463,5.562874958017764
3.12671,2.9527835317358537,0.17392646826414637,0.17392646826414637,5.562603127843125
3.12671,2.9527835317358537,0.17392646826414637,0.17392646826414637,5.562603127843125
3.126688,2.9527835317358537,0.1739044682641464,0.1739044682641464,5.5619386474948715
3.126684,2.9527835317358537,0.1739004682641463,0.1739004682641463,5.561817831881459
3.126663,2.9527835317358537,0.17387946826414646,0.17387946826414646,5.561183544839507
3.126608,2.9527835317358537,0.17382446826414633,0.17382446826414633,5.559522276492186
4.433742,4.259935314191354,0.17380668580864533,0.17380668580864533,3.9200902038216308
3.126567,2.9527835317358537,0.17378346826414637,0.17378346826414637,5.558283838426878
3.126565,2.9527835317358537,0.1737814682641461,0.1737814682641461,5.55822342598308
3.126549,2.9527835317358537,0.17376546826414607,0.17376546826414607,5.557740123650336
3.126536,2.9527835317358537,0.17375246826414648,0.17375246826414648,5.557347436862685
4.655313,4.481561136501066,0.1737518634989339,0.1737518634989339,3.732334721536481
4.655272,4.481561136501066,0.1737108634989344,0.1737108634989344,3.73148687112596
0.479295,0.6529964930643395,-0.17370149306433946,0.17370149306433946,36.24104007513085
3.126483,2.9527835317358537,0.17369946826414617,0.17369946826414617,5.555746449239943
3.126481,2.9527835317358537,0.17369746826414634,0.17369746826414634,5.555686033549881
3.126477,2.9527835317358537,0.17369346826414622,0.17369346826414622,5.555565201937857
3.126473,2.9527835317358537,0.1736894682641461,0.1736894682641461,5.555444370016651
3.126465,2.9527835317358537,0.17368146826414632,0.17368146826414632,5.555202705246696
3.12646,2.9527835317358537,0.17367646826414607,0.17367646826414607,5.555051664137428
3.126452,2.9527835317358537,0.17366846826414628,0.17366846826414628,5.554809997357755
3.126446,2.9527835317358537,0.17366246826414633,0.17366246826414633,5.554628746461372
3.12643,2.9527835317358537,0.17364646826414631,0.17364646826414631,5.554145407336552
3.126329,2.9527835317358537,0.1735454682641464,0.1735454682641464,5.551094214927326
3.126315,2.9527835317358537,0.17353146826414623,0.17353146826414623,5.550671261808089
0.4795,0.6529964930643395,-0.1734964930643395,0.1734964930643395,36.18279312370317
3.126274,2.9527835317358537,0.17349046826414627,0.17349046826414627,5.549432591596156
4.455373,4.281919046445923,0.1734539535540769,0.1734539535540769,3.8931410131134645
3.126233,2.9527835317358537,0.1734494682641463,0.1734494682641463,5.548193888894338
3.126227,2.9527835317358537,0.17344346826414636,0.17344346826414636,5.5480126126029345
4.433334,4.259935314191354,0.17339868580864604,0.17339868580864604,3.91124796382891
4.455309,4.281919046445923,0.17338995355407683,0.17338995355407683,3.8917604491671636
3.126149,2.9527835317358537,0.17336546826414612,0.17336546826414612,5.545655957492764
3.126143,2.9527835317358537,0.17335946826414617,0.17335946826414617,5.545474671459389
3.126114,2.9527835317358537,0.1733304682641461,0.1733304682641461,5.544598445821283
0.479698,0.6529964930643395,-0.17329849306433948,0.17329849306433948,36.126582355609756
3.126026,2.9527835317358537,0.17324246826414624,0.17324246826414624,5.541939454713566
3.126024,2.9527835317358537,0.1732404682641464,0.1732404682641464,5.5418790213576266
3.125934,2.9527835317358537,0.17315046826414626,0.17315046826414626,5.53915944030191
3.125912,2.9527835317358537,0.1731284682641463,0.1731284682641463,5.53849463000263
3.125871,2.9527835317358537,0.17308746826414634,0.17308746826414634,5.537255640383402
3.125848,2.9527835317358537,0.17306446826414623,0.17306446826414623,5.536560583195653
3.125795,2.9527835317358537,0.17301146826414637,0.17301146826414637,5.534958890733763
3.125711,2.9527835317358537,0.17292746826414618,0.17292746826414618,5.53242024802081
3.125662,2.9527835317358537,0.17287846826414643,0.17287846826414643,5.530939310092245
0.480137,0.6529964930643395,-0.1728594930643395,0.1728594930643395,36.00211877616959
0.480178,0.6529964930643395,-0.1728184930643395,0.1728184930643395,35.99050623484395
4.439957,4.267145098521496,0.17281190147850367,0.17281190147850367,3.892197637828733
3.12559,2.9527835317358537,0.17280646826414614,0.17280646826414614,5.52876315379232
3.125584,2.9527835317358537,0.1728004682641462,0.1728004682641462,5.528581802908436
3.125518,2.9527835317358537,0.1727344682641463,0.1727344682641463,5.526586897231745
4.432667,4.259935314191354,0.17273168580864606,0.17273168580864606,3.896789129540957
3.1255,2.9527835317358537,0.17271646826414644,0.17271646826414644,5.526042817425064
3.125494,2.9527835317358537,0.1727104682641465,0.1727104682641465,5.525861456096879
4.43972,4.267145098521496,0.1725749014785043,0.1725749014785043,3.8870672356503837
4.432452,4.259935314191354,0.17251668580864532,0.17251668580864532,3.892127558397772
4.654019,4.481561136501066,0.17245786349893422,0.17245786349893422,3.705568531095998
3.12523,2.9527835317358537,0.17244646826414645,0.17244646826414645,5.5178808682442115
4.432105,4.259935314191354,0.17216968580864567,0.17216968580864567,3.884603045387261
4.432085,4.259935314191354,0.17214968580864554,0.17214968580864554,3.884169319964788
3.124851,2.9527835317358537,0.17206746826414632,0.17206746826414632,5.506421530455049
0.481075,0.6529964930643395,-0.17192149306433951,0.17192149306433951,35.7369418549296
4.65331,4.481561136501066,0.1717488634989346,0.1717488634989346,3.6908966627034023
4.45329,4.281919046445923,0.17137095355407705,0.17137095355407705,3.8481875995102244
4.431282,4.259935314191354,0.1713466858086461,0.1713466858086461,3.8667520100228177
4.453011,4.281919046445923,0.17109195355407714,0.17109195355407714,3.842163281209837
28.47333,28.302303993977937,0.17102600602206408,0.17102600602206408,0.6006533342656564
4.430873,4.259935314191354,0.17093768580864577,0.17093768580864577,3.8578782511886005
4.438065,4.267145098521496,0.1709199014785039,0.1709199014785039,3.8512257363209565
4.5416,4.370699558173557,0.1709004418264426,0.1709004418264426,3.7630007447304825
0.4822,0.6529964930643395,-0.17079649306433947,0.17079649306433947,35.42025985668171
9.937039,9.766327137690013,0.1707118623099877,0.1707118623099877,1.7179349130889972
4.437852,4.267145098521496,0.1707069014785043,0.1707069014785043,3.8466109612185737
28.472863,28.302303993977937,0.17055900602206364,0.17055900602206364,0.5990230277210431
4.430416,4.259935314191354,0.17048068580864584,0.17048068580864584,3.847961135134892
7.567383,7.396914578703267,0.17046842129673312,0.17046842129673312,2.2526733653428197
4.430371,4.259935314191354,0.17043568580864576,0.17043568580864576,3.846984503212006
4.437527,4.267145098521496,0.17038190147850418,0.17038190147850418,3.8395687840246295
17.317999,17.4877815469272,-0.1697825469271983,0.1697825469271983,0.9803820113756672
4.651256,4.481561136501066,0.16969486349893437,0.16969486349893437,3.6483664518849532
0.48331,0.6529964930643395,-0.16968649306433947,0.16968649306433947,35.109245210988846
0.483322,0.6529964930643395,-0.16967449306433952,0.16967449306433952,35.10589069589914
4.651198,4.481561136501066,0.16963686349893425,0.16963686349893425,3.6471649561099544
0.48344,0.6529964930643395,-0.1695564930643395,0.1695564930643395,35.07291350100666
4.650791,4.481561136501066,0.1692298634989342,0.1692298634989342,3.638732927265394
0.483946,0.6529964930643395,-0.1690504930643395,0.1690504930643395,34.9316851527666
4.539421,4.370699558173557,0.16872144182644266,0.16872144182644266,3.716805333163103
4.480498,4.3117976335580135,0.16870036644198638,0.16870036644198638,3.7652146354762612
4.480487,4.3117976335580135,0.16868936644198662,0.16868936644198662,3.764978370391916
0.484537,0.6529964930643395,-0.1684594930643395,0.1684594930643395,34.76710613009376
28.470735,28.302303993977937,0.16843100602206462,0.16843100602206462,0.591593459113272
4.480127,4.3117976335580135,0.16832936644198693,0.16832936644198693,3.757245418226529
4.480121,4.3117976335580135,0.1683233664419861,0.1683233664419861,3.7571165251614627
0.484675,0.6529964930643395,-0.16832149306433947,0.16832149306433947,34.728734312603436
1.288479,1.4559059924058069,-0.16742699240580694,0.16742699240580694,12.994157638022259
0.485651,0.6529964930643395,-0.1673454930643395,0.1673454930643395,34.457973530350294
4.648849,4.481561136501066,0.16728786349893454,0.16728786349893454,3.598479182596295
18.505889,18.33862541415006,0.16726358584994117,0.16726358584994117,0.9038397768896016
18.505787,18.33862541415006,0.1671615858499429,0.1671615858499429,0.9032935797274636
17.320987,17.4877815469272,-0.16679454692719986,0.16679454692719986,0.9629621390873218
18.505048,18.33862541415006,0.16642258584993996,0.16642258584993996,0.8993361478934864
28.468642,28.302303993977937,0.1663380060220625,0.1663380060220625,0.5842850039052732
4.478099,4.3117976335580135,0.1663013664419868,0.1663013664419868,3.7136598909106993
18.504819,18.33862541415006,0.1661935858499426,0.1661935858499426,0.8981097618357926
18.504757,18.33862541415006,0.1661315858499428,0.1661315858499428,0.8977777219611424
18.504664,18.33862541415006,0.16603858584993958,0.16603858584993958,0.8972796579772664
18.50463,18.33862541415006,0.16600458584994016,0.16600458584994016,0.8970975688194959
18.504517,18.33862541415006,0.16589158584994124,0.16589158584994124,0.8964923853405348
4.536504,4.370699558173557,0.1658044418264426,0.1658044418264426,3.654894646247148
18.504183,18.33862541415006,0.1655575858499425,0.1655575858499425,0.8947035697228449
18.504163,18.33862541415006,0.16553758584993972,0.16553758584993972,0.8945964529659902
18.504036,18.33862541415006,0.16541058584994062,0.16541058584994062,0.8939162561564771
18.504003,18.33862541415006,0.16537758584994222,0.16537758584994222,0.8937395105753522
18.503892,18.33862541415006,0.1652665858499418,0.1652665858499418,0.8931449980849903
18.503888,18.33862541415006,0.16526258584994125,0.16526258584994125,0.8931235740783133
18.503837,18.33862541415006,0.1652115858499421,0.1652115858499421,0.8928504171813083
18.503806,18.33862541415006,0.16518058584994222,0.16518058584994222,0.8926843799002733
18.503779,18.33862541415006,0.16515358584994289,0.16515358584994289,0.8925397663312469
18.50369,18.33862541415006,0.16506458584994022,0.16506458584994022,0.8920630741708717
18.503605,18.33862541415006,0.16497958584994166,0.16497958584994166,0.8916078020961324
18.503565,18.33862541415006,0.16493958584993962,0.16493958584993962,0.8913935549665606
18.503561,18.33862541415006,0.1649355858499426,0.1649355858499426,0.8913721302026741
18.503546,18.33862541415006,0.1649205858499414,0.1649205858499414,0.8912917872555354
18.503539,18.33862541415006,0.1649135858499413,0.1649135858499413,0.8912542938356283
18.503531,18.33862541415006,0.1649055858499402,0.1649055858499402,0.8912114441781355
0.488093,0.6529964930643395,-0.1649034930643395,0.1649034930643395,33.78526080696798
18.503421,18.33862541415006,0.1647955858499408,0.1647955858499408,0.8906222576303604
18.503413,18.33862541415006,0.1647875858499397,0.1647875858499397,0.8905794074263442
18.503412,18.33862541415006,0.1647865858499422,0.1647865858499422,0.8905740511482512
18.503405,18.33862541415006,0.16477958584994212,0.16477958584994212,0.8905365571852942
4.535435,4.370699558173557,0.1647354418264424,0.1647354418264424,3.632186148027923
18.503322,18.33862541415006,0.16469658584994207,0.16469658584994207,0.890091983747848
0.488303,0.6529964930643395,-0.1646934930643395,0.1646934930643395,33.72772500488668
18.503285,18.33862541415006,0.1646595858499431,0.1646595858499431,0.8898937991229838
18.503271,18.33862541415006,0.16464558584994293,0.16464558584994293,0.8898188101393159
18.50327,18.33862541415006,0.1646445858499419,0.1646445858499419,0.889813453778992
4.535335,4.370699558173557,0.16463544182644263,0.16463544182644263,3.6300613256311296
18.503249,18.33862541415006,0.16462358584994163,0.16462358584994163,0.8897009700785626
18.503189,18.33862541415006,0.16456358584994035,0.16456358584994035,0.8893795866704437
18.503162,18.33862541415006,0.16453658584994102,0.16453658584994102,0.8892349634567962
18.503099,18.33862541415006,0.1644735858499402,0.1644735858499402,0.8888975076502122
18.503087,18.33862541415006,0.16446158584994208,0.16446158584994208,0.8888332300931907
18.503074,18.33862541415006,0.16444858584994293,0.16444858584994293,0.8887635959789932
18.503061,18.33862541415006,0.16443558584994022,0.16443558584994022,0.888693961766929
18.50296,18.33862541415006,0.16433458584994298,0.16433458584994298,0.8881529541708723
18.502953,18.33862541415006,0.1643275858499429,0.1643275858499429,0.8881154583760483
18.502886,18.33862541415006,0.16426058584994152,0.16426058584994152,0.8877565686188295
18.502874,18.33862541415006,0.16424858584993984,0.16424858584993984,0.8876922895818897
1.291679,1.4559059924058069,-0.16422699240580685,0.16422699240580685,12.714226397819631
18.502852,18.33862541415006,0.1642265858499421,0.1642265858499421,0.8875744444643157
18.502827,18.33862541415006,0.16420158584994127,0.16420158584994127,0.8874405292177991
18.502783,18.33862541415006,0.16415758584994222,0.16415758584994222,0.8872048375050121
18.502769,18.33862541415006,0.16414358584994204,0.16414358584994204,0.8871298444522273
18.502735,18.33862541415006,0.16410958584994262,0.16410958584994262,0.8869477179944244
18.502732,18.33862541415006,0.1641065858499431,0.1641065858499431,0.8869316479807207
18.502723,18.33862541415006,0.16409758584994094,0.16409758584994094,0.8868834379083235
18.502695,18.33862541415006,0.16406958584994058,0.16406958584994058,0.8867334507165247
18.502606,18.33862541415006,0.16398058584994146,0.16398058584994146,0.886256702699367
18.502572,18.33862541415006,0.16394658584994204,0.16394658584994204,0.8860745730326355
18.502506,18.33862541415006,0.1638805858499417,0.1638805858499417,0.885721025298173
18.502493,18.33862541415006,0.16386758584994254,0.16386758584994254,0.8856513868107226
18.502468,18.33862541415006,0.1638425858499417,0.1638425858499417,0.8855174663674933
18.50246,18.33862541415006,0.1638345858499406,0.1638345858499406,0.8854746117492223
18.502418,18.33862541415006,0.16379258584994005,0.16379258584994005,0.8852496243953348
18.502368,18.33862541415006,0.16374258584994195,0.16374258584994195,0.8849817809755864
18.502327,18.33862541415006,0.16370158584994243,0.16370158584994243,0.8847621482911726
18.502287,18.33862541415006,0.1636615858499404,0.1636615858499404,0.8845478715634227
18.502181,18.33862541415006,0.16355558584994156,0.16355558584994156,0.8839800337541698
18.50218,18.33862541415006,0.16355458584994054,0.16355458584994054,0.8839746767627197
18.502157,18.33862541415006,0.16353158584994176,0.16353158584994176,0.8838514657996791
18.502141,18.33862541415006,0.16351558584994308,0.16351558584994308,0.8837657536447231
18.502135,18.33862541415006,0.16350958584994046,0.16350958584994046,0.8837336115483794
18.502069,18.33862541415006,0.16344358584994012,0.16344358584994012,0.8833800471128757
18.502053,18.33862541415006,0.16342758584994144,0.16342758584994144,0.8832943341425848
18.501965,18.33862541415006,0.1633395858499398,0.1633395858499398,0.8828229101560672
18.501917,18.33862541415006,0.1632915858499402,0.1632915858499402,0.8825657679096586
18.501913,18.33862541415006,0.16328758584993963,0.16328758584993963,0.8825443393288959
18.501889,18.33862541415006,0.16326358584993983,0.16326358584993983,0.882415767649765
18.501883,18.33862541415006,0.16325758584994077,0.16325758584994077,0.8823836246778688
18.501736,18.33862541415006,0.16311058584994242,0.16311058584994242,0.8815961153540448
18.50171,18.33862541415006,0.16308458584994057,0.16308458584994057,0.8814568266882311
18.501614,18.33862541415006,0.16298858584994136,0.16298858584994136,0.8809425266847554
18.50161,18.33862541415006,0.1629845858499408,0.1629845858499408,0.8809210974021174
18.5016,18.33862541415006,0.16297458584994118,0.16297458584994118,0.8808675241549938
18.501589,18.33862541415006,0.16296358584994053,0.16296358584994053,0.8808085935162637
18.501588,18.33862541415006,0.16296258584994305,0.16296258584994305,0.8808032361820092
18.501535,18.33862541415006,0.16290958584994186,0.16290958584994186,0.8805192966370702
18.501485,18.33862541415006,0.1628595858499402,0.1628595858499402,0.8802514276505911
18.501454,18.33862541415006,0.1628285858499403,0.1628285858499403,0.8800853481518817
18.501414,18.33862541415006,0.16278858584994182,0.16278858584994182,0.8798710512021511
18.501405,18.33862541415006,0.16277958584993968,0.16277958584993968,0.8798228342607487
18.501376,18.33862541415006,0.16275058584994184,0.16275058584994184,0.8796674682416171
18.50131,18.33862541415006,0.1626845858499415,0.1626845858499415,0.879313874796229
18.501282,18.33862541415006,0.16265658584994114,0.16265658584994114,0.8791638646936033
18.501247,18.33862541415006,0.1626215858499407,0.1626215858499407,0.8789763514268079
18.501112,18.33862541415006,0.16248658584994047,0.16248658584994047,0.8782530793233523
4.533176,4.370699558173557,0.16247644182644283,0.16247644182644283,3.584163549415656
18.501085,18.33862541415006,0.16245958584994113,0.16245958584994113,0.8781084236360357
18.501082,18.33862541415006,0.1624565858499416,0.1624565858499416,0.8780923507558288
18.50108,18.33862541415006,0.1624545858499431,0.1624545858499431,0.8780816354994683
18.501069,18.33862541415006,0.16244358584994245,0.16244358584994245,0.8780227015480264
18.500718,18.33862541415006,0.16209258584994046,0.16209258584994046,0.8761421359379908
18.500646,18.33862541415006,0.16202058584994106,0.16202058584994106,0.8757563700698089
4.532666,4.370699558173557,0.1619664418264426,0.1619664418264426,3.573315170870064
18.500575,18.33862541415006,0.16194958584994268,0.16194958584994268,0.8753759591205534
18.500439,18.33862541415006,0.16181358584994143,0.16181358584994143,0.8746472764730978
17.326031,17.4877815469272,-0.16175054692719826,0.16175054692719826,0.9335695343397729
18.500207,18.33862541415006,0.16158158584994098,0.16158158584994098,0.8734042048776406
18.499758,18.33862541415006,0.16113258584994128,0.16113258584994128,0.8709983441354763
18.499664,18.33862541415006,0.16103858584994057,0.16103858584994057,0.8704946524924458
1.295779,1.4559059924058069,-0.16012699240580686,0.16012699240580686,12.357585081518474
1.296322,1.4559059924058069,-0.1595839924058069,0.1595839924058069,12.310521027452777
1.296508,1.4559059924058069,-0.15939799240580688,0.15939799240580688,12.294408703495272
1.296534,1.4559059924058069,-0.1593719924058068,0.1593719924058068,12.292156811430678
1.296566,1.4559059924058069,-0.15933999240580676,0.15933999240580676,12.289385375948264
1.296579,1.4559059924058069,-0.15932699240580694,0.15932699240580694,12.288259519359691
1.29669,1.4559059924058069,-0.15921599240580697,0.15921599240580697,12.278647355461086
1.296741,1.4559059924058069,-0.15916499240580695,0.15916499240580695,12.274231507566485
1.296773,1.4559059924058069,-0.15913299240580692,0.15913299240580692,12.271460956816302
1.296842,1.4559059924058069,-0.15906399240580682,0.15906399240580682,12.265487422025299
1.296849,1.4559059924058069,-0.15905699240580695,0.15905699240580695,12.264881446763816
1.296875,1.4559059924058069,-0.15903099240580687,0.15903099240580687,12.262630738779315
1.297139,1.4559059924058069,-0.15876699240580683,0.15876699240580683,12.239782505465262
1.297206,1.4559059924058069,-0.1586999924058068,0.1586999924058068,12.233985380392381
1.297355,1.4559059924058069,-0.15855099240580683,0.15855099240580683,12.221095412865848
1.297445,1.4559059924058069,-0.1584609924058069,0.1584609924058069,12.213310960664506
1.297513,1.4559059924058069,-0.15839299240580695,0.15839299240580695,12.207430090765914
1.297521,1.4559059924058069,-0.15838499240580695,0.15838499240580695,12.206738264243908
1.297635,1.4559059924058069,-0.15827099240580678,0.15827099240580678,12.196880663176463
1.297728,1.4559059924058069,-0.15817799240580688,0.15817799240580688,12.188840218722108
1.297789,1.4559059924058069,-0.1581169924058068,0.1581169924058068,12.183567004622725
1.297898,1.4559059924058069,-0.15800799240580687,0.15800799240580687,12.174145610335536
1.297967,1.4559059924058069,-0.15793899240580678,0.15793899240580678,12.168182426335845
1.298256,1.4559059924058069,-0.1576499924058068,0.1576499924058068,12.143213079212696
1.298379,1.4559059924058069,-0.15752699240580692,0.15752699240580692,12.132589359014151
1.298513,1.4559059924058069,-0.15739299240580684,0.15739299240580684,12.12101784069053
1.298587,1.4559059924058069,-0.15731899240580693,0.15731899240580693,12.114628622779398
1.298599,1.4559059924058069,-0.1573069924058068,0.1573069924058068,12.113592602003637
1.29868,1.4559059924058069,-0.1572259924058068,0.1572259924058068,12.106599962554302
1.298687,1.4559059924058069,-0.15721899240580695,0.15721899240580695,12.105995701327647
1.298698,1.4559059924058069,-0.15720799240580696,0.15720799240580696,12.105046161132298
1.298788,1.4559059924058069,-0.15711799240580682,0.15711799240580682,12.097277800049703
1.298863,1.4559059924058069,-0.15704299240580677,0.15704299240580677,12.090804988187049
1.299355,1.4559059924058069,-0.15655099240580683,0.15655099240580683,12.048361871371446
39.176139,39.01979190539942,0.1563470946005765,0.1563470946005765,0.3990875532685276
1.299773,1.4559059924058069,-0.1561329924058068,0.1561329924058068,12.012327721363228
1.299875,1.4559059924058069,-0.15603099240580698,0.15603099240580698,12.00353821665956
1.299966,1.4559059924058069,-0.15593999240580692,0.15593999240580692,11.995697763926996
1.300641,1.4559059924058069,-0.15526499240580693,0.15526499240580693,11.937574810717898
1.301688,1.4559059924058069,-0.15421799240580691,0.15421799240580691,11.847538918232278
1.302175,1.4559059924058069,-0.1537309924058068,0.1537309924058068,11.80570909393907
1.302333,1.4559059924058069,-0.1535729924058069,0.1535729924058069,11.79214474285876
1.302887,1.4559059924058069,-0.15301899240580696,0.15301899240580696,11.74460965487125
7.549713,7.396914578703267,0.15279842129673238,0.15279842129673238,2.0238970844945827
1.303133,1.4559059924058069,-0.15277299240580677,0.15277299240580677,11.723514974609902
1.303144,1.4559059924058069,-0.1527619924058068,0.1527619924058068,11.722571902574405
7.54937,7.396914578703267,0.1524554212967324,0.1524554212967324,2.0194456132725374
7.549291,7.396914578703267,0.1523764212967329,0.1523764212967329,2.018420289994312
7.54919,7.396914578703267,0.152275421296733,0.152275421296733,2.017109402395699
1.303642,1.4559059924058069,-0.1522639924058069,0.1522639924058069,11.679893129718666
7.549074,7.396914578703267,0.15215942129673277,0.15215942129673277,2.0156037852419666
17.335651,17.4877815469272,-0.15213054692720007,0.15213054692720007,0.8775588925176363
1.30414,1.4559059924058069,-0.1517659924058068,0.1517659924058068,11.63724695156728
1.304264,1.4559059924058069,-0.15164199240580678,0.15164199240580678,11.62663328851982
1.304309,1.4559059924058069,-0.15159699240580693,0.15159699240580693,11.62278205503329
7.548038,7.396914578703267,0.15112342129673273,0.15112342129673273,2.0021550142531157
7.54773,7.396914578703267,0.1508154212967323,0.1508154212967323,1.9981560190247154
1.305336,1.4559059924058069,-0.15056999240580682,0.15056999240580682,11.534960530796043
1.305641,1.4559059924058069,-0.15026499240580682,0.15026499240580682,11.508905770751523
7.547152,7.396914578703267,0.15023742129673234,0.15023742129673234,1.9906505300905784
1.307297,1.4559059924058069,-0.14860899240580694,0.14860899240580694,11.367653440223553
1.307646,1.4559059924058069,-0.14825999240580678,0.14825999240580678,11.33793032628623
1.307699,1.4559059924058069,-0.14820699240580693,0.14820699240580693,11.333417888556427
4.430121,4.281919046445923,0.14820195355407684,0.14820195355407684,3.345325185265403
28.45031,28.302303993977937,0.14800600602206515,0.14800600602206515,0.5202263385585075
17.339825,17.4877815469272,-0.1479565469271975,0.1479565469271975,0.8532758948048452
1.308368,1.4559059924058069,-0.1475379924058069,0.1475379924058069,11.276490436523241
1.30885,1.4559059924058069,-0.1470559924058068,0.1470559924058068,11.23551150968952
1.309147,1.4559059924058069,-0.1467589924058068,0.1467589924058068,11.210276034287709
1.309751,1.4559059924058069,-0.14615499240580676,0.14615499240580676,11.158990708512363
1.310155,1.4559059924058069,-0.1457509924058069,0.1457509924058069,11.124713670877279
1.310278,1.4559059924058069,-0.14562799240580682,0.14562799240580682,11.11428203745255
17.342656,17.4877815469272,-0.14512554692719704,0.14512554692719704,0.8368126942399147
4.456317,4.3117976335580135,0.14451936644198682,0.14451936644198682,3.2430225775846684
7.540751,7.396914578703267,0.1438364212967329,0.1438364212967329,1.9074548582074313
1.312657,1.4559059924058069,-0.1432489924058069,0.1432489924058069,10.91290355324308
1.312688,1.4559059924058069,-0.1432179924058068,0.1432179924058068,10.910284271273639
1.312719,1.4559059924058069,-0.1431869924058069,0.1431869924058069,10.907665113013467
1.312964,1.4559059924058069,-0.14294199240580685,0.14294199240580685,10.886969665194162
1.3135,1.4559059924058069,-0.14240599240580698,0.14240599240580698,10.841720014843188
1.314379,1.4559059924058069,-0.1415269924058069,0.1415269924058069,10.7675938519285
1.3154,1.4559059924058069,-0.14050599240580697,0.14050599240580697,10.681617180715019
1.315428,1.4559059924058069,-0.14047799240580683,0.14047799240580683,10.679261228674436
1.315955,1.4559059924058069,-0.13995099240580688,0.13995099240580688,10.63493754688967
39.159622,39.01979190539942,0.13983009460057616,0.13983009460057616,0.35707723276853665
1.316514,1.4559059924058069,-0.1393919924058069,0.1393919924058069,10.587961267044555
1.316559,1.4559059924058069,-0.13934699240580684,0.13934699240580684,10.584181369404838
1.316686,1.4559059924058069,-0.13921999240580685,0.13921999240580685,10.573515051822023
1.316879,1.4559059924058069,-0.13902699240580696,0.13902699240580696,10.557309547441312
1.317067,1.4559059924058069,-0.13883899240580688,0.13883899240580688,10.541528441245992
1.317168,1.4559059924058069,-0.13873799240580698,0.13873799240580698,10.533052153960158
1.317267,1.4559059924058069,-0.1386389924058069,0.1386389924058069,10.524744975413652
1.317295,1.4559059924058069,-0.13861099240580677,0.13861099240580677,10.522395696885235
1.317693,1.4559059924058069,-0.13821299240580687,0.13821299240580687,10.489013176462032
9.904495,9.766327137690013,0.138167862309988,0.138167862309988,1.3950015857304485
1.318021,1.4559059924058069,-0.13788499240580676,0.13788499240580676,10.461517107492615
1.318037,1.4559059924058069,-0.13786899240580697,0.13786899240580697,10.460176185899698
7.5345,7.396914578703267,0.13758542129673312,0.13758542129673312,1.8260723511169559
1.318457,1.4559059924058069,-0.13744899240580688,0.13744899240580688,10.424988634091358
1.318521,1.4559059924058069,-0.13738499240580682,0.13738499240580682,10.419628689674807
4.508025,4.370699558173557,0.13732544182644268,0.13732544182644268,3.0462440164683304
1.318739,1.4559059924058069,-0.13716699240580676,0.13716699240580676,10.401375283161062
17.351149,17.4877815469272,-0.13663254692719917,0.13663254692719917,0.7874553260214164
1.319377,1.4559059924058069,-0.13652899240580685,0.13652899240580685,10.347989421936175
7.533287,7.396914578703267,0.13637242129673233,0.13637242129673233,1.8102645139488522
7.532635,7.396914578703267,0.13572042129673267,0.13572042129673267,1.801765534835166
1.320623,1.4559059924058069,-0.13528299240580677,0.13528299240580677,10.24387674571493
17.352602,17.4877815469272,-0.1351795469271977,0.1351795469271977,0.7790160053599954
17.352759,17.4877815469272,-0.13502254692719973,0.13502254692719973,0.7781042019106106
1.321156,1.4559059924058069,-0.13474999240580687,0.13474999240580687,10.199400554938817
1.321291,1.4559059924058069,-0.13461499240580688,0.13461499240580688,10.188141173717124
1.32152,1.4559059924058069,-0.13438599240580684,0.13438599240580684,10.169047187756355
4.504943,4.370699558173557,0.13424344182644266,0.13424344182644266,2.9799143257409195
4.614988,4.481561136501066,0.13342686349893462,0.13342686349893462,2.891163823092139
17.354725,17.4877815469272,-0.13305654692720026,0.13305654692720026,0.7666877287103863
17.355409,17.4877815469272,-0.13237254692719702,0.13237254692719702,0.7627163780838256
17.355479,17.4877815469272,-0.13230254692719967,0.13230254692719967,0.7623099709690374
17.355502,17.4877815469272,-0.13227954692719734,0.13227954692719734,0.7621764379182762
1.323852,1.4559059924058069,-0.13205399240580684,0.13205399240580684,9.974981523299572
17.356734,17.4877815469272,-0.13104754692719922,0.13104754692719922,0.7550242282127745
1.325077,1.4559059924058069,-0.1308289924058068,0.1308289924058068,9.873312448705509
1.325523,1.4559059924058069,-0.13038299240580686,0.13038299240580686,9.836343269484612
17.357441,17.4877815469272,-0.1303405469271972,0.1303405469271972,0.7509202936449347
1.326115,1.4559059924058069,-0.12979099240580694,0.12979099240580694,9.78731048182244
17.358219,17.4877815469272,-0.12956254692720037,0.12956254692720037,0.7464046105562673
17.358441,17.4877815469272,-0.12934054692719954,0.12934054692719954,0.7451161479677492
17.358539,17.4877815469272,-0.12924254692719828,0.12924254692719828,0.744547377670746
17.358564,17.4877815469272,-0.12921754692719745,0.12921754692719745,0.7444022842353379
1.326874,1.4559059924058069,-0.12903199240580676,0.12903199240580676,9.724509817517129
17.359135,17.4877815469272,-0.12864654692720023,0.12864654692720023,0.7410884639497254
17.359182,17.4877815469272,-0.1285995469271981,0.1285995469271981,0.7408157073671864
17.359442,17.4877815469272,-0.1283395469271973,0.1283395469271973,0.7393068678501186
17.359828,17.4877815469272,-0.1279535469271984,0.1279535469271984,0.7370669048475673
17.359948,17.4877815469272,-0.1278335469271994,0.1278335469271994,0.736370563589609
17.360094,17.4877815469272,-0.12768754692719853,0.12768754692719853,0.7355233613738671
1.328668,1.4559059924058069,-0.1272379924058069,0.1272379924058069,9.576357103221463
1.328705,1.4559059924058069,-0.12720099240580685,0.12720099240580685,9.573305767362472
7.523782,7.396914578703267,0.12686742129673245,0.12686742129673245,1.6862187300887537
17.361417,17.4877815469272,-0.12636454692719923,0.12636454692719923,0.7278469662152082
7.523142,7.396914578703267,0.1262274212967327,0.1262274212967327,1.6778550942552306
17.361574,17.4877815469272,-0.1262075469271977,0.1262075469271977,0.7269360884357073
7.522548,7.396914578703267,0.12563342129673227,0.12563342129673227,1.670091321385549
9.891942,9.766327137690013,0.12561486230998753,0.12561486230998753,1.2698705907163392
7.522518,7.396914578703267,0.12560342129673252,0.12560342129673252,1.669699179118785
7.52175,7.396914578703267,0.12483542129673264,0.12483542129673264,1.659659272045375
7.521299,7.396914578703267,0.12438442129673266,0.12438442129673266,1.6537624856434892
1.331551,1.4559059924058069,-0.12435499240580694,0.12435499240580694,9.339108482999738
7.521243,7.396914578703267,0.12432842129673283,0.12432842129673283,1.6530302410795634
1.331686,1.4559059924058069,-0.12421999240580694,0.12421999240580694,9.328024203639517
7.520497,7.396914578703267,0.12358242129673247,0.12358242129673247,1.643274657181423
1.333143,1.4559059924058069,-0.1227629924058069,0.1227629924058069,9.208538948679802
1.333598,1.4559059924058069,-0.12230799240580681,0.12230799240580681,9.171278930879884
7.519171,7.396914578703267,0.12225642129673275,0.12225642129673275,1.625929524612578
7.517356,7.396914578703267,0.12044142129673308,0.12044142129673308,1.602177963836366
1.336078,1.4559059924058069,-0.11982799240580677,0.11982799240580677,8.968637489490742
7.51635,7.396914578703267,0.11943542129673279,0.11943542129673279,1.5890082459590598
7.516309,7.396914578703267,0.11939442129673239,0.11939442129673239,1.5884714331880705
0.086685,-0.032658523579817356,0.11934352357981735,0.11934352357981735,137.6749419647487
7.51535,7.396914578703267,0.11843542129673246,0.11843542129673246,1.575913580806703
1.337924,1.4559059924058069,-0.11798199240580698,0.11798199240580698,8.818288063969904
17.370839,17.4877815469272,-0.11694254692719852,0.11694254692719852,0.6732118519233603
7.51171,7.396914578703267,0.11479542129673259,0.11479542129673259,1.5282195571341861
7.511472,7.396914578703267,0.11455742129673308,0.11455742129673308,1.52509949175352
7.510499,7.396914578703267,0.11358442129673296,0.11358442129673296,1.512341873625449
7.508552,7.396914578703267,0.1116374212967326,0.1116374212967326,1.4868035980205743
7.50844,7.396914578703267,0.11152542129673293,0.11152542129673293,1.485334121272163
7.507828,7.396914578703267,0.11091342129673265,0.11091342129673265,1.4773037061485073
4.422597,4.3117976335580135,0.11079936644198618,0.11079936644198618,2.50530099033398
7.506267,7.396914578703267,0.10935242129673295,0.10935242129673295,1.4568149693486274
0.060281,-0.048728209849022264,0.10900920984902226,0.10900920984902226,180.83510503838215
7.322595,7.214969997849847,0.10762500215015258,0.10762500215015258,1.4697658705511203
0.058662,-0.048728209849022264,0.10739020984902226,0.10739020984902226,183.06605582141114
7.322309,7.214969997849847,0.10733900215015257,0.10733900215015257,1.4659174059533224
7.322255,7.214969997849847,0.10728500215015302,0.10728500215015302,1.4651907390371932
7.322243,7.214969997849847,0.10727300215015312,0.10727300215015312,1.4650292560447404
7.322237,7.214969997849847,0.10726700215015317,0.10726700215015317,1.46494851435003
7.322155,7.214969997849847,0.10718500215015325,0.10718500215015325,1.463845031260461
7.32212,7.214969997849847,0.1071500021501528,0.1071500021501528,1.463374024854679
7.322098,7.214969997849847,0.10712800215015328,0.10712800215015328,1.463077961380607
7.322038,7.214969997849847,0.10706800215015289,0.10706800215015289,1.462270506499565
7.321993,7.214969997849847,0.10702300215015281,0.10702300215015281,1.4616649066543923
7.503898,7.396914578703267,0.1069834212967331,0.1069834212967331,1.4257046310505206
7.32192,7.214969997849847,0.10695000215015327,0.10695000215015327,1.4606824732951547
7.321899,7.214969997849847,0.106929002150153,0.106929002150153,1.460399851851174
7.32186,7.214969997849847,0.10689000215015287,0.10689000215015287,1.4598749791541084
7.321754,7.214969997849847,0.10678400215015316,0.10678400215015316,1.4584483738281113
7.321745,7.214969997849847,0.10677500215015279,0.10677500215015279,1.4583272450583087
7.321744,7.214969997849847,0.10677400215015265,0.10677400215015265,1.4583137862877251
7.321731,7.214969997849847,0.1067610021501526,0.1067610021501526,1.4581388219356115
7.321725,7.214969997849847,0.10675500215015266,0.10675500215015266,1.458058068948159
7.321709,7.214969997849847,0.10673900215015308,0.10673900215015308,1.4578427270012402
7.3217,7.214969997849847,0.10673000215015271,0.10673000215015271,1.4577215967424915
7.3217,7.214969997849847,0.10673000215015271,0.10673000215015271,1.4577215967424915
7.321682,7.214969997849847,0.10671200215015286,0.10671200215015286,1.457479335331627
7.321653,7.214969997849847,0.10668300215015325,0.10668300215015325,1.4570890227752689
7.321643,7.214969997849847,0.10667300215015274,0.10667300215015274,1.4569544315216651
7.321631,7.214969997849847,0.10666100215015284,0.10666100215015284,1.4567929215320472
7.503572,7.396914578703267,0.10665742129673284,0.10665742129673284,1.4214219746983359
7.321549,7.214969997849847,0.10657900215015292,0.10657900215015292,1.4556892557667405
7.321412,7.214969997849847,0.10644200215015243,0.10644200215015243,1.4538452712222532
7.321405,7.214969997849847,0.10643500215015322,0.10643500215015322,1.4537510511807428
7.321336,7.214969997849847,0.10636600215015246,0.10636600215015246,1.4528223011305539
7.321336,7.214969997849847,0.10636600215015246,0.10636600215015246,1.4528223011305539
7.321334,7.214969997849847,0.10636400215015307,0.10636400215015307,1.452795380578188
7.321264,7.214969997849847,0.10629400215015306,0.10629400215015306,1.4518531519789644
7.321258,7.214969997849847,0.1062880021501531,0.1062880021501531,1.4517723886892298
7.321221,7.214969997849847,0.10625100215015326,0.10625100215015326,1.451274345477373
7.321193,7.214969997849847,0.1062230021501529,0.1062230021501529,1.4508974445654144
7.321166,7.214969997849847,0.10619600215015268,0.10619600215015268,1.450534001669982
7.321117,7.214969997849847,0.10614700215015294,0.10614700215015294,1.449874413271951
7.321082,7.214969997849847,0.10611200215015248,0.10611200215015248,1.4494032732962572
7.321072,7.214969997849847,0.10610200215015286,0.10610200215015286,1.449268661047229
7.320865,7.214969997849847,0.10589500215015324,0.10589500215015324,1.4464821048975327
7.320801,7.214969997849847,0.10583100215015318,0.10583100215015318,1.4456205290747222
7.320738,7.214969997849847,0.10576800215015325,0.10576800215015325,1.4447724006610874
7.320695,7.214969997849847,0.10572500215015257,0.10572500215015257,1.4441935109809707
7.502539,7.396914578703267,0.10562442129673233,0.10562442129673233,1.4078490134516393
7.502476,7.396914578703267,0.1055614212967324,0.1055614212967324,1.4070211127009988
7.320529,7.214969997849847,0.10555900215015246,0.10555900215015246,1.441958663762011
7.319984,7.214969997849847,0.10501400215015266,0.10501400215015266,1.4346206514757143
0.055356,-0.048728209849022264,0.10408420984902227,0.10408420984902227,188.02697026699056
0.055027,-0.048728209849022264,0.10375520984902226,0.10375520984902226,188.5532732303578
7.318716,7.214969997849847,0.10374600215015306,0.10374600215015306,1.417543762440509
0.05499,-0.048728209849022264,0.10371820984902226,0.10371820984902226,188.61285626551992
0.054989,-0.048728209849022264,0.10371720984902227,0.10371720984902227,188.61446773065123
0.054924,-0.048728209849022264,0.10365220984902226,0.10365220984902226,188.71933883239188
0.054898,-0.048728209849022264,0.10362620984902227,0.10362620984902227,188.76135680764492
0.054877,-0.048728209849022264,0.10360520984902227,0.10360520984902227,188.79532346926206
0.054707,-0.048728209849022264,0.10343520984902227,0.10343520984902227,189.07125168616633
0.054705,-0.048728209849022264,0.10343320984902227,0.10343320984902227,189.0745081070245
0.054699,-0.048728209849022264,0.10342720984902226,0.10342720984902226,189.08427879840212
0.054689,-0.048728209849022264,0.10341720984902227,0.10341720984902227,189.10056804827607
0.054685,-0.048728209849022264,0.10341320984902226,0.10341320984902226,189.10708541632107
0.054654,-0.048728209849022264,0.10338220984902227,0.10338220984902227,189.15762736462955
0.054654,-0.048728209849022264,0.10338220984902227,0.10338220984902227,189.15762736462955
0.054643,-0.048728209849022264,0.10337120984902226,0.10337120984902226,189.17557538906482
0.054636,-0.048728209849022264,0.10336420984902225,0.10336420984902225,189.18700062199878
0.054619,-0.048728209849022264,0.10334720984902226,0.10334720984902226,189.21475980850528
0.054615,-0.048728209849022264,0.10334320984902226,0.10334320984902226,189.22129389325454
0.054608,-0.048728209849022264,0.10333620984902225,0.10333620984902225,189.23273084491197
0.054601,-0.048728209849022264,0.10332920984902226,0.10332920984902226,189.2441707290674
0.054595,-0.048728209849022264,0.10332320984902227,0.10332320984902227,189.25397867894182
0.054594,-0.048728209849022264,0.10332220984902227,0.10332220984902227,189.25561354684882
0.054583,-0.048728209849022264,0.10331120984902226,0.10331120984902226,189.27360104748485
0.054581,-0.048728209849022264,0.10330920984902225,0.10330920984902225,189.2768722810967
0.05458,-0.048728209849022264,0.10330820984902225,0.10330820984902225,189.2785079878046
0.054575,-0.048728209849022264,0.10330320984902226,0.10330320984902226,189.28668742049578
0.054574,-0.048728209849022264,0.10330220984902226,0.10330220984902226,189.28832348688744
0.054573,-0.048728209849022264,0.10330120984902227,0.10330120984902227,189.28995961323787
0.054568,-0.048728209849022264,0.10329620984902227,0.10329620984902227,189.29814114448783
0.054565,-0.048728209849022264,0.10329320984902227,0.10329320984902227,189.30305078295467
0.054564,-0.048728209849022264,0.10329220984902227,0.10329220984902227,189.30468744908288
0.054563,-0.048728209849022264,0.10329120984902226,0.10329120984902226,189.30632417520286
0.054561,-0.048728209849022264,0.10328920984902226,0.10328920984902226,189.30959780743143
0.054559,-0.048728209849022264,0.10328720984902226,0.10328720984902226,189.31287167966676
0.054553,-0.048728209849022264,0.10328120984902225,0.10328120984902225,189.32269473667728
0.054548,-0.048728209849022264,0.10327620984902226,0.10327620984902226,189.33088226826166
0.054543,-0.048728209849022264,0.10327120984902227,0.10327120984902227,189.33907130096105
0.054543,-0.048728209849022264,0.10327120984902227,0.10327120984902227,189.33907130096105
0.05454,-0.048728209849022264,0.10326820984902227,0.10326820984902227,189.34398544128766
0.054527,-0.048728209849022264,0.10325520984902226,0.10325520984902226,189.3652862979019
0.054519,-0.048728209849022264,0.10324720984902226,0.10324720984902226,189.37839956647016
0.054508,-0.048728209849022264,0.10323620984902226,0.10323620984902226,189.39643659577646
0.054502,-0.048728209849022264,0.10323020984902226,0.10323020984902226,189.4062780441378
0.054494,-0.048728209849022264,0.10322220984902226,0.10322220984902226,189.4194033464287
0.054476,-0.048728209849022264,0.10320420984902226,0.10320420984902226,189.44894937141734
0.054464,-0.048728209849022264,0.10319220984902226,0.10319220984902226,189.46865757115455
0.054455,-0.048728209849022264,0.10318320984902227,0.10318320984902227,189.4834444211529
0.054447,-0.048728209849022264,0.10317520984902226,0.10317520984902226,189.4965923917308
0.054446,-0.048728209849022264,0.10317420984902226,0.10317420984902226,189.49823615972525
0.054428,-0.048728209849022264,0.10315620984902227,0.10315620984902227,189.52783431229227
0.054156,-0.048728209849022264,0.10288420984902227,0.10288420984902227,189.97749032248464
0.05413,-0.048728209849022264,0.10285820984902226,0.10285820984902226,190.02070877332636
0.054119,-0.048728209849022264,0.10284720984902226,0.10284720984902226,190.03900600340592
0.054111,-0.048728209849022264,0.10283920984902226,0.10283920984902226,190.05231775234228
0.054088,-0.048728209849022264,0.10281620984902226,0.10281620984902226,190.09061096533733
0.054087,-0.048728209849022264,0.10281520984902226,0.10281520984902226,190.09227662641666
0.054085,-0.048728209849022264,0.10281320984902226,0.10281320984902226,190.09560813335796
0.054085,-0.048728209849022264,0.10281320984902226,0.10281320984902226,190.09560813335796
0.054081,-0.048728209849022264,0.10280920984902225,0.10280920984902225,190.10227188646658
0.054077,-0.048728209849022264,0.10280520984902226,0.10280520984902226,190.10893662539218
0.054072,-0.048728209849022264,0.10280020984902227,0.10280020984902227,190.11726893568758
0.054067,-0.048728209849022264,0.10279520984902227,0.10279520984902227,190.1256027870913
0.054043,-0.048728209849022264,0.10277120984902227,0.10277120984902227,190.165626739553
0.054025,-0.048728209849022264,0.10275320984902225,0.10275320984902225,190.1956680404009
0.054025,-0.048728209849022264,0.10275320984902225,0.10275320984902225,190.1956680404009
0.054007,-0.048728209849022264,0.10273520984902226,0.10273520984902226,190.22572936618684
0.054002,-0.048728209849022264,0.10273020984902226,0.10273020984902226,190.2340832909673
0.053999,-0.048728209849022264,0.10272720984902226,0.10272720984902226,190.23909638842045
0.053993,-0.048728209849022264,0.10272120984902226,0.10272120984902226,190.24912425457586
0.053991,-0.048728209849022264,0.10271920984902226,0.10271920984902226,190.25246737191347
0.053979,-0.048728209849022264,0.10270720984902226,0.10270720984902226,190.272531278367
0.053979,-0.048728209849022264,0.10270720984902226,0.10270720984902226,190.272531278367
0.053974,-0.048728209849022264,0.10270220984902226,0.10270220984902226,190.2808938724967
0.053965,-0.048728209849022264,0.10269320984902226,0.10269320984902226,190.2959504470051
0.053953,-0.048728209849022264,0.10268120984902226,0.10268120984902226,190.31603369359672
0.053942,-0.048728209849022264,0.10267020984902225,0.10267020984902225,190.33445118588077
0.053941,-0.048728209849022264,0.10266920984902227,0.10266920984902227,190.33612587583866
0.053939,-0.048728209849022264,0.10266720984902226,0.10266720984902226,190.33947544204153
0.053937,-0.048728209849022264,0.10266520984902226,0.10266520984902226,190.34282525665023
0.053934,-0.048728209849022264,0.10266220984902227,0.10266220984902227,190.34785044438465
0.053903,-0.048728209849022264,0.10263120984902227,0.10263120984902227,190.39981013788184
17.385935,17.4877815469272,-0.10184654692719874,0.10184654692719874,0.5857985027932807
7.498665,7.396914578703267,0.10175042129673262,0.10175042129673262,1.356913814597341
0.068613,-0.032658523579817356,0.10127152357981735,0.10127152357981735,147.59815695599846
17.386848,17.4877815469272,-0.10093354692719814,0.10093354692719814,0.5805166464135284
7.49782,7.396914578703267,0.10090542129673263,0.10090542129673263,1.3457967955403949
17.387173,17.4877815469272,-0.100608546927198,0.100608546927198,0.5786366013993153
7.497384,7.396914578703267,0.10046942129673297,0.10046942129673297,1.3400596967608025
7.497249,7.396914578703267,0.10033442129673276,0.10033442129673276,1.3382831662039565
17.387587,17.4877815469272,-0.10019454692719876,0.10019454692719876,0.5762418150754474
17.387604,17.4877815469272,-0.10017754692719905,0.10017754692719905,0.5761434808765078
0.067467,-0.032658523579817356,0.10012552357981735,0.10012552357981735,148.40666315592912
17.387959,17.4877815469272,-0.09982254692720005,0.09982254692720005,0.5740900753597704
17.388186,17.4877815469272,-0.09959554692719763,0.09959554692719763,0.5727770966254033
17.388311,17.4877815469272,-0.09947054692719703,0.09947054692719703,0.5720541053505713
0.06667,-0.032658523579817356,0.09932852357981735,0.09932852357981735,148.98533587945408
0.066602,-0.032658523579817356,0.09926052357981735,0.09926052357981735,149.03534943512508
0.066562,-0.032658523579817356,0.09922052357981735,0.09922052357981735,149.06481690867543
17.388661,17.4877815469272,-0.09912054692719963,0.09912054692719963,0.5700297850802291
0.06636,-0.032658523579817356,0.09901852357981736,0.09901852357981736,149.2141703294201
0.066359,-0.032658523579817356,0.09901752357981736,0.09901752357981736,149.2149119646204
0.066339,-0.032658523579817356,0.09899752357981735,0.09899752357981735,149.2297493640055
0.066321,-0.032658523579817356,0.09897952357981736,0.09897952357981736,149.24311067470975
0.06632,-0.032658523579817356,0.09897852357981736,0.09897852357981736,149.24385318240877
0.066318,-0.032658523579817356,0.09897652357981736,0.09897652357981736,149.2453382649839
0.066313,-0.032658523579817356,0.09897152357981735,0.09897152357981735,149.24905136333498
0.06631,-0.032658523579817356,0.09896852357981735,0.09896852357981735,149.25127949112667
0.066289,-0.032658523579817356,0.09894752357981736,0.09894752357981736,149.26688203254005
0.066288,-0.032658523579817356,0.09894652357981736,0.09894652357981736,149.267625257286
0.066284,-0.032658523579817356,0.09894252357981735,0.09894252357981735,149.27059838052438
0.066283,-0.032658523579817356,0.09894152357981735,0.09894152357981735,149.2713417174027
17.388843,17.4877815469272,-0.09893854692719728,0.09893854692719728,0.5689771707446454
0.066274,-0.032658523579817356,0.09893252357981736,0.09893252357981736,149.2780327587581
0.06627,-0.032658523579817356,0.09892852357981735,0.09892852357981735,149.2810071382773
0.066265,-0.032658523579817356,0.09892352357981736,0.09892352357981736,149.28472561764528
0.066263,-0.032658523579817356,0.09892152357981736,0.09892152357981736,149.28621316651999
0.066258,-0.032658523579817356,0.09891652357981735,0.09891652357981735,149.28993243159684
0.066258,-0.032658523579817356,0.09891652357981735,0.09891652357981735,149.28993243159684
0.066249,-0.032658523579817356,0.09890752357981736,0.09890752357981736,149.2966285234807
0.066248,-0.032658523579817356,0.09890652357981736,0.09890652357981736,149.29737264599686
0.066247,-0.032658523579817356,0.09890552357981736,0.09890552357981736,149.2981167909781
0.066236,-0.032658523579817356,0.09889452357981736,0.09889452357981736,149.30630386875876
0.066232,-0.032658523579817356,0.09889052357981735,0.09889052357981735,149.30928166219965
0.066228,-0.032658523579817356,0.09888652357981735,0.09888652357981735,149.31225981534263
0.066214,-0.032658523579817356,0.09887252357981735,0.09887252357981735,149.32268618493777
0.06621,-0.032658523579817356,0.09886852357981736,0.09886852357981736,149.32566595754676
0.066204,-0.032658523579817356,0.09886252357981735,0.09886252357981735,149.3301362915945
0.066171,-0.032658523579817356,0.09882952357981735,0.09882952357981735,149.3547376198979
0.06616,-0.032658523579817356,0.09881852357981735,0.09881852357981735,149.36294351640635
0.066154,-0.032658523579817356,0.09881252357981736,0.09881252357981736,149.3674206101671
0.066143,-0.032658523579817356,0.09880152357981735,0.09880152357981735,149.37563072500754
0.066115,-0.032658523579817356,0.09877352357981735,0.09877352357981735,149.39654152676522
0.066114,-0.032658523579817356,0.09877252357981736,0.09877252357981736,149.39728866869356
0.066112,-0.032658523579817356,0.09877052357981736,0.09877052357981736,149.39878302035726
0.066106,-0.032658523579817356,0.09876452357981735,0.09876452357981735,149.4032666178775
0.066103,-0.032658523579817356,0.09876152357981735,0.09876152357981735,149.4055087218611
0.066096,-0.032658523579817356,0.09875452357981736,0.09875452357981736,149.41074108933464
0.066083,-0.032658523579817356,0.09874152357981736,0.09874152357981736,149.42046128413799
0.066076,-0.032658523579817356,0.09873452357981735,0.09873452357981735,149.42569681940745
0.066068,-0.032658523579817356,0.09872652357981736,0.09872652357981736,149.4316816467665
0.066033,-0.032658523579817356,0.09869152357981735,0.09869152357981735,149.45788231696196
0.066016,-0.032658523579817356,0.09867452357981736,0.09867452357981736,149.47061838091787
0.066003,-0.032658523579817356,0.09866152357981736,0.09866152357981736,149.48036215071588
0.065999,-0.032658523579817356,0.09865752357981736,0.09865752357981736,149.48336100597587
0.065996,-0.032658523579817356,0.09865452357981735,0.09865452357981735,149.4856103859806
0.065991,-0.032658523579817356,0.09864952357981735,0.09864952357981735,149.48935980713736
0.065979,-0.032658523579817356,0.09863752357981735,0.09863752357981735,149.49836073647523
0.065971,-0.032658523579817356,0.09862952357981736,0.09862952357981736,149.50436317520274
0.06597,-0.032658523579817356,0.09862852357981736,0.09862852357981736,149.5051135824045
0.065941,-0.032658523579817356,0.09859952357981736,0.09859952357981736,149.52688529183737
0.065923,-0.032658523579817356,0.09858152357981735,0.09858152357981735,149.54040840113004
0.065914,-0.032658523579817356,0.09857252357981736,0.09857252357981736,149.54717272547592
0.065898,-0.032658523579817356,0.09855652357981735,0.09855652357981735,149.55920275313085
0.06589,-0.032658523579817356,0.09854852357981736,0.09854852357981736,149.56521995788762
7.495207,7.396914578703267,0.09829242129673244,0.09829242129673244,1.3114036916581628
0.065506,-0.032658523579817356,0.09816452357981735,0.09816452357981735,149.85577417329955
0.065432,-0.032658523579817356,0.09809052357981736,0.09809052357981736,149.91215831688655
0.065383,-0.032658523579817356,0.09804152357981735,0.09804152357981735,149.94956399961427
0.06537,-0.032658523579817356,0.09802852357981735,0.09802852357981735,149.95949736860618
0.065369,-0.032658523579817356,0.09802752357981735,0.09802752357981735,149.9602616375608
0.065365,-0.032658523579817356,0.09802352357981736,0.09802352357981736,149.96331894722564
0.065349,-0.032658523579817356,0.09800752357981736,0.09800752357981736,149.97555192863211
0.065343,-0.032658523579817356,0.09800152357981735,0.09800152357981735,149.980140841157
0.065342,-0.032658523579817356,0.09800052357981735,0.09800052357981735,149.98090574184516
0.065342,-0.032658523579817356,0.09800052357981735,0.09800052357981735,149.98090574184516
0.065325,-0.032658523579817356,0.09798352357981735,0.09798352357981735,149.99391263654567
0.065321,-0.032658523579817356,0.09797952357981736,0.09797952357981736,149.996974066258
0.065317,-0.032658523579817356,0.09797552357981736,0.09797552357981736,150.00003587093303
0.065315,-0.032658523579817356,0.09797352357981735,0.09797352357981735,150.00156691390308
0.065314,-0.032658523579817356,0.09797252357981735,0.09797252357981735,150.00233247055002
0.065311,-0.032658523579817356,0.09796952357981735,0.09796952357981735,150.00462928115132
0.065309,-0.032658523579817356,0.09796752357981736,0.09796752357981736,150.00616060544672
0.065309,-0.032658523579817356,0.09796752357981736,0.09796752357981736,150.00616060544672
0.065305,-0.032658523579817356,0.09796352357981736,0.09796352357981736,150.00922353542322
0.065301,-0.032658523579817356,0.09795952357981735,0.09795952357981735,150.0122868406381
0.0653,-0.032658523579817356,0.09795852357981735,0.09795852357981735,150.01305272558088
0.065299,-0.032658523579817356,0.09795752357981735,0.09795752357981735,150.01381863398143
0.065298,-0.032658523579817356,0.09795652357981735,0.09795652357981735,150.0145845658409
0.065297,-0.032658523579817356,0.09795552357981735,0.09795552357981735,150.01535052116026
0.065295,-0.032658523579817356,0.09795352357981736,0.09795352357981736,150.01688250218314
0.065295,-0.032658523579817356,0.09795352357981736,0.09795352357981736,150.01688250218314
0.065292,-0.032658523579817356,0.09795052357981736,0.09795052357981736,150.01918064969396
0.065291,-0.032658523579817356,0.09794952357981736,0.09794952357981736,150.0199467457956
0.065289,-0.032658523579817356,0.09794752357981736,0.09794752357981736,150.02147900840245
0.065286,-0.032658523579817356,0.09794452357981735,0.09794452357981735,150.02377757833776
0.065284,-0.032658523579817356,0.09794252357981735,0.09794252357981735,150.02531007565722
0.065279,-0.032658523579817356,0.09793752357981736,0.09793752357981736,150.02914172978788
0.065273,-0.032658523579817356,0.09793152357981735,0.09793152357981735,150.03374048961075
0.065264,-0.032658523579817356,0.09792252357981736,0.09792252357981736,150.04064021478413
7.494155,7.396914578703267,0.09724042129673283,0.09724042129673283,1.2975501747086267
17.390549,17.4877815469272,-0.09723254692719863,0.09723254692719863,0.5591114284352928
17.390623,17.4877815469272,-0.09715854692719716,0.09715854692719716,0.5586835326522718
7.493989,7.396914578703267,0.09707442129673272,0.09707442129673272,1.2953638081859655
7.49398,7.396914578703267,0.09706542129673235,0.09706542129673235,1.2952452674738537
17.391131,17.4877815469272,-0.09665054692719721,0.09665054692719721,0.5557461842282797
7.493403,7.396914578703267,0.09648842129673252,0.09648842129673252,1.2876448963901297
17.391325,17.4877815469272,-0.09645654692720029,0.09645654692720029,0.5546244862116354
7.492815,7.396914578703267,0.09590042129673293,0.09590042129673293,1.2798984266320872
7.492154,7.396914578703267,0.0952394212967329,0.0952394212967329,1.2711887835656035
7.491459,7.396914578703267,0.09454442129673257,0.09454442129673257,1.2620294831149788
17.39325,17.4877815469272,-0.09453154692720034,0.09453154692720034,0.5434955912590048
28.396831,28.302303993977937,0.09452700602206221,0.09452700602206221,0.3328787146063212
7.491405,7.396914578703267,0.09449042129673302,0.09449042129673302,1.261317754085805
17.394328,17.4877815469272,-0.0934535469271971,0.0934535469271971,0.5372644860247537
7.48872,7.396914578703267,0.09180542129673253,0.09180542129673253,1.2259160616968803
0.076995,-0.014615420173448967,0.09161042017344896,0.09161042017344896,118.98229762252961
0.076468,-0.014615420173448967,0.09108342017344896,0.09108342017344896,119.11311928432266
0.07627,-0.014615420173448967,0.09088542017344897,0.09088542017344897,119.16273771376194
0.076072,-0.014615420173448967,0.09068742017344897,0.09068742017344897,119.21261443663418
0.16563,0.2559815905420013,-0.09035159054200131,0.09035159054200131,54.55025689032848
0.165634,0.2559815905420013,-0.09034759054200131,0.09034759054200131,54.54652455863819
0.165646,0.2559815905420013,-0.09033559054200133,0.09033559054200133,54.53532864510221
0.165663,0.2559815905420013,-0.09031859054200131,0.09031859054200131,54.51947054410571
0.165667,0.2559815905420013,-0.0903145905420013,0.0903145905420013,54.515739699207174
0.165667,0.2559815905420013,-0.0903145905420013,0.0903145905420013,54.515739699207174
0.165675,0.2559815905420013,-0.09030659054200132,0.09030659054200132,54.50827854986754
0.165677,0.2559815905420013,-0.09030459054200132,0.09030459054200132,54.5064133751184
0.165679,0.2559815905420013,-0.09030259054200132,0.09030259054200132,54.50454824540031
0.165683,0.2559815905420013,-0.09029859054200132,0.09029859054200132,54.50081812105074
0.165689,0.2559815905420013,-0.09029259054200131,0.09029259054200131,54.49522327221848
0.165695,0.2559815905420013,-0.0902865905420013,0.0902865905420013,54.48962882857761
0.165698,0.2559815905420013,-0.0902835905420013,0.0902835905420013,54.48683175869018
0.165702,0.2559815905420013,-0.09027959054200133,0.09027959054200133,54.483102489721446
0.165724,0.2559815905420013,-0.0902575905420013,0.0902575905420013,54.46259472830653
0.165734,0.2559815905420013,-0.09024759054200132,0.09024759054200132,54.453274818412666
0.165738,0.2559815905420013,-0.09024359054200132,0.09024359054200132,54.44954716935872
0.16574,0.2559815905420013,-0.09024159054200132,0.09024159054200132,54.44768341230459
0.165753,0.2559815905420013,-0.0902285905420013,0.0902285905420013,54.43557008776053
0.165753,0.2559815905420013,-0.0902285905420013,0.0902285905420013,54.43557008776053
0.165759,0.2559815905420013,-0.09022259054200132,0.09022259054200132,54.42997996342361
0.075607,-0.014615420173448967,0.09022242017344896,0.09022242017344896,119.33077632245453
0.165763,0.2559815905420013,-0.09021859054200132,0.09021859054200132,54.426253438689606
0.165763,0.2559815905420013,-0.09021859054200132,0.09021859054200132,54.426253438689606
0.165767,0.2559815905420013,-0.09021459054200132,0.09021459054200132,54.4225270937996
0.165771,0.2559815905420013,-0.09021059054200131,0.09021059054200131,54.41880092874055
0.165775,0.2559815905420013,-0.09020659054200131,0.09020659054200131,54.415074943499455
0.165777,0.2559815905420013,-0.0902045905420013,0.0902045905420013,54.41321201830657
0.165786,0.2559815905420013,-0.09019559054200132,0.09019559054200132,54.4048294111665
0.165788,0.2559815905420013,-0.09019359054200132,0.09019359054200132,54.402966733176314
0.165788,0.2559815905420013,-0.09019359054200132,0.09019359054200132,54.402966733176314
0.165788,0.2559815905420013,-0.09019359054200132,0.09019359054200132,54.402966733176314
0.16579,0.2559815905420013,-0.09019159054200132,0.09019159054200132,54.401104100126794
0.165792,0.2559815905420013,-0.09018959054200132,0.09018959054200132,54.3992415120163
0.165794,0.2559815905420013,-0.09018759054200132,0.09018759054200132,54.39737896884323
0.165806,0.2559815905420013,-0.0901755905420013,0.0901755905420013,54.386204653399204
0.165808,0.2559815905420013,-0.0901735905420013,0.0901735905420013,54.384342424742435
0.165816,0.2559815905420013,-0.09016559054200132,0.09016559054200132,54.37689395934314
0.165818,0.2559815905420013,-0.09016359054200132,0.09016359054200132,54.375031955292116
0.16582,0.2559815905420013,-0.09016159054200132,0.09016159054200132,54.373169996157365
0.16582,0.2559815905420013,-0.09016159054200132,0.09016159054200132,54.373169996157365
0.165831,0.2559815905420013,-0.09015059054200131,0.09015059054200131,54.362930023721965
0.165837,0.2559815905420013,-0.0901445905420013,0.0901445905420013,54.3573451567768
0.165839,0.2559815905420013,-0.09014259054200133,0.09014259054200133,54.35548362426561
0.165841,0.2559815905420013,-0.09014059054200133,0.09014059054200133,54.3536221366536
0.165841,0.2559815905420013,-0.09014059054200133,0.09014059054200133,54.3536221366536
0.165849,0.2559815905420013,-0.09013259054200132,0.09013259054200132,54.3461766351652
0.165851,0.2559815905420013,-0.09013059054200132,0.09013059054200132,54.34431537202489
0.165853,0.2559815905420013,-0.09012859054200131,0.09012859054200131,54.342454153774035
0.165882,0.2559815905420013,-0.09009959054200131,0.09009959054200131,54.315471532586926
0.165894,0.2559815905420013,-0.0900875905420013,0.0900875905420013,54.30430906946422
0.165905,0.2559815905420013,-0.09007659054200132,0.09007659054200132,54.294078230136066
0.165917,0.2559815905420013,-0.0900645905420013,0.0900645905420013,54.28291886167082
0.165919,0.2559815905420013,-0.0900625905420013,0.0900625905420013,54.28105912386179
0.165923,0.2559815905420013,-0.09005859054200133,0.09005859054200133,54.277339782745
0.165929,0.2559815905420013,-0.09005259054200132,0.09005259054200132,54.271761107298644
0.165954,0.2559815905420013,-0.09002759054200132,0.09002759054200132,54.248520968312185
0.075348,-0.014615420173448967,0.08996342017344897,0.08996342017344897,119.3972236211336
0.075311,-0.014615420173448967,0.08992642017344897,0.08992642017344897,119.40675340128564
0.075123,-0.014615420173448967,0.08973842017344896,0.08973842017344896,119.45532001383552
0.166246,0.2559815905420013,-0.08973559054200131,0.08973559054200131,53.9775937394125
0.074994,-0.014615420173448967,0.08960942017344897,0.08960942017344897,119.4887858414809
0.074977,-0.014615420173448967,0.08959242017344897,0.08959242017344897,119.49320465470178
0.166474,0.2559815905420013,-0.0895075905420013,0.0895075905420013,53.766708608091704
0.074847,-0.014615420173448967,0.08946242017344896,0.08946242017344896,119.52706194493021
0.074833,-0.014615420173448967,0.08944842017344896,0.08944842017344896,119.53071513091584
0.074808,-0.014615420173448967,0.08942342017344897,0.08942342017344897,119.53724207826934
0.074793,-0.014615420173448967,0.08940842017344897,0.08940842017344897,119.54116034108515
0.074732,-0.014615420173448967,0.08934742017344897,0.08934742017344897,119.55711081449962
0.166636,0.2559815905420013,-0.08934559054200131,0.08934559054200131,53.61721986148497
0.166658,0.2559815905420013,-0.08932359054200131,0.08932359054200131,53.596941333991985
0.074681,-0.014615420173448967,0.08929642017344896,0.08929642017344896,119.57046645583014
0.166693,0.2559815905420013,-0.0892885905420013,0.0892885905420013,53.5646910718726
0.166699,0.2559815905420013,-0.0892825905420013,0.0892825905420013,53.5591638152851
0.166726,0.2559815905420013,-0.0892555905420013,0.0892555905420013,53.534296083674406
0.166732,0.2559815905420013,-0.08924959054200132,0.08924959054200132,53.52877101484571
0.166738,0.2559815905420013,-0.08924359054200132,0.08924359054200132,53.523246343651756
0.16675,0.2559815905420013,-0.0892315905420013,0.0892315905420013,53.51219819399646
0.074614,-0.014615420173448967,0.08922942017344897,0.08922942017344897,119.58803985024385
0.166754,0.2559815905420013,-0.0892275905420013,0.0892275905420013,53.50851583080033
0.074612,-0.014615420173448967,0.08922742017344897,0.08922742017344897,119.58856491430387
0.074609,-0.014615420173448967,0.08922442017344896,0.08922442017344896,119.58935256317551
0.166758,0.2559815905420013,-0.08922359054200132,0.08922359054200132,53.50483364426084
0.16676,0.2559815905420013,-0.08922159054200132,0.08922159054200132,53.502992617233346
0.166762,0.2559815905420013,-0.08921959054200132,0.08921959054200132,53.50115163436524
0.074604,-0.014615420173448967,0.08921942017344897,0.08921942017344897,119.59066545206466
0.166764,0.2559815905420013,-0.08921759054200132,0.08921759054200132,53.49931069565494
0.166765,0.2559815905420013,-0.08921659054200132,0.08921659054200132,53.49839024285848
0.0746,-0.014615420173448967,0.08921542017344897,0.08921542017344897,119.59171588988909
0.166769,0.2559815905420013,-0.08921259054200131,0.08921259054200131,53.49470854205913
0.166771,0.2559815905420013,-0.08921059054200131,0.08921059054200131,53.49286775788863
0.166775,0.2559815905420013,-0.08920659054200131,0.08920659054200131,53.48918632199797
0.166781,0.2559815905420013,-0.0892005905420013,0.0892005905420013,53.48366449926408
0.166787,0.2559815905420013,-0.08919459054200132,0.08919459054200132,53.47814307381461
0.166787,0.2559815905420013,-0.08919459054200132,0.08919459054200132,53.47814307381461
0.166793,0.2559815905420013,-0.08918859054200132,0.08918859054200132,53.47262204560664
0.07457,-0.014615420173448967,0.08918542017344896,0.08918542017344896,119.59959776565559
0.166816,0.2559815905420013,-0.08916559054200132,0.08916559054200132,53.45146178337201
0.07455,-0.014615420173448967,0.08916542017344897,0.08916542017344897,119.60485587370103
0.166818,0.2559815905420013,-0.08916359054200132,0.08916359054200132,53.44962203632204
0.166822,0.2559815905420013,-0.08915959054200132,0.08915959054200132,53.445942674560534
0.166828,0.2559815905420013,-0.08915359054200131,0.08915359054200131,53.44042396274059
0.16683,0.2559815905420013,-0.08915159054200131,0.08915159054200131,53.43858448034688
0.16683,0.2559815905420013,-0.08915159054200131,0.08915159054200131,53.43858448034688
0.16683,0.2559815905420013,-0.08915159054200131,0.08915159054200131,53.43858448034688
0.166842,0.2559815905420013,-0.08913959054200132,0.08913959054200132,53.427548512109524
0.166842,0.2559815905420013,-0.08913959054200132,0.08913959054200132,53.427548512109524
0.166849,0.2559815905420013,-0.08913259054200132,0.08913259054200132,53.421111597060936
0.166851,0.2559815905420013,-0.08913059054200131,0.08913059054200131,53.41927257767831
0.166853,0.2559815905420013,-0.08912859054200131,0.08912859054200131,53.41743360238286
0.166855,0.2559815905420013,-0.08912659054200131,0.08912659054200131,53.415594671173004
0.166859,0.2559815905420013,-0.0891225905420013,0.0891225905420013,53.41191694100371
0.166861,0.2559815905420013,-0.0891205905420013,0.0891205905420013,53.41007814204111
0.166863,0.2559815905420013,-0.0891185905420013,0.0891185905420013,53.408239387157764
0.074502,-0.014615420173448967,0.08911742017344897,0.08911742017344897,119.61748685113352
0.166869,0.2559815905420013,-0.08911259054200132,0.08911259054200132,53.40272338696739
0.166877,0.2559815905420013,-0.08910459054200132,0.08910459054200132,53.395369337060195
0.166883,0.2559815905420013,-0.08909859054200131,0.08909859054200131,53.38985426233436
0.166889,0.2559815905420013,-0.0890925905420013,0.0890925905420013,53.3843395841649
0.166896,0.2559815905420013,-0.08908559054200132,0.08908559054200132,53.37790629411335
0.166898,0.2559815905420013,-0.08908359054200132,0.08908359054200132,53.37606831036037
7.485967,7.396914578703267,0.0890524212967323,0.0890524212967323,1.1895914221308044
0.074434,-0.014615420173448967,0.08904942017344897,0.08904942017344897,119.63540862215328
0.166934,0.2559815905420013,-0.08904759054200131,0.08904759054200131,53.34299213381236
0.166945,0.2559815905420013,-0.0890365905420013,0.0890365905420013,53.332888369623774
0.166969,0.2559815905420013,-0.08901259054200131,0.08901259054200131,53.31084841419093
0.166976,0.2559815905420013,-0.0890055905420013,0.0890055905420013,53.30442128730888
0.074383,-0.014615420173448967,0.08899842017344897,0.08899842017344897,119.64887145423026
0.16699,0.2559815905420013,-0.08899159054200131,0.08899159054200131,53.291568650044766
0.166992,0.2559815905420013,-0.08898959054200131,0.08898959054200131,53.289732734928364
0.167012,0.2559815905420013,-0.08896959054200132,0.08896959054200132,53.27137600216149
0.167029,0.2559815905420013,-0.0889525905420013,0.0889525905420013,53.25577623571087
0.167033,0.2559815905420013,-0.08894859054200133,0.08894859054200133,53.25210616390128
0.074155,-0.014615420173448967,0.08877042017344897,0.08877042017344897,119.70928467903674
0.074154,-0.014615420173448967,0.08876942017344897,0.08876942017344897,119.70955046759369
0.16724,0.2559815905420013,-0.08874159054200131,0.08874159054200131,53.06241957004239
0.074061,-0.014615420173448967,0.08867642017344897,0.08867642017344897,119.73430017649595
0.07403,-0.014615420173448967,0.08864542017344897,0.08864542017344897,119.74256389802298
0.074027,-0.014615420173448967,0.08864242017344896,0.08864242017344896,119.74336398031207
0.16734,0.2559815905420013,-0.08864159054200133,0.08864159054200133,52.97095164875725
0.073926,-0.014615420173448967,0.08854142017344897,0.08854142017344897,119.77033797808434
0.073911,-0.014615420173448967,0.08852642017344897,0.08852642017344897,119.77435030465644
0.0739,-0.014615420173448967,0.08851542017344896,0.08851542017344896,119.77729371268157
0.167643,0.2559815905420013,-0.08833859054200133,0.08833859054200133,52.694470087809734
0.073694,-0.014615420173448967,0.08830942017344896,0.08830942017344896,119.83257803025538
0.073667,-0.014615420173448967,0.08828242017344896,0.08828242017344896,119.83984695129315
0.073657,-0.014615420173448967,0.08827242017344897,0.08827242017344897,119.84254049663498
0.07364,-0.014615420173448967,0.08825542017344896,0.08825542017344896,119.84712120260978
0.073598,-0.014615420173448967,0.08821342017344896,0.08821342017344896,119.85844731322935
0.073571,-0.014615420173448967,0.08818642017344896,0.08818642017344896,119.86573521303671
0.073563,-0.014615420173448967,0.08817842017344897,0.08817842017344897,119.86789561815189
0.073508,-0.014615420173448967,0.08812342017344897,0.08812342017344897,119.88276113289196
0.073483,-0.014615420173448967,0.08809842017344897,0.08809842017344897,119.88952554136256
0.073445,-0.014615420173448967,0.08806042017344896,0.08806042017344896,119.89981626189552
0.073438,-0.014615420173448967,0.08805342017344897,0.08805342017344897,119.90171308252849
0.073419,-0.014615420173448967,0.08803442017344897,0.08803442017344897,119.90686341892713
0.089136,0.0011024167300366372,0.08803358326996337,0.08803358326996337,98.76321931789641
0.073354,-0.014615420173448967,0.08796942017344897,0.08796942017344897,119.92450316754979
0.073166,-0.014615420173448967,0.08778142017344896,0.08778142017344896,119.97569916829303
0.073149,-0.014615420173448967,0.08776442017344897,0.08776442017344897,119.98034156785278
0.073131,-0.014615420173448967,0.08774642017344897,0.08774642017344897,119.98525940225583
0.073074,-0.014615420173448967,0.08768942017344897,0.08768942017344897,120.0008485281333
0.088709,0.0011024167300366372,0.08760658326996336,0.08760658326996336,98.75726608484608
7.484478,7.396914578703267,0.08756342129673289,0.08756342129673289,1.169933578474851
7.484468,7.396914578703267,0.08755342129673238,0.08755342129673238,1.1698015315926606
0.072902,-0.014615420173448967,0.08751742017344896,0.08751742017344896,120.04803716413946
0.07285,-0.014615420173448967,0.08746542017344897,0.08746542017344897,120.06234736223284
0.07284,-0.014615420173448967,0.08745542017344897,0.08745542017344897,120.0651016658208
0.072818,-0.014615420173448967,0.08743342017344896,0.08743342017344896,120.0711637965583
0.072791,-0.014615420173448967,0.08740642017344896,0.08740642017344896,120.07860869251743
0.072778,-0.014615420173448967,0.08739342017344896,0.08739342017344896,120.0821952421979
0.072739,-0.014615420173448967,0.08735442017344897,0.08735442017344897,120.092962583148
0.072731,-0.014615420173448967,0.08734642017344897,0.08734642017344897,120.09517269576082
0.07273,-0.014615420173448967,0.08734542017344897,0.08734542017344897,120.09544899402383
0.072682,-0.014615420173448967,0.08729742017344896,0.08729742017344896,120.10872025169954
0.072646,-0.014615420173448967,0.08726142017344897,0.08726142017344897,120.11868520404467
0.072646,-0.014615420173448967,0.08726142017344897,0.08726142017344897,120.11868520404467
0.072632,-0.014615420173448967,0.08724742017344897,0.08724742017344897,120.12256313102544
0.0726,-0.014615420173448967,0.08721542017344897,0.08721542017344897,120.13143258032719
0.072598,-0.014615420173448967,0.08721342017344896,0.08721342017344896,120.13198718052425
0.072473,-0.014615420173448967,0.08708842017344896,0.08708842017344896,120.16671043462014
0.072445,-0.014615420173448967,0.08706042017344896,0.08706042017344896,120.17450487028016
0.072415,-0.014615420173448967,0.08703042017344896,0.08703042017344896,120.18286274013134
0.072336,-0.014615420173448967,0.08695142017344897,0.08695142017344897,120.20490496190565
0.072306,-0.014615420173448967,0.08692142017344896,0.08692142017344896,120.21328804419507
0.072257,-0.014615420173448967,0.08687242017344897,0.08687242017344897,120.22699538206953
0.07224,-0.014615420173448967,0.08685542017344897,0.08685542017344897,120.23175533391088
0.072204,-0.014615420173448967,0.08681942017344897,0.08681942017344897,120.24184263088907
0.072203,-0.014615420173448967,0.08681842017344897,0.08681842017344897,120.24212297717109
0.072194,-0.014615420173448967,0.08680942017344896,0.08680942017344896,120.24464644320072
0.072191,-0.014615420173448967,0.08680642017344897,0.08680642017344897,120.24548773836557
0.072181,-0.014615420173448967,0.08679642017344896,0.08679642017344896,120.2482925606471
0.072168,-0.014615420173448967,0.08678342017344896,0.08678342017344896,120.25193999168195
0.072164,-0.014615420173448967,0.08677942017344897,0.08677942017344897,120.25306254253631
0.072084,-0.014615420173448967,0.08669942017344896,0.08669942017344896,120.27553972195415
39.106226,39.01979190539942,0.08643409460057683,0.08643409460057683,0.2210238712381906
0.071737,-0.014615420173448967,0.08635242017344896,0.08635242017344896,120.37361480557503
0.071698,-0.014615420173448967,0.08631342017344897,0.08631342017344897,120.38469699721648
0.071689,-0.014615420173448967,0.08630442017344897,0.08630442017344897,120.38725613840577
0.071687,-0.014615420173448967,0.08630242017344897,0.08630242017344897,120.38782492371163
0.071659,-0.014615420173448967,0.08627442017344897,0.08627442017344897,120.39579125169648
0.071634,-0.014615420173448967,0.08624942017344897,0.08624942017344897,120.40290930709727
0.071574,-0.014615420173448967,0.08618942017344897,0.08618942017344897,120.4200129279193
0.071463,-0.014615420173448967,0.08607842017344897,0.08607842017344897,120.45173034017218
0.07144,-0.014615420173448967,0.08605542017344897,0.08605542017344897,120.45831474382791
0.071435,-0.014615420173448967,0.08605042017344897,0.08605042017344897,120.45974669698218
0.071435,-0.014615420173448967,0.08605042017344897,0.08605042017344897,120.45974669698218
0.071401,-0.014615420173448967,0.08601642017344897,0.08601642017344897,120.46948929703993
0.071389,-0.014615420173448967,0.08600442017344896,0.08600442017344896,120.47293007742937
0.087046,0.0011024167300366372,0.08594358326996336,0.08594358326996336,98.73352385087178
0.087015,0.0011024167300366372,0.08591258326996336,0.08591258326996336,98.73307265555398
0.086997,0.0011024167300366372,0.08589458326996337,0.08589458326996337,98.7328105236164
0.086987,0.0011024167300366372,0.08588458326996336,0.08588458326996336,98.73266484788613
0.086894,0.0011024167300366372,0.08579158326996336,0.08579158326996336,98.73130845769795
0.086843,0.0011024167300366372,0.08574058326996337,0.08574058326996337,98.73056339743307
17.402182,17.4877815469272,-0.08559954692719884,0.08559954692719884,0.4918897350154536
0.086589,0.0011024167300366372,0.08548658326996336,0.08548658326996336,98.72683963463781
0.086581,0.0011024167300366372,0.08547858326996337,0.08547858326996337,98.72672199586127
0.086554,0.0011024167300366372,0.08545158326996337,0.08545158326996337,98.72632480444237
0.086553,0.0011024167300366372,0.08545058326996337,0.08545058326996337,98.72631008889012
0.086543,0.0011024167300366372,0.08544058326996336,0.08544058326996336,98.72616291466348
0.086543,0.0011024167300366372,0.08544058326996336,0.08544058326996336,98.72616291466348
0.086538,0.0011024167300366372,0.08543558326996337,0.08543558326996337,98.72608931479498
0.086534,0.0011024167300366372,0.08543158326996336,0.08543158326996336,98.72603042877637
0.086532,0.0011024167300366372,0.08542958326996336,0.08542958326996336,98.72600098372553
0.086525,0.0011024167300366372,0.08542258326996337,0.08542258326996337,98.7258979153279
0.086525,0.0011024167300366372,0.08542258326996337,0.08542258326996337,98.7258979153279
0.086524,0.0011024167300366372,0.08542158326996337,0.08542158326996337,98.72588318990972
0.086523,0.0011024167300366372,0.08542058326996337,0.08542058326996337,98.72586846415115
0.086521,0.0011024167300366372,0.08541858326996336,0.08541858326996336,98.72583901161282
17.402363,17.4877815469272,-0.08541854692719753,0.08541854692719753,0.4908445302899766
0.08652,0.0011024167300366372,0.08541758326996336,0.08541758326996336,98.72582428483304
0.086515,0.0011024167300366372,0.08541258326996336,0.08541258326996336,98.72575064582745
0.086515,0.0011024167300366372,0.08541258326996336,0.08541258326996336,98.72575064582745
0.086513,0.0011024167300366372,0.08541058326996337,0.08541058326996337,98.72572118784188
0.086506,0.0011024167300366372,0.08540358326996336,0.08540358326996336,98.72561807416567
0.086506,0.0011024167300366372,0.08540358326996336,0.08540358326996336,98.72561807416567
0.086505,0.0011024167300366372,0.08540258326996336,0.08540258326996336,98.7256033422782
0.086504,0.0011024167300366372,0.08540158326996336,0.08540158326996336,98.72558861005015
0.086499,0.0011024167300366372,0.08539658326996337,0.08539658326996337,98.72551494380033
0.086499,0.0011024167300366372,0.08539658326996337,0.08539658326996337,98.72551494380033
0.086498,0.0011024167300366372,0.08539558326996337,0.08539558326996337,98.72550020952839
0.086496,0.0011024167300366372,0.08539358326996337,0.08539358326996337,98.72547073996243
0.086496,0.0011024167300366372,0.08539358326996337,0.08539358326996337,98.72547073996243
0.086492,0.0011024167300366372,0.08538958326996336,0.08538958326996336,98.72541179674185
0.086492,0.0011024167300366372,0.08538958326996336,0.08538958326996336,98.72541179674185
0.086492,0.0011024167300366372,0.08538958326996336,0.08538958326996336,98.72541179674185
0.086491,0.0011024167300366372,0.08538858326996336,0.08538858326996336,98.72539706008483
0.086491,0.0011024167300366372,0.08538858326996336,0.08538858326996336,98.72539706008483
0.08649,0.0011024167300366372,0.08538758326996336,0.08538758326996336,98.72538232308705
0.08649,0.0011024167300366372,0.08538758326996336,0.08538758326996336,98.72538232308705
0.086481,0.0011024167300366372,0.08537858326996337,0.08537858326996337,98.72524967477032
0.086481,0.0011024167300366372,0.08537858326996337,0.08537858326996337,98.72524967477032
0.086478,0.0011024167300366372,0.08537558326996336,0.08537558326996336,98.72520545252915
0.086468,0.0011024167300366372,0.08536558326996337,0.08536558326996337,98.72505802289669
0.086466,0.0011024167300366372,0.08536358326996336,0.08536358326996336,98.72502853287806
0.08645,0.0011024167300366372,0.08534758326996336,0.08534758326996336,98.72479256360738
0.086447,0.0011024167300366372,0.08534458326996336,0.08534458326996336,98.72474830964477
0.086445,0.0011024167300366372,0.08534258326996336,0.08534258326996336,98.7247188052966
0.086444,0.0011024167300366372,0.08534158326996336,0.08534158326996336,98.72470405261055
0.086443,0.0011024167300366372,0.08534058326996337,0.08534058326996337,98.72468929958316
0.086442,0.0011024167300366372,0.08533958326996337,0.08533958326996337,98.72467454621446
0.086442,0.0011024167300366372,0.08533958326996337,0.08533958326996337,98.72467454621446
0.086435,0.0011024167300366372,0.08533258326996336,0.08533258326996336,98.7245712630749
0.086435,0.0011024167300366372,0.08533258326996336,0.08533258326996336,98.7245712630749
0.086434,0.0011024167300366372,0.08533158326996336,0.08533158326996336,98.72455650697505
0.086433,0.0011024167300366372,0.08533058326996336,0.08533058326996336,98.72454175053373
0.086428,0.0011024167300366372,0.08532558326996337,0.08532558326996337,98.7244679632051
0.086428,0.0011024167300366372,0.08532558326996337,0.08532558326996337,98.7244679632051
0.086424,0.0011024167300366372,0.08532158326996336,0.08532158326996336,98.72440892719494
0.086422,0.0011024167300366372,0.08531958326996336,0.08531958326996336,98.72437940714053
0.086418,0.0011024167300366372,0.08531558326996336,0.08531558326996336,98.72432036293254
0.086415,0.0011024167300366372,0.08531258326996337,0.08531258326996337,98.72427607618943
0.086415,0.0011024167300366372,0.08531258326996337,0.08531258326996337,98.72427607618943
0.086406,0.0011024167300366372,0.08530358326996336,0.08530358326996336,98.72414319750854
0.086403,0.0011024167300366372,0.08530058326996336,0.08530058326996336,98.72409889846332
0.086393,0.0011024167300366372,0.08529058326996336,0.08529058326996336,98.72395121275962
0.086392,0.0011024167300366372,0.08528958326996336,0.08528958326996336,98.72393644230881
0.08638,0.0011024167300366372,0.08527758326996336,0.08527758326996336,98.72375917022413
0.086356,0.0011024167300366372,0.08525358326996336,0.08525358326996336,98.72340447825277
0.086337,0.0011024167300366372,0.08523458326996336,0.08523458326996336,98.72312354059123
0.086335,0.0011024167300366372,0.08523258326996336,0.08523258326996336,98.72309396101265
0.086332,0.0011024167300366372,0.08522958326996337,0.08522958326996337,98.7230495890751
0.086327,0.0011024167300366372,0.08522458326996336,0.08522458326996336,98.72297562899254
0.086324,0.0011024167300366372,0.08522158326996336,0.08522158326996336,98.72293124883049
0.086317,0.0011024167300366372,0.08521458326996337,0.08521458326996337,98.72282768312213
0.086308,0.0011024167300366372,0.08520558326996336,0.08520558326996336,98.72269450252662
0.086302,0.0011024167300366372,0.08519958326996337,0.08519958326996337,98.72260570003101
0.086291,0.0011024167300366372,0.08518858326996337,0.08518858326996337,98.72244286338196
0.08629,0.0011024167300366372,0.08518758326996337,0.08518758326996337,98.72242805799158
0.08629,0.0011024167300366372,0.08518758326996337,0.08518758326996337,98.72242805799158
0.08629,0.0011024167300366372,0.08518758326996337,0.08518758326996337,98.72242805799158
0.086288,0.0011024167300366372,0.08518558326996337,0.08518558326996337,98.72239844618136
0.086288,0.0011024167300366372,0.08518558326996337,0.08518558326996337,98.72239844618136
0.086277,0.0011024167300366372,0.08517458326996337,0.08517458326996337,98.72223555668502
0.086274,0.0011024167300366372,0.08517158326996337,0.08517158326996337,98.72219112506801
0.086254,0.0011024167300366372,0.08515158326996336,0.08515158326996336,98.72189483530211
0.086253,0.0011024167300366372,0.08515058326996336,0.08515058326996336,98.72188001720691
0.086249,0.0011024167300366372,0.08514658326996337,0.08514658326996337,98.7218207413901
0.086198,0.0011024167300366372,0.08509558326996336,0.08509558326996336,98.72106449249671
0.086171,0.0011024167300366372,0.08506858326996336,0.08506858326996336,98.72066376303246
1.315076,1.4000610756355023,-0.0849850756355024,0.0849850756355024,6.4623699032633874
1.315136,1.4000610756355023,-0.08492507563550222,0.08492507563550222,6.457512806967849
1.315166,1.4000610756355023,-0.08489507563550225,0.08489507563550225,6.455084425011531
0.085991,0.0011024167300366372,0.08488858326996336,0.08488858326996336,98.71798580228788
1.315179,1.4000610756355023,-0.08488207563550221,0.08488207563550221,6.454032160568879
1.31519,1.4000610756355023,-0.08487107563550222,0.08487107563550222,6.453141799211451
0.085963,0.0011024167300366372,0.08486058326996336,0.08486058326996336,98.71756822266067
1.315223,1.4000610756355023,-0.08483807563550227,0.08483807563550227,6.45047080449869
1.315224,1.4000610756355023,-0.08483707563550236,0.08483707563550236,6.450389867357345
1.315228,1.4000610756355023,-0.08483307563550224,0.08483307563550224,6.450066120022702
0.085933,0.0011024167300366372,0.08483058326996336,0.08483058326996336,98.71712051394255
1.315241,1.4000610756355023,-0.0848200756355022,0.0848200756355022,6.449013954784954
1.315243,1.4000610756355023,-0.08481807563550237,0.08481807563550237,6.448852085056032
1.315251,1.4000610756355023,-0.08481007563550236,0.08481007563550236,6.448204611063148
0.085906,0.0011024167300366372,0.08480358326996336,0.08480358326996336,98.71671730874054
0.085901,0.0011024167300366372,0.08479858326996337,0.08479858326996337,98.7166426132952
0.0859,0.0011024167300366372,0.08479758326996337,0.08479758326996337,98.71662767316268
0.085895,0.0011024167300366372,0.08479258326996336,0.08479258326996336,98.71655296728193
0.085894,0.0011024167300366372,0.08479158326996336,0.08479158326996336,98.71653802506208
0.085893,0.0011024167300366372,0.08479058326996336,0.08479058326996336,98.71652308249432
0.085892,0.0011024167300366372,0.08478958326996336,0.08478958326996336,98.71650813957861
0.085886,0.0011024167300366372,0.08478358326996337,0.08478358326996337,98.71641847477697
0.085885,0.0011024167300366372,0.08478258326996337,0.08478258326996337,98.71640352942535
1.315282,1.4000610756355023,-0.08477907563550224,0.08477907563550224,6.445695723735027
0.085881,0.0011024167300366372,0.08477858326996336,0.08477858326996336,98.7163437445384
0.085881,0.0011024167300366372,0.08477858326996336,0.08477858326996336,98.7163437445384
0.08588,0.0011024167300366372,0.08477758326996336,0.08477758326996336,98.71632879744648
0.085879,0.0011024167300366372,0.08477658326996336,0.08477658326996336,98.71631385000647
0.085876,0.0011024167300366372,0.08477358326996336,0.08477358326996336,98.71626900559772
0.085875,0.0011024167300366372,0.08477258326996337,0.08477258326996337,98.7162540567652
0.085873,0.0011024167300366372,0.08477058326996337,0.08477058326996337,98.71622415805567
0.085872,0.0011024167300366372,0.08476958326996337,0.08476958326996337,98.71620920817864
0.08587,0.0011024167300366372,0.08476758326996336,0.08476758326996336,98.71617930737997
0.085867,0.0011024167300366372,0.08476458326996336,0.08476458326996336,98.71613445357032
0.085867,0.0011024167300366372,0.08476458326996336,0.08476458326996336,98.71613445357032
0.085865,0.0011024167300366372,0.08476258326996336,0.08476258326996336,98.71610454928931
0.085861,0.0011024167300366372,0.08475858326996337,0.08475858326996337,98.71604473654781
0.085859,0.0011024167300366372,0.08475658326996337,0.08475658326996337,98.71601482808717
0.085859,0.0011024167300366372,0.08475658326996337,0.08475658326996337,98.71601482808717
0.085854,0.0011024167300366372,0.08475158326996336,0.08475158326996336,98.71594005083914
0.085854,0.0011024167300366372,0.08475158326996336,0.08475158326996336,98.71594005083914
0.085853,0.0011024167300366372,0.08475058326996336,0.08475058326996336,98.71592509434434
1.315311,1.4000610756355023,-0.08475007563550241,0.08475007563550241,6.443348807168728
1.315311,1.4000610756355023,-0.08475007563550241,0.08475007563550241,6.443348807168728
0.085852,0.0011024167300366372,0.08474958326996336,0.08474958326996336,98.71591013750111
0.08585,0.0011024167300366372,0.08474758326996336,0.08474758326996336,98.71588022276934
0.085849,0.0011024167300366372,0.08474658326996336,0.08474658326996336,98.71586526488079
0.085848,0.0011024167300366372,0.08474558326996336,0.08474558326996336,98.71585030664374
0.085848,0.0011024167300366372,0.08474558326996336,0.08474558326996336,98.71585030664374
0.085842,0.0011024167300366372,0.08473958326996336,0.08473958326996336,98.71576054990285
0.085835,0.0011024167300366372,0.08473258326996336,0.08473258326996336,98.71565581784553
0.085835,0.0011024167300366372,0.08473258326996336,0.08473258326996336,98.71565581784553
1.315381,1.4000610756355023,-0.0846800756355024,0.0846800756355024,6.437684262511373
1.315394,1.4000610756355023,-0.08466707563550235,0.08466707563550235,6.436632342025714
1.315421,1.4000610756355023,-0.08464007563550235,0.08464007563550235,6.434447650529215
1.31545,1.4000610756355023,-0.0846110756355023,0.0846110756355023,6.432101229926655
1.315464,1.4000610756355023,-0.08459707563550234,0.08459707563550234,6.4309685121805975
1.315471,1.4000610756355023,-0.08459007563550225,0.08459007563550225,6.430402162348835
1.315478,1.4000610756355023,-0.08458307563550238,0.08458307563550238,6.42983581854448
1.3155,1.4000610756355023,-0.08456107563550241,0.08456107563550241,6.428055920112076
1.31554,1.4000610756355023,-0.08452107563550237,0.08452107563550237,6.424819893661733
1.315589,1.4000610756355023,-0.08447207563550241,0.08447207563550241,6.420856029434844
1.315617,1.4000610756355023,-0.08444407563550227,0.08444407563550227,6.418591096731319
1.31568,1.4000610756355023,-0.08438107563550235,0.08438107563550235,6.413495350623924
1.315695,1.4000610756355023,-0.08436607563550225,0.08436607563550225,6.412282149669184
1.315901,1.4000610756355023,-0.08416007563550232,0.08416007563550232,6.395623654751133
1.315903,1.4000610756355023,-0.08415807563550226,0.08415807563550226,6.395461947355299
7.481064,7.396914578703267,0.08414942129673264,0.08414942129673264,1.1248322604325778
1.315925,1.4000610756355023,-0.0841360756355023,0.0841360756355023,6.393683198442815
1.315957,1.4000610756355023,-0.08410407563550226,0.08410407563550226,6.391096033465468
1.315978,1.4000610756355023,-0.08408307563550221,0.08408307563550221,6.389398274827757
1.315991,1.4000610756355023,-0.0840700756355024,0.0840700756355024,6.388347308538893
1.316005,1.4000610756355023,-0.08405607563550221,0.08405607563550221,6.3872155219102495
1.316006,1.4000610756355023,-0.0840550756355023,0.0840550756355023,6.387134680929658
1.316011,1.4000610756355023,-0.08405007563550226,0.08405007563550226,6.386730477869526
1.316036,1.4000610756355023,-0.08402507563550232,0.08402507563550232,6.3847095086394
1.316057,1.4000610756355023,-0.08400407563550227,0.08400407563550227,6.383011953822612
1.316101,1.4000610756355023,-0.08396007563550234,0.08396007563550234,6.3794553479651555
1.316106,1.4000610756355023,-0.08395507563550231,0.08395507563550231,6.379051203255911
1.31613,1.4000610756355023,-0.08393107563550228,0.08393107563550228,6.377111351395771
1.316131,1.4000610756355023,-0.08393007563550237,0.08393007563550237,6.377030525770257
1.316155,1.4000610756355023,-0.08390607563550234,0.08390607563550234,6.375090747603987
1.316159,1.4000610756355023,-0.08390207563550223,0.08390207563550223,6.374767458120748
1.316192,1.4000610756355023,-0.08386907563550228,0.08386907563550228,6.372100394861098
1.316196,1.4000610756355023,-0.08386507563550238,0.08386507563550238,6.371777123553833
1.316197,1.4000610756355023,-0.08386407563550224,0.08386407563550224,6.371696306034017
1.316203,1.4000610756355023,-0.0838580756355023,0.0838580756355023,6.371211403494072
1.316207,1.4000610756355023,-0.0838540756355024,0.0838540756355024,6.370888137590175
1.316216,1.4000610756355023,-0.08384507563550225,0.08384507563550225,6.370160796490248
1.316224,1.4000610756355023,-0.08383707563550225,0.08383707563550225,6.369514279418452
1.316233,1.4000610756355023,-0.08382807563550232,0.08382807563550232,6.368786957106646
1.316242,1.4000610756355023,-0.0838190756355024,0.0838190756355024,6.368059644741191
1.316266,1.4000610756355023,-0.08379507563550237,0.08379507563550237,6.366120193724996
1.316285,1.4000610756355023,-0.08377607563550238,0.08377607563550238,6.364584845161785
1.316298,1.4000610756355023,-0.08376307563550234,0.08376307563550234,6.363534369051598
1.316302,1.4000610756355023,-0.08375907563550222,0.08375907563550222,6.363211149807492
1.316308,1.4000610756355023,-0.08375307563550227,0.08375307563550227,6.362726324624597
1.316315,1.4000610756355023,-0.0837460756355024,0.0837460756355024,6.3621607008307475
1.316324,1.4000610756355023,-0.08373707563550226,0.08373707563550226,6.361433479078162
1.316327,1.4000610756355023,-0.08373407563550228,0.08373407563550228,6.361191074037157
1.316335,1.4000610756355023,-0.08372607563550227,0.08372607563550227,6.36054466599625
1.316338,1.4000610756355023,-0.0837230756355023,0.0837230756355023,6.360302265006555
1.316357,1.4000610756355023,-0.0837040756355023,0.0837040756355023,6.358767084396068
1.316358,1.4000610756355023,-0.08370307563550239,0.08370307563550239,6.358686286644188
1.31638,1.4000610756355023,-0.0836810756355022,0.0836810756355022,6.3569087671603395
1.316393,1.4000610756355023,-0.08366807563550238,0.08366807563550238,6.355858442664656
1.316412,1.4000610756355023,-0.08364907563550239,0.08364907563550239,6.354323390332819
1.316422,1.4000610756355023,-0.08363907563550232,0.08363907563550232,6.353515485850951
1.316428,1.4000610756355023,-0.08363307563550237,0.08363307563550237,6.35303074905345
1.31644,1.4000610756355023,-0.08362107563550225,0.08362107563550225,6.352061288714274
1.316471,1.4000610756355023,-0.08359007563550236,0.08359007563550236,6.349556931307474
1.3165,1.4000610756355023,-0.0835610756355023,0.0835610756355023,6.347214252119642
1.316504,1.4000610756355023,-0.08355707563550241,0.08355707563550241,6.346891132055468
1.316514,1.4000610756355023,-0.08354707563550234,0.08354707563550234,6.346083340485271
1.316515,1.4000610756355023,-0.0835460756355022,0.0835460756355022,6.346002562003182
1.31654,1.4000610756355023,-0.08352107563550226,0.08352107563550226,6.3439831398330675
1.316553,1.4000610756355023,-0.08350807563550222,0.08350807563550222,6.342933070613889
1.316577,1.4000610756355023,-0.0834840756355022,0.0834840756355022,6.340994535766704
1.316585,1.4000610756355023,-0.08347607563550241,0.08347607563550241,6.3403483731898875
1.316589,1.4000610756355023,-0.0834720756355023,0.0834720756355023,6.340025294846171
1.316596,1.4000610756355023,-0.0834650756355022,0.0834650756355022,6.339459912468421
1.3166,1.4000610756355023,-0.08346107563550231,0.08346107563550231,6.339136839523254
1.316612,1.4000610756355023,-0.08344907563550241,0.08344907563550241,6.338167632466075
1.316634,1.4000610756355023,-0.08342707563550222,0.08342707563550222,6.3363907987463355
17.404392,17.4877815469272,-0.08338954692719724,0.08338954692719724,0.4791293308419973
1.316678,1.4000610756355023,-0.08338307563550229,0.08338307563550229,6.332837309438561
1.316714,1.4000610756355023,-0.08334707563550237,0.08334707563550237,6.32993008574166
3.334058,3.2507171845609015,0.08334081543909866,0.08334081543909866,2.4996810324415164
1.316779,1.4000610756355023,-0.08328207563550238,0.08328207563550238,6.324681334466733
1.316941,1.4000610756355023,-0.08312007563550239,0.08312007563550239,6.311602086136797
7.480026,7.396914578703267,0.08311142129673232,0.08311142129673232,1.11111139581094
1.316973,1.4000610756355023,-0.08308807563550236,0.08308807563550236,6.309018911488189
1.317097,1.4000610756355023,-0.08296407563550234,0.08296407563550234,6.299010295308799
1.317123,1.4000610756355023,-0.08293807563550226,0.08293807563550226,6.29691195349298
1.317126,1.4000610756355023,-0.08293507563550229,0.08293507563550229,6.2966698424604495
3.333573,3.2507171845609015,0.08285581543909837,0.08285581543909837,2.4854957559535333
3.333555,3.2507171845609015,0.08283781543909852,0.08283781543909852,2.4849692126457654
1.317427,1.4000610756355023,-0.0826340756355024,0.0826340756355024,6.272383640932669
1.317505,1.4000610756355023,-0.08255607563550238,0.08255607563550238,6.266092017050129
3.333138,3.2507171845609015,0.0824208154390984,0.0824208154390984,2.4727693673836977
17.405674,17.4877815469272,-0.08210754692719746,0.08210754692719746,0.4717286266922254
1.318458,1.4000610756355023,-0.0816030756355024,0.0816030756355024,6.189281390026313
1.318605,1.4000610756355023,-0.08145607563550228,0.08145607563550228,6.177443254752168
1.318823,1.4000610756355023,-0.08123807563550223,0.08123807563550223,6.159892239469764
7.477976,7.396914578703267,0.08106142129673266,0.08106142129673266,1.084002159082199
3.33139,3.2507171845609015,0.08067281543909832,0.08067281543909832,2.4215962537162183
7.477384,7.396914578703267,0.08046942129673251,0.08046942129673251,1.0761707743731812
7.476289,7.396914578703267,0.07937442129673311,0.07937442129673311,1.0616820898131603
7.474547,7.396914578703267,0.07763242129673298,0.07763242129673298,1.038623762693503
5.325298,5.24876647268947,0.07653152731053048,0.07653152731053048,1.4371313550733376
7.473256,7.396914578703267,0.07634142129673283,0.07634142129673283,1.0215282508147894
7.473036,7.396914578703267,0.07612142129673227,0.07612142129673227,1.018614406456943
7.472873,7.396914578703267,0.07595842129673258,0.07595842129673258,1.0164554020350154
0.100905,0.0251043487709115,0.0758006512290885,0.0758006512290885,75.12080784298864
0.100816,0.0251043487709115,0.0757116512290885,0.0757116512290885,75.09884458219892
7.472396,7.396914578703267,0.07548142129673252,0.07548142129673252,1.010136792746562
0.100565,0.0251043487709115,0.0754606512290885,0.0754606512290885,75.03669383389034
7.472313,7.396914578703267,0.07539842129673247,0.07539842129673247,1.009037245839721
7.47222,7.396914578703267,0.07530542129673279,0.07530542129673279,1.0078051943829944
7.472163,7.396914578703267,0.07524842129673281,0.07524842129673281,1.007050050911975
7.472066,7.396914578703267,0.07515142129673258,0.07515142129673258,1.0057649557127415
7.472047,7.396914578703267,0.07513242129673259,0.07513242129673259,1.0055132321267126
16.393464,16.468317533821406,-0.07485353382140403,0.07485353382140403,0.4566059608936063
7.471677,7.396914578703267,0.07476242129673238,0.07476242129673238,1.0006109912906003
7.471651,7.396914578703267,0.0747364212967323,0.0747364212967323,1.0002664912444659
7.471629,7.396914578703267,0.07471442129673278,0.07471442129673278,0.999974989332752
7.4714,7.396914578703267,0.07448542129673275,0.07448542129673275,0.9969406174978693
7.471375,7.396914578703267,0.0744604212967328,0.0744604212967328,0.9966093429353525
0.099485,0.0251043487709115,0.0743806512290885,0.0743806512290885,74.76569448089944
0.099476,0.0251043487709115,0.0743716512290885,0.0743716512290885,74.76341143021943
0.099387,0.0251043487709115,0.0742826512290885,0.0742826512290885,74.74081233395484
7.471118,7.396914578703267,0.07420342129673241,0.07420342129673241,0.9932037118907666
39.09397,39.01979190539942,0.07417809460057612,0.07417809460057612,0.18974305909680284
7.470823,7.396914578703267,0.07390842129673292,0.07390842129673292,0.9892942356651151
0.099003,0.0251043487709115,0.0738986512290885,0.0738986512290885,74.64284027195708
0.098882,0.0251043487709115,0.0737776512290885,0.0737776512290885,74.61181120373445
7.470532,7.396914578703267,0.0736174212967331,0.0736174212967331,0.985437466779443
0.098582,0.0251043487709115,0.0734776512290885,0.0734776512290885,74.53455108899591
0.098556,0.0251043487709115,0.0734516512290885,0.0734516512290885,74.5278330640049
0.098555,0.0251043487709115,0.0734506512290885,0.0734506512290885,74.52757460764134
0.098548,0.0251043487709115,0.0734436512290885,0.0734436512290885,74.52576526622838
0.098543,0.0251043487709115,0.0734386512290885,0.0734386512290885,74.5244727221254
0.098514,0.0251043487709115,0.0734096512290885,0.0734096512290885,74.51697337898322
0.098503,0.0251043487709115,0.0733986512290885,0.0733986512290885,74.51412764542641
39.093112,39.01979190539942,0.0733200946005752,0.0733200946005752,0.18755246346309717
0.182704,0.2559815905420013,-0.07327759054200131,0.07327759054200131,40.1072721461457
0.098379,0.0251043487709115,0.0732746512290885,0.0732746512290885,74.4820044466873
0.098322,0.0251043487709115,0.0732176512290885,0.0732176512290885,74.46721095443675
0.098217,0.0251043487709115,0.0731126512290885,0.0731126512290885,74.43991483617764
39.092867,39.01979190539942,0.0730750946005756,0.0730750946005756,0.18692692608190817
16.395338,16.468317533821406,-0.07297953382140676,0.07297953382140676,0.44512369199684476
0.097878,0.0251043487709115,0.0727736512290885,0.0727736512290885,74.35138759960066
16.395561,16.468317533821406,-0.0727565338214049,0.0727565338214049,0.4437575135182087
0.097859,0.0251043487709115,0.0727546512290885,0.0727546512290885,74.34640774455298
0.097857,0.0251043487709115,0.0727526512290885,0.0727526512290885,74.34588343679309
0.097856,0.0251043487709115,0.0727516512290885,0.0727516512290885,74.34562127487622
0.097856,0.0251043487709115,0.0727516512290885,0.0727516512290885,74.34562127487622
16.395573,16.468317533821406,-0.07274453382140678,0.07274453382140678,0.4436839982412515
0.097843,0.0251043487709115,0.0727386512290885,0.0727386512290885,74.34221268230358
0.097831,0.0251043487709115,0.0727266512290885,0.0727266512290885,74.33906548512172
0.097819,0.0251043487709115,0.0727146512290885,0.0727146512290885,74.33591751577157
0.09776,0.0251043487709115,0.0726556512290885,0.0726556512290885,74.32042875896899
0.097752,0.0251043487709115,0.0726476512290885,0.0726476512290885,74.31832714908153
0.097738,0.0251043487709115,0.0726336512290885,0.0726336512290885,74.31464850393283
0.097724,0.0251043487709115,0.0726196512290885,0.0726196512290885,74.3109688047742
0.09772,0.0251043487709115,0.0726156512290885,0.0726156512290885,74.30991726850039
0.097685,0.0251043487709115,0.0725806512290885,0.0725806512290885,74.30071265269774
0.097677,0.0251043487709115,0.0725726512290885,0.0725726512290885,74.29860781431647
0.097623,0.0251043487709115,0.0725186512290885,0.0725186512290885,74.28439113201205
0.097611,0.0251043487709115,0.0725066512290885,0.0725066512290885,74.2812297331318
39.092249,39.01979190539942,0.07245709460057981,0.07245709460057981,0.1853490051196452
16.395944,16.468317533821406,-0.07237353382140554,0.07237353382140554,0.4414112040207269
0.097443,0.0251043487709115,0.0723386512290885,0.0723386512290885,74.23688839100974
0.097344,0.0251043487709115,0.0722396512290885,0.0722396512290885,74.21068700164142
0.097305,0.0251043487709115,0.0722006512290885,0.0722006512290885,74.2003506036567
39.091926,39.01979190539942,0.07213409460057818,0.07213409460057818,0.18452427900429785
0.097138,0.0251043487709115,0.0720336512290885,0.0720336512290885,74.15599575339466
0.097076,0.0251043487709115,0.0719716512290885,0.0719716512290885,74.13948983780647
0.097068,0.0251043487709115,0.0719636512290885,0.0719636512290885,74.13735850635756
39.091747,39.01979190539942,0.07195509460057536,0.07195509460057536,0.1840672267739564
0.09704,0.0251043487709115,0.0719356512290885,0.0719356512290885,74.12989607889386
0.097034,0.0251043487709115,0.0719296512290885,0.0719296512290885,74.12829642698456
39.091655,39.01979190539942,0.07186309460058027,0.07186309460058027,0.18383231561927071
0.096787,0.0251043487709115,0.0716826512290885,0.0716826512290885,74.06227195287201
0.096771,0.0251043487709115,0.0716666512290885,0.0716666512290885,74.0579834403184
0.096762,0.0251043487709115,0.0716576512290885,0.0716576512290885,74.05557052875399
16.396708,16.468317533821406,-0.07160953382140534,0.07160953382140534,0.43673116470067413
0.096672,0.0251043487709115,0.0715676512290885,0.0715676512290885,74.03141670293061
0.096652,0.0251043487709115,0.0715476512290885,0.0715476512290885,74.02604307729014
0.096641,0.0251043487709115,0.0715366512290885,0.0715366512290885,74.02308663513976
0.096629,0.0251043487709115,0.0715246512290885,0.0715246512290885,74.01986065784459
16.396814,16.468317533821406,-0.0715035338214065,0.0715035338214065,0.436081874326137
39.091295,39.01979190539942,0.07150309460057969,0.07150309460057969,0.18291308742879142
0.096596,0.0251043487709115,0.0714916512290885,0.0714916512290885,74.01098508745447
16.397064,16.468317533821406,-0.07125353382140531,0.07125353382140531,0.43455056235049627
0.096348,0.0251043487709115,0.0712436512290885,0.0712436512290885,73.94408929624322
16.397097,16.468317533821406,-0.07122053382140692,0.07122053382140692,0.4343484326583698
39.090883,39.01979190539942,0.07109109460057539,0.07109109460057539,0.18186106105711025
0.096143,0.0251043487709115,0.0710386512290885,0.0710386512290885,73.88853182779815
16.397292,16.468317533821406,-0.07102553382140542,0.07102553382140542,0.4331540465399547
39.090711,39.01979190539942,0.07091909460057622,0.07091909460057622,0.18142185902015134
0.096012,0.0251043487709115,0.0709076512290885,0.0709076512290885,73.85290500691121
0.09596,0.0251043487709115,0.0708556512290885,0.0708556512290885,73.8387360934241
0.095958,0.0251043487709115,0.0708536512290885,0.0708536512290885,73.8381908285399
0.095927,0.0251043487709115,0.0708226512290885,0.0708226512290885,73.82973631538438
0.095905,0.0251043487709115,0.0708006512290885,0.0708006512290885,73.82373302253768
0.095899,0.0251043487709115,0.0707946512290885,0.0707946512290885,73.82209528281464
0.09589,0.0251043487709115,0.0707856512290885,0.0707856512290885,73.81963828894449
0.095878,0.0251043487709115,0.0707736512290885,0.0707736512290885,73.81636157958253
16.397668,16.468317533821406,-0.07064953382140615,0.07064953382140615,0.4308511052972612
16.397765,16.468317533821406,-0.07055253382140592,0.07055253382140592,0.4302570125927263
39.090292,39.01979190539942,0.07050009460057538,0.07050009460057538,0.18035192625420918
16.39784,16.468317533821406,-0.07047753382140698,0.07047753382140698,0.4297976673816624
16.397963,16.468317533821406,-0.07035453382140489,0.07035453382140489,0.4290443503316591
16.39798,16.468317533821406,-0.07033753382140517,0.07033753382140517,0.4289402342299249
39.090099,39.01979190539942,0.07030709460057949,0.07030709460057949,0.17985908554593227
39.090067,39.01979190539942,0.07027509460057502,0.07027509460057502,0.1797773705539958
16.398076,16.468317533821406,-0.07024153382140597,0.07024153382140597,0.4283522885305424
0.095333,0.0251043487709115,0.0702286512290885,0.0702286512290885,73.66667487168328
0.095298,0.0251043487709115,0.0701936512290885,0.0701936512290885,73.65700345802797
0.095285,0.0251043487709115,0.0701806512290885,0.0701806512290885,73.65340940907288
39.089965,39.01979190539942,0.07017309460057675,0.07017309460057675,0.17951690312436255
0.095275,0.0251043487709115,0.0701706512290885,0.0701706512290885,73.6506440886254
0.095269,0.0251043487709115,0.0701646512290885,0.0701646512290885,73.64898461770305
0.095252,0.0251043487709115,0.0701476512290885,0.0701476512290885,73.64428164809581
0.095248,0.0251043487709115,0.0701436512290885,0.0701436512290885,73.64317482303599
39.089935,39.01979190539942,0.07014309460057433,0.07014309460057433,0.1794402947981236
0.095247,0.0251043487709115,0.0701426512290885,0.0701426512290885,73.64289810224533
0.095245,0.0251043487709115,0.0701406512290885,0.0701406512290885,73.64234464323182
16.39818,16.468317533821406,-0.07013753382140564,0.07013753382140564,0.4277153551246414
0.095228,0.0251043487709115,0.0701236512290885,0.0701236512290885,73.63763930298953
0.095204,0.0251043487709115,0.0700996512290885,0.0700996512290885,73.63099360894239
39.08987,39.01979190539942,0.07007809460057501,0.07007809460057501,0.17927430968789546
0.095171,0.0251043487709115,0.0700666512290885,0.0700666512290885,73.62185030678111
0.09513,0.0251043487709115,0.0700256512290885,0.0700256512290885,73.61048160987914
39.089813,39.01979190539942,0.07002109460057682,0.07002109460057682,0.17912875306003048
0.095104,0.0251043487709115,0.0699996512290885,0.0699996512290885,73.6032671133551
39.089789,39.01979190539942,0.06999709460058057,0.06999709460058057,0.17906746593183578
16.398399,16.468317533821406,-0.06991853382140434,0.06991853382140434,0.4263741467748039
39.089705,39.01979190539942,0.06991309460057948,0.06991309460057948,0.17885296039046758
0.095011,0.0251043487709115,0.0699066512290885,0.0699066512290885,73.5774290929588
39.089675,39.01979190539942,0.06988309460057707,0.06988309460057707,0.17877635104512454
0.094951,0.0251043487709115,0.0698466512290885,0.0698466512290885,73.56073254155066
39.089635,39.01979190539942,0.06984309460057858,0.06984309460057858,0.17867420506842774
0.094946,0.0251043487709115,0.0698416512290885,0.0698416512290885,73.55934020972886
0.094921,0.0251043487709115,0.0698166512290885,0.0698166512290885,73.55237635037149
0.094917,0.0251043487709115,0.0698126512290885,0.0698126512290885,73.55126179244735
0.094903,0.0251043487709115,0.0697986512290885,0.0697986512290885,73.54736009982945
39.089582,39.01979190539942,0.06979009460057739,0.06979009460057739,0.17853886132729394
0.094875,0.0251043487709115,0.0697706512290885,0.0697706512290885,73.53955326013065
17.418119,17.4877815469272,-0.06966254692719787,0.06966254692719787,0.39994299572070857
16.398697,16.468317533821406,-0.0696205338214071,0.0696205338214071,0.42454918107812195
16.398727,16.468317533821406,-0.06959053382140468,0.06959053382140468,0.4243654633739577
16.398729,16.468317533821406,-0.06958853382140617,0.06958853382140617,0.4243532155509237
0.094676,0.0251043487709115,0.0695716512290885,0.0695716512290885,73.48393590308481
0.094666,0.0251043487709115,0.0695616512290885,0.0695616512290885,73.48113489067603
3.320257,3.2507171845609015,0.06953981543909826,0.06953981543909826,2.0944106265570364
39.089331,39.01979190539942,0.06953909460057872,0.06953909460057872,0.17789788881370422
0.094619,0.0251043487709115,0.0695146512290885,0.0695146512290885,73.46796220169368
39.089272,39.01979190539942,0.06948009460057847,0.06948009460057847,0.17774722077300573
0.094576,0.0251043487709115,0.0694716512290885,0.0694716512290885,73.45589912412515
0.094574,0.0251043487709115,0.0694696512290885,0.0694696512290885,73.45533778378113
0.094536,0.0251043487709115,0.0694316512290885,0.0694316512290885,73.44466780448066
0.094529,0.0251043487709115,0.0694246512290885,0.0694246512290885,73.44270134630199
39.0892,39.01979190539942,0.06940809460057551,0.06940809460057551,0.1775633540732426
0.094509,0.0251043487709115,0.0694046512290885,0.0694046512290885,73.43708128924379
0.094496,0.0251043487709115,0.0693916512290885,0.0693916512290885,73.43342697643823
0.094489,0.0251043487709115,0.0693846512290885,0.0693846512290885,73.43145885304855
16.39894,16.468317533821406,-0.06937753382140599,0.06937753382140599,0.42306108700308026
16.398951,16.468317533821406,-0.06936653382140534,0.06936653382140534,0.4229937257632049
0.094467,0.0251043487709115,0.0693626512290885,0.0693626512290885,73.42527142352698
16.398975,16.468317533821406,-0.06934253382140554,0.06934253382140554,0.4228467560989799
0.094418,0.0251043487709115,0.0693136512290885,0.0693136512290885,73.41147996746068
39.089094,39.01979190539942,0.06930209460058023,0.06930209460058023,0.17729266019929482
16.399036,16.468317533821406,-0.06928153382140678,0.06928153382140678,0.4224732101385979
0.094382,0.0251043487709115,0.0692776512290885,0.0692776512290885,73.40133834384433
0.094369,0.0251043487709115,0.0692646512290885,0.0692646512290885,73.39767418928973
16.399077,16.468317533821406,-0.06924053382140727,0.06924053382140727,0.42222213982521734
39.088975,39.01979190539942,0.06918309460057515,0.06918309460057515,0.17698876627079158
39.088906,39.01979190539942,0.06911409460057882,0.06911409460057882,0.1768125580194084
3.319815,3.2507171845609015,0.06909781543909865,0.06909781543909865,2.081375481375235
16.399276,16.468317533821406,-0.06904153382140521,0.06904153382140521,0.4210035480894657
16.399292,16.468317533821406,-0.06902553382140653,0.06902553382140653,0.4209055721490027
16.39938,16.468317533821406,-0.06893753382140488,0.06893753382140488,0.42036670789374064
16.399387,16.468317533821406,-0.0689305338214048,0.0689305338214048,0.42032384393992583
16.399444,16.468317533821406,-0.0688735338214066,0.0688735338214066,0.4199748102495831
39.088655,39.01979190539942,0.06886309460058015,0.06886309460058015,0.1761715633357146
16.399464,16.468317533821406,-0.06885353382140735,0.06885353382140735,0.4198523428630809
39.088597,39.01979190539942,0.06880509460057738,0.06880509460057738,0.17602344387137084
16.399532,16.468317533821406,-0.06878553382140495,0.06878553382140495,0.4194359559832898
16.39955,16.468317533821406,-0.06876753382140421,0.06876753382140421,0.419325736504873
16.399551,16.468317533821406,-0.06876653382140674,0.06876653382140674,0.41931961320762645
16.399559,16.468317533821406,-0.06875853382140562,0.06875853382140562,0.4192706268564073
39.088539,39.01979190539942,0.0687470946005746,0.0687470946005746,0.17587532396746455
16.39962,16.468317533821406,-0.06869753382140686,0.06869753382140686,0.41889710749997855
16.399649,16.468317533821406,-0.06866853382140548,0.06866853382140548,0.4187195336984759
39.088421,39.01979190539942,0.06862909460057409,0.06862909460057409,0.17557397521992132
39.088334,39.01979190539942,0.06854209460058058,0.06854209460058058,0.17535179319846486
16.399831,16.468317533821406,-0.06848653382140668,0.06848653382140668,0.41760511935146827
16.399835,16.468317533821406,-0.06848253382140612,0.06848253382140612,0.41758062700623844
16.399903,16.468317533821406,-0.06841453382140728,0.06841453382140728,0.4171642589653739
39.088204,39.01979190539942,0.06841209460057485,0.06841209460057485,0.17501979523131794
39.0882,39.01979190539942,0.06840809460057784,0.06840809460057784,0.17500957987424037
39.088178,39.01979190539942,0.06838609460057654,0.06838609460057654,0.1749533953728966
39.088169,39.01979190539942,0.06837709460057795,0.06837709460057795,0.17493041078594143
16.399968,16.468317533821406,-0.0683495338214044,0.0683495338214044,0.4167662633304385
39.088118,39.01979190539942,0.06832609460057881,0.06832609460057881,0.17480016459325057
39.087899,39.01979190539942,0.06810709460057751,0.06810709460057751,0.17424086825542418
16.400214,16.468317533821406,-0.06810353382140732,0.06810353382140732,0.4152600314910042
39.087876,39.01979190539942,0.06808409460057874,0.06808409460057874,0.17418212900697022
39.087867,39.01979190539942,0.06807509460058014,0.06807509460058014,0.17415914406484748
39.087791,39.01979190539942,0.06799909460058018,0.06799909460058018,0.1739650485759254
16.400376,16.468317533821406,-0.06794153382140422,0.06794153382140422,0.4142681473948522
16.400415,16.468317533821406,-0.06790253382140676,0.06790253382140676,0.41402936340935736
16.400474,16.468317533821406,-0.06784353382140651,0.06784353382140651,0.4136681282564934
39.087602,39.01979190539942,0.06781009460057419,0.06781009460057419,0.1734823604691859
16.400521,16.468317533821406,-0.06779653382140438,0.06779653382140438,0.41338036652000876
0.092812,0.0251043487709115,0.0677076512290885,0.0677076512290885,72.95139761683522
16.400615,16.468317533821406,-0.06770253382140723,0.06770253382140723,0.4128048479949955
39.087449,39.01979190539942,0.06765709460057678,0.06765709460057678,0.17309160953533625
39.087419,39.01979190539942,0.06762709460057437,0.06762709460057437,0.1730149913464518
16.400695,16.468317533821406,-0.0676225338214067,0.0676225338214067,0.41231505019143644
39.087392,39.01979190539942,0.06760009460057859,0.06760009460057859,0.17294603487591506
39.087269,39.01979190539942,0.06747709460057649,0.06747709460057649,0.1726318986379014
3.31818,3.2507171845609015,0.06746281543909838,0.06746281543909838,2.0331270587209027
39.087134,39.01979190539942,0.06734209460057627,0.06734209460057627,0.17228711268624602
16.40107,16.468317533821406,-0.06724753382140491,0.06724753382140491,0.4100191866810818
3.317665,3.2507171845609015,0.06694781543909833,0.06694781543909833,2.017919694637054
3.317626,3.2507171845609015,0.06690881543909866,0.06690881543909866,2.0167678767010475
39.086619,39.01979190539942,0.06682709460057623,0.06682709460057623,0.1709717962569371
39.086591,39.01979190539942,0.06679909460057587,0.06679909460057587,0.17090028291391535
39.086572,39.01979190539942,0.0667800946005741,0.0667800946005741,0.17085175594422364
39.086524,39.01979190539942,0.0667320946005745,0.0667320946005745,0.17072916128434387
39.08652,39.01979190539942,0.06672809460057749,0.06672809460057749,0.1707189450491033
17.421066,17.4877815469272,-0.06671554692719894,0.06671554692719894,0.382959038940648
3.317363,3.2507171845609015,0.06664581543909831,0.06664581543909831,2.0089997819680665
39.086383,39.01979190539942,0.06659109460057522,0.06659109460057522,0.17036903772959716
3.317258,3.2507171845609015,0.06654081543909829,0.06654081543909829,2.0058981073251583
16.401979,16.468317533821406,-0.06633853382140487,0.06633853382140487,0.4044544491917738
39.085954,39.01979190539942,0.06616209460057831,0.06616209460057831,0.16927332667998593
16.402213,16.468317533821406,-0.06610453382140591,0.06610453382140591,0.4030220423366219
39.085888,39.01979190539942,0.06609609460057442,0.06609609460057442,0.16910475361441274
39.085881,39.01979190539942,0.06608909460057788,0.06608909460057788,0.16908687461953023
39.085843,39.01979190539942,0.06605109460057434,0.06605109460057434,0.16898981710693908
39.08578,39.01979190539942,0.06598809460057709,0.06598809460057709,0.1688289055518612
39.085706,39.01979190539942,0.06591409460057918,0.06591409460057918,0.16863989766594092
16.402444,16.468317533821406,-0.06587353382140648,0.06587353382140648,0.40160803975922665
39.085646,39.01979190539942,0.06585409460057434,0.06585409460057434,0.16848664750329534
39.085637,39.01979190539942,0.06584509460057575,0.06584509460057575,0.16846365993832282
16.402487,16.468317533821406,-0.06583053382140491,0.06583053382140491,0.401344831555139
16.40251,16.468317533821406,-0.06580753382140614,0.06580753382140614,0.4012040463380601
16.40253,16.468317533821406,-0.0657875338214069,0.0657875338214069,0.4010816247310984
39.085209,39.01979190539942,0.06541709460057632,0.06541709460057632,0.16737046129242636
17.422375,17.4877815469272,-0.06540654692719983,0.06540654692719983,0.3754169390041508
39.08514,39.01979190539942,0.06534809460058,0.06534809460058,0.16719421908278387
39.084964,39.01979190539942,0.06517209460057671,0.06517209460057671,0.16674467091848919
39.084918,39.01979190539942,0.06512609460057917,0.06512609460057917,0.1666271747081893
39.084881,39.01979190539942,0.06508909460058021,0.06508909460058021,0.16653266668616357
39.084746,39.01979190539942,0.06495409460057999,0.06495409460057999,0.1661878386018264
39.084721,39.01979190539942,0.06492909460057916,0.06492909460057916,0.16612398128775957
39.084608,39.01979190539942,0.06481609460058024,0.06481609460058024,0.16583534520907667
39.084461,39.01979190539942,0.0646690946005748,0.0646690946005748,0.16545986037880717
39.084218,39.01979190539942,0.06442609460057724,0.06442609460057724,0.16483915477191435
39.084187,39.01979190539942,0.06439509460057735,0.06439509460057735,0.16475996955088917
39.084166,39.01979190539942,0.06437409460058063,0.06437409460058063,0.16470632787818965
39.083763,39.01979190539942,0.06397109460057493,0.06397109460057493,0.16367690746771557
7.460728,7.396914578703267,0.06381342129673229,0.06381342129673229,0.8553243235228113
39.083359,39.01979190539942,0.06356709460057886,0.06356709460057886,0.16264491135579265
39.082872,39.01979190539942,0.06308009460057917,0.06308009460057917,0.16140086787996996
39.082842,39.01979190539942,0.06305009460057676,0.06305009460057676,0.16132423174449656
7.459723,7.396914578703267,0.06280842129673303,0.06280842129673303,0.8419672056977325
17.425047,17.4877815469272,-0.06273454692719937,0.06273454692719937,0.3600251231852594
39.082492,39.01979190539942,0.06270009460057935,0.06270009460057935,0.16043013480414428
39.082401,39.01979190539942,0.06260909460057462,0.06260909460057462,0.16019766697653612
39.082245,39.01979190539942,0.062453094600577685,0.062453094600577685,0.1597991481820399
39.081867,39.01979190539942,0.062075094600579916,0.062075094600579916,0.1588334932935038
39.081714,39.01979190539942,0.061922094600575406,0.061922094600575406,0.15844262767087688
39.081385,39.01979190539942,0.061593094600574716,0.061593094600574716,0.1576021284824402
3.312273,3.2507171845609015,0.06155581543909827,0.06155581543909827,1.858416122017716
7.458219,7.396914578703267,0.061304421296732414,0.061304421296732414,0.8219713217848719
3.310204,3.2507171845609015,0.05948681543909862,0.05948681543909862,1.7970740001915755
17.42848,17.4877815469272,-0.059301546927198245,0.059301546927198245,0.3402565624016437
1.198166,1.2571285493967412,-0.05896254939674117,0.05896254939674117,4.921066813097693
1.198213,1.2571285493967412,-0.05891554939674126,0.05891554939674126,4.916951275927095
1.198221,1.2571285493967412,-0.058907549396741254,0.058907549396741254,4.91625079111658
1.198281,1.2571285493967412,-0.058847549396741305,0.058847549396741305,4.91099745317086
1.198289,1.2571285493967412,-0.0588395493967413,0.0588395493967413,4.9102970478599905
1.198299,1.2571285493967412,-0.05882954939674123,0.05882954939674123,4.909421554372641
1.198309,1.2571285493967412,-0.058819549396741166,0.058819549396741166,4.90854607549744
1.19832,1.2571285493967412,-0.05880854939674118,0.05880854939674118,4.907583065611322
1.198348,1.2571285493967412,-0.058780549396741266,0.058780549396741266,4.905131847496398
1.198352,1.2571285493967412,-0.05877654939674115,0.05877654939674115,4.904781682830785
1.198352,1.2571285493967412,-0.05877654939674115,0.05877654939674115,4.904781682830785
1.198361,1.2571285493967412,-0.058767549396741225,0.058767549396741225,4.903993820880121
1.198363,1.2571285493967412,-0.05876554939674117,0.05876554939674117,4.903818742053731
1.198375,1.2571285493967412,-0.05875354939674127,0.05875354939674127,4.90276828136756
1.198375,1.2571285493967412,-0.05875354939674127,0.05875354939674127,4.90276828136756
1.198389,1.2571285493967412,-0.05873954939674131,0.05873954939674131,4.901542770489363
1.198402,1.2571285493967412,-0.05872654939674127,0.05872654939674127,4.900404821741024
1.198404,1.2571285493967412,-0.05872454939674121,0.05872454939674121,4.900229754894091
1.198414,1.2571285493967412,-0.058714549396741145,0.058714549396741145,4.899354429424371
1.198422,1.2571285493967412,-0.05870654939674114,0.05870654939674114,4.8986541795663365
1.198436,1.2571285493967412,-0.05869254939674118,0.05869254939674118,4.897428764810448
1.198445,1.2571285493967412,-0.05868354939674125,0.05868354939674125,4.896641013300119
1.198453,1.2571285493967412,-0.058675549396741244,0.058675549396741244,4.895940799668014
1.19849,1.2571285493967412,-0.05863854939674118,0.05863854939674118,4.892702433215836
1.198494,1.2571285493967412,-0.05863454939674129,0.05863454939674129,4.892352351521905
1.198514,1.2571285493967412,-0.058614549396741156,0.058614549396741156,4.890601978103764
1.198549,1.2571285493967412,-0.05857954939674115,0.05857954939674115,4.887538965186539
1.198555,1.2571285493967412,-0.0585735493967412,0.0585735493967412,4.887013895220009
1.198569,1.2571285493967412,-0.05855954939674124,0.05855954939674124,4.885788752408534
1.198578,1.2571285493967412,-0.058550549396741314,0.058550549396741314,4.8850011757145815
1.198606,1.2571285493967412,-0.058522549396741175,0.058522549396741175,4.882551012748027
1.198623,1.2571285493967412,-0.05850554939674124,0.05850554939674124,4.8810634696531086
1.198627,1.2571285493967412,-0.058501549396741126,0.058501549396741126,4.88071346564531
1.198639,1.2571285493967412,-0.058489549396741225,0.058489549396741225,4.87966346763801
1.198653,1.2571285493967412,-0.058475549396741267,0.058475549396741267,4.878438496534262
1.19868,1.2571285493967412,-0.05844854939674127,0.05844854939674127,4.876076133068475
1.198682,1.2571285493967412,-0.05844654939674121,0.05844654939674121,4.8759011474156875
1.198692,1.2571285493967412,-0.058436549396741144,0.058436549396741144,4.875026227910598
1.198696,1.2571285493967412,-0.05843254939674125,0.05843254939674125,4.874676264195974
1.198713,1.2571285493967412,-0.05841554939674132,0.05841554939674132,4.873188944465284
1.198727,1.2571285493967412,-0.05840154939674114,0.05840154939674114,4.871964124597942
1.198731,1.2571285493967412,-0.058397549396741244,0.058397549396741244,4.871614181319214
1.198785,1.2571285493967412,-0.058343549396741246,0.058343549396741246,4.866890175625684
1.198813,1.2571285493967412,-0.05831554939674133,0.05831554939674133,4.864440858739178
3.308536,3.2507171845609015,0.057818815439098614,0.057818815439098614,1.7475649482838043
3.307863,3.2507171845609015,0.05714581543909869,0.05714581543909869,1.7275750367343239
3.307649,3.2507171845609015,0.05693181543909853,0.05693181543909853,1.721216956133414
3.307459,3.2507171845609015,0.05674181543909862,0.05674181543909862,1.7155712417714943
3.307325,3.2507171845609015,0.05660781543909854,0.05660781543909854,1.711589137365906
3.307284,3.2507171845609015,0.05656681543909858,0.05656681543909858,1.7103706678164985
3.307167,3.2507171845609015,0.05644981543909866,0.05644981543909866,1.7068934056668976
3.307152,3.2507171845609015,0.05643481543909834,0.05643481543909834,1.706447585033645
3.306972,3.2507171845609015,0.05625481543909849,0.05625481543909849,1.7010974219738602
3.306916,3.2507171845609015,0.05619881543909866,0.05619881543909866,1.6994328080120338
3.306911,3.2507171845609015,0.056193815439098405,0.056193815439098405,1.6992841790238418
3.306875,3.2507171845609015,0.05615781543909826,0.05615781543909826,1.6982140370410144
3.306612,3.2507171845609015,0.055894815439098355,0.055894815439098355,1.6903953483930974
1.202631,1.2571285493967412,-0.05449754939674123,0.05449754939674123,4.531527076236161
1.2027,1.2571285493967412,-0.05442854939674113,0.05442854939674113,4.525530006835919
1.2027,1.2571285493967412,-0.05442854939674113,0.05442854939674113,4.525530006835919
1.202723,1.2571285493967412,-0.05440554939674125,0.05440554939674125,4.523531136613976
1.202803,1.2571285493967412,-0.05432554939674117,0.05432554939674117,4.516579139911073
1.202838,1.2571285493967412,-0.05429054939674116,0.05429054939674116,4.513537932142784
1.202848,1.2571285493967412,-0.05428054939674132,0.05428054939674132,4.51266904814479
1.202854,1.2571285493967412,-0.054274549396741145,0.054274549396741145,4.512147724680551
1.202862,1.2571285493967412,-0.05426654939674114,0.05426654939674114,4.511452634818432
1.20287,1.2571285493967412,-0.05425854939674113,0.05425854939674113,4.510757554202064
1.202874,1.2571285493967412,-0.054254549396741236,0.054254549396741236,4.510410017360989
1.202885,1.2571285493967412,-0.05424354939674125,0.05424354939674125,4.509454302965936
1.202887,1.2571285493967412,-0.054241549396741195,0.054241549396741195,4.509280538590234
1.202895,1.2571285493967412,-0.05423354939674119,0.05423354939674119,4.508585486865653
1.202897,1.2571285493967412,-0.05423154939674113,0.05423154939674113,4.50841172537904
1.202921,1.2571285493967412,-0.05420754939674133,0.05420754939674133,4.506326632608044
1.202921,1.2571285493967412,-0.05420754939674133,0.05420754939674133,4.506326632608044
1.202928,1.2571285493967412,-0.05420054939674124,0.05420054939674124,4.505718496222178
1.20293,1.2571285493967412,-0.05419854939674118,0.05419854939674118,4.505544744269046
1.202936,1.2571285493967412,-0.05419254939674123,0.05419254939674123,4.505023491876227
1.202936,1.2571285493967412,-0.05419254939674123,0.05419254939674123,4.505023491876227
1.202938,1.2571285493967412,-0.05419054939674117,0.05419054939674117,4.504849742234123
1.20294,1.2571285493967412,-0.05418854939674134,0.05418854939674134,4.504675993169789
1.202944,1.2571285493967412,-0.05418454939674122,0.05418454939674122,4.504328496774321
1.202948,1.2571285493967412,-0.05418054939674133,0.05418054939674133,4.503981002689838
1.202952,1.2571285493967412,-0.054176549396741214,0.054176549396741214,4.503633510916277
1.202952,1.2571285493967412,-0.054176549396741214,0.054176549396741214,4.503633510916277
1.202954,1.2571285493967412,-0.054174549396741156,0.054174549396741156,4.5034597658960935
1.202965,1.2571285493967412,-0.05416354939674117,0.05416354939674117,4.502504178611902
1.202973,1.2571285493967412,-0.054155549396741165,0.054155549396741165,4.501809217018117
1.202977,1.2571285493967412,-0.05415154939674127,0.05415154939674127,4.501461739687443
1.202985,1.2571285493967412,-0.054143549396741264,0.054143549396741264,4.5007667919583785
1.202985,1.2571285493967412,-0.054143549396741264,0.054143549396741264,4.5007667919583785
1.202997,1.2571285493967412,-0.05413154939674114,0.05413154939674114,4.499724387695182
1.203001,1.2571285493967412,-0.05412754939674125,0.05412754939674125,4.499376924228813
1.203001,1.2571285493967412,-0.05412754939674125,0.05412754939674125,4.499376924228813
1.203028,1.2571285493967412,-0.05410054939674125,0.05410054939674125,4.497031606267203
1.20303,1.2571285493967412,-0.05409854939674119,0.05409854939674119,4.496857883198618
1.203044,1.2571285493967412,-0.05408454939674123,0.05408454939674123,4.4956418378916805
1.203055,1.2571285493967412,-0.05407354939674125,0.05407354939674125,4.4946863935769
1.203063,1.2571285493967412,-0.05406554939674124,0.05406554939674124,4.493991535958404
1.203083,1.2571285493967412,-0.05404554939674133,0.05404554939674133,4.4922544323416655
1.203092,1.2571285493967412,-0.054036549396741185,0.054036549396741185,4.491472754556568
1.2031,1.2571285493967412,-0.05402854939674118,0.05402854939674118,4.490777939676701
1.20311,1.2571285493967412,-0.05401854939674133,0.05401854939674133,4.489909434070985
1.20311,1.2571285493967412,-0.05401854939674133,0.05401854939674133,4.489909434070985
1.203114,1.2571285493967412,-0.05401454939674122,0.05401454939674122,4.489562035871219
1.20312,1.2571285493967412,-0.05400854939674127,0.05400854939674127,4.489040942902805
1.203134,1.2571285493967412,-0.05399454939674131,0.05399454939674131,4.487825079521772
3.304682,3.2507171845609015,0.05396481543909859,0.05396481543909859,1.6329805844394591
1.203169,1.2571285493967412,-0.0539595493967413,0.0539595493967413,4.484785544861655
1.203173,1.2571285493967412,-0.05395554939674119,0.05395554939674119,4.484438180731844
1.203181,1.2571285493967412,-0.05394754939674118,0.05394754939674118,4.483743459401158
1.203184,1.2571285493967412,-0.053944549396741204,0.053944549396741204,4.4834829412839365
1.203198,1.2571285493967412,-0.053930549396741245,0.053930549396741245,4.4822672072476
1.203217,1.2571285493967412,-0.053911549396741254,0.053911549396741254,4.480617327735615
1.203272,1.2571285493967412,-0.05385654939674134,0.05385654939674134,4.4758416544443405
0.126476,0.07273625590857868,0.05373974409142132,0.05373974409142132,42.490072463496034
0.126469,0.07273625590857868,0.053732744091421314,0.053732744091421314,42.486889315907
0.126459,0.07273625590857868,0.053722744091421304,0.053722744091421304,42.482341350903425
0.126443,0.07273625590857868,0.053706744091421316,0.053706744091421316,42.47506311060814
1.203425,1.2571285493967412,-0.05370354939674127,0.05370354939674127,4.462558895841346
0.126396,0.07273625590857868,0.053659744091421324,0.053659744091421324,42.45367262331691
0.126395,0.07273625590857868,0.05365874409142132,0.05365874409142132,42.45321733373005
0.126326,0.07273625590857868,0.05358974409142131,0.05358974409142131,42.421784944508275
0.125974,0.07273625590857868,0.05323774409142132,0.05323774409142132,42.26089831962184
0.125955,0.07273625590857868,0.05321874409142133,0.05321874409142133,42.25218851904977
0.125942,0.07273625590857868,0.053205744091421314,0.053205744091421314,42.24622766763675
0.125941,0.07273625590857868,0.05320474409142131,0.05320474409142131,42.245769089633676
0.125939,0.07273625590857868,0.05320274409142131,0.05320274409142131,42.244851911779875
0.125937,0.07273625590857868,0.05320074409142131,0.05320074409142131,42.24393470479475
0.125929,0.07273625590857868,0.05319274409142133,0.05319274409142133,42.240265585513306
0.125923,0.07273625590857868,0.05318674409142132,0.05318674409142132,42.2375134401053
0.125921,0.07273625590857868,0.05318474409142132,0.05318474409142132,42.23659600001963
0.125908,0.07273625590857868,0.05317174409142131,0.05317174409142131,42.23063192902014
0.125906,0.07273625590857868,0.053169744091421306,0.053169744091421306,42.22971427032198
0.125905,0.07273625590857868,0.053168744091421305,0.053168744091421305,42.229255430040155
0.125904,0.07273625590857868,0.053167744091421304,0.053167744091421304,42.228796582469585
0.125899,0.07273625590857868,0.05316274409142133,0.05316274409142133,42.226502235279725
0.125897,0.07273625590857868,0.053160744091421325,0.053160744091421325,42.22558444537656
0.125896,0.07273625590857868,0.053159744091421324,0.053159744091421324,42.22512553948989
0.125893,0.07273625590857868,0.05315674409142132,0.05315674409142132,42.2237487780874
0.125891,0.07273625590857868,0.05315474409142132,0.05315474409142132,42.222830900698604
0.125888,0.07273625590857868,0.053151744091421316,0.053151744091421316,42.22145402993125
0.125886,0.07273625590857868,0.053149744091421314,0.053149744091421314,42.22053607962821
0.125885,0.07273625590857868,0.05314874409142131,0.05314874409142131,42.220077093538734
0.125883,0.07273625590857868,0.05314674409142131,0.05314674409142131,42.21915909948297
0.12588,0.07273625590857868,0.05314374409142131,0.05314374409142131,42.21778205370474
0.125876,0.07273625590857868,0.053139744091421304,0.053139744091421304,42.21594589056322
0.125875,0.07273625590857868,0.0531387440914213,0.0531387440914213,42.21548683154385
0.125874,0.07273625590857868,0.05313774409142133,0.05313774409142133,42.21502776523054
0.125872,0.07273625590857868,0.05313574409142133,0.05313574409142133,42.21410961072137
0.125869,0.07273625590857868,0.053132744091421324,0.053132744091421324,42.21273232424869
0.125857,0.07273625590857868,0.05312074409142131,0.05312074409142131,42.20722252176207
0.125854,0.07273625590857868,0.05311774409142131,0.05311774409142131,42.20584490696797
0.125853,0.07273625590857868,0.05311674409142131,0.05311674409142131,42.20538568744164
0.125846,0.07273625590857868,0.05310974409142133,0.05310974409142133,42.202170946410014
0.125846,0.07273625590857868,0.05310974409142133,0.05310974409142133,42.202170946410014
0.125846,0.07273625590857868,0.05310974409142133,0.05310974409142133,42.202170946410014
0.125841,0.07273625590857868,0.053104744091421324,0.053104744091421324,42.19987448384981
0.12584,0.07273625590857868,0.05310374409142132,0.05310374409142132,42.19941516943889
0.125838,0.07273625590857868,0.05310174409142132,0.05310174409142132,42.19849651871678
3.30381,3.2507171845609015,0.053092815439098384,0.053092815439098384,1.607017819956092
0.125825,0.07273625590857868,0.05308874409142131,0.05308874409142131,42.19252457717368
0.125812,0.07273625590857868,0.05307574409142132,0.05307574409142132,42.186551401483776
0.125812,0.07273625590857868,0.05307574409142132,0.05307574409142132,42.186551401483776
0.125807,0.07273625590857868,0.05307074409142132,0.05307074409142132,42.18425369751847
0.125807,0.07273625590857868,0.05307074409142132,0.05307074409142132,42.18425369751847
0.125788,0.07273625590857868,0.05305174409142133,0.05305174409142133,42.175520756547364
0.12578,0.07273625590857868,0.05304374409142132,0.05304374409142132,42.17184293945736
0.125632,0.07273625590857868,0.05289574409142131,0.05289574409142131,42.10371883701413
0.125589,0.07273625590857868,0.05285274409142132,0.05285274409142132,42.08389592188601
0.125573,0.07273625590857868,0.052836744091421306,0.052836744091421306,42.07651648789532
0.12557,0.07273625590857868,0.0528337440914213,0.0528337440914213,42.07513263466288
0.125554,0.07273625590857868,0.052817744091421315,0.052817744091421315,42.06775096719623
0.125545,0.07273625590857868,0.052808744091421306,0.052808744091421306,42.063597952413645
0.125544,0.07273625590857868,0.052807744091421305,0.052807744091421305,42.06313646957096
0.125539,0.07273625590857868,0.05280274409142133,0.05280274409142133,42.06082894507722
0.125535,0.07273625590857868,0.052798744091421324,0.052798744091421324,42.05898279313524
0.125532,0.07273625590857868,0.05279574409142132,0.05279574409142132,42.057598101969
0.125497,0.07273625590857868,0.05276074409142131,0.05276074409142131,42.04143848010699
0.125486,0.07273625590857868,0.0527497440914213,0.0527497440914213,42.03635788007025
0.125465,0.07273625590857868,0.05272874409142131,0.05272874409142131,42.02665607890221
0.125439,0.07273625590857868,0.05270274409142131,0.05270274409142131,42.014639824461824
0.125433,0.07273625590857868,0.052696744091421305,0.052696744091421305,42.011866135235095
0.125369,0.07273625590857868,0.052632744091421324,0.052632744091421324,41.98226359741169
0.125199,0.07273625590857868,0.05246274409142132,0.05246274409142132,41.90348489166673
0.125044,0.07273625590857868,0.052307744091421304,0.052307744091421304,41.831470562034035
0.125038,0.07273625590857868,0.052301744091421326,0.052301744091421326,41.82867932116048
0.125036,0.07273625590857868,0.052299744091421324,0.052299744091421324,41.82774884800663
0.125034,0.07273625590857868,0.05229774409142132,0.05229774409142132,41.826818345085734
0.125017,0.07273625590857868,0.052280744091421305,0.052280744091421305,41.81890786821184
0.125007,0.07273625590857868,0.05227074409142132,0.05227074409142132,41.81425364148173
0.125002,0.07273625590857868,0.05226574409142132,0.05226574409142132,41.81192624886753
0.125,0.07273625590857868,0.052263744091421316,0.052263744091421316,41.81099523968825
0.124996,0.07273625590857868,0.05225974409142131,0.05225974409142131,41.80913313194996
0.124995,0.07273625590857868,0.05225874409142131,0.05225874409142131,41.808667586393575
0.124994,0.07273625590857868,0.05225774409142131,0.05225774409142131,41.80820203338809
0.124994,0.07273625590857868,0.05225774409142131,0.05225774409142131,41.80820203338809
0.124987,0.07273625590857868,0.05225074409142132,0.05225074409142132,41.804942953760296
0.124986,0.07273625590857868,0.052249744091421316,0.052249744091421316,41.80447734115568
0.124983,0.07273625590857868,0.05224674409142131,0.05224674409142131,41.80308045863696
0.12498,0.07273625590857868,0.05224374409142131,0.05224374409142131,41.801683509057156
0.124977,0.07273625590857868,0.05224074409142132,0.05224074409142132,41.80028649241143
0.124962,0.07273625590857868,0.05222574409142132,0.05222574409142132,41.793300403024936
0.124961,0.07273625590857868,0.05222474409142132,0.05222474409142132,41.79283460409927
0.124959,0.07273625590857868,0.052222744091421316,0.052222744091421316,41.791902983882245
0.124949,0.07273625590857868,0.05221274409142132,0.05221274409142132,41.78724443543692
0.124927,0.07273625590857868,0.05219074409142131,0.05219074409142131,41.77699300362958
3.302317,3.2507171845609015,0.05159981543909842,0.05159981543909842,1.5625336827910792
3.301068,3.2507171845609015,0.05035081543909836,0.05035081543909836,1.5252886471158145
17.438231,17.4877815469272,-0.0495505469272004,0.0495505469272004,0.28414893074255215
3.299284,3.2507171845609015,0.048566815439098576,0.048566815439098576,1.472041068232578
17.439823,17.4877815469272,-0.04795854692719814,0.04795854692719814,0.2749944591004344
0.154114,0.10813330661120091,0.04598069338879909,0.04598069338879909,29.835507065525253
3.29665,3.2507171845609015,0.04593281543909855,0.04593281543909855,1.3933179269168772
0.154011,0.10813330661120091,0.0458776933887991,0.0458776933887991,29.788582217510772
17.441988,17.4877815469272,-0.04579354692720017,0.04579354692720017,0.26254774929863284
0.153719,0.10813330661120091,0.04558569338879909,0.04558569338879909,29.65521071509955
7.26049,7.214969997849847,0.04552000215015273,0.04552000215015273,0.626954959644952
7.260389,7.214969997849847,0.04541900215015282,0.04541900215015282,0.6255725712427701
0.153537,0.10813330661120091,0.0454036933887991,0.0454036933887991,29.571825266370492
3.296119,3.2507171845609015,0.04540181543909849,0.04540181543909849,1.377432533161608
3.296071,3.2507171845609015,0.045353815439098444,0.045353815439098444,1.3759963131171158
3.295945,3.2507171845609015,0.045227815439098595,0.045227815439098595,1.372226036469855
7.260142,7.214969997849847,0.045172002150152935,0.045172002150152935,0.6221917167671203
7.260072,7.214969997849847,0.04510200215015292,0.04510200215015292,0.6212335380355964
7.260029,7.214969997849847,0.04505900215015313,0.04505900215015313,0.6206449333677935
7.260021,7.214969997849847,0.0450510021501529,0.0450510021501529,0.6205354247533493
7.259994,7.214969997849847,0.045024002150152675,0.045024002150152675,0.6201658313978291
7.259939,7.214969997849847,0.04496900215015298,0.04496900215015298,0.6194129475403798
7.259937,7.214969997849847,0.0449670021501527,0.0449670021501527,0.6193855697306094
0.153095,0.10813330661120091,0.0449616933887991,0.0449616933887991,29.368492347516646
7.259922,7.214969997849847,0.04495200215015327,0.04495200215015327,0.6191802356765552
0.153083,0.10813330661120091,0.04494969338879909,0.04494969338879909,29.362955625011356
0.153082,0.10813330661120091,0.04494869338879909,0.04494869338879909,29.362494192286874
7.259898,7.214969997849847,0.04492800215015258,0.04492800215015258,0.6188516994251673
0.15303,0.10813330661120091,0.04489669338879909,0.04489669338879909,29.338491380422532
3.295581,3.2507171845609015,0.04486381543909834,0.04486381543909834,1.3613325067032798
0.152964,0.10813330661120091,0.04483069338879908,0.04483069338879908,29.308002771561338
7.259736,7.214969997849847,0.04476600215015303,0.04476600215015303,0.6166340229112517
7.259699,7.214969997849847,0.044729002150153185,0.044729002150153185,0.6161275026628109
7.259679,7.214969997849847,0.044709002150153054,0.044709002150153054,0.6158537057841978
3.295398,3.2507171845609015,0.04468081543909852,0.04468081543909852,1.3558549054694657
7.259634,7.214969997849847,0.04466400215015298,0.04466400215015298,0.6152376572915074
7.259615,7.214969997849847,0.04464500215015299,0.04464500215015299,0.6149775456348306
7.259538,7.214969997849847,0.044568002150152886,0.044568002150152886,0.6139233949810436
7.259525,7.214969997849847,0.044555002150152845,0.044555002150152845,0.6137454192876132
7.259494,7.214969997849847,0.04452400215015295,0.04452400215015295,0.6133210131386517
7.259468,7.214969997849847,0.04449800215015287,0.04449800215015287,0.6129650567994777
3.295209,3.2507171845609015,0.0444918154390983,0.0444918154390983,1.3501970721052323
7.259457,7.214969997849847,0.04448700215015311,0.04448700215015311,0.6128144591191916
7.259431,7.214969997849847,0.04446100215015303,0.04446100215015303,0.6124584991515253
3.295171,3.2507171845609015,0.04445381543909832,0.04445381543909832,1.3490594399425482
7.259386,7.214969997849847,0.044416002150152956,0.044416002150152956,0.6118424085665249
7.259367,7.214969997849847,0.044397002150152964,0.044397002150152964,0.6115822791373047
7.259349,7.214969997849847,0.04437900215015311,0.04437900215015311,0.6113358394746109
7.259341,7.214969997849847,0.04437100215015288,0.04437100215015288,0.6112263103433446
7.259318,7.214969997849847,0.04434800215015322,0.04434800215015322,0.6109114127462429
0.152414,0.10813330661120091,0.044280693388799086,0.044280693388799086,29.052904168741833
7.259165,7.214969997849847,0.04419500215015315,0.04419500215015315,0.608816608377745
0.152323,0.10813330661120091,0.04418969338879908,0.04418969338879908,29.010519330494123
7.259056,7.214969997849847,0.044086002150153014,0.044086002150153014,0.6073241775452027
7.259046,7.214969997849847,0.044076002150152505,0.044076002150152505,0.6071872550407494
7.259034,7.214969997849847,0.044064002150152604,0.044064002150152604,0.607022947537449
7.259011,7.214969997849847,0.04404100215015294,0.04404100215015294,0.6067080233043625
3.294756,3.2507171845609015,0.04403881543909849,0.04403881543909849,1.3366335910083131
7.259007,7.214969997849847,0.04403700215015327,0.04403700215015327,0.6066532536688092
7.258999,7.214969997849847,0.04402900215015304,0.04402900215015304,0.6065437142166089
7.258909,7.214969997849847,0.043939002150152895,0.043939002150152895,0.6053113787422818
7.258886,7.214969997849847,0.04391600215015323,0.04391600215015323,0.6049964436629565
7.258825,7.214969997849847,0.0438550021501527,0.0438550021501527,0.6041611713954881
7.258796,7.214969997849847,0.04382600215015309,0.04382600215015309,0.6037640698202473
0.151878,0.10813330661120091,0.043744693388799105,0.043744693388799105,28.802521339493918
7.2587,7.214969997849847,0.04373000215015299,0.04373000215015299,0.6024495040372317
7.258646,7.214969997849847,0.04367600215015255,0.04367600215015255,0.6017100455036771
7.258644,7.214969997849847,0.04367400215015316,0.04367400215015316,0.6016826579392993
3.294369,3.2507171845609015,0.043651815439098574,0.043651815439098574,1.3250432916826722
7.258612,7.214969997849847,0.043642002150153125,0.043642002150153125,0.6012444548565467
7.258513,7.214969997849847,0.04354300215015261,0.04354300215015261,0.5998887396020745
7.258507,7.214969997849847,0.04353700215015266,0.04353700215015266,0.5998065738526236
3.294203,3.2507171845609015,0.04348581543909846,0.04348581543909846,1.3200709075238652
0.057006,0.01352352862717332,0.04348247137282668,0.04348247137282668,76.27700820360957
0.056947,0.01352352862717332,0.04342347137282668,0.04342347137282668,76.2524299727365
7.258378,7.214969997849847,0.04340800215015328,0.04340800215015328,0.59803997738276
7.258339,7.214969997849847,0.04336900215015316,0.04336900215015316,0.5975058777160401
0.056891,0.01352352862717332,0.04336747137282668,0.04336747137282668,76.22905432598763
0.056883,0.01352352862717332,0.04335947137282668,0.04335947137282668,76.22571119069136
0.056873,0.01352352862717332,0.04334947137282668,0.04334947137282668,76.2215309489655
0.056834,0.01352352862717332,0.04331047137282668,0.04331047137282668,76.20521395048996
3.294002,3.2507171845609015,0.043284815439098345,0.043284815439098345,1.3140494583119346
0.056725,0.01352352862717332,0.04320147137282668,0.04320147137282668,76.15949104745206
0.056674,0.01352352862717332,0.04315047137282668,0.04315047137282668,76.13803736579145
0.056672,0.01352352862717332,0.04314847137282668,0.04314847137282668,76.13719525813362
0.056658,0.01352352862717332,0.04313447137282668,0.04313447137282668,76.13129883987324
0.056656,0.01352352862717332,0.04313247137282668,0.04313247137282668,76.13045625652397
0.151259,0.10813330661120091,0.0431256933887991,0.0431256933887991,28.511158582489593
0.05664,0.01352352862717332,0.04311647137282668,0.04311647137282668,76.1237134475688
0.056637,0.01352352862717332,0.04311347137282668,0.04311347137282668,76.12244874676313
0.151246,0.10813330661120091,0.043112693388799084,0.043112693388799084,28.50501392452962
0.056627,0.01352352862717332,0.04310347137282668,0.04310347137282668,76.11823210960928
0.056623,0.01352352862717332,0.04309947137282668,0.04309947137282668,76.11654503772343
0.056601,0.01352352862717332,0.04307747137282668,0.04307747137282668,76.10726188003642
0.056599,0.01352352862717332,0.043075471372826676,0.043075471372826676,76.10641759875662
0.05659,0.01352352862717332,0.04306647137282668,0.04306647137282668,76.10261759449384
0.056588,0.01352352862717332,0.04306447137282668,0.04306447137282668,76.10177298495248
0.151194,0.10813330661120091,0.04306069338879909,0.04306069338879909,28.480424726059674
0.056582,0.01352352862717332,0.04305847137282668,0.04305847137282668,76.09923879807614
0.056566,0.01352352862717332,0.04304247137282668,0.04304247137282668,76.09247833810805
0.056564,0.01352352862717332,0.04304047137282668,0.04304047137282668,76.09163301169481
0.056562,0.01352352862717332,0.04303847137282668,0.04303847137282668,76.09078762550104
0.056558,0.01352352862717332,0.04303447137282668,0.04303447137282668,76.08909667374655
0.056551,0.01352352862717332,0.04302747137282668,0.04302747137282668,76.0861369325751
0.056527,0.01352352862717332,0.04300347137282668,0.04300347137282668,76.07598368346224
0.056523,0.01352352862717332,0.04299947137282668,0.04299947137282668,76.07429063700155
0.056523,0.01352352862717332,0.04299947137282668,0.04299947137282668,76.07429063700155
0.056517,0.01352352862717332,0.04299347137282668,0.04299347137282668,76.07175061796437
0.0565,0.01352352862717332,0.04297647137282668,0.04297647137282668,76.06455096772058
0.056498,0.01352352862717332,0.04297447137282668,0.04297447137282668,76.06370366519695
0.056494,0.01352352862717332,0.04297047137282668,0.04297047137282668,76.06200888017254
0.056494,0.01352352862717332,0.04297047137282668,0.04297047137282668,76.06200888017254
0.05649,0.01352352862717332,0.04296647137282668,0.04296647137282668,76.06031385513606
0.056486,0.01352352862717332,0.04296247137282668,0.04296247137282668,76.05861859003657
0.056484,0.01352352862717332,0.04296047137282668,0.04296047137282668,76.05777086744726
0.056482,0.01352352862717332,0.04295847137282668,0.04295847137282668,76.05692308482304
7.25792,7.214969997849847,0.04295000215015321,0.04295000215015321,0.59176736791755
0.056461,0.01352352862717332,0.04293747137282668,0.04293747137282668,76.04801774105783
0.056461,0.01352352862717332,0.04293747137282668,0.04293747137282668,76.04801774105783
0.056459,0.01352352862717332,0.04293547137282668,0.04293547137282668,76.04716926757384
0.056459,0.01352352862717332,0.04293547137282668,0.04293547137282668,76.04716926757384
7.257899,7.214969997849847,0.04292900215015294,0.04292900215015294,0.5914797402052778
0.056439,0.01352352862717332,0.04291547137282668,0.04291547137282668,76.03868122537253
0.056437,0.01352352862717332,0.04291347137282668,0.04291347137282668,76.03783209027561
0.056435,0.01352352862717332,0.04291147137282668,0.04291147137282668,76.0369828949937
3.29353,3.2507171845609015,0.04281281543909854,0.04281281543909854,1.2999066484227753
3.293503,3.2507171845609015,0.04278581543909832,0.04278581543909832,1.2990975091809305
0.056281,0.01352352862717332,0.04275747137282668,0.04275747137282668,75.97141361535023
0.056259,0.01352352862717332,0.04273547137282668,0.04273547137282668,75.9620172716626
0.05623,0.01352352862717332,0.04270647137282668,0.04270647137282668,75.94961994820747
3.293385,3.2507171845609015,0.042667815439098256,0.042667815439098256,1.2955611153206412
0.150801,0.10813330661120091,0.04266769338879908,0.04266769338879908,28.29403874013106
3.293363,3.2507171845609015,0.04264581543909829,0.04264581543909829,1.2949017596239283
0.150773,0.10813330661120091,0.04263969338879908,0.04263969338879908,28.28072225167527
0.150768,0.10813330661120091,0.042634693388799105,0.042634693388799105,28.278343786825292
0.05615,0.01352352862717332,0.04262647137282668,0.04262647137282668,75.9153540461466
0.05614,0.01352352862717332,0.04261647137282668,0.04261647137282668,75.91106394178058
0.056138,0.01352352862717332,0.04261447137282668,0.04261447137282668,75.91020573749773
0.056129,0.01352352862717332,0.04260547137282668,0.04260547137282668,75.90634306137707
0.056123,0.01352352862717332,0.04259947137282668,0.04259947137282668,75.9037672557114
0.056115,0.01352352862717332,0.04259147137282668,0.04259147137282668,75.90033199131489
0.056109,0.01352352862717332,0.04258547137282668,0.04258547137282668,75.8977549001567
0.056097,0.01352352862717332,0.04257347137282668,0.04257347137282668,75.89259906400356
0.056097,0.01352352862717332,0.04257347137282668,0.04257347137282668,75.89259906400356
0.056095,0.01352352862717332,0.04257147137282668,0.04257147137282668,75.89173954351536
0.056093,0.01352352862717332,0.04256947137282668,0.04256947137282668,75.89087996173461
0.056076,0.01352352862717332,0.04255247137282668,0.04255247137282668,75.88357104098564
0.056076,0.01352352862717332,0.04255247137282668,0.04255247137282668,75.88357104098564
0.05607,0.01352352862717332,0.04254647137282668,0.04254647137282668,75.88099036373406
0.056056,0.01352352862717332,0.04253247137282668,0.04253247137282668,75.87496663506442
0.056048,0.01352352862717332,0.04252447137282668,0.04252447137282668,75.87152315328854
0.056044,0.01352352862717332,0.042520471372826676,0.042520471372826676,75.86980104374577
0.056042,0.01352352862717332,0.04251847137282668,0.04251847137282668,75.86893989678765
0.056037,0.01352352862717332,0.042513471372826676,0.042513471372826676,75.86678676046165
0.056035,0.01352352862717332,0.04251147137282668,0.04251147137282668,75.86592539834167
0.056031,0.01352352862717332,0.04250747137282668,0.04250747137282668,75.86420248962624
0.056029,0.01352352862717332,0.04250547137282668,0.04250547137282668,75.8633409430176
0.056021,0.01352352862717332,0.04249747137282668,0.04249747137282668,75.85989414142337
0.056011,0.01352352862717332,0.04248747137282668,0.04248747137282668,75.85558425482691
0.055994,0.01352352862717332,0.04247047137282668,0.04247047137282668,75.84825391466661
0.055988,0.01352352862717332,0.04246447137282668,0.04246447137282668,75.84566567296744
0.055986,0.01352352862717332,0.04246247137282668,0.04246247137282668,75.84480280245396
0.055982,0.01352352862717332,0.04245847137282668,0.04245847137282668,75.84307687646672
0.05596,0.01352352862717332,0.04243647137282668,0.04243647137282668,75.83357987311133
0.05596,0.01352352862717332,0.04243647137282668,0.04243647137282668,75.83357987311133
0.055945,0.01352352862717332,0.04242147137282668,0.04242147137282668,75.82710036106816
0.055935,0.01352352862717332,0.04241147137282668,0.04241147137282668,75.82277875570556
0.055933,0.01352352862717332,0.042409471372826676,0.042409471372826676,75.82191424919952
0.055921,0.01352352862717332,0.04239747137282668,0.04239747137282668,75.8167259115716
0.055919,0.01352352862717332,0.04239547137282668,0.04239547137282668,75.81586097213973
0.055914,0.01352352862717332,0.04239047137282668,0.04239047137282668,75.81369835285076
0.055906,0.01352352862717332,0.04238247137282668,0.04238247137282668,75.81023735737924
0.055902,0.01352352862717332,0.04237847137282668,0.04237847137282668,75.80850648817247
0.055898,0.01352352862717332,0.04237447137282668,0.04237447137282668,75.80677537124745
0.055896,0.01352352862717332,0.04237247137282668,0.04237247137282668,75.805909719874
0.055878,0.01352352862717332,0.04235447137282668,0.04235447137282668,75.79811606898701
0.055874,0.01352352862717332,0.04235047137282668,0.04235047137282668,75.79638346463524
0.055867,0.01352352862717332,0.04234347137282668,0.04234347137282668,75.79335081001902
0.055863,0.01352352862717332,0.04233947137282668,0.04233947137282668,75.79161752328923
0.055853,0.01352352862717332,0.04232947137282668,0.04232947137282668,75.78728322030938
0.150461,0.10813330661120091,0.042327693388799104,0.042327693388799104,28.132003217223794
0.150453,0.10813330661120091,0.042319693388799096,0.042319693388799096,28.12818179808373
0.150448,0.10813330661120091,0.04231469338879909,0.04231469338879909,28.125793204744028
0.055822,0.01352352862717332,0.042298471372826676,0.042298471372826676,75.77383701238372
0.150413,0.10813330661120091,0.04227969338879908,0.04227969338879908,28.109068604901182
0.150366,0.10813330661120091,0.04223269338879909,0.04223269338879909,28.08659760897576
3.292936,3.2507171845609015,0.042218815439098556,0.042218815439098556,1.2821025199948148
0.15035,0.10813330661120091,0.042216693388799104,0.042216693388799104,28.078944702840143
0.055724,0.01352352862717332,0.04220047137282668,0.04220047137282668,75.73123124164714
0.150318,0.10813330661120091,0.0421846933887991,0.0421846933887991,28.063634003070465
3.292774,3.2507171845609015,0.04205681543909856,0.04205681543909856,1.2772457337740553
3.292746,3.2507171845609015,0.042028815439098643,0.042028815439098643,1.276406240803944
0.15015,0.10813330661120091,0.0420166933887991,0.0420166933887991,27.983145761449187
0.150032,0.10813330661120091,0.04189869338879909,0.04189869338879909,27.926504586269985
3.292544,3.2507171845609015,0.041826815439098386,0.041826815439098386,1.2703494755978368
0.149819,0.10813330661120091,0.0416856933887991,0.0416856933887991,27.82403657812097
0.149786,0.10813330661120091,0.041652693388799095,0.041652693388799095,27.80813518018437
0.149491,0.10813330661120091,0.041357693388799105,0.041357693388799105,27.665674429319104
3.292012,3.2507171845609015,0.04129481543909863,0.04129481543909863,1.2543944383509003
0.149306,0.10813330661120091,0.041172693388799086,0.041172693388799086,27.57604742021288
0.149241,0.10813330661120091,0.041107693388799105,0.041107693388799105,27.544504098240157
0.149214,0.10813330661120091,0.041080693388799105,0.041080693388799105,27.53139340897483
0.149213,0.10813330661120091,0.041079693388799104,0.041079693388799104,27.530907736771056
0.149162,0.10813330661120091,0.04102869338879908,0.04102869338879908,27.506129819453314
0.149114,0.10813330661120091,0.04098069338879909,0.04098069338879909,27.482793943772077
0.149106,0.10813330661120091,0.04097269338879908,0.04097269338879908,27.478903170442624
0.149089,0.10813330661120091,0.04095569338879909,0.04095569338879909,27.470633890715245
0.14908,0.10813330661120091,0.04094669338879908,0.04094669338879908,27.466255273231035
0.149065,0.10813330661120091,0.040931693388799095,0.040931693388799095,27.458956402468814
0.149028,0.10813330661120091,0.040894693388799086,0.040894693388799086,27.440946239202123
0.14878,0.10813330661120091,0.04064669338879909,0.04064669338879909,27.3199982265621
0.14864,0.10813330661120091,0.04050669338879909,0.04050669338879909,27.25154289662779
0.148607,0.10813330661120091,0.04047369338879908,0.04047369338879908,27.235388212913048
0.148497,0.10813330661120091,0.04036369338879908,0.04036369338879908,27.18148741160939
0.148461,0.10813330661120091,0.0403276933887991,0.0403276933887991,27.163829801520446
0.148425,0.10813330661120091,0.040291693388799094,0.040291693388799094,27.146163625839936
0.148411,0.10813330661120091,0.04027769338879908,0.04027769338879908,27.139291131829708
0.148371,0.10813330661120091,0.040237693388799095,0.040237693388799095,27.119648288196107
0.148346,0.10813330661120091,0.0402126933887991,0.0402126933887991,27.107366131673068
3.290447,3.2507171845609015,0.03972981543909837,0.03972981543909837,1.207429125522792
0.147843,0.10813330661120091,0.039709693388799094,0.039709693388799094,26.85936659966297
0.147398,0.10813330661120091,0.03926469338879909,0.03926469338879909,26.638552329177152
0.147379,0.10813330661120091,0.0392456933887991,0.0392456933887991,26.62909462146575
0.147351,0.10813330661120091,0.0392176933887991,0.0392176933887991,26.61515250129551
0.066808,0.02770932330708753,0.039098676692912476,0.039098676692912476,58.52394418990021
0.066798,0.02770932330708753,0.039088676692912466,0.039088676692912466,58.51773501361528
0.147202,0.10813330661120091,0.03906869338879909,0.03906869338879909,26.540871294043704
0.147171,0.10813330661120091,0.03903769338879909,0.03903769338879909,26.52539791281821
0.066742,0.02770932330708753,0.039032676692912466,0.039032676692912466,58.4829292416013
3.289734,3.2507171845609015,0.03901681543909863,0.03901681543909863,1.186017332644907
0.066636,0.02770932330708753,0.03892667669291247,0.03892667669291247,58.416886719634405
0.066626,0.02770932330708753,0.038916676692912475,0.038916676692912475,58.410645445474486
0.066578,0.02770932330708753,0.03886867669291247,0.03886867669291247,58.380661231235266
0.066554,0.02770932330708753,0.03884467669291247,0.03884467669291247,58.36565290523007
0.06655,0.02770932330708753,0.03884067669291247,0.03884067669291247,58.36315046513797
0.066546,0.02770932330708753,0.038836676692912464,0.038836676692912464,58.36064772420855
0.066515,0.02770932330708753,0.038805676692912475,0.038805676692912475,58.3412412757592
0.066505,0.02770932330708753,0.038795676692912465,0.038795676692912465,58.33497727175023
0.066503,0.02770932330708753,0.03879367669291248,0.03879367669291248,58.33372424488933
0.066494,0.02770932330708753,0.03878467669291247,0.03878467669291247,58.328084691226856
0.06649,0.02770932330708753,0.038780676692912464,0.038780676692912464,58.325577732872446
0.066478,0.02770932330708753,0.038768676692912465,0.038768676692912465,58.31805504767655
0.066449,0.02770932330708753,0.038739676692912464,0.038739676692912464,58.29986400790472
0.066449,0.02770932330708753,0.038739676692912464,0.038739676692912464,58.29986400790472
0.066439,0.02770932330708753,0.03872967669291247,0.03872967669291247,58.293587553423265
0.066433,0.02770932330708753,0.038723676692912476,0.038723676692912476,58.28982077374596
0.066429,0.02770932330708753,0.03871967669291247,0.03871967669291247,58.28730920926879
0.066419,0.02770932330708753,0.038709676692912476,0.038709676692912476,58.28102897458777
0.066413,0.02770932330708753,0.03870367669291247,0.03870367669291247,58.27725992597114
0.066408,0.02770932330708753,0.038698676692912465,0.038698676692912465,58.27411853186115
0.066408,0.02770932330708753,0.038698676692912465,0.038698676692912465,58.27411853186115
0.066406,0.02770932330708753,0.03869667669291248,0.03869667669291248,58.2728618417607
0.066406,0.02770932330708753,0.03869667669291248,0.03869667669291248,58.2728618417607
0.066398,0.02770932330708753,0.03868867669291247,0.03868867669291247,58.267834324293865
0.066394,0.02770932330708753,0.038684676692912465,0.038684676692912465,58.26532011122564
0.066392,0.02770932330708753,0.03868267669291248,0.03868267669291248,58.26406289108389
0.066388,0.02770932330708753,0.03867867669291247,0.03867867669291247,58.26154822355083
0.066388,0.02770932330708753,0.03867867669291247,0.03867867669291247,58.26154822355083
0.066386,0.02770932330708753,0.03867667669291247,0.03867667669291247,58.26029077614585
0.066384,0.02770932330708753,0.03867467669291247,0.03867467669291247,58.259033252972756
0.066378,0.02770932330708753,0.038668676692912476,0.038668676692912476,58.25526022877643
0.066378,0.02770932330708753,0.038668676692912476,0.038668676692912476,58.25526022877643
0.066376,0.02770932330708753,0.038666676692912474,0.038666676692912474,58.25400240246245
0.066376,0.02770932330708753,0.038666676692912474,0.038666676692912474,58.25400240246245
0.066372,0.02770932330708753,0.03866267669291247,0.03866267669291247,58.25148652242058
0.066369,0.02770932330708753,0.03865967669291247,0.03865967669291247,58.24959941337503
0.066347,0.02770932330708753,0.03863767669291247,0.03863767669291247,58.23575539915402
0.066343,0.02770932330708753,0.03863367669291247,0.03863367669291247,58.23323731920359
0.066329,0.02770932330708753,0.03861967669291247,0.03861967669291247,58.22442164767756
0.066322,0.02770932330708753,0.038612676692912476,0.038612676692912476,58.2200124162306
0.066316,0.02770932330708753,0.03860667669291247,0.03860667669291247,58.21623233412184
0.066314,0.02770932330708753,0.03860467669291247,0.03860467669291247,58.21497215474485
0.066312,0.02770932330708753,0.038602676692912466,0.038602676692912466,58.213711899352695
0.066302,0.02770932330708753,0.03859267669291247,0.03859267669291247,58.20740948192372
0.0663,0.02770932330708753,0.03859067669291247,0.03859067669291247,58.20614877029612
0.146713,0.10813330661120091,0.0385796933887991,0.0385796933887991,26.29602922883662
0.146701,0.10813330661120091,0.03856769338879909,0.03856769338879909,26.290000315273303
0.146653,0.10813330661120091,0.0385196933887991,0.0385196933887991,26.265874794605782
0.146634,0.10813330661120091,0.03850069338879908,0.03850069338879908,26.25632074589983
0.146627,0.10813330661120091,0.0384936933887991,0.0384936933887991,26.25280020906538
0.146456,0.10813330661120091,0.038322693388799095,0.038322693388799095,26.16669399862921
3.289033,3.2507171845609015,0.038315815439098344,0.038315815439098344,1.1649568562532937
0.14639,0.10813330661120091,0.038256693388799085,0.038256693388799085,26.133406218092546
0.146323,0.10813330661120091,0.0381896933887991,0.0381896933887991,26.0995833619455
0.146319,0.10813330661120091,0.0381856933887991,0.0381856933887991,26.097563107116322
0.146285,0.10813330661120091,0.03815169338879909,0.03815169338879909,26.0803864803081
0.065829,0.02770932330708753,0.03811967669291247,0.03811967669291247,57.907117888780554
0.06578,0.02770932330708753,0.038070676692912475,0.038070676692912475,57.87576259506949
0.065739,0.02770932330708753,0.038029676692912476,0.038029676692912476,57.84949061449518
0.065737,0.02770932330708753,0.038027676692912474,0.038027676692912474,57.8482082161709
0.065735,0.02770932330708753,0.03802567669291247,0.03802567669291247,57.84692573981219
0.065735,0.02770932330708753,0.03802567669291247,0.03802567669291247,57.84692573981219
0.065733,0.02770932330708753,0.03802367669291247,0.03802367669291247,57.845643185411944
0.065726,0.02770932330708753,0.03801667669291248,0.03801667669291248,57.84115363033096
0.065718,0.02770932330708753,0.03800867669291247,0.03800867669291247,57.8360215391163
0.065698,0.02770932330708753,0.037988676692912476,0.037988676692912476,57.823185842931736
0.065692,0.02770932330708753,0.03798267669291247,0.03798267669291247,57.81933361001818
0.06569,0.02770932330708753,0.03798067669291247,0.03798067669291247,57.81804937600003
0.065677,0.02770932330708753,0.03796767669291247,0.03796767669291247,57.80969994838798
0.065669,0.02770932330708753,0.037959676692912475,0.037959676692912475,57.80456019599494
0.065661,0.02770932330708753,0.03795167669291247,0.03795167669291247,57.799419191168354
0.065647,0.02770932330708753,0.03793767669291247,0.03793767669291247,57.79041941767644
0.065626,0.02770932330708753,0.037916676692912474,0.037916676692912474,57.776912557729496
0.065618,0.02770932330708753,0.037908676692912466,0.037908676692912466,57.77176481322306
0.065614,0.02770932330708753,0.037904676692912476,0.037904676692912476,57.76919047024002
0.06561,0.02770932330708753,0.03790067669291247,0.03790067669291247,57.76661581336056
0.065608,0.02770932330708753,0.03789867669291247,0.03789867669291247,57.76532836719173
0.065602,0.02770932330708753,0.037892676692912464,0.037892676692912464,57.7614655576827
0.065599,0.02770932330708753,0.037889676692912475,0.037889676692912475,57.75953388794485
0.065597,0.02770932330708753,0.03788767669291247,0.03788767669291247,57.75824600996117
0.065597,0.02770932330708753,0.03788767669291247,0.03788767669291247,57.75824600996117
0.065593,0.02770932330708753,0.03788367669291247,0.03788367669291247,57.75567001838123
0.065593,0.02770932330708753,0.03788367669291247,0.03788367669291247,57.75567001838123
0.065593,0.02770932330708753,0.03788367669291247,0.03788367669291247,57.75567001838123
0.065593,0.02770932330708753,0.03788367669291247,0.03788367669291247,57.75567001838123
0.065591,0.02770932330708753,0.03788167669291247,0.03788167669291247,57.75438190477061
0.065589,0.02770932330708753,0.037879676692912465,0.037879676692912465,57.753093712603295
0.065587,0.02770932330708753,0.037877676692912476,0.037877676692912476,57.75180544187213
0.065587,0.02770932330708753,0.037877676692912476,0.037877676692912476,57.75180544187213
0.065585,0.02770932330708753,0.037875676692912474,0.037875676692912474,57.750517092569886
0.065585,0.02770932330708753,0.037875676692912474,0.037875676692912474,57.750517092569886
0.065585,0.02770932330708753,0.037875676692912474,0.037875676692912474,57.750517092569886
0.065583,0.02770932330708753,0.03787367669291247,0.03787367669291247,57.74922866468939
0.065583,0.02770932330708753,0.03787367669291247,0.03787367669291247,57.74922866468939
0.065579,0.02770932330708753,0.03786967669291247,0.03786967669291247,57.74665157316492
0.065577,0.02770932330708753,0.037867676692912466,0.037867676692912466,57.74536290950655
0.065573,0.02770932330708753,0.037863676692912476,0.037863676692912476,57.7427853463616
0.065565,0.02770932330708753,0.03785567669291247,0.03785567669291247,57.73762927655738
0.145988,0.10813330661120091,0.0378546933887991,0.0378546933887991,25.930003399504812
0.065559,0.02770932330708753,0.037849676692912476,0.037849676692912476,57.73376139840253
0.065558,0.02770932330708753,0.037848676692912475,0.037848676692912475,57.73311668321084
0.065556,0.02770932330708753,0.03784667669291247,0.03784667669291247,57.73182719382002
0.065554,0.02770932330708753,0.03784467669291247,0.03784467669291247,57.730537625746614
0.065542,0.02770932330708753,0.03783267669291247,0.03783267669291247,57.72279856456879
0.06554,0.02770932330708753,0.03783067669291247,0.03783067669291247,57.72150844551567
0.065534,0.02770932330708753,0.037824676692912465,0.037824676692912465,57.717637615886154
0.065524,0.02770932330708753,0.03781467669291247,0.03781467669291247,57.711184657837265
0.065524,0.02770932330708753,0.03781467669291247,0.03781467669291247,57.711184657837265
0.065522,0.02770932330708753,0.03781267669291247,0.03781267669291247,57.709893829862615
0.06552,0.02770932330708753,0.037810676692912465,0.037810676692912465,57.70860292308283
3.288522,3.2507171845609015,0.037804815439098416,0.037804815439098416,1.1495989820943517
0.065509,0.02770932330708753,0.03779967669291247,0.03779967669291247,57.70150152682986
0.06547,0.02770932330708753,0.03776067669291247,0.03776067669291247,57.676304620797566
0.145848,0.10813330661120091,0.0377146933887991,0.0377146933887991,25.858903353450298
0.145678,0.10813330661120091,0.037544693388799094,0.037544693388799094,25.772383862372294
0.145674,0.10813330661120091,0.03754069338879909,0.03754069338879909,25.770345678040517
3.288202,3.2507171845609015,0.03748481543909854,0.03748481543909854,1.1399790961126648
0.145552,0.10813330661120091,0.03741869338879908,0.03741869338879908,25.708127241872976
0.145093,0.10813330661120091,0.03695969338879909,0.03695969338879909,25.47310577583066
0.145015,0.10813330661120091,0.0368816933887991,0.0368816933887991,25.433019593397976
0.144998,0.10813330661120091,0.03686469338879908,0.03686469338879908,25.424277137184514
0.144995,0.10813330661120091,0.036861693388799105,0.036861693388799105,25.422734137988456
0.144978,0.10813330661120091,0.03684469338879909,0.03684469338879909,25.413989269672015
0.144975,0.10813330661120091,0.036841693388799085,0.036841693388799085,25.412445844722637
0.144971,0.10813330661120091,0.03683769338879908,0.03683769338879908,25.410387845423354
0.144949,0.10813330661120091,0.03681569338879909,0.03681569338879909,25.39906681895013
0.144856,0.10813330661120091,0.036722693388799105,0.036722693388799105,25.351171759159392
0.144835,0.10813330661120091,0.036701693388799084,0.036701693388799084,25.34034823313338
0.144826,0.10813330661120091,0.0366926933887991,0.0366926933887991,25.335708618247683
0.14481,0.10813330661120091,0.036676693388799086,0.036676693388799086,25.327458990036344
0.144806,0.10813330661120091,0.03667269338879908,0.03667269338879908,25.325396298132457
0.144797,0.10813330661120091,0.0366636933887991,0.0366636933887991,25.320754824670637
0.144789,0.10813330661120091,0.03665569338879909,0.03665569338879909,25.316628586068322
0.144762,0.10813330661120091,0.036628693388799094,0.036628693388799094,25.3026991637974
0.144731,0.10813330661120091,0.03659769338879909,0.03659769338879909,25.28669971430612
0.144722,0.10813330661120091,0.03658869338879908,0.03658869338879908,25.282053428999756
0.246102,0.2825574230164474,-0.036455423016447386,0.036455423016447386,14.813135611102002
0.246139,0.2825574230164474,-0.03641842301644738,0.03641842301644738,14.79587672073564
0.246183,0.2825574230164474,-0.03637442301644736,0.03637442301644736,14.775359387801757
0.246254,0.2825574230164474,-0.03630342301644737,0.03630342301644737,14.742267334421005
0.144368,0.10813330661120091,0.03623469338879909,0.03623469338879909,25.098840022512086
0.246327,0.2825574230164474,-0.03623042301644738,0.03623042301644738,14.70826300070196
0.144314,0.10813330661120091,0.03618069338879909,0.03618069338879909,25.070813201580076
0.144314,0.10813330661120091,0.03618069338879909,0.03618069338879909,25.070813201580076
0.144305,0.10813330661120091,0.03617169338879908,0.03617169338879908,25.066140025455073
0.144249,0.10813330661120091,0.03611569338879908,0.03611569338879908,25.037049382499728
0.144193,0.10813330661120091,0.03605969338879908,0.03605969338879908,25.007936143773374
0.144168,0.10813330661120091,0.03603469338879908,0.03603469338879908,24.994931859916313
0.246538,0.2825574230164474,-0.036019423016447366,0.036019423016447366,14.610089723222089
0.144137,0.10813330661120091,0.03600369338879908,0.03600369338879908,24.978800282939343
0.246569,0.2825574230164474,-0.03598842301644736,0.03598842301644736,14.595680317416901
0.246581,0.2825574230164474,-0.03597642301644738,0.03597642301644738,14.590103455601719
0.246585,0.2825574230164474,-0.035972423016447375,0.035972423016447375,14.588244622284051
0.144101,0.10813330661120091,0.0359676933887991,0.0359676933887991,24.960058128561936
0.24659,0.2825574230164474,-0.03596742301644737,0.03596742301644737,14.585921165441196
0.246613,0.2825574230164474,-0.035944423016447374,0.035944423016447374,14.575234477449339
0.246619,0.2825574230164474,-0.03593842301644737,0.03593842301644737,14.572446973621222
0.246619,0.2825574230164474,-0.03593842301644737,0.03593842301644737,14.572446973621222
0.144056,0.10813330661120091,0.03592269338879908,0.03592269338879908,24.93661726263569
0.144024,0.10813330661120091,0.035890693388799105,0.035890693388799105,24.919939290589873
0.144008,0.10813330661120091,0.03587469338879909,0.03587469338879909,24.911597525059364
0.143993,0.10813330661120091,0.0358596933887991,0.0358596933887991,24.903775436233236
0.143984,0.10813330661120091,0.03585069338879909,0.03585069338879909,24.899081400641744
9.802017,9.766327137690013,0.03568986230998661,0.03568986230998661,0.3641073292325702
0.246912,0.2825574230164474,-0.03564542301644738,0.03564542301644738,14.436488709342152
0.246929,0.2825574230164474,-0.035628423016447364,0.035628423016447364,14.428610249107537
0.246932,0.2825574230164474,-0.03562542301644736,0.03562542301644736,14.427220045202786
0.246946,0.2825574230164474,-0.035611423016447374,0.035611423016447374,14.420732873594485
0.246952,0.2825574230164474,-0.03560542301644737,0.03560542301644737,14.417952882353418
0.246963,0.2825574230164474,-0.035594423016447385,0.035594423016447385,14.412856582578982
0.246967,0.2825574230164474,-0.03559042301644738,0.03559042301644738,14.41100349521854
0.246975,0.2825574230164474,-0.03558242301644737,0.03558242301644737,14.407297500572962
0.246996,0.2825574230164474,-0.03556142301644738,0.03556142301644738,14.397570406828372
3.286274,3.2507171845609015,0.03555681543909861,0.03555681543909861,1.081979635234817
0.247011,0.2825574230164474,-0.035546423016447365,0.035546423016447365,14.390623495332896
0.143609,0.10813330661120091,0.03547569338879908,0.03547569338879908,24.70297360478529
0.247137,0.2825574230164474,-0.03542042301644738,0.03542042301644738,14.332302731729799
0.247164,0.2825574230164474,-0.03539342301644738,0.03539342301644738,14.31981316135342
0.247169,0.2825574230164474,-0.03538842301644737,0.03538842301644737,14.317500577390316
0.247171,0.2825574230164474,-0.03538642301644737,0.03538642301644737,14.316575570002465
0.24718,0.2825574230164474,-0.03537742301644736,0.03537742301644736,14.312413221998119
0.247219,0.2825574230164474,-0.03533842301644738,0.03533842301644738,14.29437988267609
0.247222,0.2825574230164474,-0.035335423016447376,0.035335423016447376,14.292992938393178
0.247223,0.2825574230164474,-0.035334423016447375,0.035334423016447375,14.292530631112331
0.247249,0.2825574230164474,-0.03530842301644738,0.03530842301644738,14.280511954413107
3.286004,3.2507171845609015,0.03528681543909862,0.03528681543909862,1.0738518710879466
0.247271,0.2825574230164474,-0.03528642301644738,0.03528642301644738,14.270344279020605
0.247274,0.2825574230164474,-0.03528342301644738,0.03528342301644738,14.268957918009342
0.247275,0.2825574230164474,-0.03528242301644738,0.03528242301644738,14.268495805147662
3.285758,3.2507171845609015,0.03504081543909843,0.03504081543909843,1.0664454119272322
3.284537,3.2507171845609015,0.03381981543909829,0.03381981543909829,1.0296676651250578
3.28444,3.2507171845609015,0.0337228154390985,0.0337228154390985,1.0267447552115962
3.2844,3.2507171845609015,0.03368281543909868,0.03368281543909868,1.0255393812590774
3.284299,3.2507171845609015,0.03358181543909833,0.03358181543909833,1.0224956813638415
3.284192,3.2507171845609015,0.03347481543909847,0.03347481543909847,1.0192709633931025
0.249123,0.2825574230164474,-0.03343442301644736,0.03343442301644736,13.420849541401841
0.249166,0.2825574230164474,-0.033391423016447375,0.033391423016447375,13.40127585747899
0.249437,0.2825574230164474,-0.03312042301644738,0.03312042301644738,13.27807141810129
0.249814,0.2825574230164474,-0.032743423016447365,0.032743423016447365,13.107120899285166
0.249824,0.2825574230164474,-0.03273342301644738,0.03273342301644738,13.102593427110602
0.249838,0.2825574230164474,-0.03271942301644737,0.03271942301644737,13.096255574953014
0.249953,0.2825574230164474,-0.032604423016447365,0.032604423016447365,13.044221515006077
3.282948,3.2507171845609015,0.03223081543909867,0.03223081543909867,0.9817644214321063
0.251046,0.2825574230164474,-0.03151142301644738,0.03151142301644738,12.55205141842345
0.251059,0.2825574230164474,-0.0314984230164474,0.0314984230164474,12.546223399241285
0.251439,0.2825574230164474,-0.03111842301644735,0.03111842301644735,12.376132184772933
0.251454,0.2825574230164474,-0.031103423016447362,0.031103423016447362,12.369428604865277
0.251515,0.2825574230164474,-0.031042423016447385,0.031042423016447385,12.342175617400637
3.28153,3.2507171845609015,0.03081281543909853,0.03081281543909853,0.938977106354644
0.25201,0.2825574230164474,-0.03054742301644736,0.03054742301644736,12.121512243294251
0.252043,0.2825574230164474,-0.030514423016447356,0.030514423016447356,12.106832169249104
0.2521,0.2825574230164474,-0.030457423016447382,0.030457423016447382,12.08148473001424
0.252111,0.2825574230164474,-0.0304464230164474,0.0304464230164474,12.076594438311222
0.252119,0.2825574230164474,-0.03043842301644739,0.03043842301644739,12.073038130555156
0.252156,0.2825574230164474,-0.030401423016447382,0.030401423016447382,12.056593142495435
0.252166,0.2825574230164474,-0.030391423016447372,0.030391423016447372,12.052149379533809
0.252174,0.2825574230164474,-0.030383423016447364,0.030383423016447364,12.048594622918607
0.252188,0.2825574230164474,-0.03036942301644735,0.03036942301644735,12.042374341524962
0.252235,0.2825574230164474,-0.030322423016447386,0.030322423016447386,12.021497018425631
0.252302,0.2825574230164474,-0.030255423016447347,0.030255423016447347,11.99174917537538
0.252505,0.2825574230164474,-0.030052423016447394,0.030052423016447394,11.901714027265077
3.280735,3.2507171845609015,0.030017815439098428,0.030017815439098428,0.9149722680491859
0.252563,0.2825574230164474,-0.02999442301644739,0.02999442301644739,11.876016282896297
0.252616,0.2825574230164474,-0.029941423016447366,0.029941423016447366,11.852544179543187
0.252726,0.2825574230164474,-0.029831423016447367,0.029831423016447367,11.803859913362103
0.25273,0.2825574230164474,-0.029827423016447363,0.029827423016447363,11.802090374963507
0.252788,0.2825574230164474,-0.02976942301644736,0.02976942301644736,11.776438361263557
3.280262,3.2507171845609015,0.029544815439098482,0.029544815439098482,0.9006846233074615
0.253669,0.2825574230164474,-0.028888423016447395,0.028888423016447395,11.388235458435663
3.279274,3.2507171845609015,0.028556815439098493,0.028556815439098493,0.8708273672229788
0.254071,0.2825574230164474,-0.028486423016447382,0.028486423016447382,11.211993106350345
0.254081,0.2825574230164474,-0.028476423016447372,0.028476423016447372,11.20761607725086
0.254084,0.2825574230164474,-0.028473423016447397,0.028473423016447397,11.20630303570516
0.254199,0.2825574230164474,-0.028358423016447365,0.028358423016447365,11.15599314131502
0.254323,0.2825574230164474,-0.028234423016447352,0.028234423016447352,11.10179692963104
0.254362,0.2825574230164474,-0.028195423016447396,0.028195423016447396,11.084762270057098
0.254411,0.2825574230164474,-0.028146423016447375,0.028146423016447375,11.06336715212157
0.254674,0.2825574230164474,-0.027883423016447362,0.027883423016447362,10.948672815245644
0.254733,0.2825574230164474,-0.027824423016447386,0.027824423016447386,10.922975431343568
0.25479,0.2825574230164474,-0.027767423016447357,0.027767423016447357,10.898160448035322
0.254795,0.2825574230164474,-0.02776242301644738,0.02776242301644738,10.895984224789103
0.254873,0.2825574230164474,-0.027684423016447357,0.027684423016447357,10.862046197747627
0.254951,0.2825574230164474,-0.02760642301644739,0.02760642301644739,10.828128936783642
0.254966,0.2825574230164474,-0.027591423016447347,0.027591423016447347,10.821608765727875
0.25508,0.2825574230164474,-0.0274774230164474,0.0274774230164474,10.77208052598217
0.255272,0.2825574230164474,-0.027285423016447374,0.027285423016447374,10.68876453577306
3.277299,3.2507171845609015,0.026581815439098655,0.026581815439098655,0.811089114489937
0.256234,0.2825574230164474,-0.026323423016447356,0.026323423016447356,10.273196767866152
0.256436,0.2825574230164474,-0.026121423016447376,0.026121423016447376,10.186332264682433
0.201756,0.22782434231150184,-0.026068342311501846,0.026068342311501846,12.920727164783758
0.201763,0.22782434231150184,-0.02606134231150184,0.02606134231150184,12.916809473781136
0.20177,0.22782434231150184,-0.026054342311501832,0.026054342311501832,12.912892054611161
0.20177,0.22782434231150184,-0.026054342311501832,0.026054342311501832,12.912892054611161
0.201777,0.22782434231150184,-0.026047342311501825,0.026047342311501825,12.908974907245547
0.20178,0.22782434231150184,-0.02604434231150185,0.02604434231150185,12.907296213001562
0.201782,0.22782434231150184,-0.026042342311501848,0.026042342311501848,12.906177111236715
0.201783,0.22782434231150184,-0.026041342311501847,0.026041342311501847,12.905617568673392
0.201784,0.22782434231150184,-0.026040342311501846,0.026040342311501846,12.905058031656022
0.256519,0.2825574230164474,-0.026038423016447376,0.026038423016447376,10.150680069038433
0.201788,0.22782434231150184,-0.026036342311501842,0.026036342311501842,12.902819939044456
0.201792,0.22782434231150184,-0.026032342311501838,0.026032342311501838,12.90058193516158
0.201792,0.22782434231150184,-0.026032342311501838,0.026032342311501838,12.90058193516158
0.201793,0.22782434231150184,-0.026031342311501837,0.026031342311501837,12.900022448054102
0.201794,0.22782434231150184,-0.026030342311501836,0.026030342311501836,12.899462966491754
0.201799,0.22782434231150184,-0.02602534231150183,0.02602534231150183,12.896665641854105
0.2018,0.22782434231150184,-0.02602434231150183,0.02602434231150183,12.896106193560813
0.201804,0.22782434231150184,-0.026020342311501826,0.026020342311501826,12.893868455832369
0.201809,0.22782434231150184,-0.02601534231150185,0.02601534231150185,12.891071408416263
0.201815,0.22782434231150184,-0.026009342311501843,0.026009342311501843,12.887715134461821
0.201822,0.22782434231150184,-0.026002342311501836,0.026002342311501836,12.883799733734694
0.201823,0.22782434231150184,-0.026001342311501835,0.026001342311501835,12.883240412945302
0.201824,0.22782434231150184,-0.026000342311501834,0.026000342311501834,12.882681097698564
0.201829,0.22782434231150184,-0.02599534231150183,0.02599534231150183,12.879884604601887
0.201831,0.22782434231150184,-0.025993342311501827,0.025993342311501827,12.878766046158944
0.201833,0.22782434231150184,-0.025991342311501825,0.025991342311501825,12.877647509884
0.201839,0.22782434231150184,-0.025985342311501847,0.025985342311501847,12.874292034060591
0.201842,0.22782434231150184,-0.025982342311501844,0.025982342311501844,12.872614370958091
0.201842,0.22782434231150184,-0.025982342311501844,0.025982342311501844,12.872614370958091
0.201847,0.22782434231150184,-0.02597734231150184,0.02597734231150184,12.869818376608034
0.201855,0.22782434231150184,-0.02596934231150183,0.02596934231150183,12.865345073759126
0.201864,0.22782434231150184,-0.02596034231150185,0.02596034231150185,12.860313031863798
0.201867,0.22782434231150184,-0.025957342311501846,0.025957342311501846,12.858635784275393
0.20187,0.22782434231150184,-0.025954342311501843,0.025954342311501843,12.856958586538308
0.201886,0.22782434231150184,-0.025938342311501827,0.025938342311501827,12.84801437378214
0.20189,0.22782434231150184,-0.02593434231150185,0.02593434231150185,12.845778542105144
3.276625,3.2507171845609015,0.02590781543909859,0.02590781543909859,0.7906860088752269
0.256728,0.2825574230164474,-0.02582942301644736,0.02582942301644736,10.061007372155101
0.256744,0.2825574230164474,-0.025813423016447345,0.025813423016447345,10.054148492815097
0.202085,0.22782434231150184,-0.02573934231150185,0.02573934231150185,12.736889080716015
0.202102,0.22782434231150184,-0.025722342311501833,0.025722342311501833,12.727406111158931
0.202107,0.22782434231150184,-0.02571734231150183,0.02571734231150183,12.724617306069167
0.202109,0.22782434231150184,-0.025715342311501826,0.025715342311501826,12.723501822669114
0.202119,0.22782434231150184,-0.025705342311501844,0.025705342311501844,12.717924736805506
0.202138,0.22782434231150184,-0.025686342311501825,0.025686342311501825,12.70732979390045
0.202139,0.22782434231150184,-0.025685342311501824,0.025685342311501824,12.706772220499285
0.202151,0.22782434231150184,-0.02567334231150184,0.02567334231150184,12.700081769964905
0.202166,0.22782434231150184,-0.025658342311501825,0.025658342311501825,12.691719823714227
0.202189,0.22782434231150184,-0.02563534231150183,0.02563534231150183,12.67890058253561
0.202189,0.22782434231150184,-0.02563534231150183,0.02563534231150183,12.67890058253561
0.202193,0.22782434231150184,-0.025631342311501826,0.025631342311501826,12.676671446996263
0.202196,0.22782434231150184,-0.02562834231150185,0.02562834231150185,12.67499965322106
0.256948,0.2825574230164474,-0.025609423016447364,0.025609423016447364,9.966772656911354
0.202229,0.22782434231150184,-0.025595342311501845,0.025595342311501845,12.656613195360325
0.202244,0.22782434231150184,-0.02558034231150183,0.02558034231150183,12.648257698054612
0.256983,0.2825574230164474,-0.025574423016447356,0.025574423016447356,9.951795646597462
0.202299,0.22782434231150184,-0.02552534231150183,0.02552534231150183,12.617631475629734
0.20239,0.22782434231150184,-0.02543434231150185,0.02543434231150185,12.566995552613694
0.257149,0.2825574230164474,-0.025408423016447357,0.025408423016447357,9.880817349694745
0.257154,0.2825574230164474,-0.02540342301644738,0.02540342301644738,9.87868087082787
0.257156,0.2825574230164474,-0.025401423016447378,0.025401423016447378,9.877826302543806
0.202435,0.22782434231150184,-0.025389342311501834,0.025389342311501834,12.541972632677087
0.257185,0.2825574230164474,-0.025372423016447376,0.025372423016447376,9.865436556012963
0.20246,0.22782434231150184,-0.025364342311501836,0.025364342311501836,12.528075816938536
0.202461,0.22782434231150184,-0.025363342311501835,0.025363342311501835,12.52752001569404
0.20247,0.22782434231150184,-0.025354342311501826,0.025354342311501826,12.522518051552975
0.202471,0.22782434231150184,-0.025353342311501825,0.025353342311501825,12.521962305209072
0.202473,0.22782434231150184,-0.02535134231150185,0.02535134231150185,12.520850828990039
0.202475,0.22782434231150184,-0.02534934231150185,0.02534934231150185,12.519739374728786
0.20248,0.22782434231150184,-0.025344342311501844,0.025344342311501844,12.516960835136745
0.202495,0.22782434231150184,-0.02532934231150183,0.02532934231150183,12.508626039651944
0.202498,0.22782434231150184,-0.025326342311501826,0.025326342311501826,12.506959228730588
0.257235,0.2825574230164474,-0.025322423016447382,0.025322423016447382,9.844081484480457
0.202504,0.22782434231150184,-0.025320342311501848,0.025320342311501848,12.503625755045936
0.202506,0.22782434231150184,-0.025318342311501846,0.025318342311501846,12.502514641047343
0.202506,0.22782434231150184,-0.025318342311501846,0.025318342311501846,12.502514641047343
0.202509,0.22782434231150184,-0.025315342311501843,0.025315342311501843,12.500848011199995
0.202509,0.22782434231150184,-0.025315342311501843,0.025315342311501843,12.500848011199995
0.20251,0.22782434231150184,-0.025314342311501842,0.025314342311501842,12.500292478890696
0.257246,0.2825574230164474,-0.0253114230164474,0.0253114230164474,9.839384482793907
0.202513,0.22782434231150184,-0.02531134231150184,0.02531134231150184,12.498625914881124
0.257252,0.2825574230164474,-0.025305423016447393,0.025305423016447393,9.836822651178831
0.202519,0.22782434231150184,-0.025305342311501833,0.025305342311501833,12.495292934987107
0.20252,0.22782434231150184,-0.025304342311501832,0.025304342311501832,12.49473745753856
0.202521,0.22782434231150184,-0.02530334231150183,0.02530334231150183,12.494181985575642
0.202522,0.22782434231150184,-0.02530234231150183,0.02530234231150183,12.493626519098273
0.202522,0.22782434231150184,-0.02530234231150183,0.02530234231150183,12.493626519098273
0.202524,0.22782434231150184,-0.025300342311501828,0.025300342311501828,12.492515602599845
0.202528,0.22782434231150184,-0.025296342311501824,0.025296342311501824,12.490293835425978
0.202531,0.22782434231150184,-0.02529334231150185,0.02529334231150185,12.488627567638149
0.202538,0.22782434231150184,-0.02528634231150184,0.02528634231150184,12.484739801428423
0.202542,0.22782434231150184,-0.025282342311501838,0.025282342311501838,12.482518341390584
0.257277,0.2825574230164474,-0.025280423016447395,0.025280423016447395,9.826149638957718
0.202547,0.22782434231150184,-0.025277342311501833,0.025277342311501833,12.479741639729095
0.202553,0.22782434231150184,-0.025271342311501827,0.025271342311501827,12.476409778687758
0.202553,0.22782434231150184,-0.025271342311501827,0.025271342311501827,12.476409778687758
0.202553,0.22782434231150184,-0.025271342311501827,0.025271342311501827,12.476409778687758
0.202563,0.22782434231150184,-0.025261342311501844,0.025261342311501844,12.470857115579344
0.202565,0.22782434231150184,-0.025259342311501842,0.025259342311501842,12.46974664874588
0.202567,0.22782434231150184,-0.02525734231150184,0.02525734231150184,12.468636203840312
0.202568,0.22782434231150184,-0.02525634231150184,0.02525634231150184,12.468080989610282
0.257303,0.2825574230164474,-0.02525442301644737,0.02525442301644737,9.815051906364216
0.202574,0.22782434231150184,-0.025250342311501833,0.025250342311501833,12.464749819343588
0.202583,0.22782434231150184,-0.025241342311501824,0.025241342311501824,12.459753433921932
0.202587,0.22782434231150184,-0.025237342311501848,0.025237342311501848,12.457532960675815
0.202596,0.22782434231150184,-0.02522834231150184,0.02522834231150184,12.452537216455063
0.202607,0.22782434231150184,-0.025217342311501828,0.025217342311501828,12.44643190958624
0.202641,0.22782434231150184,-0.02518334231150185,0.02518334231150185,12.427565151708828
0.202663,0.22782434231150184,-0.025161342311501828,0.025161342311501828,12.415360622849985
0.202702,0.22782434231150184,-0.025122342311501844,0.025122342311501844,12.393731832497021
3.275804,3.2507171845609015,0.02508681543909841,0.02508681543909841,0.7658216254187549
0.202984,0.22782434231150184,-0.02484034231150184,0.02484034231150184,12.237586361124155
0.203002,0.22782434231150184,-0.02482234231150185,0.02482234231150185,12.227634357924659
0.257776,0.2825574230164474,-0.024781423016447368,0.024781423016447368,9.613549363336315
0.203069,0.22782434231150184,-0.024755342311501838,0.024755342311501838,12.190606296042839
0.257831,0.2825574230164474,-0.024726423016447396,0.024726423016447396,9.590166817356032
0.203106,0.22782434231150184,-0.02471834231150183,0.02471834231150183,12.170168433887556
3.275416,3.2507171845609015,0.024698815439098354,0.024698815439098354,0.7540665197441878
0.203127,0.22782434231150184,-0.024697342311501835,0.024697342311501835,12.158571878353573
0.203135,0.22782434231150184,-0.024689342311501827,0.024689342311501827,12.154154773597693
0.203169,0.22782434231150184,-0.02465534231150185,0.02465534231150185,12.135385959160336
0.257978,0.2825574230164474,-0.024579423016447388,0.024579423016447388,9.527720583506992
3.275137,3.2507171845609015,0.024419815439098436,0.024419815439098436,0.7456120290037584
3.275094,3.2507171845609015,0.024376815439098642,0.024376815439098642,0.7443088790231466
0.081779,0.057464138822330924,0.02431486117766908,0.02431486117766908,29.732402142281856
0.203566,0.22782434231150184,-0.02425834231150184,0.02425834231150184,11.916696452052475
0.081639,0.057464138822330924,0.02417486117766908,0.02417486117766908,29.611902580944378
0.203693,0.22782434231150184,-0.024131342311501824,0.024131342311501824,11.846917812421097
0.08159,0.057464138822330924,0.024125861177669072,0.024125861177669072,29.569630038116735
0.081562,0.057464138822330924,0.024097861177669072,0.024097861177669072,29.54545149472012
0.081558,0.057464138822330924,0.024093861177669082,0.024093861177669082,29.54199606185425
0.081535,0.057464138822330924,0.024070861177669073,0.024070861177669073,29.522120743419332
0.081527,0.057464138822330924,0.02406286117766908,0.02406286117766908,29.515204960508633
0.081504,0.057464138822330924,0.02403986117766907,0.02403986117766907,29.495314522199838
0.08149,0.057464138822330924,0.024025861177669083,0.024025861177669083,29.483201801676135
0.081482,0.057464138822330924,0.024017861177669075,0.024017861177669075,29.4762783782833
0.081482,0.057464138822330924,0.024017861177669075,0.024017861177669075,29.4762783782833
0.08148,0.057464138822330924,0.024015861177669073,0.024015861177669073,29.474547310008013
0.081472,0.057464138822330924,0.02400786117766908,0.02400786117766908,29.46762218701082
0.081457,0.057464138822330924,0.023992861177669078,0.023992861177669078,29.454633915089488
0.081457,0.057464138822330924,0.023992861177669078,0.023992861177669078,29.454633915089488
0.081441,0.057464138822330924,0.023976861177669076,0.023976861177669076,29.440774484876542
0.081432,0.057464138822330924,0.02396786117766908,0.02396786117766908,29.432976161995413
0.081431,0.057464138822330924,0.02396686117766908,0.02396686117766908,29.432109575268594
0.081431,0.057464138822330924,0.02396686117766908,0.02396686117766908,29.432109575268594
0.08139,0.057464138822330924,0.02392586117766908,0.02392586117766908,29.39656118475552
3.274643,3.2507171845609015,0.023925815439098663,0.023925815439098663,0.7306388952434822
0.081377,0.057464138822330924,0.02391286117766908,0.02391286117766908,29.385282264379125
0.081373,0.057464138822330924,0.023908861177669077,0.023908861177669077,29.38181110231559
0.081373,0.057464138822330924,0.023908861177669077,0.023908861177669077,29.38181110231559
0.081373,0.057464138822330924,0.023908861177669077,0.023908861177669077,29.38181110231559
0.081369,0.057464138822330924,0.023904861177669073,0.023904861177669073,29.378339598975945
0.081367,0.057464138822330924,0.02390286117766907,0.02390286117766907,29.376603719311845
0.081363,0.057464138822330924,0.02389886117766908,0.02389886117766908,29.373131703963658
0.081359,0.057464138822330924,0.023894861177669077,0.023894861177669077,29.369659347213485
0.081355,0.057464138822330924,0.023890861177669073,0.023890861177669073,29.366186649010988
0.081353,0.057464138822330924,0.02388886117766907,0.02388886117766907,29.364450171849377
0.081351,0.057464138822330924,0.023886861177669083,0.023886861177669083,29.362713609305807
0.081343,0.057464138822330924,0.023878861177669075,0.023878861177669075,29.355766505185834
0.081336,0.057464138822330924,0.023871861177669082,0.023871861177669082,29.349686668042928
0.081332,0.057464138822330924,0.023867861177669078,0.023867861177669078,29.346212005511813
0.081328,0.057464138822330924,0.023863861177669074,0.023863861177669074,29.3427370011882
0.081326,0.057464138822330924,0.023861861177669072,0.023861861177669072,29.34099937083845
0.081322,0.057464138822330924,0.023857861177669082,0.023857861177669082,29.337523853731533
0.081318,0.057464138822330924,0.023853861177669078,0.023853861177669078,29.334047994706008
0.081314,0.057464138822330924,0.023849861177669074,0.023849861177669074,29.330571793711417
0.08131,0.057464138822330924,0.02384586117766907,0.02384586117766907,29.327095250697305
0.08131,0.057464138822330924,0.02384586117766907,0.02384586117766907,29.327095250697305
0.081304,0.057464138822330924,0.023839861177669078,0.023839861177669078,29.3218797947791
0.081293,0.057464138822330924,0.02382886117766908,0.02382886117766908,29.312316126058533
0.081263,0.057464138822330924,0.02379886117766908,0.02379886117766908,29.28622023354154
0.081261,0.057464138822330924,0.023796861177669076,0.023796861177669076,29.284479822282027
0.081246,0.057464138822330924,0.023781861177669075,0.023781861177669075,29.27142400659436
0.081238,0.057464138822330924,0.02377386117766908,0.02377386117766908,29.26445893350971
0.081236,0.057464138822330924,0.02377186117766908,0.02377186117766908,29.262717450891678
0.081232,0.057464138822330924,0.023767861177669075,0.023767861177669075,29.25923422839502
0.081228,0.057464138822330924,0.02376386117766907,0.02376386117766907,29.25575066284203
0.081226,0.057464138822330924,0.023761861177669083,0.023761861177669083,29.254008751403582
0.081215,0.057464138822330924,0.023750861177669072,0.023750861177669072,29.24442670494939
0.081207,0.057464138822330924,0.023742861177669078,0.023742861177669078,29.23745631341094
0.081205,0.057464138822330924,0.023740861177669076,0.023740861177669076,29.23571350093389
0.081201,0.057464138822330924,0.023736861177669072,0.023736861177669072,29.23222761842446
0.081191,0.057464138822330924,0.023726861177669076,0.023726861177669076,29.22351140944879
0.081183,0.057464138822330924,0.02371886117766908,0.02371886117766908,29.21653689621293
0.081164,0.057464138822330924,0.023699861177669077,0.023699861177669077,29.19996691694484
0.081146,0.057464138822330924,0.023681861177669072,0.023681861177669072,29.184261884116054
0.259116,0.2825574230164474,-0.02344142301644736,0.02344142301644736,9.046690674215666
3.274014,3.2507171845609015,0.023296815439098673,0.023296815439098673,0.7115673738226869
0.080583,0.057464138822330924,0.02311886117766908,0.02311886117766908,28.689501692639364
0.080515,0.057464138822330924,0.02305086117766908,0.02305086117766908,28.629275475426695
0.259521,0.2825574230164474,-0.02303642301644737,0.02303642301644737,8.876515968869901
0.080499,0.057464138822330924,0.023034861177669078,0.023034861177669078,28.615089813605127
0.080468,0.057464138822330924,0.023003861177669074,0.023003861177669074,28.58758904046514
0.080466,0.057464138822330924,0.023001861177669072,0.023001861177669072,28.585814069399824
0.080454,0.057464138822330924,0.022989861177669074,0.022989861177669074,28.575162389805246
0.080448,0.057464138822330924,0.022983861177669082,0.022983861177669082,28.5698353583672
0.080439,0.057464138822330924,0.022974861177669073,0.022974861177669073,28.56184332115918
0.080437,0.057464138822330924,0.02297286117766907,0.02297286117766907,28.56006707001629
0.080429,0.057464138822330924,0.022964861177669077,0.022964861177669077,28.552961182056368
0.080427,0.057464138822330924,0.022962861177669075,0.022962861177669075,28.551184489186333
0.080421,0.057464138822330924,0.022956861177669083,0.022956861177669083,28.545853880358646
0.080417,0.057464138822330924,0.02295286117766908,0.02295286117766908,28.54229969922626
0.080415,0.057464138822330924,0.022950861177669077,0.022950861177669077,28.540522476066105
0.080405,0.057464138822330924,0.02294086117766908,0.02294086117766908,28.53163503406187
0.080402,0.057464138822330924,0.022937861177669078,0.022937861177669078,28.528968370364062
0.0804,0.057464138822330924,0.022935861177669076,0.022935861177669076,28.52719048400732
0.080396,0.057464138822330924,0.02293186117766907,0.02293186117766907,28.523634445924472
0.080378,0.057464138822330924,0.02291386117766908,0.02291386117766908,28.507627894649595
0.080378,0.057464138822330924,0.02291386117766908,0.02291386117766908,28.507627894649595
0.08037,0.057464138822330924,0.022905861177669073,0.022905861177669073,28.500511570447383
0.080366,0.057464138822330924,0.022901861177669083,0.022901861177669083,28.496952877052646
0.080366,0.057464138822330924,0.022901861177669083,0.022901861177669083,28.496952877052646
0.080363,0.057464138822330924,0.02289886117766908,0.02289886117766908,28.494283624522225
0.080361,0.057464138822330924,0.02289686117766908,0.02289686117766908,28.492504012116044
0.080355,0.057464138822330924,0.022890861177669072,0.022890861177669072,28.487164643372427
0.080351,0.057464138822330924,0.022886861177669082,0.022886861177669082,28.483604621206304
0.080335,0.057464138822330924,0.02287086117766908,0.02287086117766908,28.46936098736506
0.080319,0.057464138822330924,0.022854861177669078,0.022854861177669078,28.455111678698646
0.080312,0.057464138822330924,0.02284786117766907,0.02284786117766907,28.448875820824032
0.08031,0.057464138822330924,0.022845861177669083,0.022845861177669083,28.447093947480994
0.08031,0.057464138822330924,0.022845861177669083,0.022845861177669083,28.447093947480994
0.080292,0.057464138822330924,0.02282786117766908,0.02282786117766908,28.43105309275896
0.08029,0.057464138822330924,0.022825861177669077,0.022825861177669077,28.429270331597717
0.080273,0.057464138822330924,0.022808861177669074,0.022808861177669074,28.414113275017705
0.080241,0.057464138822330924,0.022776861177669083,0.022776861177669083,28.38556492227604
0.080224,0.057464138822330924,0.02275986117766908,0.02275986117766908,28.370389346453294
0.080224,0.057464138822330924,0.02275986117766908,0.02275986117766908,28.370389346453294
0.080216,0.057464138822330924,0.022751861177669072,0.022751861177669072,28.363245673314335
0.080216,0.057464138822330924,0.022751861177669072,0.022751861177669072,28.363245673314335
0.080206,0.057464138822330924,0.022741861177669076,0.022741861177669076,28.354314077892877
0.080204,0.057464138822330924,0.022739861177669074,0.022739861177669074,28.35252749154225
0.080202,0.057464138822330924,0.022737861177669072,0.022737861177669072,28.3507408160873
0.080198,0.057464138822330924,0.022733861177669082,0.022733861177669082,28.34716719783775
0.080195,0.057464138822330924,0.02273086117766908,0.02273086117766908,28.344486750202126
0.080189,0.057464138822330924,0.022724861177669073,0.022724861177669073,28.33912525325163
0.080185,0.057464138822330924,0.022720861177669083,0.022720861177669083,28.335550476190726
0.080179,0.057464138822330924,0.022714861177669077,0.022714861177669077,28.330187641825027
0.080179,0.057464138822330924,0.022714861177669077,0.022714861177669077,28.330187641825027
0.259846,0.2825574230164474,-0.022711423016447352,0.022711423016447352,8.740339665689296
0.080165,0.057464138822330924,0.022700861177669077,0.022700861177669077,28.31767123975726
0.080157,0.057464138822330924,0.022692861177669083,0.022692861177669083,28.310517046993482
0.080151,0.057464138822330924,0.022686861177669077,0.022686861177669077,28.30515046520184
0.080146,0.057464138822330924,0.02268186117766907,0.02268186117766907,28.30067769990816
0.080128,0.057464138822330924,0.02266386117766908,0.02266386117766908,28.284571122933944
4.393347,4.370699558173557,0.02264744182644307,0.02264744182644307,0.5154940373689484
0.259942,0.2825574230164474,-0.022615423016447367,0.022615423016447367,8.700180427844359
0.260042,0.2825574230164474,-0.022515423016447378,0.022515423016447378,8.658379418628144
3.272617,3.2507171845609015,0.021899815439098358,0.021899815439098358,0.6691835750541287
0.260745,0.2825574230164474,-0.02181242301644737,0.02181242301644737,8.36542330939498
3.272207,3.2507171845609015,0.021489815439098336,0.021489815439098336,0.656737652551981
0.261146,0.2825574230164474,-0.021411423016447384,0.021411423016447384,8.199023920813781
3.271983,3.2507171845609015,0.021265815439098557,0.021265815439098557,0.6499366114814356
3.229506,3.2507171845609015,-0.02121118456090132,0.02121118456090132,0.6567934712071916
3.271853,3.2507171845609015,0.021135815439098593,0.021135815439098593,0.6459891516658176
0.262262,0.2825574230164474,-0.020295423016447378,0.020295423016447378,7.738606053758749
0.262996,0.2825574230164474,-0.019561423016447366,0.019561423016447366,7.437916549684956
0.264494,0.2825574230164474,-0.018063423016447366,0.018063423016447366,6.829426380038088
3.268777,3.2507171845609015,0.018059815439098514,0.018059815439098514,0.5524945702489347
3.268661,3.2507171845609015,0.017943815439098287,0.017943815439098287,0.548965323676861
3.268016,3.2507171845609015,0.01729881543909828,0.01729881543909828,0.5293369260912109
3.265127,3.2507171845609015,0.014409815439098583,0.014409815439098583,0.4413248072328353
3.264174,3.2507171845609015,0.013456815439098602,0.013456815439098602,0.4122579077796203
0.108003,0.1204173217098532,-0.012414321709853196,0.012414321709853196,11.494423023766723
0.108012,0.1204173217098532,-0.012405321709853201,0.012405321709853201,11.485132854097756
0.108014,0.1204173217098532,-0.012403321709853199,0.012403321709853199,11.483068582193171
0.108024,0.1204173217098532,-0.012393321709853203,0.012393321709853203,11.472748369233186
0.108026,0.1204173217098532,-0.0123913217098532,0.0123913217098532,11.470684555924054
0.108028,0.1204173217098532,-0.012389321709853199,0.012389321709853199,11.468620819032639
0.108032,0.1204173217098532,-0.012385321709853195,0.012385321709853195,11.464493574485987
0.108032,0.1204173217098532,-0.012385321709853195,0.012385321709853195,11.464493574485987
0.108042,0.1204173217098532,-0.012375321709853199,0.012375321709853199,11.454176800132377
0.108048,0.1204173217098532,-0.012369321709853193,0.012369321709853193,11.447987652159416
0.108048,0.1204173217098532,-0.012369321709853193,0.012369321709853193,11.447987652159416
0.108063,0.1204173217098532,-0.012354321709853192,0.012354321709853192,11.43251778908662
0.108065,0.1204173217098532,-0.012352321709853203,0.012352321709853203,11.430455465157776
0.108065,0.1204173217098532,-0.012352321709853203,0.012352321709853203,11.430455465157776
0.108075,0.1204173217098532,-0.012342321709853193,0.012342321709853193,11.420144990453897
0.108077,0.1204173217098532,-0.012340321709853191,0.012340321709853191,11.418083124471542
0.108079,0.1204173217098532,-0.012338321709853203,0.012338321709853203,11.416021334798788
0.108079,0.1204173217098532,-0.012338321709853203,0.012338321709853203,11.416021334798788
0.108081,0.1204173217098532,-0.012336321709853201,0.012336321709853201,11.413959621431372
0.108083,0.1204173217098532,-0.0123343217098532,0.0123343217098532,11.411897984365073
0.108087,0.1204173217098532,-0.012330321709853195,0.012330321709853195,11.407774939118877
0.108089,0.1204173217098532,-0.012328321709853193,0.012328321709853193,11.40571353093051
0.108089,0.1204173217098532,-0.012328321709853193,0.012328321709853193,11.40571353093051
0.108091,0.1204173217098532,-0.012326321709853191,0.012326321709853191,11.40365219902632
0.108095,0.1204173217098532,-0.012322321709853201,0.012322321709853201,11.399529764053538
0.108098,0.1204173217098532,-0.012319321709853198,0.012319321709853198,11.39643813803841
0.108112,0.1204173217098532,-0.012305321709853198,0.012305321709853198,11.382012818624377
0.108114,0.1204173217098532,-0.012303321709853196,0.012303321709853196,11.37995236368393
0.10813,0.1204173217098532,-0.012287321709853194,0.012287321709853194,11.363471468130697
0.108137,0.1204173217098532,-0.0122803217098532,0.0122803217098532,11.356262609927166
0.108139,0.1204173217098532,-0.012278321709853199,0.012278321709853199,11.354203107573582
0.108143,0.1204173217098532,-0.012274321709853195,0.012274321709853195,11.350084331397419
0.108145,0.1204173217098532,-0.012272321709853193,0.012272321709853193,11.348025057566385
0.108149,0.1204173217098532,-0.012268321709853203,0.012268321709853203,11.343906738397301
0.108157,0.1204173217098532,-0.012260321709853195,0.012260321709853195,11.335671013912668
0.108163,0.1204173217098532,-0.012254321709853203,0.012254321709853203,11.329495020038006
0.108198,0.1204173217098532,-0.012219321709853195,0.012219321709853195,11.293482040850767
0.108272,0.1204173217098532,-0.012145321709853205,0.012145321709853205,11.217416967115957
0.108306,0.1204173217098532,-0.012111321709853198,0.012111321709853198,11.182502999529754
0.108308,0.1204173217098532,-0.012109321709853196,0.012109321709853196,11.180449919371373
0.108343,0.1204173217098532,-0.012074321709853203,0.012074321709853203,11.144533286607045
0.108374,0.1204173217098532,-0.0120433217098532,0.0120433217098532,11.1127407853733
0.10838,0.1204173217098532,-0.012037321709853194,0.012037321709853194,11.10658949875125
0.10838,0.1204173217098532,-0.012037321709853194,0.012037321709853194,11.10658949875125
0.108511,0.1204173217098532,-0.011906321709853201,0.011906321709853201,10.972455971174117
0.108995,0.1204173217098532,-0.011422321709853203,0.011422321709853203,10.479674938642624
0.108999,0.1204173217098532,-0.0114183217098532,0.0114183217098532,10.475620601452839
0.109015,0.1204173217098532,-0.011402321709853197,0.011402321709853197,10.459406227944587
0.109019,0.1204173217098532,-0.011398321709853193,0.011398321709853193,10.455353378216495
0.109021,0.1204173217098532,-0.011396321709853191,0.011396321709853191,10.453327064877284
0.109025,0.1204173217098532,-0.011392321709853201,0.011392321709853201,10.449274661228092
0.109044,0.1204173217098532,-0.011373321709853196,0.011373321709853196,10.430029803953603
0.109052,0.1204173217098532,-0.011365321709853202,0.011365321709853202,10.421928712386086
0.109058,0.1204173217098532,-0.011359321709853196,0.011359321709853196,10.41585367367579
0.109062,0.1204173217098532,-0.011355321709853192,0.011355321709853192,10.4118040192197
0.10907,0.1204173217098532,-0.011347321709853198,0.011347321709853198,10.403705601402304
0.109072,0.1204173217098532,-0.011345321709853196,0.011345321709853196,10.401681182568867
0.109079,0.1204173217098532,-0.011338321709853202,0.011338321709853202,10.394596301266612
0.109081,0.1204173217098532,-0.0113363217098532,0.0113363217098532,10.392572216481907
0.109083,0.1204173217098532,-0.011334321709853198,0.011334321709853198,10.390548205919025
0.109083,0.1204173217098532,-0.011334321709853198,0.011334321709853198,10.390548205919025
0.109087,0.1204173217098532,-0.011330321709853194,0.011330321709853194,10.386500407442403
0.109093,0.1204173217098532,-0.011324321709853202,0.011324321709853202,10.380429266289106
0.109105,0.1204173217098532,-0.011312321709853204,0.011312321709853204,10.368288987200327
0.109119,0.1204173217098532,-0.011298321709853204,0.011298321709853204,10.354128703066447
0.109121,0.1204173217098532,-0.011296321709853202,0.011296321709853202,10.352106101942885
0.109122,0.1204173217098532,-0.011295321709853201,0.011295321709853201,10.351094829183948
0.109134,0.1204173217098532,-0.011283321709853203,0.011283321709853203,10.338961001625748
0.109138,0.1204173217098532,-0.011279321709853199,0.011279321709853199,10.334916985393065
0.10914,0.1204173217098532,-0.011277321709853197,0.011277321709853197,10.332895088437146
0.109142,0.1204173217098532,-0.011275321709853195,0.011275321709853195,10.330873265582747
0.109152,0.1204173217098532,-0.011265321709853199,0.011265321709853199,10.320765262690959
0.109154,0.1204173217098532,-0.011263321709853197,0.011263321709853197,10.318743884360128
0.10916,0.1204173217098532,-0.011257321709853205,0.011257321709853205,10.312680193789415
0.109165,0.1204173217098532,-0.0112523217098532,0.0112523217098532,10.30762762748644
0.109193,0.1204173217098532,-0.0112243217098532,0.0112243217098532,10.279341807234767
0.109195,0.1204173217098532,-0.011222321709853197,0.011222321709853197,10.277321946587184
0.109199,0.1204173217098532,-0.011218321709853193,0.011218321709853193,10.273282447256761
0.109201,0.1204173217098532,-0.011216321709853191,0.011216321709853191,10.27126280856579
0.109212,0.1204173217098532,-0.011205321709853194,0.011205321709853194,10.260156118002635
0.109255,0.1204173217098532,-0.011162321709853193,0.011162321709853193,10.216760514060164
0.109271,0.1204173217098532,-0.011146321709853205,0.011146321709853205,10.20062203114512
0.109322,0.1204173217098532,-0.011095321709853195,0.011095321709853195,10.149212143670976
0.109343,0.1204173217098532,-0.011074321709853202,0.011074321709853202,10.12805730565756
0.109375,0.1204173217098532,-0.011042321709853198,0.011042321709853198,10.095836982635301
4.322478,4.3117976335580135,0.010680366441986777,0.010680366441986777,0.2470889716903056
3.260288,3.2507171845609015,0.009570815439098546,0.009570815439098546,0.29355736176696623
3.256968,3.2507171845609015,0.006250815439098556,0.006250815439098556,0.19192130346096845
3.256595,3.2507171845609015,0.005877815439098377,0.005877815439098377,0.18048960459983165
3.25574,3.2507171845609015,0.005022815439098327,0.005022815439098327,0.15427569274401678
3.255736,3.2507171845609015,0.005018815439098656,0.005018815439098656,0.15415302220279847
3.25557,3.2507171845609015,0.004852815439098546,0.004852815439098546,0.14906192890797873
3.255536,3.2507171845609015,0.004818815439098678,0.004818815439098678,0.14801911079928648
3.255484,3.2507171845609015,0.004766815439098515,0.004766815439098515,0.14642417038302416
3.255463,3.2507171845609015,0.004745815439098688,0.004745815439098688,0.14578004538687456
3.255433,3.2507171845609015,0.004715815439098492,0.004715815439098492,0.1448598524053062
3.2554,3.2507171845609015,0.00468281543909832,0.00468281543909832,0.1438476205367842
3.255362,3.2507171845609015,0.004644815439098338,0.004644815439098338,0.1426819947813993
3.255247,3.2507171845609015,0.00452981543909825,0.00452981543909825,0.13915427735465533
3.255183,3.2507171845609015,0.0044658154390986304,0.0044658154390986304,0.13719091795949534
3.255172,3.2507171845609015,0.004454815439098425,0.004454815439098425,0.13685345778845392
3.255161,3.2507171845609015,0.004443815439098664,0.004443815439098664,0.13651599533670217
3.25514,3.2507171845609015,0.004422815439098393,0.004422815439098393,0.1358717425045473
3.255098,3.2507171845609015,0.004380815439098296,0.004380815439098296,0.13458321190218275
3.254831,3.2507171845609015,0.004113815439098278,0.004113815439098278,0.12639106113257148
3.254749,3.2507171845609015,0.004031815439098363,0.004031815439098363,0.12387484991851869
3.254533,3.2507171845609015,0.003815815439098369,0.003815815439098369,0.11724617445824402
3.247901,3.2507171845609015,-0.0028161845609013803,0.0028161845609013803,0.08670783256061906
