actual,predicted,error,abs_error,rel_error_pct
103.85912,28.59653,75.26258908569336,75.26258908569336,72.466037730361
84.311804,28.59653,55.715273085693354,55.715273085693354,66.08241129038974
84.30998,28.59653,55.713449085693355,55.713449085693355,66.08167750203152
84.306832,28.59653,55.71030108569336,55.71030108569336,66.08041099875189
84.303229,28.59653,55.70669808569336,55.70669808569336,66.07896132380324
84.298344,28.59653,55.70181308569336,55.70181308569336,66.07699563543892
84.261938,28.59653,55.66540708569336,55.66540708569336,66.06233894789756
84.248684,28.59653,55.65215308569336,55.65215308569336,66.056999876256
78.183781,28.59653,49.587250085693356,49.587250085693356,63.423960124964964
77.827979,28.59653,49.23144808569336,49.23144808569336,63.256747403951096
30.297909,9.261901,21.036008098205567,21.036008098205567,69.43056069689871
30.297043,9.261901,21.035142098205565,21.035142098205565,69.42968691081877
30.296869,9.261901,21.034968098205567,21.034968098205567,69.42951134038353
30.296224,9.261901,21.034323098205565,21.034323098205565,69.42886050134874
30.290262,9.261901,21.028361098205565,21.028361098205565,69.42284321652994
30.267519,9.261901,21.005618098205566,21.005618098205566,69.39986755484044
30.266745,9.261901,21.004844098205567,21.004844098205567,69.39908502924965
30.266247,9.261901,21.004346098205566,21.004346098205566,69.39858152263201
29.009826,9.261901,19.747925098205567,19.747925098205567,68.07322835420486
28.627769,9.261901,19.365868098205567,19.365868098205567,67.64714392566854
44.395909,28.59653,15.799378085693363,15.799378085693363,35.58746389370645
13.293784,28.59653,-15.30274691430664,15.30274691430664,115.11204721087336
13.294051,28.59653,-15.302479914306641,15.302479914306641,115.10772686362895
13.294159,28.59653,-15.30237191430664,15.30237191430664,115.10597935673503
13.294163,28.59653,-15.302367914306641,15.302367914306641,115.10591463480277
13.294167,28.59653,-15.30236391430664,15.30236391430664,115.10584991290943
13.294445,28.59653,-15.302085914306641,15.302085914306641,115.10135183673738
13.294489,28.59653,-15.30204191430664,15.30204191430664,115.10063992825552
13.294799,28.59653,-15.301731914306641,15.301731914306641,115.09562434295957
13.294934,28.59653,-15.301596914306641,15.301596914306641,115.09344020956816
13.294998,28.59653,-15.301532914306641,15.301532914306641,115.09240478405147
13.295152,28.59653,-15.30137891430664,15.30137891430664,115.08991333225487
13.29523,28.59653,-15.30130091430664,15.30130091430664,115.08865145011822
13.295231,28.59653,-15.301299914306641,15.301299914306641,115.08863527223825
13.295451,28.59653,-15.30107991430664,15.30107991430664,115.08507619780298
13.295565,28.59653,-15.30096591430664,15.30096591430664,115.08323199647069
13.295949,28.59653,-15.30058191430664,15.30058191430664,115.07702018255006
13.296105,28.59653,-15.30042591430664,15.30042591430664,115.07449673563472
13.296248,28.59653,-15.30028291430664,15.30028291430664,115.07218362797961
13.296373,28.59653,-15.30015791430664,15.30015791430664,115.07016172148276
13.296507,28.59653,-15.30002391430664,15.30002391430664,115.06799427993812
13.296572,28.59653,-15.299958914306641,15.299958914306641,115.06694292477471
13.297149,28.59653,-15.299381914306641,15.299381914306641,115.05761057645954
13.297455,28.59653,-15.299075914306641,15.299075914306641,115.05266168745516
13.298639,28.59653,-15.297891914306641,15.297891914306641,115.03351519047631
13.299173,28.59653,-15.297357914306641,15.297357914306641,115.02488097712254
13.350596,28.59653,-15.245934914306641,15.245934914306641,114.19666143887844
13.351379,28.59653,-15.245151914306641,15.245151914306641,114.18409974125112
13.351675,28.59653,-15.24485591430664,15.24485591430664,114.17935138619282
13.351825,28.59653,-15.24470591430664,15.24470591430664,114.17694520556152
13.352039,28.59653,-15.244491914306641,15.244491914306641,114.17351248144547
13.352199,28.59653,-15.24433191430664,15.24433191430664,114.17094603063111
13.352351,28.59653,-15.24417991430664,15.24417991430664,114.16850795932845
13.352458,28.59653,-15.24407291430664,15.24407291430664,114.16679171874178
13.353483,28.59653,-15.24304791430664,15.24304791430664,114.15035249000196
13.353785,28.59653,-15.24274591430664,15.24274591430664,114.14550941319254
13.36359,28.59653,-15.23294091430664,15.23294091430664,113.98838870537521
13.370691,28.59653,-15.22583991430664,15.22583991430664,113.8747422567223
18.957169,4.86655,14.090619031280518,14.090619031280518,74.32870926669584
18.957039,4.86655,14.09048903128052,14.09048903128052,74.328533222969
18.956968,4.86655,14.090418031280517,14.090418031280517,74.32843707499106
18.956945,4.86655,14.090395031280519,14.090395031280519,74.32840592830856
18.956771,4.86655,14.090221031280517,14.090221031280517,74.32817029443565
18.956308,4.86655,14.089758031280518,14.089758031280518,74.32754327058936
18.956292,4.86655,14.089742031280519,14.089742031280519,74.32752160183117
18.9562,4.86655,14.089650031280517,14.089650031280517,74.32739700576165
18.956165,4.86655,14.089615031280516,14.089615031280516,74.32734960476547
18.95611,4.86655,14.089560031280516,14.089560031280516,74.3272751171321
18.956106,4.86655,14.089556031280516,14.089556031280516,74.32726969983283
18.956093,4.86655,14.089543031280517,14.089543031280517,74.32725209359434
18.955471,4.86655,14.088921031280517,14.088921031280517,74.32640967457993
18.946226,4.86655,14.079676031280517,14.079676031280517,74.31388199003962
18.940629,4.86655,14.074079031280519,14.074079031280519,74.30629168232065
17.630216,3.6221828,14.008033153930665,14.008033153930665,79.45468821171113
17.630212,3.6221828,14.008029153930664,14.008029153930664,79.4546835503238
17.630155,3.6221828,14.007972153930663,14.007972153930663,79.45461712532426
17.630118,3.6221828,14.007935153930664,14.007935153930664,79.45457400711221
17.630089,3.6221828,14.007906153930666,14.007906153930666,79.4545402116303
17.629991,3.6221828,14.007808153930664,14.007808153930664,79.454426005386
17.629866,3.6221828,14.007683153930664,14.007683153930664,79.45428033231342
17.628944,3.6221828,14.006761153930665,14.006761153930665,79.45320578391542
17.650334,3.9815927,13.668741344818116,13.668741344818116,77.4418282664831
17.650244,3.9815927,13.668651344818116,13.668651344818116,77.44171324056866
17.649467,3.9815927,13.667874344818117,13.667874344818117,77.44072013472518
17.649457,3.9815927,13.667864344818117,13.667864344818117,77.44070735287026
17.64938,3.9815927,13.667787344818116,13.667787344818116,77.4406089321023
17.648927,3.9815927,13.667334344818116,13.667334344818116,77.4400298938325
17.642498,3.9815927,13.660905344818115,13.660905344818115,77.43180894644672
18.25323,4.7055855,13.54764452026367,13.54764452026367,74.22053258622968
18.25313,4.7055855,13.54754452026367,13.54754452026367,74.22039135309643
18.252863,4.7055855,13.547277520263673,13.547277520263673,74.2200142530487
18.25246,4.7055855,13.546874520263671,13.546874520263671,74.21944505118464
18.252226,4.7055855,13.546640520263672,13.546640520263672,74.2191145353419
18.252116,4.7055855,13.546530520263673,13.546530520263673,74.21895916171832
17.688635,4.147091,13.541544088134767,13.541544088134767,76.555054067531
17.688547,4.147091,13.541456088134765,13.541456088134765,76.55493742961596
17.688519,4.147091,13.541428088134765,13.541428088134765,76.55490031730872
17.688293,4.147091,13.541202088134767,13.541202088134767,76.55460076367014
17.687837,4.147091,13.540746088134764,13.540746088134764,76.55399633125414
17.687743,4.147091,13.540652088134767,13.540652088134767,76.55387172946946
17.687677,4.147091,13.540586088134766,13.540586088134766,76.55378424231861
17.687552,4.147091,13.540461088134766,13.540461088134766,76.5536185451679
17.687546,4.147091,13.540455088134767,13.540455088134767,76.55361059164575
17.687515,4.147091,13.540424088134767,13.540424088134767,76.55356949836207
18.242939,4.7055855,13.537353520263672,13.537353520263672,74.20599016523306
17.679405,4.147091,13.532314088134765,13.532314088134765,76.542814014715
17.677802,4.147091,13.530711088134765,13.530711088134765,76.54068694772249
17.763537,4.3425474,13.420989583312988,13.420989583312988,75.55358813527641
17.76258,4.3425474,13.420032583312988,13.420032583312988,75.552271028406
17.762405,4.3425474,13.41985758331299,13.41985758331299,75.55203016279292
17.762382,4.3425474,13.419834583312987,13.419834583312987,75.55199850581661
17.762247,4.3425474,13.419699583312987,13.419699583312987,75.5518126914767
17.76213,4.3425474,13.419582583312987,13.419582583312987,75.55165165009737
17.762111,4.3425474,13.41956358331299,13.41956358331299,75.55162549787825
17.761436,4.3425474,13.418888583312988,13.418888583312988,75.55069636958092
17.761264,4.3425474,13.418716583312989,13.418716583312989,75.55045960263548
17.753627,4.3425474,13.41107958331299,13.41107958331299,75.53994225088456
17.921294,4.670134,13.2511599324646,13.2511599324646,73.94086572314845
17.920389,4.670134,13.2502549324646,13.2502549324646,73.9395497072673
17.920311,4.670134,13.250176932464601,13.250176932464601,73.93943627647234
17.920197,4.670134,13.250062932464601,13.250062932464601,73.93927049122652
17.920094,4.670134,13.249959932464598,13.249959932464598,73.93912070098885
17.920035,4.670134,13.249900932464598,13.249900932464598,73.93903489803822
17.920021,4.670134,13.249886932464598,13.249886932464598,73.93901453793308
17.919199,4.670134,13.249064932464599,13.249064932464599,73.93781905313213
17.919197,4.670134,13.2490629324646,13.2490629324646,73.93781614427624
17.919109,4.670134,13.248974932464598,13.248974932464598,73.93768815397385
17.918919,4.670134,13.248784932464599,13.248784932464599,73.93741180698827
17.622669,4.515987,13.106682080596922,13.106682080596922,74.37399000413927
17.622438,4.515987,13.106451080596923,13.106451080596923,74.37365409100916
17.621901,4.515987,13.105914080596925,13.105914080596925,74.37287316801151
17.621799,4.515987,13.105812080596923,13.105812080596923,74.37272483089015
17.621711,4.515987,13.105724080596925,13.105724080596925,74.37259685238598
17.621533,4.515987,13.105546080596923,13.105546080596923,74.37233798286762
17.621439,4.515987,13.105452080596923,13.105452080596923,74.3722012743826
17.613248,4.515987,13.097261080596923,13.097261080596923,74.36028312621593
17.613197,4.515987,13.097210080596923,13.097210080596923,74.36020888497735
17.613183,4.515987,13.097196080596923,13.097196080596923,74.3601885049543
16.238912,3.6221828,12.616729153930663,12.616729153930663,77.6944240713477
15.954446,3.6221828,12.332263153930665,12.332263153930665,77.29671813018997
16.46096,4.3425474,12.118412583312988,12.118412583312988,73.61911202772724
16.011358,4.147091,11.864267088134767,11.864267088134767,74.09906822432345
16.501311,4.670134,11.8311769324646,11.8311769324646,71.69840585631592
16.191285,4.515987,11.675298080596924,11.675298080596924,72.10853295785243
36.161427,28.59653,7.564896085693363,7.564896085693363,20.919794137749157
16.796899,9.261901,7.534998098205566,7.534998098205566,44.85945946427795
16.785899,9.261901,7.523998098205567,7.523998098205567,44.82332520981298
16.629563,9.261901,7.367662098205567,7.367662098205567,44.304604385342316
3.757207,9.261901,-5.504693901794433,5.504693901794433,146.5102641842178
3.757262,9.261901,-5.504638901794434,5.504638901794434,146.5066556883158
3.757558,9.261901,-5.504342901794434,5.504342901794434,146.4872372335423
3.757568,9.261901,-5.504332901794434,5.504332901794434,146.48658125808893
3.757751,9.261901,-5.504149901794434,5.504149901794434,146.4745775238423
3.757785,9.261901,-5.504115901794433,5.504115901794433,146.4723474506381
3.757808,9.261901,-5.504092901794434,5.504092901794434,146.47083889458864
3.75782,9.261901,-5.504080901794433,5.504080901794433,146.47005182919784
3.757827,9.261901,-5.504073901794434,5.504073901794434,146.46959271004133
3.757833,9.261901,-5.504067901794434,5.504067901794434,146.46919918069707
3.757839,9.261901,-5.504061901794433,5.504061901794433,146.4688056526095
3.757851,9.261901,-5.504049901794433,5.504049901794433,146.46801860020435
3.757875,9.261901,-5.504025901794433,5.504025901794433,146.4664445104738
3.75788,9.261901,-5.5040209017944335,5.5040209017944335,146.46611657764396
3.757889,9.261901,-5.504011901794433,5.504011901794433,146.46552630074936
3.757915,9.261901,-5.503985901794433,5.503985901794433,146.4638210722693
3.757933,9.261901,-5.503967901794434,5.503967901794434,146.4626405432979
3.757977,9.261901,-5.503923901794433,5.503923901794433,146.45975485342177
3.75798,9.261901,-5.503920901794434,5.503920901794434,146.45955810430002
3.75799,9.261901,-5.503910901794434,5.503910901794434,146.45890227616295
3.758033,9.261901,-5.503867901794433,5.503867901794433,146.456082254945
3.758062,9.261901,-5.503838901794434,5.503838901794434,146.4541804166078
3.758084,9.261901,-5.503816901794433,5.503816901794433,146.45273766227632
3.758093,9.261901,-5.503807901794433,5.503807901794433,146.4521474494639
3.758113,9.261901,-5.503787901794434,5.503787901794434,146.45083587555732
3.758155,9.261901,-5.503745901794433,5.503745901794433,146.44808161579246
3.758165,9.261901,-5.503735901794434,5.503735901794434,146.44742584873168
3.758183,9.261901,-5.503717901794434,5.503717901794434,146.44624547681653
3.758186,9.261901,-5.503714901794433,5.503714901794433,146.44604874926327
3.758201,9.261901,-5.503699901794434,5.503699901794434,146.44506511620824
3.758215,9.261901,-5.503685901794434,5.503685901794434,146.4441470657743
3.758252,9.261901,-5.503648901794433,5.503648901794433,146.44172082255238
3.758281,9.261901,-5.503619901794433,5.503619901794433,146.43981920585486
3.758357,9.261901,-5.503543901794433,5.503543901794433,146.43483579787653
3.758373,9.261901,-5.503527901794433,5.503527901794433,146.4337866850363
3.758403,9.261901,-5.503497901794434,5.503497901794434,146.43181962253655
3.758411,9.261901,-5.503489901794433,5.503489901794433,146.4312950778401
3.758443,9.261901,-5.503457901794434,5.503457901794434,146.42919692138486
3.758451,9.261901,-5.503449901794434,5.503449901794434,146.42867238785354
3.758613,9.261901,-5.503287901794433,5.503287901794433,146.41805106426267
3.758753,9.261901,-5.503147901794433,5.503147901794433,146.4088728801287
3.758753,9.261901,-5.503147901794433,5.503147901794433,146.4088728801287
3.7621,9.261901,-5.499800901794433,5.499800901794433,146.18965209984432
3.762336,9.261901,-5.499564901794434,5.499564901794434,146.17420936482705
3.763966,9.261901,-5.497934901794434,5.497934901794434,146.06760267357265
3.764728,9.261901,-5.497172901794434,5.497172901794434,146.01779734547665
3.765048,9.261901,-5.496852901794433,5.496852901794433,145.99688773286385
3.766997,9.261901,-5.494903901794434,5.494903901794434,145.86961183267638
8.843936,3.6221828,5.221753153930663,5.221753153930663,59.04331684299412
8.83473,3.6221828,5.2125471539306645,5.2125471539306645,59.000638999399676
8.859361,3.9815927,4.877768344818115,4.877768344818115,55.057789661839685
8.856562,3.9815927,4.8749693448181155,4.8749693448181155,55.04358626703084
8.856209,3.9815927,4.874616344818115,4.874616344818115,55.04179434748065
8.820461,3.9815927,4.838868344818115,4.838868344818115,54.859585511043655
8.884509,4.147091,4.737418088134765,4.737418088134765,53.322227351916055
8.875626,4.147091,4.728535088134766,4.728535088134766,53.27551079869173
8.943618,4.3425474,4.601070583312989,4.601070583312989,51.44529409978762
8.941902,4.3425474,4.599354583312989,4.599354583312989,51.435976185620824
8.941298,4.3425474,4.598750583312988,4.598750583312988,51.432695602602166
0.063006,4.515987,-4.4529809194030765,4.4529809194030765,7067.550570319534
0.063042,4.515987,-4.452944919403076,4.452944919403076,7063.457555819325
0.06308,4.515987,-4.452906919403076,4.452906919403076,7059.142219949166
0.063119,4.515987,-4.452867919403076,4.452867919403076,7054.718725500021
0.063309,4.515987,-4.452677919403076,4.452677919403076,7033.246319432988
0.063346,4.515987,-4.452640919403076,4.452640919403076,7029.079835149807
0.063378,4.515987,-4.452608919403076,4.452608919403076,7025.480312375896
0.063399,4.515987,-4.452587919403076,4.452587919403076,7023.120100285425
0.063641,4.515987,-4.452345919403077,4.452345919403077,6996.033865600859
0.063829,4.515987,-4.452157919403076,4.452157919403076,6975.133422782659
0.063835,4.515987,-4.452151919403076,4.452151919403076,6974.468414550964
0.063954,4.515987,-4.452032919403076,4.452032919403076,6961.304863560953
0.063959,4.515987,-4.4520279194030765,4.4520279194030765,6960.752845482769
0.06399,4.515987,-4.451996919403076,4.451996919403076,6957.332258861922
0.064105,4.515987,-4.4518819194030765,4.4518819194030765,6944.671885903447
0.064121,4.515987,-4.451865919403076,4.451865919403076,6942.914041359559
0.064169,4.515987,-4.4518179194030765,4.4518179194030765,6937.645767372767
0.06423,4.515987,-4.451756919403076,4.451756919403076,6930.962030938993
0.064231,4.515987,-4.451755919403076,4.451755919403076,6930.852567252921
0.064321,4.515987,-4.4516659194030765,4.4516659194030765,6921.014773529737
0.064571,4.515987,-4.451415919403076,4.451415919403076,6893.831460731977
0.064753,4.515987,-4.4512339194030766,4.4512339194030766,6874.174034452308
0.064849,4.515987,-4.4511379194030765,4.4511379194030765,6863.849731744864
0.065124,4.515987,-4.450862919403076,4.450862919403076,6834.443388871435
0.065376,4.515987,-4.4506109194030765,4.4506109194030765,6807.713706245967
0.065697,4.515987,-4.450289919403076,4.450289919403076,6773.962148392033
0.066055,4.515987,-4.449931919403076,4.449931919403076,6736.7071571665565
0.066099,4.515987,-4.449887919403076,4.449887919403076,6732.156178869453
0.066316,4.515987,-4.449670919403077,4.449670919403077,6709.799916601239
0.066566,4.515987,-4.449420919403076,4.449420919403076,6684.224548145979
0.067021,4.515987,-4.448965919403076,4.448965919403076,6638.1670114813405
0.068836,4.515987,-4.447150919403076,4.447150919403076,6460.501645857655
8.836688,4.515987,4.320701080596924,4.320701080596924,48.89502809817467
8.836426,4.515987,4.320439080596923,4.320439080596923,48.8935128359365
0.349938,4.670134,-4.3201960675354005,4.3201960675354005,1234.5604267901285
0.350021,4.670134,-4.3201130675354005,4.3201130675354005,1234.2439643053292
0.350204,4.670134,-4.319930067535401,4.319930067535401,1233.546751693828
0.350211,4.670134,-4.319923067535401,4.319923067535401,1233.5200968278782
0.350263,4.670134,-4.3198710675354,4.3198710675354,1233.3221226056073
0.350305,4.670134,-4.319829067535401,4.319829067535401,1233.1622632569442
0.350319,4.670134,-4.319815067535401,4.319815067535401,1233.108985325458
0.350336,4.670134,-4.3197980675354,4.3197980675354,1233.044296418968
0.350351,4.670134,-4.3197830675354005,4.3197830675354005,1232.9872231854376
0.350386,4.670134,-4.3197480675354,4.3197480675354,1232.8540713106534
0.350454,4.670134,-4.3196800675354,4.3196800675354,1232.5954522712839
0.350464,4.670134,-4.319670067535401,4.319670067535401,1232.5574285241403
0.350478,4.670134,-4.3196560675354005,4.3196560675354005,1232.5041989234405
0.350514,4.670134,-4.3196200675354,4.3196200675354,1232.3673423324126
0.350517,4.670134,-4.3196170675354,4.3196170675354,1232.3559388854305
0.35054,4.670134,-4.319594067535401,4.319594067535401,1232.2685189430968
0.350541,4.670134,-4.319593067535401,4.319593067535401,1232.2647183362676
0.350546,4.670134,-4.319588067535401,4.319588067535401,1232.2457156273797
0.350553,4.670134,-4.319581067535401,4.319581067535401,1232.219112745628
0.35057,4.670134,-4.3195640675354,4.3195640675354,1232.1545101700788
0.350594,4.670134,-4.3195400675354,4.3195400675354,1232.0633171997629
0.350601,4.670134,-4.3195330675354,4.3195330675354,1232.0367216018674
0.350611,4.670134,-4.319523067535401,4.319523067535401,1231.9987297327814
0.350618,4.670134,-4.3195160675354005,4.3195160675354005,1231.9721367138677
0.350688,4.670134,-4.3194460675354005,4.3194460675354005,1231.7062649145948
0.350701,4.670134,-4.3194330675354005,4.3194330675354005,1231.6569004091073
0.350717,4.670134,-4.3194170675354,4.3194170675354,1231.5961491184642
0.350733,4.670134,-4.3194010675354,4.3194010675354,1231.5354033706167
0.350735,4.670134,-4.3193990675354,4.3193990675354,1231.5278105418256
0.350774,4.670134,-4.3193600675354,4.3193600675354,1231.3797676863223
0.350783,4.670134,-4.3193510675354005,4.3193510675354005,1231.345608625291
0.350894,4.670134,-4.3192400675354,4.3192400675354,1230.9244576152557
0.350929,4.670134,-4.319205067535401,4.319205067535401,1230.7917174997247
0.350959,4.670134,-4.319175067535401,4.319175067535401,1230.677961330162
8.834646,4.515987,4.318659080596923,4.318659080596923,48.883215926795934
0.352094,4.670134,-4.3180400675354,4.3180400675354,1226.3884264738995
0.352145,4.670134,-4.3179890675354,4.3179890675354,1226.1963300087193
0.352189,4.670134,-4.3179450675354,4.3179450675354,1226.0306444293744
0.352239,4.670134,-4.3178950675354,4.3178950675354,1225.8424156068913
8.811311,4.515987,4.295324080596924,4.295324080596924,48.74784331807351
0.193024,4.3425474,-4.149523416687011,4.149523416687011,2149.744806105596
0.193075,4.3425474,-4.149472416687011,4.149472416687011,2149.1505448855937
0.193101,4.3425474,-4.149446416687011,4.149446416687011,2148.8477089907165
0.19312,4.3425474,-4.149427416687011,4.149427416687011,2148.626457403886
0.193153,4.3425474,-4.149394416687012,4.149394416687012,2148.2422817863403
0.193161,4.3425474,-4.149386416687012,4.149386416687012,2148.149168071641
0.193168,4.3425474,-4.149379416687012,4.149379416687012,2148.067699897987
0.193169,4.3425474,-4.149378416687012,4.149378416687012,2148.05606206946
0.193263,4.3425474,-4.149284416687012,4.149284416687012,2146.9626439308345
0.193265,4.3425474,-4.1492824166870115,4.1492824166870115,2146.93939127109
0.193267,4.3425474,-4.149280416687012,4.149280416687012,2146.9161390926006
0.19327,4.3425474,-4.149277416687012,4.149277416687012,2146.8812617271847
0.193275,4.3425474,-4.149272416687012,4.149272416687012,2146.823135190888
0.193281,4.3425474,-4.149266416687012,4.149266416687012,2146.753387317045
0.193283,4.3425474,-4.149264416687012,4.149264416687012,2146.7301389880545
0.193308,4.3425474,-4.149239416687012,4.149239416687012,2146.4395754653565
0.19331,4.3425474,-4.149237416687011,4.149237416687011,2146.4163336302286
0.193338,4.3425474,-4.149209416687012,4.149209416687012,2146.0909984281
0.193349,4.3425474,-4.149198416687012,4.149198416687012,2145.9632139504465
0.193372,4.3425474,-4.149175416687012,4.149175416687012,2145.6960752028813
0.193391,4.3425474,-4.149156416687012,4.149156416687012,2145.4754432944324
0.193403,4.3425474,-4.149144416687012,4.149144416687012,2145.336119161376
0.193417,4.3425474,-4.1491304166870115,4.1491304166870115,2145.173596189496
0.193459,4.3425474,-4.149088416687012,4.149088416687012,2144.6861684089786
0.193479,4.3425474,-4.149068416687012,4.149068416687012,2144.454134320809
0.193502,4.3425474,-4.149045416687012,4.149045416687012,2144.187354416401
0.193526,4.3425474,-4.149021416687011,4.149021416687011,2143.9090429932426
0.193541,4.3425474,-4.149006416687012,4.149006416687012,2143.7351334049513
0.193548,4.3425474,-4.148999416687012,4.148999416687012,2143.6539848220377
0.193561,4.3425474,-4.148986416687012,4.148986416687012,2143.503295882698
0.193579,4.3425474,-4.148968416687012,4.148968416687012,2143.294683071881
0.193581,4.3425474,-4.148966416687012,4.148966416687012,2143.2715062654597
0.193595,4.3425474,-4.1489524166870115,4.1489524166870115,2143.1092820289277
0.193625,4.3425474,-4.148922416687012,4.148922416687012,2142.7617376600388
0.193649,4.3425474,-4.148898416687012,4.148898416687012,2142.4837796965276
0.193706,4.3425474,-4.148841416687012,4.148841416687012,2141.8239055812355
0.193738,4.3425474,-4.148809416687012,4.148809416687012,2141.4536201186957
0.193803,4.3425474,-4.148744416687012,4.148744416687012,2140.7018542263586
0.193865,4.3425474,-4.148682416687012,4.148682416687012,2139.985254969709
0.194077,4.3425474,-4.148470416687012,4.148470416687012,2137.5384072040856
0.194226,4.3425474,-4.148321416687011,4.148321416687011,2135.821885098385
0.194329,4.3425474,-4.148218416687012,4.148218416687012,2134.6368347248094
0.194348,4.3425474,-4.148199416687012,4.148199416687012,2134.418370424493
0.194408,4.3425474,-4.148139416687012,4.148139416687012,2133.7287635042194
0.194426,4.3425474,-4.148121416687012,4.148121416687012,2133.5219644252775
0.194488,4.3425474,-4.148059416687012,4.148059416687012,2132.809949484905
0.194513,4.3425474,-4.148034416687012,4.148034416687012,2132.522975099088
0.295772,4.3425474,-4.046775416687011,4.046775416687011,1368.2077462771338
0.118648,4.147091,-4.028442911865234,4.028442911865234,3395.2893504061967
0.118821,4.147091,-4.028269911865235,4.028269911865235,3390.2003084261496
0.118838,4.147091,-4.028252911865234,4.028252911865234,3389.7010286907666
0.118846,4.147091,-4.028244911865235,4.028244911865235,3389.4661229454664
0.118899,4.147091,-4.0281919118652345,4.0281919118652345,3387.910670802382
0.118992,4.147091,-4.028098911865234,4.028098911865234,3385.184641387698
0.118997,4.147091,-4.028093911865234,4.028093911865234,3385.038201366586
0.119013,4.147091,-4.028077911865235,4.028077911865235,3384.569675985536
0.119023,4.147091,-4.028067911865234,4.028067911865234,3384.2769115893207
0.119031,4.147091,-4.028059911865235,4.028059911865235,3384.042735490076
0.119096,4.147091,-4.0279949118652345,4.0279949118652345,3382.141220933611
0.119113,4.147091,-4.027977911865235,4.027977911865235,3381.6442441073527
0.119133,4.147091,-4.027957911865235,4.027957911865235,3381.059747076104
0.119138,4.147091,-4.027952911865234,4.027952911865234,3380.913653481107
0.119304,4.147091,-4.027786911865235,4.027786911865235,3376.0702981368313
0.119339,4.147091,-4.027751911865234,4.027751911865234,3375.0508287233706
0.11936,4.147091,-4.027730911865234,4.027730911865234,3374.4394340573017
0.119526,4.147091,-4.027564911865235,4.027564911865235,3369.614065973614
0.119592,4.147091,-4.0274989118652345,4.0274989118652345,3367.69926792556
0.1196,4.147091,-4.027490911865234,4.027490911865234,3367.4673147974645
0.119604,4.147091,-4.0274869118652346,4.0274869118652346,3367.351349869472
0.119609,4.147091,-4.027481911865235,4.027481911865235,3367.2064046167334
0.119739,4.147091,-4.027351911865234,4.027351911865234,3363.442076935495
0.119902,4.147091,-4.027188911865235,4.027188911865235,3358.7337229625036
0.119945,4.147091,-4.027145911865234,4.027145911865234,3357.493775070024
0.120103,4.147091,-4.026987911865234,4.026987911865234,3352.945312367125
0.120872,4.147091,-4.026218911865234,4.026218911865234,3330.9773219060303
0.120918,4.147091,-4.026172911865235,4.026172911865235,3329.672098889795
0.680575,4.7055855,-4.025010479736328,4.025010479736328,591.4132137009021
0.680595,4.7055855,-4.024990479736328,4.024990479736328,591.3928957963157
0.680614,4.7055855,-4.024971479736328,4.024971479736328,591.3735948929868
0.680627,4.7055855,-4.024958479736328,4.024958479736328,591.3603896326428
0.680711,4.7055855,-4.0248744797363285,4.0248744797363285,591.2750754938666
0.680755,4.7055855,-4.024830479736329,4.024830479736329,591.2303955380568
0.680763,4.7055855,-4.024822479736328,4.024822479736328,591.22227253025
0.680819,4.7055855,-4.0247664797363285,4.0247664797363285,591.1654168207943
0.680821,4.7055855,-4.024764479736328,4.024764479736328,591.1633864327283
0.680847,4.7055855,-4.024738479736328,4.024738479736328,591.1369924733738
0.680851,4.7055855,-4.0247344797363285,4.0247344797363285,591.132932043163
0.680873,4.7055855,-4.024712479736328,4.024712479736328,591.110600529793
0.680888,4.7055855,-4.024697479736328,4.024697479736328,591.0953753253445
0.680894,4.7055855,-4.024691479736328,4.024691479736328,591.0892854313944
0.680929,4.7055855,-4.024656479736328,4.024656479736328,591.0537631890071
0.680932,4.7055855,-4.024653479736328,4.024653479736328,591.0507185952896
0.680935,4.7055855,-4.024650479736328,4.024650479736328,591.0476740283993
0.680936,4.7055855,-4.024649479736328,4.024649479736328,591.0466591787307
0.680943,4.7055855,-4.024642479736328,4.024642479736328,591.0395553145107
0.680951,4.7055855,-4.024634479736328,4.024634479736328,591.0314367913838
0.680975,4.7055855,-4.024610479736328,4.024610479736328,591.007082366507
0.680977,4.7055855,-4.024608479736328,4.024608479736328,591.005052908589
0.681013,4.7055855,-4.024572479736328,4.024572479736328,590.968524704427
0.681021,4.7055855,-4.024564479736328,4.024564479736328,590.960407850179
0.68103,4.7055855,-4.024555479736328,4.024555479736328,590.9512766170913
0.68104,4.7055855,-4.024545479736328,4.024545479736328,590.9411310856024
0.681055,4.7055855,-4.024530479736328,4.024530479736328,590.9259133469988
0.681073,4.7055855,-4.0245124797363285,4.0245124797363285,590.9076529454876
0.681077,4.7055855,-4.024508479736328,4.024508479736328,590.9035952095613
0.681095,4.7055855,-4.024490479736328,4.024490479736328,590.8853359877025
0.681104,4.7055855,-4.024481479736328,4.024481479736328,590.8762067386848
0.681116,4.7055855,-4.024469479736328,4.024469479736328,590.8640347819554
0.68113,4.7055855,-4.0244554797363286,4.0244554797363286,590.8498347078354
0.681132,4.7055855,-4.024453479736328,4.024453479736328,590.8478061734702
0.681153,4.7055855,-4.024432479736328,4.024432479736328,590.8265072818443
0.681177,4.7055855,-4.024408479736328,4.024408479736328,590.8021672994722
0.681179,4.7055855,-4.024406479736328,4.024406479736328,590.8001390450275
0.681184,4.7055855,-4.024401479736328,4.024401479736328,590.7950684610227
0.681223,4.7055855,-4.024362479736328,4.024362479736328,590.7555204603444
0.681228,4.7055855,-4.024357479736328,4.024357479736328,590.7504505313314
0.681246,4.7055855,-4.024339479736328,4.024339479736328,590.7321994030932
0.681427,4.7055855,-4.024158479736328,4.024158479736328,590.5487277647906
0.684736,4.7055855,-4.020849479736328,4.020849479736328,587.2116376456206
0.684766,4.7055855,-4.020819479736328,4.020819479736328,587.1815305008057
0.68488,4.7055855,-4.020705479736328,4.020705479736328,587.067147405277
8.87127,4.86655,4.0047200312805185,4.0047200312805185,45.142578584975716
0.804056,4.7055855,-3.901529479736328,3.901529479736328,485.23106341487374
0.082198,3.9815927,-3.8993946551818848,3.8993946551818848,4743.904535922991
0.08222,3.9815927,-3.899372655181885,3.899372655181885,4742.608429140449
0.082232,3.9815927,-3.899360655181885,3.899360655181885,4741.901754110302
0.082338,3.9815927,-3.8992546551818847,3.8992546551818847,4735.668403952266
0.082356,3.9815927,-3.899236655181885,3.899236655181885,4734.611504258673
0.08236,3.9815927,-3.8992326551818848,3.8992326551818848,4734.3767003976545
0.082446,3.9815927,-3.8991466551818847,3.8991466551818847,4729.333928210648
0.082528,3.9815927,-3.899064655181885,3.899064655181885,4724.535491539053
0.0826,3.9815927,-3.8989926551818845,3.8989926551818845,4720.330085304546
0.082633,3.9815927,-3.898959655181885,3.898959655181885,4718.405056652282
0.082635,3.9815927,-3.898957655181885,3.898957655181885,4718.28843766394
0.082667,3.9815927,-3.898925655181885,3.898925655181885,4716.423301275553
0.082676,3.9815927,-3.8989166551818846,3.8989166551818846,4715.898991806553
0.082794,3.9815927,-3.898798655181885,3.898798655181885,4709.0352567491
0.082864,3.9815927,-3.898728655181885,3.898728655181885,4704.9727873104275
0.082875,3.9815927,-3.8987176551818847,3.8987176551818847,4704.335023200663
0.082888,3.9815927,-3.8987046551818847,3.8987046551818847,4703.581520218009
0.082994,3.9815927,-3.898598655181885,3.898598655181885,4697.446382249847
0.083013,3.9815927,-3.8985796551818845,3.8985796551818845,4696.348343615502
0.083016,3.9815927,-3.8985766551818846,3.8985766551818846,4696.175015040124
0.083059,3.9815927,-3.8985336551818848,3.8985336551818848,4693.692014698218
0.083088,3.9815927,-3.8985046551818847,3.8985046551818847,4692.018884182874
0.08312,3.9815927,-3.8984726551818847,3.8984726551818847,4690.174026096861
0.0832,3.9815927,-3.8983926551818846,3.8983926551818846,4685.568089538842
0.083232,3.9815927,-3.8983606551818846,3.8983606551818846,4683.728194081792
0.083262,3.9815927,-3.898330655181885,3.898330655181885,4682.004576517355
0.083272,3.9815927,-3.8983206551818848,3.8983206551818848,4681.430313311143
0.083307,3.9815927,-3.8982856551818847,3.8982856551818847,4679.421477789938
0.083337,3.9815927,-3.8982556551818845,3.8982556551818845,4677.700961762704
0.083385,3.9815927,-3.898207655181885,3.898207655181885,4674.9507111673975
0.08349,3.9815927,-3.898102655181885,3.898102655181885,4668.9455629571685
0.083524,3.9815927,-3.8980686551818846,3.8980686551818846,4667.004274837029
0.083915,3.9815927,-3.8976776551818846,3.8976776551818846,4644.792528793532
0.083941,3.9815927,-3.897651655181885,3.897651655181885,4643.322870276221
0.084091,3.9815927,-3.897501655181885,3.897501655181885,4634.861817016117
0.084367,3.9815927,-3.897225655181885,3.897225655181885,4619.372089279592
0.084565,3.9815927,-3.8970276551818848,3.8970276551818848,4608.322178884365
0.084741,3.9815927,-3.8968516551818846,3.8968516551818846,4598.543385826626
0.085426,3.9815927,-3.8961666551818848,3.8961666551818848,4560.867476671057
0.493482,4.3425474,-3.8490654166870115,3.8490654166870115,779.9809143812805
0.510245,4.3425474,-3.832302416687012,3.832302416687012,751.0710376262269
0.510273,4.3425474,-3.832274416687012,3.832274416687012,751.0243371559906
0.408514,4.147091,-3.7385769118652346,3.7385769118652346,915.164941948151
0.414462,4.147091,-3.7326289118652345,3.7326289118652345,900.5961731026339
0.370829,3.9815927,-3.6107636551818847,3.6107636551818847,973.7004533648081
0.068588,3.6221828,-3.553594846069336,3.553594846069336,5181.073716813819
0.068706,3.6221828,-3.553476846069336,3.553476846069336,5172.003669107985
0.068837,3.6221828,-3.553345846069336,3.553345846069336,5161.97080190503
0.068938,3.6221828,-3.5532448460693358,3.5532448460693358,5154.261569693165
0.069011,3.6221828,-3.553171846069336,3.553171846069336,5148.703599311171
0.069232,3.6221828,-3.552950846069336,3.552950846069336,5131.948868929668
0.069238,3.6221828,-3.552944846069336,3.552944846069336,5131.495480715562
0.069306,3.6221828,-3.552876846069336,3.552876846069336,5126.3625673721945
0.069367,3.6221828,-3.5528158460693358,3.5528158460693358,5121.766605082488
0.069403,3.6221828,-3.552779846069336,3.552779846069336,5119.0580247975995
0.06969,3.6221828,-3.552492846069336,3.552492846069336,5097.5647022123285
0.069698,3.6221828,-3.552484846069336,3.552484846069336,5096.968120996828
0.069705,3.6221828,-3.552477846069336,3.552477846069336,5096.446224765641
0.069722,3.6221828,-3.552460846069336,3.552460846069336,5095.1791987810975
0.069771,3.6221828,-3.552411846069336,3.552411846069336,5091.530637339018
0.069923,3.6221828,-3.5522598460693358,3.5522598460693358,5080.245185402644
0.070023,3.6221828,-3.552159846069336,3.552159846069336,5072.847265893333
0.070046,3.6221828,-3.552136846069336,3.552136846069336,5071.148732259069
0.070071,3.6221828,-3.552111846069336,3.552111846069336,5069.30376475294
0.07008,3.6221828,-3.552102846069336,3.552102846069336,5068.639898688209
0.070203,3.6221828,-3.551979846069336,3.551979846069336,5059.584121775069
0.070834,3.6221828,-3.551348846069336,3.551348846069336,5013.6217650502795
0.070976,3.6221828,-3.551206846069336,3.551206846069336,5003.391063269197
0.072181,3.6221828,-3.550001846069336,3.550001846069336,4918.194318658847
0.072462,3.6221828,-3.549720846069336,3.549720846069336,4898.734289932106
0.073778,3.6221828,-3.548404846069336,3.548404846069336,4809.570388543693
0.074161,3.6221828,-3.548021846069336,3.548021846069336,4784.215209186932
1.379607,4.86655,-3.4869429687194824,3.4869429687194824,252.74900522154016
1.379698,4.86655,-3.486851968719482,3.486851968719482,252.72573914485315
1.379703,4.86655,-3.4868469687194823,3.4868469687194823,252.72446087793955
1.379783,4.86655,-3.4867669687194827,3.4867669687194827,252.7040098672602
1.379833,4.86655,-3.4867169687194823,3.4867169687194823,252.69122918982157
1.379846,4.86655,-3.4867039687194827,3.4867039687194827,252.68790636540564
1.379846,4.86655,-3.4867039687194827,3.4867039687194827,252.68790636540564
1.379856,4.86655,-3.4866939687194822,3.4866939687194822,252.6853503892288
1.379874,4.86655,-3.4866759687194824,3.4866759687194824,252.68074972546782
1.379896,4.86655,-3.4866539687194824,3.4866539687194824,252.6751268549809
1.379904,4.86655,-3.4866459687194826,3.4866459687194826,252.67308221925651
1.379938,4.86655,-3.4866119687194823,3.4866119687194823,252.66439278190887
1.379953,4.86655,-3.4865969687194824,3.4865969687194824,252.66055934273282
1.379968,4.86655,-3.4865819687194826,3.4865819687194826,252.65672598689432
1.37999,4.86655,-3.486559968719482,3.486559968719482,252.65110388240717
1.379998,4.86655,-3.4865519687194824,3.4865519687194824,252.6490595252191
1.380008,4.86655,-3.4865419687194823,3.4865419687194823,252.64650411206574
1.380014,4.86655,-3.4865359687194823,3.4865359687194823,252.64497088195026
1.380042,4.86655,-3.4865079687194824,3.4865079687194824,252.63781598435733
1.38006,4.86655,-3.486489968719482,3.486489968719482,252.63321656064585
1.380093,4.86655,-3.4864569687194824,3.4864569687194824,252.6247845954481
1.380095,4.86655,-3.4864549687194826,3.4864549687194826,252.62427358021426
1.380126,4.86655,-3.4864239687194827,3.4864239687194827,252.61635303348146
1.380191,4.86655,-3.4863589687194825,3.4863589687194825,252.59974659064451
1.380195,4.86655,-3.4863549687194824,3.4863549687194824,252.59872470679022
1.380234,4.86655,-3.4863159687194827,3.4863159687194827,252.58876164961114
1.380313,4.86655,-3.4862369687194823,3.4862369687194823,252.5685817975281
1.380423,4.86655,-3.4861269687194825,3.4861269687194825,252.54048711640866
1.381812,4.86655,-3.4847379687194824,3.4847379687194824,252.18611276116403
1.384825,4.86655,-3.4817249687194822,3.4817249687194822,251.41985221728825
1.385209,4.86655,-3.4813409687194827,3.4813409687194827,251.3224335438306
0.333793,3.6221828,-3.288389846069336,3.288389846069336,985.1584200639851
0.341821,3.6221828,-3.280361846069336,3.280361846069336,959.6724148339815
6.372397,4.86655,1.505847031280518,1.505847031280518,23.630778673345166
4.468847,3.6221828,0.8466641539306643,0.8466641539306643,18.945919471213006
4.468834,3.6221828,0.8466511539306643,0.8466511539306643,18.94568368195638
4.468763,3.6221828,0.8465801539306641,0.8465801539306641,18.944395885656046
4.468759,3.6221828,0.8465761539306644,0.8465761539306644,18.944323332534157
4.468683,3.6221828,0.8465001539306645,0.8465001539306645,18.942944798539557
4.468328,3.6221828,0.8461451539306637,0.8461451539306637,18.936504972592147
4.467917,3.6221828,0.845734153930664,0.845734153930664,18.92904800854033
4.467855,3.6221828,0.8456721539306642,0.8456721539306642,18.927922994630226
4.467851,3.6221828,0.8456681539306636,0.8456681539306636,18.927850412015438
4.46781,3.6221828,0.8456271539306641,0.8456271539306641,18.92710643272066
4.467741,3.6221828,0.8455581539306642,0.8455581539306642,18.925854339178088
4.467579,3.6221828,0.8453961539306638,0.8453961539306638,18.9229144892959
4.467563,3.6221828,0.8453801539306642,0.8453801539306642,18.922624122183425
4.467468,3.6221828,0.8452851539306643,0.8452851539306643,18.920900024616703
4.467468,3.6221828,0.8452851539306643,0.8452851539306643,18.920900024616703
4.467468,3.6221828,0.8452851539306643,0.8452851539306643,18.920900024616703
4.467419,3.6221828,0.8452361539306636,0.8452361539306636,18.92001072457595
4.467417,3.6221828,0.8452341539306643,0.8452341539306643,18.91997442620074
4.467337,3.6221828,0.8451541539306637,0.8451541539306637,18.91852246454085
4.467306,3.6221828,0.8451231539306638,0.8451231539306638,18.917959815417746
4.467286,3.6221828,0.8451031539306637,0.8451031539306637,18.917596811839363
4.467284,3.6221828,0.8451011539306643,0.8451011539306643,18.917560511302767
4.467251,3.6221828,0.8450681539306641,0.8450681539306641,18.91696154775604
4.467188,3.6221828,0.8450051539306642,0.8450051539306642,18.915818047320784
4.467169,3.6221828,0.8449861539306642,0.8449861539306642,18.915473175779756
4.466999,3.6221828,0.8448161539306644,0.8448161539306644,18.9123873524877
4.466956,3.6221828,0.8447731539306638,0.8447731539306638,18.911606783495344
4.46695,3.6221828,0.8447671539306638,0.8447671539306638,18.911497865697005
4.46694,3.6221828,0.8447571539306642,0.8447571539306642,18.9113163353829
4.445438,3.6221828,0.8232551539306643,0.8232551539306643,18.519101017990693
4.439957,3.6221828,0.8177741539306638,0.8177741539306638,18.4185151773372
4.43972,3.6221828,0.8175371539306644,0.8175371539306644,18.41416021533453
4.438065,3.6221828,0.815882153930664,0.815882153930664,18.383736018113307
4.437852,3.6221828,0.8156691539306644,0.8156691539306644,18.379818748175573
4.437527,3.6221828,0.8153441539306643,0.8153441539306643,18.373840968455863
10.011857,9.261901,0.7499560982055655,0.7499560982055655,7.490679283554239
10.008779,9.261901,0.7468780982055669,0.7468780982055669,7.462229890360299
10.00712,9.261901,0.7452190982055669,0.7452190982055669,7.446888797157623
10.000648,9.261901,0.7387470982055664,0.7387470982055664,7.3869923048804385
10.000124,9.261901,0.738223098205566,0.738223098205566,7.38213944345274
9.998021,9.261901,0.736120098205566,0.736120098205566,7.362658052010526
9.997822,9.261901,0.7359210982055657,0.7359210982055657,7.360814167307689
9.997689,9.261901,0.7357880982055658,0.7357880982055658,7.359581781331729
9.997328,9.261901,0.735427098205566,0.735427098205566,7.3562365683931725
9.996962,9.261901,0.7350610982055663,0.7350610982055663,7.352844776225152
9.996935,9.261901,0.735034098205567,0.735034098205567,7.3525945522123966
9.996878,9.261901,0.734977098205567,0.734977098205567,7.352066297080097
9.996874,9.261901,0.7349730982055664,0.7349730982055664,7.35202922631829
9.996372,9.261901,0.7344710982055656,0.7344710982055656,7.347376610216369
9.996175,9.261901,0.7342740982055656,0.7342740982055656,7.34555065510778
9.995866,9.261901,0.7339650982055659,0.7339650982055659,7.342686448560067
9.995858,9.261901,0.7339570982055665,0.7339570982055665,7.342612291993583
9.995813,9.261901,0.7339120982055665,0.7339120982055665,7.342195159095357
9.995778,9.261901,0.733877098205566,0.733877098205566,7.3418707198001405
9.99576,9.261901,0.733859098205567,0.733859098205567,7.341703864420768
9.995694,9.261901,0.7337930982055667,0.7337930982055667,7.341092056221665
9.995514,9.261901,0.7336130982055664,0.7336130982055664,7.339423447340747
9.99542,9.261901,0.7335190982055657,0.7335190982055657,7.33855203881605
9.994973,9.261901,0.7330720982055663,0.7330720982055663,7.334407988878327
9.994687,9.261901,0.7327860982055672,0.7327860982055672,7.331756344127989
9.994189,9.261901,0.7322880982055668,0.7322880982055668,7.3271387823288086
9.991406,9.261901,0.729505098205566,0.729505098205566,7.3013257413247405
9.990877,9.261901,0.7289760982055657,0.7289760982055657,7.296417503671293
9.98794,9.261901,0.7260390982055664,0.7260390982055664,7.269157586031727
9.9857,9.261901,0.723799098205566,0.723799098205566,7.2483561312508655
9.98333,9.261901,0.7214290982055669,0.7214290982055669,7.226337286239566
9.983277,9.261901,0.7213760982055657,0.7213760982055657,7.225844762179191
9.982601,9.261901,0.7207000982055671,0.7207000982055671,7.219562298426507
9.981817,9.261901,0.7199160982055659,0.7199160982055659,7.212275061728277
9.980262,9.261901,0.7183610982055662,0.7183610982055662,7.197818035221603
9.98007,9.261901,0.718169098205566,0.718169098205566,7.196032675105184
9.979769,9.261901,0.7178680982055656,0.7178680982055656,7.193233612905995
9.978898,9.261901,0.7169970982055656,0.7169970982055656,7.185133049745378
9.971388,9.261901,0.7094870982055657,0.7094870982055657,7.1152290754150815
9.968884,9.261901,0.7069830982055656,0.7069830982055656,7.091898132212932
9.966078,9.261901,0.704177098205566,0.704177098205566,7.065739383120423
9.963739,9.261901,0.7018380982055668,0.7018380982055668,7.043922950997842
9.963643,9.261901,0.7017420982055658,0.7017420982055658,7.043027316399461
9.963471,9.261901,0.7015700982055666,0.7015700982055666,7.041422594580997
9.960593,9.261901,0.6986920982055658,0.6986920982055658,7.014563271469392
9.95745,9.261901,0.6955490982055661,0.6955490982055661,6.985213063571305
9.942626,9.261901,0.680725098205567,0.680725098205567,6.8465322762690715
9.937039,9.261901,0.6751380982055668,0.6751380982055668,6.794157678145095
9.904495,9.261901,0.6425940982055671,0.6425940982055671,6.487903706338175
9.891942,9.261901,0.6300410982055666,0.6300410982055666,6.369235668781695
5.453296,4.86655,0.5867460312805175,0.5867460312805175,10.759475210400426
5.453277,4.86655,0.5867270312805175,0.5867270312805175,10.75916428359972
5.452866,4.86655,0.5863160312805178,0.5863160312805178,10.752437915579904
5.452222,4.86655,0.5856720312805175,0.5856720312805175,10.741896263024058
5.452196,4.86655,0.5856460312805174,0.5856460312805174,10.741470616055915
5.450719,4.86655,0.5841690312805179,0.5841690312805179,10.717283926575568
5.450107,4.86655,0.5835570312805176,0.5835570312805176,10.70725824777037
5.450013,4.86655,0.5834630312805178,0.5834630312805178,10.705718156448656
5.449869,4.86655,0.5833190312805172,0.5833190312805172,10.703358764583404
5.449826,4.86655,0.5832760312805174,0.5832760312805174,10.702654199782062
5.449824,4.86655,0.5832740312805171,0.5832740312805171,10.70262142905559
5.449746,4.86655,0.5831960312805178,0.5831960312805178,10.701343351962025
5.449632,4.86655,0.5830820312805178,0.5830820312805178,10.69947532732152
5.449325,4.86655,0.5827750312805176,0.5827750312805176,10.694444381089825
5.448919,4.86655,0.5823690312805176,0.5823690312805176,10.687790207008579
5.448739,4.86655,0.5821890312805174,0.5821890312805174,10.684839763288947
5.448215,4.86655,0.5816650312805178,0.5816650312805178,10.676249583943394
5.447975,4.86655,0.5814250312805171,0.5814250312805171,10.672314598907757
5.447926,4.86655,0.5813760312805174,0.5813760312805174,10.671511163511507
5.447879,4.86655,0.5813290312805179,0.5813290312805179,10.670740507816843
5.447703,4.86655,0.5811530312805173,0.5811530312805173,10.667854530062478
5.447703,4.86655,0.5811530312805173,0.5811530312805173,10.667854530062478
5.447674,4.86655,0.5811240312805177,0.5811240312805177,10.667378981742488
5.447627,4.86655,0.5810770312805174,0.5810770312805174,10.666608254747448
5.447604,4.86655,0.5810540312805177,0.5810540312805177,10.666231085626846
5.447518,4.86655,0.5809680312805172,0.5809680312805172,10.66482077287037
5.4475,4.86655,0.5809500312805174,0.5809500312805174,10.664525585495234
5.447447,4.86655,0.580897031280518,0.580897031280518,10.663656411340106
5.447432,4.86655,0.5808820312805176,0.5808820312805176,10.663410415583972
5.447371,4.86655,0.580821031280518,0.580821031280518,10.662410018885359
5.447279,4.86655,0.5807290312805176,0.5807290312805176,10.660901181486329
5.447064,4.86655,0.5805140312805177,0.5805140312805177,10.657374895353906
5.446869,4.86655,0.580319031280518,0.580319031280518,10.654176395097142
5.446488,4.86655,0.579938031280518,0.579938031280518,10.647926356761825
5.440903,4.86655,0.5743530312805172,0.5743530312805172,10.55620788074996
5.438968,4.86655,0.5724180312805176,0.5724180312805176,10.524386818786086
5.438376,4.86655,0.5718260312805175,0.5718260312805175,10.514646859099166
5.435882,4.86655,0.5693320312805179,0.5693320312805179,10.473590693654575
5.435171,4.86655,0.568621031280518,0.568621031280518,10.461879327624763
5.434884,4.86655,0.5683340312805178,0.5683340312805178,10.457151086758442
5.433823,4.86655,0.5672730312805179,0.5672730312805179,10.43966708650757
5.433311,4.86655,0.5667610312805174,0.5667610312805174,10.431227501427513
5.432259,4.86655,0.5657090312805177,0.5657090312805177,10.41388179889994
5.431171,4.86655,0.5646210312805175,0.5646210312805175,10.395935448729594
5.430061,4.86655,0.5635110312805178,0.5635110312805178,10.377618801522491
5.428072,4.86655,0.5615220312805178,0.5615220312805178,10.34477861145123
5.076916,4.515987,0.5609290805969236,0.5609290805969236,11.048618503553634
5.426887,4.86655,0.5603370312805174,0.5603370312805174,10.325201745866316
9.802017,9.261901,0.5401160982055657,0.5401160982055657,5.5102546567717186
4.483402,3.9815927,0.5018093448181151,0.5018093448181151,11.192602064390446
4.483332,3.9815927,0.5017393448181151,0.5017393448181151,11.191215480069822
4.482601,3.9815927,0.5010083448181151,0.5010083448181151,11.17673299066632
4.482357,3.9815927,0.5007643448181156,0.5007643448181156,11.17189783872511
4.482355,3.9815927,0.5007623448181153,0.5007623448181153,11.171858204157044
4.482269,3.9815927,0.5006763448181148,0.5006763448181148,11.170153884270327
4.482214,3.9815927,0.5006213448181152,0.5006213448181152,11.169063877961786
4.482187,3.9815927,0.5005943448181149,0.5005943448181149,11.168528774166415
4.482177,3.9815927,0.5005843448181153,0.5005843448181153,11.168330585939533
4.482099,3.9815927,0.5005063448181151,0.5005063448181151,11.166784687418737
4.482097,3.9815927,0.5005043448181157,0.5005043448181157,11.166745048287641
4.482081,3.9815927,0.5004883448181152,0.5004883448181152,11.166427933965245
4.482044,3.9815927,0.5004513448181154,0.5004513448181154,11.165694598423167
4.48198,3.9815927,0.5003873448181153,0.5003873448181153,11.16442609754954
4.481972,3.9815927,0.5003793448181151,0.5003793448181151,11.164267532393126
4.481927,3.9815927,0.500334344818115,0.500334344818115,11.163375592841017
4.481925,3.9815927,0.5003323448181156,0.5003323448181156,11.163335950667452
4.481923,3.9815927,0.5003303448181153,0.5003303448181153,11.163296308458492
4.481903,3.9815927,0.5003103448181152,0.5003103448181152,11.16289988442303
4.481774,3.9815927,0.5001813448181149,0.5001813448181149,11.160342864387063
4.481747,3.9815927,0.5001543448181156,0.5001543448181156,11.159807655518167
4.481733,3.9815927,0.5001403448181154,0.5001403448181154,11.159530137269575
4.481698,3.9815927,0.500105344818115,0.500105344818115,11.158836334062585
4.481692,3.9815927,0.500099344818115,0.500099344818115,11.158717395281878
4.481661,3.9815927,0.5000683448181151,0.5000683448181151,11.158102873174858
4.481659,3.9815927,0.5000663448181148,0.5000663448181148,11.15806322629537
4.481657,3.9815927,0.5000643448181155,0.5000643448181155,11.158023579380515
4.481655,3.9815927,0.5000623448181152,0.5000623448181152,11.157983932430255
4.481645,3.9815927,0.5000523448181156,0.5000523448181156,11.157785697148206
4.48164,3.9815927,0.5000473448181149,0.5000473448181149,11.157686579175419
4.481626,3.9815927,0.5000333448181156,0.5000333448181156,11.157409047675065
4.481524,3.9815927,0.4999313448181155,0.4999313448181155,11.155386980120158
4.464257,3.9815927,0.48266434481811515,0.48266434481811515,10.811750864865159
4.455373,3.9815927,0.47378034481811504,0.47378034481811504,10.633909771583236
4.455309,3.9815927,0.473716344818115,0.473716344818115,10.632626038002805
4.45329,3.9815927,0.4716973448181152,0.4716973448181152,10.592109312609848
4.453011,3.9815927,0.4714183448181153,0.4714183448181153,10.586507529568841
5.325298,4.86655,0.45874803128051767,0.45874803128051767,8.61450441406102
4.430121,3.9815927,0.448528344818115,0.448528344818115,10.124516797802825
4.511814,4.147091,0.36472308813476584,0.36472308813476584,8.08373501493373
4.511791,4.147091,0.3647000881347653,0.3647000881347653,8.083266448438813
4.511779,4.147091,0.3646880881347654,0.3646880881347654,8.083021977066748
4.511621,4.147091,0.3645300881347655,0.3645300881347655,8.079802982712549
4.511474,4.147091,0.3643830881347654,0.3643830881347654,8.076807893089677
4.511427,4.147091,0.3643360881347659,0.3643360881347659,8.075850238221522
4.510851,4.147091,0.36376008813476535,0.36376008813476535,8.06411225125151
4.510771,4.147091,0.3636800881347657,0.3636800881347657,8.062481738192943
4.510605,4.147091,0.3635140881347656,0.3635140881347656,8.05909823907672
4.510603,4.147091,0.3635120881347653,0.3635120881347653,8.059057472508805
4.510497,4.147091,0.3634060881347656,0.3634060881347656,8.056896792675147
4.510364,4.147091,0.36327308813476566,0.36327308813476566,8.05418560734148
4.510333,4.147091,0.3632420881347658,0.3632420881347658,8.053553653947773
4.510333,4.147091,0.3632420881347658,0.3632420881347658,8.053553653947773
4.5103,4.147091,0.3632090881347656,0.3632090881347656,8.052880919821579
4.510263,4.147091,0.36317208813476576,0.36317208813476576,8.052126630458437
4.510239,4.147091,0.36314808813476596,0.36314808813476596,8.051637355065093
4.510235,4.147091,0.3631440881347654,0.3631440881347654,8.051555808659945
4.510202,4.147091,0.3631110881347652,0.3631110881347652,8.05088304529851
4.51019,4.147091,0.3630990881347653,0.3630990881347653,8.05063840163529
4.510159,4.147091,0.36306808813476543,0.36306808813476543,8.050006399479829
4.510126,4.147091,0.36303508813476526,0.36303508813476526,8.049333613444857
4.510124,4.147091,0.36303308813476587,0.36303308813476587,8.049292838217232
4.510028,4.147091,0.3629370881347658,0.3629370881347658,8.047335584761745
4.510009,4.147091,0.3629180881347658,0.3629180881347658,8.04694820180445
4.509983,4.147091,0.3628920881347657,0.3628920881347657,8.046418093520957
4.509944,4.147091,0.3628530881347656,0.3628530881347656,8.045622919635365
4.509927,4.147091,0.36283608813476587,0.36283608813476587,8.04527630107362
4.509913,4.147091,0.3628220881347657,0.3628220881347657,8.04499084853124
4.509889,4.147091,0.3627980881347659,0.3627980881347659,8.044501497192533
4.509833,4.147091,0.36274208813476605,0.36274208813476605,8.043359657147452
4.509786,4.147091,0.3626950881347657,0.3626950881347657,8.042401305222095
4.50977,4.147091,0.36267908813476524,0.36267908813476524,8.042075053200566
4.509749,4.147091,0.36265808813476585,0.36265808813476585,8.041646843909144
4.509745,4.147091,0.3626540881347653,0.3626540881347653,8.041565279782422
4.509739,4.147091,0.36264808813476535,0.36264808813476535,8.041442933321061
4.509731,4.147091,0.362640088134766,0.362640088134766,8.041279804199512
4.5097,4.147091,0.3626090881347652,0.3626090881347652,8.0406476733868
4.509557,4.147091,0.36246608813476566,0.36246608813476566,8.037731602610364
4.509544,4.147091,0.3624530881347656,0.3624530881347656,8.03746649609646
4.509536,4.147091,0.3624450881347654,0.3624450881347654,8.037303352866639
4.509501,4.147091,0.36241008813476583,0.36241008813476583,8.036589594430275
28.958507,28.59653,0.36197608569336026,0.36197608569336026,1.2499818643692864
4.480498,4.147091,0.3334070881347655,0.3334070881347655,7.4412953231387275
4.480487,4.147091,0.33339608813476573,0.33339608813476573,7.441068083164278
4.480127,4.147091,0.33303608813476604,0.33303608813476604,7.433630522691262
4.480121,4.147091,0.3330300881347652,0.3330300881347652,7.433506553223267
4.478099,4.147091,0.3310080881347659,0.3310080881347659,7.391709922611675
4.456317,4.147091,0.30922608813476593,0.30922608813476593,6.939050523735786
4.422597,4.147091,0.2755060881347653,0.2755060881347653,6.229509225654876
4.939442,4.7055855,0.23385652026367154,0.23385652026367154,4.7344724416024535
4.932307,4.7055855,0.22672152026367165,0.22672152026367165,4.596662783948262
4.932102,4.7055855,0.2265165202636723,0.2265165202636723,4.592697398778038
4.931844,4.7055855,0.22625852026367177,0.22625852026367177,4.587706347951883
4.567654,4.3425474,0.22510658331298838,0.22510658331298838,4.928275725526936
4.930677,4.7055855,0.22509152026367207,0.22509152026367207,4.5651240237214274
4.567628,4.3425474,0.2250805833129883,0.2250805833129883,4.927734555179637
4.930445,4.7055855,0.22485952026367162,0.22485952026367162,4.560633376076825
4.567386,4.3425474,0.22483858331298823,0.22483858331298823,4.9226972125427
4.567298,4.3425474,0.22475058331298836,0.22475058331298836,4.920865319233987
4.567251,4.3425474,0.224703583312988,0.224703583312988,4.919886892751638
4.567106,4.3425474,0.22455858331298817,0.22455858331298817,4.916868216066614
4.929937,4.7055855,0.22435152026367167,0.22435152026367167,4.550798930272758
4.566026,4.3425474,0.2234785833129882,0.2234785833129882,4.894378247256888
4.565936,4.3425474,0.22338858331298805,0.22338858331298805,4.892503602943528
4.928944,4.7055855,0.2233585202636723,0.2233585202636723,4.531569444877863
4.928905,4.7055855,0.2233195202636722,0.2233195202636722,4.530814050162082
4.928848,4.7055855,0.22326252026367222,0.22326252026367222,4.529709990227787
4.928807,4.7055855,0.2232215202636718,0.2232215202636718,4.528915826063851
4.565768,4.3425474,0.22322058331298855,0.22322058331298855,4.889004069153306
4.565752,4.3425474,0.2232045833129881,0.2232045833129881,4.888670766789336
4.565688,4.3425474,0.22314058331298803,0.22314058331298803,4.887337533972989
4.565688,4.3425474,0.22314058331298803,0.22314058331298803,4.887337533972989
4.565686,4.3425474,0.22313858331298864,0.22313858331298864,4.887295869845218
4.928713,4.7055855,0.223127520263672,0.223127520263672,4.527095009572375
4.56567,4.3425474,0.22312258331298818,0.22312258331298818,4.886962555508856
4.565645,4.3425474,0.22309758331298823,0.22309758331298823,4.8864417471814345
4.565627,4.3425474,0.22307958331298838,0.22307958331298838,4.886066761654035
4.565627,4.3425474,0.22307958331298838,0.22307958331298838,4.886066761654035
4.928659,4.7055855,0.22307352026367155,0.22307352026367155,4.526048977199387
4.56557,4.3425474,0.2230225833129884,0.2230225833129884,4.884879287977263
4.565561,4.3425474,0.22301358331298804,0.22301358331298804,4.884691789423104
4.928559,4.7055855,0.2229735202636718,0.2229735202636718,4.524111819684976
4.565518,4.3425474,0.22297058331298825,0.22297058331298825,4.883795952794501
4.565512,4.3425474,0.2229645833129883,0.2229645833129883,4.883670950993111
4.928545,4.7055855,0.2229595202636716,0.2229595202636716,4.5238406113599
4.928535,4.7055855,0.22294952026367199,0.22294952026367199,4.523646890184372
4.565494,4.3425474,0.22294658331298844,0.22294658331298844,4.883295943617605
4.928532,4.7055855,0.22294652026367157,0.22294652026367157,4.5235887736784095
4.92851,4.7055855,0.22292452026367204,0.22292452026367204,4.523162583806239
4.565447,4.3425474,0.2228995833129881,0.2228995833129881,4.882316743751615
4.928469,4.7055855,0.22288352026367164,0.22288352026367164,4.52236831070966
4.56543,4.3425474,0.22288258331298838,0.22288258331298838,4.881962560111674
4.928467,4.7055855,0.22288152026367225,0.22288152026367225,4.5223295653425275
4.928444,4.7055855,0.2228585202636717,0.2228585202636717,4.521883991360149
4.928428,4.7055855,0.22284252026367213,0.22284252026367213,4.521574024397852
4.928424,4.7055855,0.22283852026367157,0.22283852026367157,4.521496532342796
4.928424,4.7055855,0.22283852026367157,0.22283852026367157,4.521496532342796
4.928422,4.7055855,0.22283652026367218,0.22283652026367218,4.5214577862681145
4.928414,4.7055855,0.22282852026367195,0.22282852026367195,4.521302801654866
4.92841,4.7055855,0.22282452026367228,0.22282452026367228,4.5212253091595676
4.565354,4.3425474,0.22280658331298842,0.22280658331298842,4.8803791186424546
4.928389,4.7055855,0.222803520263672,0.222803520263672,4.520818471495476
4.928383,4.7055855,0.22279752026367206,0.22279752026367206,4.520702231526067
4.565312,4.3425474,0.22276458331298787,0.22276458331298787,4.879504036265394
4.565301,4.3425474,0.2227535833129881,0.2227535833129881,4.879274845363073
4.928334,4.7055855,0.2227485202636723,0.2227485202636723,4.519752927848489
4.928315,4.7055855,0.22272952026367143,0.22272952026367143,4.5193848254251625
4.565268,4.3425474,0.22272058331298794,0.22272058331298794,4.8785872660292755
4.928295,4.7055855,0.2227095202636722,0.2227095202636722,4.518997346123825
4.565248,4.3425474,0.2227005833129887,0.2227005833129887,4.87817054644371
4.565223,4.3425474,0.22267558331298787,0.22267558331298787,4.877649641827141
4.565158,4.3425474,0.22261058331298855,0.22261058331298855,4.8762952631236915
4.565158,4.3425474,0.22261058331298855,0.22261058331298855,4.8762952631236915
4.928195,4.7055855,0.22260952026367153,0.22260952026367153,4.51705990244206
4.565148,4.3425474,0.22260058331298804,0.22260058331298804,4.876086893746095
4.565142,4.3425474,0.2225945833129881,0.2225945833129881,4.875961871681366
4.565135,4.3425474,0.222587583312988,0.222587583312988,4.875816012190487
4.928152,4.7055855,0.22256652026367174,0.22256652026367174,4.516226777484857
4.565107,4.3425474,0.22255958331298853,0.22255958331298853,4.875232569753859
4.927801,4.7055855,0.22221552026367153,0.22221552026367153,4.509425609093429
4.927341,4.7055855,0.22175552026367207,0.22175552026367207,4.500510929914767
4.927279,4.7055855,0.22169352026367228,0.22169352026367228,4.499309258906852
4.927261,4.7055855,0.22167552026367154,0.22167552026367154,4.498960381014372
4.927242,4.7055855,0.22165652026367155,0.22165652026367155,4.498592118251406
4.92723,4.7055855,0.22164452026367165,0.22164452026367165,4.498359529779882
4.92722,4.7055855,0.22163452026367203,0.22163452026367203,4.498165705188197
4.927144,4.7055855,0.22155852026367207,0.22155852026367207,4.496692612579932
4.927142,4.7055855,0.22155652026367179,0.22155652026367179,4.496653846371287
4.927085,4.7055855,0.2214995202636718,0.2214995202636718,4.495548996195038
4.92705,4.7055855,0.22146452026367225,0.22146452026367225,4.494870566752466
39.30168,39.084503,0.2171768261718725,0.2171768261718725,0.5525891671076654
28.809698,28.59653,0.2131670856933603,0.2131670856933603,0.7399143361121675
28.805239,28.59653,0.20870808569335964,0.20870808569335964,0.7245490505828995
28.396831,28.59653,-0.1996999143066418,0.1996999143066418,0.7032471838351912
4.5416,4.3425474,0.19905258331298814,0.19905258331298814,4.3828735095253935
4.539421,4.3425474,0.1968735833129882,0.1968735833129882,4.33697564752534
4.536504,4.3425474,0.19395658331298815,0.19395658331298815,4.2754637339394534
4.898843,4.7055855,0.19325752026367216,0.19325752026367216,3.944962519920054
4.535435,4.3425474,0.19288758331298794,0.19288758331298794,4.2529015035765045
4.8984,4.7055855,0.19281452026367152,0.19281452026367152,3.936275523839116
4.535335,4.3425474,0.19278758331298818,0.19278758331298818,4.250790367387137
4.898218,4.7055855,0.19263252026367184,0.19263252026367184,3.9327061445558185
4.897958,4.7055855,0.1923725202636719,0.1923725202636719,3.927606571141368
4.897892,4.7055855,0.19230652026367157,0.19230652026367157,3.926311977882429
4.897712,4.7055855,0.19212652026367216,0.19212652026367216,3.922781091655642
4.89763,4.7055855,0.19204452026367225,0.19204452026367225,3.921172490771068
4.896811,4.7055855,0.19122552026367146,0.19122552026367146,3.90510314283656
4.533176,4.3425474,0.19062858331298838,0.19062858331298838,4.205188223637979
4.895926,4.7055855,0.1903405202636721,0.1903405202636721,3.887732785580998
4.532666,4.3425474,0.19011858331298814,0.19011858331298814,4.1944097206543285
4.894237,4.7055855,0.18865152026367227,0.18865152026367227,3.85456446550949
3.334058,3.1568832,0.17717476025390644,0.17717476025390644,5.314087524829872
3.333573,3.1568832,0.17668976025390615,0.17668976025390615,5.300311715045863
3.333555,3.1568832,0.1766717602539063,0.1766717602539063,5.299800370733541
3.333138,3.1568832,0.17625476025390618,0.17625476025390618,5.287952681485683
4.322478,4.147091,0.1753870881347659,0.1753870881347659,4.057558838488208
3.33139,3.1568832,0.1745067602539061,0.1745067602539061,5.23825671112262
4.508025,4.3425474,0.16547758331298823,0.16547758331298823,3.6707334877095295
4.869493,4.7055855,0.16390752026367217,0.16390752026367217,3.366007924445238
3.320257,3.1568832,0.16337376025390604,0.16337376025390604,4.920515497715554
3.319815,3.1568832,0.16293176025390643,0.16293176025390643,4.907856619992336
28.759083,28.59653,0.16255208569335977,0.16255208569335977,0.5652199887346706
4.504943,4.3425474,0.1623955833129882,0.1623955833129882,3.6048310335865157
3.31818,3.1568832,0.16129676025390616,0.16129676025390616,4.86100091764296
3.317665,3.1568832,0.16078176025390611,0.16078176025390611,4.846232523448265
3.317626,3.1568832,0.16074276025390644,0.16074276025390644,4.845113953443255
3.317363,3.1568832,0.1604797602539061,0.1604797602539061,4.837570089527993
3.317258,3.1568832,0.16037476025390607,0.16037476025390607,4.834557946625542
4.861729,4.7055855,0.1561435202636723,0.1561435202636723,3.21168704097782
3.312273,3.1568832,0.15538976025390605,0.15538976025390605,4.691333119257221
28.750027,28.59653,0.1534960856933587,0.1534960856933587,0.5338989270960505
3.310204,3.1568832,0.1533207602539064,0.1533207602539064,4.631761675391445
3.308536,3.1568832,0.1516527602539064,0.1516527602539064,4.583681732625025
3.307863,3.1568832,0.15097976025390647,0.15097976025390647,4.564268842129864
3.307649,3.1568832,0.1507657602539063,0.1507657602539063,4.558094291424157
3.307459,3.1568832,0.1505757602539064,0.1505757602539064,4.5526115440691415
3.307325,3.1568832,0.15044176025390632,0.15044176025390632,4.548744385548973
3.307284,3.1568832,0.15040076025390636,0.15040076025390636,4.547561087870252
3.307167,3.1568832,0.15028376025390644,0.15028376025390644,4.544184199024793
3.307152,3.1568832,0.15026876025390612,0.15026876025390612,4.543751247277488
3.306972,3.1568832,0.15008876025390627,0.15008876025390627,4.538555519955044
3.306916,3.1568832,0.15003276025390644,0.15003276025390644,4.536938956095937
3.306911,3.1568832,0.15002776025390618,0.15002776025390618,4.536794617374626
3.306875,3.1568832,0.14999176025390604,0.14999176025390604,4.535755365696324
3.306612,3.1568832,0.14972876025390613,0.14972876025390613,4.528162368290503
3.304682,3.1568832,0.14779876025390637,0.14779876025390637,4.472404916704057
3.30381,3.1568832,0.14692676025390616,0.14692676025390616,4.447191583337388
28.45031,28.59653,-0.14622091430663886,0.14622091430663886,0.5139519193503512
3.302317,3.1568832,0.1454337602539062,0.1454337602539062,4.403991508068493
3.301068,3.1568832,0.14418476025390614,0.14418476025390614,4.367821573185961
3.299284,3.1568832,0.14240076025390636,0.14240076025390636,4.316111018317618
28.737798,28.59653,0.14126708569336088,0.14126708569336088,0.49157240820215004
28.737327,28.59653,0.14079608569335988,0.14079608569335988,0.48994148165857576
3.29665,3.1568832,0.13976676025390633,0.13976676025390633,4.239660268747567
28.736207,28.59653,0.13967608569335965,0.13967608569335965,0.48606305520026916
3.296119,3.1568832,0.13923576025390627,0.13923576025390627,4.224233416623672
3.296071,3.1568832,0.13918776025390622,0.13918776025390622,4.222838653951428
3.295945,3.1568832,0.13906176025390637,0.13906176025390637,4.2191772086514545
3.295581,3.1568832,0.13869776025390612,0.13869776025390612,4.208598127301302
3.295398,3.1568832,0.1385147602539063,0.1385147602539063,4.203278640385866
3.295209,3.1568832,0.13832576025390608,0.13832576025390608,4.19778412385097
3.295171,3.1568832,0.1382877602539061,0.1382877602539061,4.196679330138236
3.294756,3.1568832,0.13787276025390627,0.13787276025390627,4.184612160952788
3.294369,3.1568832,0.13748576025390635,0.13748576025390635,4.173356422724139
3.294203,3.1568832,0.13731976025390624,0.13731976025390624,4.16852756948305
3.294002,3.1568832,0.13711876025390612,0.13711876025390612,4.1626799330948625
3.29353,3.1568832,0.13664676025390632,0.13664676025390632,4.148945364085263
3.293503,3.1568832,0.1366197602539061,0.1366197602539061,4.1481595811437835
3.293385,3.1568832,0.13650176025390603,0.13650176025390603,4.144725267460723
3.293363,3.1568832,0.13647976025390607,0.13647976025390607,4.1440849444704995
28.73299,28.59653,0.1364590856933603,0.1364590856933603,0.47492128627367136
3.292936,3.1568832,0.13605276025390634,0.13605276025390634,4.131655162741538
3.292774,3.1568832,0.13589076025390634,0.13589076025390634,4.126938570633132
3.292746,3.1568832,0.13586276025390642,0.13586276025390642,4.126123310142364
3.292544,3.1568832,0.13566076025390617,0.13566076025390617,4.120241377177828
3.292012,3.1568832,0.1351287602539064,0.1351287602539064,4.104746891864357
3.290447,3.1568832,0.13356376025390615,0.13356376025390615,4.059137261589292
28.729793,28.59653,0.13326208569336018,0.13326208569336018,0.46384631345201943
3.289734,3.1568832,0.1328507602539064,0.1328507602539064,4.038343533242142
3.289033,3.1568832,0.13214976025390612,0.13214976025390612,4.0178909804154666
28.728453,28.59653,0.13192208569335762,0.13192208569335762,0.4592035836141209
3.288522,3.1568832,0.1316387602539062,0.1316387602539062,4.002976420711287
3.288202,3.1568832,0.13131876025390632,0.13131876025390632,3.9936342186371965
28.727507,28.59653,0.1309760856933586,0.1309760856933586,0.45592569411923806
7.59629,7.4655404,0.130749590911865,0.130749590911865,1.721229585891847
7.596286,7.4655404,0.13074559091186533,0.13074559091186533,1.7211778349333364
3.286274,3.1568832,0.1293907602539064,0.1293907602539064,3.9373089477617835
7.257899,7.387041,-0.1291420919189452,0.1291420919189452,1.7793316208611594
7.25792,7.387041,-0.12912109191894494,0.12912109191894494,1.7790371334647652
3.286004,3.1568832,0.1291207602539064,0.1291207602539064,3.9294157965108067
3.285758,3.1568832,0.1288747602539062,0.1288747602539062,3.92222312933527
7.258339,7.387041,-0.128702091918945,0.128702091918945,1.7731617649323326
7.258378,7.387041,-0.12866309191894487,0.12866309191894487,1.7726149274283076
7.258507,7.387041,-0.1285340919189455,0.1285340919189455,1.7708061990871498
7.258513,7.387041,-0.12852809191894554,0.12852809191894554,1.7707220737522247
7.258612,7.387041,-0.12842909191894503,0.12842909191894503,1.7693340258051495
7.258644,7.387041,-0.128397091918945,0.128397091918945,1.768885371939664
7.258646,7.387041,-0.1283950919189456,0.1283950919189456,1.7688573312044251
7.2587,7.387041,-0.12834109191894516,0.12834109191894516,1.7681002371936718
7.258796,7.387041,-0.12824509191894506,0.12824509191894506,1.7667543200990676
7.258825,7.387041,-0.12821609191894545,0.12821609191894545,1.7663477479782073
7.258886,7.387041,-0.12815509191894492,0.12815509191894492,1.765492555154874
7.258909,7.387041,-0.12813209191894526,0.12813209191894526,1.7651701091332055
7.258999,7.387041,-0.1280420919189451,0.1280420919189451,1.7639083834724483
7.259007,7.387041,-0.12803409191894488,0.12803409191894488,1.7637962315945017
7.259011,7.387041,-0.1280300919189452,0.1280300919189452,1.7637401557482346
7.259034,7.387041,-0.12800709191894555,0.12800709191894555,1.763417720831479
7.259046,7.387041,-0.12799509191894565,0.12799509191894565,1.7632494947295057
7.259056,7.387041,-0.12798509191894514,0.12798509191894514,1.7631093067360553
28.468642,28.59653,-0.1278889143066415,0.1278889143066415,0.449227308791871
7.259165,7.387041,-0.127876091918945,0.127876091918945,1.7615812826569366
7.259318,7.387041,-0.12772309191894493,0.12772309191894493,1.7594365189289887
7.259341,7.387041,-0.12770009191894527,0.12770009191894527,1.7591141112834643
7.259349,7.387041,-0.12769209191894504,0.12769209191894504,1.759001969972597
7.259367,7.387041,-0.1276740919189452,0.1276740919189452,1.7587496529268523
7.259386,7.387041,-0.1276550919189452,0.1276550919189452,1.75848331962492
3.284537,3.1568832,0.12765376025390607,0.12765376025390607,3.886506994745974
7.259431,7.387041,-0.12761009191894512,0.12761009191894512,1.7578525357867203
7.259457,7.387041,-0.12758409191894504,0.12758409191894504,1.7574880864669018
7.259468,7.387041,-0.12757309191894528,0.12757309191894528,1.757333897155934
3.28444,3.1568832,0.12755676025390628,0.12755676025390628,3.8836684564194384
7.259494,7.387041,-0.1275470919189452,0.1275470919189452,1.7569694515511443
3.2844,3.1568832,0.12751676025390646,0.12751676025390646,3.8824978763251723
7.259525,7.387041,-0.1275160919189453,0.1275160919189453,1.756534923664961
7.259538,7.387041,-0.12750309191894527,0.12750309191894527,1.756352703397777
7.259615,7.387041,-0.12742609191894516,0.12742609191894516,1.755273412118823
3.284299,3.1568832,0.1274157602539061,0.1274157602539061,3.8795420346937526
7.259634,7.387041,-0.12740709191894517,0.12740709191894517,1.7550070970132952
7.259679,7.387041,-0.1273620919189451,0.1273620919189451,1.754376356271272
7.259699,7.387041,-0.12734209191894497,0.12734209191894497,1.7540960295625325
3.284192,3.1568832,0.12730876025390625,0.12730876025390625,3.876410400184576
7.259736,7.387041,-0.12730509191894512,0.12730509191894512,1.7535774292232051
7.259898,7.387041,-0.12714309191894557,0.12714309191894557,1.7513068629503372
7.259922,7.387041,-0.12711909191894488,0.12711909191894488,1.750970491379851
7.259937,7.387041,-0.12710409191894545,0.12710409191894545,1.7507602602776677
7.259939,7.387041,-0.12710209191894517,0.12710209191894517,1.7507322295296754
7.259994,7.387041,-0.12704709191894548,0.12704709191894548,1.7499613900121063
7.260021,7.387041,-0.12702009191894525,0.12702009191894525,1.7495829821593583
7.260029,7.387041,-0.12701209191894502,0.12701209191894502,1.7494708618546226
7.260072,7.387041,-0.12696909191894523,0.12696909191894523,1.748868219450115
7.260142,7.387041,-0.12689909191894522,0.12689909191894522,1.7478871889447527
7.260389,7.387041,-0.12665209191894533,0.12665209191894533,1.7444257038734552
7.26049,7.387041,-0.12655109191894542,0.12655109191894542,1.7430103466460585
3.282948,3.1568832,0.12606476025390645,0.12606476025390645,3.8399865075556012
28.470735,28.59653,-0.1257959143066394,0.1257959143066394,0.4418428758730589
28.721752,28.59653,0.125221085693358,0.125221085693358,0.4359799697905686
3.28153,3.1568832,0.12464676025390631,0.12464676025390631,3.798434274564239
3.280735,3.1568832,0.1238517602539062,0.1238517602539062,3.7751223506357903
28.720376,28.59653,0.12384508569336106,0.12384508569336106,0.43120983406669133
28.472863,28.59653,-0.12366791430664037,0.12366791430664037,0.43433607047596884
3.280262,3.1568832,0.12337876025390626,0.12337876025390626,3.7612471275204546
28.47333,28.59653,-0.12320091430663993,0.12320091430663993,0.4326888154852532
3.279274,3.1568832,0.12239076025390627,0.12239076025390627,3.732251719440767
3.277299,3.1568832,0.12041576025390643,0.12041576025390643,3.674237848003255
28.476453,28.59653,-0.12007791430664128,0.12007791430664128,0.42167440694323693
3.276625,3.1568832,0.11974176025390637,0.11974176025390637,3.6544236905429197
7.585151,7.4655404,0.11961059091186499,0.11961059091186499,1.576904545608757
3.275804,3.1568832,0.11892076025390619,0.11892076025390619,3.6302770327612985
3.275416,3.1568832,0.11853276025390613,0.11853276025390613,3.6188612454200406
3.275137,3.1568832,0.11825376025390621,0.11825376025390621,3.6106507987389707
3.275094,3.1568832,0.11821076025390642,0.11821076025390642,3.6093852649816167
3.274643,3.1568832,0.11775976025390644,0.11775976025390644,3.5961098736659336
3.274014,3.1568832,0.11713076025390645,0.11713076025390645,3.577588863405253
3.272617,3.1568832,0.11573376025390614,0.11573376025390614,3.5364284989771093
28.481206,28.59653,-0.11532491430664038,0.11532491430664038,0.40491583925988056
3.272207,3.1568832,0.11532376025390612,0.11532376025390612,3.5243418356595955
3.271983,3.1568832,0.11509976025390634,0.11509976025390634,3.517737110809824
3.271853,3.1568832,0.11496976025390637,0.11496976025390637,3.513903596842293
28.48176,28.59653,-0.11477091430663933,0.11477091430663933,0.4029628587075952
28.482224,28.59653,-0.11430691430664197,0.11430691430664197,0.4013272078270316
3.268777,3.1568832,0.1118937602539063,0.1118937602539063,3.423107793847154
3.268661,3.1568832,0.11177776025390607,0.11177776025390607,3.419680421141452
3.268016,3.1568832,0.11113276025390606,0.11113276025390606,3.4006186092878816
28.48658,28.59653,-0.10995091430664061,0.10995091430664061,0.3859744283317079
28.487541,28.59653,-0.1089899143066404,0.1089899143066404,0.38258800331786386
7.57427,7.4655404,0.10872959091186551,0.10872959091186551,1.4355124772477084
3.265127,3.1568832,0.10824376025390636,0.10824376025390636,3.315147014207754
7.573274,7.4655404,0.10773359091186485,0.10773359091186485,1.42254975734989
3.264174,3.1568832,0.10729076025390638,0.10729076025390638,3.2869191486305405
7.572708,7.4655404,0.10716759091186567,0.10716759091186567,1.4151818729898271
7.572315,7.4655404,0.10677459091186492,0.10677459091186492,1.4100653619197676
7.571912,7.4655404,0.10637159091186543,0.10637159091186543,1.4048181081668754
28.490347,28.59653,-0.10618391430664076,0.10618391430664076,0.3727013725254665
3.260288,3.1568832,0.10340476025390632,0.10340476025390632,3.171644966663518
28.493662,28.59653,-0.10286891430664014,0.10286891430664014,0.3610238456056618
7.567383,7.4655404,0.10184259091186565,0.10184259091186565,1.3458099175173217
28.698258,28.59653,0.10172708569335853,0.10172708569335853,0.35447129122960724
28.496104,28.59653,-0.10042691430664163,0.10042691430664163,0.3524233148022243
28.496398,28.59653,-0.1001329143066414,0.1001329143066414,0.3513879694770196
17.441988,17.341875,0.10011292370605318,0.10011292370605318,0.5739765656614328
3.256968,3.1568832,0.10008476025390634,0.10008476025390634,3.0729426955018715
3.256595,3.1568832,0.09971176025390616,0.09971176025390616,3.0618409796380672
3.25574,3.1568832,0.0988567602539061,0.0988567602539061,3.036383748421856
3.255736,3.1568832,0.09885276025390644,0.09885276025390644,3.036264618841029
28.497774,28.59653,-0.09875691430664091,0.09875691430664091,0.34654255559151526
3.25557,3.1568832,0.09868676025390632,0.09868676025390632,3.0313204830759286
3.255536,3.1568832,0.09865276025390646,0.09865276025390646,3.0303077665513802
3.255484,3.1568832,0.0986007602539063,0.0986007602539063,3.0287588650682213
3.255463,3.1568832,0.09857976025390647,0.09857976025390647,3.028133333135051
3.255433,3.1568832,0.09854976025390627,0.09854976025390627,3.027239702088141
3.2554,3.1568832,0.0985167602539061,0.0985167602539061,3.0262566889131857
3.255362,3.1568832,0.09847876025390612,0.09847876025390612,3.0251247096599703
3.255247,3.1568832,0.09836376025390603,0.09836376025390603,3.02169882195988
3.255183,3.1568832,0.09829976025390641,0.09829976025390641,3.019792136137557
3.255172,3.1568832,0.0982887602539062,0.0982887602539062,3.019464416961277
3.255161,3.1568832,0.09827776025390644,0.09827776025390644,3.019136695570121
3.25514,3.1568832,0.09825676025390617,0.09825676025390617,3.0185110394910097
3.255098,3.1568832,0.09821476025390607,0.09821476025390607,3.017259703114586
17.439823,17.341875,0.0979479237060552,0.0979479237060552,0.5616337029652971
3.254831,3.1568832,0.09794776025390606,0.09794776025390606,3.0093040238002144
3.254749,3.1568832,0.09786576025390614,0.09786576025390614,3.0068604445657496
3.254533,3.1568832,0.09764976025390615,0.09764976025390615,3.0004231098872167
17.438231,17.341875,0.09635592370605295,0.09635592370605295,0.5525556101734196
28.500459,28.59653,-0.0960719143066413,0.0960719143066413,0.3370890072553015
28.692341,28.59653,0.09581008569335836,0.09581008569335836,0.3339221630365555
28.502487,28.59653,-0.09404391430664205,0.09404391430664205,0.32994985422258805
1.27793,1.3710768,-0.09314682228088378,0.09314682228088378,7.288882980569741
28.504605,28.59653,-0.0919259143066391,0.0919259143066391,0.3224949593453991
39.176139,39.084503,0.09163582617187416,0.09163582617187416,0.2339072417821477
3.247901,3.1568832,0.0910177602539064,0.0910177602539064,2.8023563603417725
3.660716,3.571303,0.08941310922241197,0.08941310922241197,2.442503303178107
3.659139,3.571303,0.08783610922241225,0.08783610922241225,2.400458392534741
17.42848,17.341875,0.0866049237060551,0.0866049237060551,0.4969161034442372
4.430371,4.515987,-0.08561591940307611,0.08561591940307611,1.9324774246026717
4.430416,4.515987,-0.08557091940307604,0.08557091940307604,1.9314420903397016
4.430873,4.515987,-0.08511391940307611,0.08511391940307611,1.9209288869519658
28.511756,28.59653,-0.0847749143066423,0.0847749143066423,0.2973331923377325
4.431282,4.515987,-0.08470491940307578,0.08470491940307578,1.9115217537760913
7.549713,7.4655404,0.08417259091186491,0.08417259091186491,1.11491113517494
4.432085,4.515987,-0.08390191940307634,0.08390191940307634,1.8930575429212952
4.432105,4.515987,-0.08388191940307621,0.08388191940307621,1.8925977475981188
7.54937,7.4655404,0.08382959091186493,0.08382959091186493,1.1104183648536834
7.549291,7.4655404,0.08375059091186543,0.08375059091186543,1.1093835290063139
7.54919,7.4655404,0.08364959091186552,0.08364959091186552,1.108060479478692
4.432452,4.515987,-0.08353491940307656,0.08353491940307656,1.884620959261193
7.549074,7.4655404,0.0835335909118653,0.0835335909118653,1.1065408937673515
4.432667,4.515987,-0.08331991940307582,0.08331991940307582,1.8796791954188332
17.425047,17.341875,0.08317192370605397,0.08317192370605397,0.4773124784431094
4.433334,4.515987,-0.08265291940307584,0.08265291940307584,1.8643512850872839
1.288479,1.3710768,-0.08259782228088386,0.08259782228088386,6.410490374656737
1.315076,1.3976198,-0.08254384348297128,0.08254384348297128,6.276735601341257
7.548038,7.4655404,0.08249759091186526,0.08249759091186526,1.0929673500686177
1.315136,1.3976198,-0.08248384348297111,0.08248384348297111,6.271886974175995
1.315166,1.3976198,-0.08245384348297113,0.08245384348297113,6.269462826495033
1.315179,1.3976198,-0.0824408434829711,0.0824408434829711,6.268412396845044
1.31519,1.3976198,-0.08242984348297111,0.08242984348297111,6.267523587976154
1.315223,1.3976198,-0.08239684348297116,0.08239684348297116,6.264857250573195
1.315224,1.3976198,-0.08239584348297124,0.08239584348297124,6.2647764545588025
1.315228,1.3976198,-0.08239184348297113,0.08239184348297113,6.26445327172982
1.315241,1.3976198,-0.08237884348297109,0.08237884348297109,6.263402941111757
1.315243,1.3976198,-0.08237684348297125,0.08237684348297125,6.263241353628798
1.315251,1.3976198,-0.08236884348297124,0.08236884348297124,6.262595008611181
1.315282,1.3976198,-0.08233784348297113,0.08233784348297113,6.26009049593251
1.315311,1.3976198,-0.0823088434829713,0.0823088434829713,6.257747671593528
1.315311,1.3976198,-0.0823088434829713,0.0823088434829713,6.257747671593528
4.433742,4.515987,-0.08224491940307654,0.08224491940307654,1.854977565253494
1.315381,1.3976198,-0.08223884348297128,0.08223884348297128,6.252093003982815
1.315394,1.3976198,-0.08222584348297124,0.08222584348297124,6.251042917690077
1.315421,1.3976198,-0.08219884348297124,0.08219884348297124,6.248862035555338
7.54773,7.4655404,0.08218959091186484,0.08218959091186484,1.088931253645479
1.31545,1.3976198,-0.08216984348297118,0.08216984348297118,6.246519706315304
1.315464,1.3976198,-0.08215584348297122,0.08215584348297122,6.245388963645211
1.315471,1.3976198,-0.08214884348297113,0.08214884348297113,6.244823601335667
1.315478,1.3976198,-0.08214184348297127,0.08214184348297127,6.24425824504302
1.3155,1.3976198,-0.0821198434829713,0.0821198434829713,6.242481450150423
28.514423,28.59653,-0.08210791430663988,0.08210791430663988,0.28795222090361755
1.31554,1.3976198,-0.08207984348297126,0.08207984348297126,6.239251066233791
1.315589,1.3976198,-0.0820308434829713,0.0820308434829713,6.235294113643091
1.315617,1.3976198,-0.08200284348297115,0.08200284348297115,6.233033130214806
1.31568,1.3976198,-0.08193984348297123,0.08193984348297123,6.227946269362101
1.315695,1.3976198,-0.08192484348297113,0.08192484348297113,6.226735183818772
1.315901,1.3976198,-0.0817188434829712,0.0817188434829712,6.2101057356716876
1.315903,1.3976198,-0.08171684348297115,0.08171684348297115,6.209944310238764
1.315925,1.3976198,-0.08169484348297118,0.08169484348297118,6.2081686628617145
1.315957,1.3976198,-0.08166284348297115,0.08166284348297115,6.205586009023514
1.315978,1.3976198,-0.0816418434829711,0.0816418434829711,6.203891210701638
1.315991,1.3976198,-0.08162884348297128,0.08162884348297128,6.202842076941898
1.316005,1.3976198,-0.0816148434829711,0.0816148434829711,6.201712263765668
1.316006,1.3976198,-0.08161384348297118,0.08161384348297118,6.201631563744356
7.547152,7.4655404,0.08161159091186487,0.08161159091186487,1.0813561315683522
1.316011,1.3976198,-0.08160884348297115,0.08160884348297115,6.20122806547741
1.316036,1.3976198,-0.08158384348297121,0.08158384348297121,6.1992106201328845
1.316057,1.3976198,-0.08156284348297116,0.08156284348297116,6.1975160252765376
1.316101,1.3976198,-0.08151884348297123,0.08151884348297123,6.193965620934659
1.316106,1.3976198,-0.0815138434829712,0.0815138434829712,6.193562180916858
1.31613,1.3976198,-0.08148984348297117,0.08148984348297117,6.191625711501109
1.316131,1.3976198,-0.08148884348297125,0.08148884348297125,6.1915450268081
1.316155,1.3976198,-0.08146484348297123,0.08146484348297123,6.189608630957723
1.316159,1.3976198,-0.08146084348297111,0.08146084348297111,6.189285905181807
1.316192,1.3976198,-0.08142784348297116,0.08142784348297116,6.186623492376837
1.316196,1.3976198,-0.08142384348297127,0.08142384348297127,6.186300784745203
1.316197,1.3976198,-0.08142284348297113,0.08142284348297113,6.1862201081437584
1.316203,1.3976198,-0.08141684348297118,0.08141684348297118,6.185736051109551
1.316207,1.3976198,-0.08141284348297129,0.08141284348297129,6.185413348871863
1.316216,1.3976198,-0.08140384348297114,0.08140384348297114,6.184687276008379
1.316224,1.3976198,-0.08139584348297113,0.08139584348297113,6.184041886243306
1.316233,1.3976198,-0.0813868434829712,0.0813868434829712,6.183315832135183
4.434606,4.515987,-0.08138091940307657,0.08138091940307657,1.8351330287570404
1.316242,1.3976198,-0.08137784348297128,0.08137784348297128,6.182589787956068
1.316266,1.3976198,-0.08135384348297126,0.08135384348297126,6.180653718685327
1.316285,1.3976198,-0.08133484348297126,0.08133484348297126,6.179121047249809
1.316298,1.3976198,-0.08132184348297122,0.08132184348297122,6.17807240281404
1.316302,1.3976198,-0.08131784348297111,0.08131784348297111,6.177749747154783
1.316308,1.3976198,-0.08131184348297116,0.08131184348297116,6.177265767342742
1.316315,1.3976198,-0.08130484348297129,0.08130484348297129,6.176701129805145
1.316324,1.3976198,-0.08129584348297114,0.08129584348297114,6.175975176080901
1.316327,1.3976198,-0.08129284348297117,0.08129284348297117,6.175733193712158
1.316335,1.3976198,-0.08128484348297116,0.08128484348297116,6.175087912787859
1.316338,1.3976198,-0.08128184348297118,0.08128184348297118,6.174845934463362
1.316357,1.3976198,-0.08126284348297119,0.08126284348297119,6.173313430687714
1.316358,1.3976198,-0.08126184348297127,0.08126184348297127,6.1732327738197394
1.31638,1.3976198,-0.08123984348297109,0.08123984348297109,6.171458353727618
1.316393,1.3976198,-0.08122684348297127,0.08122684348297127,6.170409860641986
1.316412,1.3976198,-0.08120784348297128,0.08120784348297128,6.168877484921317
1.316422,1.3976198,-0.08119784348297121,0.08119784348297121,6.168070989151134
1.316428,1.3976198,-0.08119184348297126,0.08119184348297126,6.167587097570371
1.31644,1.3976198,-0.08117984348297114,0.08117984348297114,6.166619327641557
1.316471,1.3976198,-0.08114884348297124,0.08114884348297124,6.164119336985556
1.3165,1.3976198,-0.08111984348297119,0.08111984348297119,6.161780742636491
1.316504,1.3976198,-0.0811158434829713,0.0811158434829713,6.161458185984231
1.316514,1.3976198,-0.08110584348297123,0.08110584348297123,6.160651802928839
1.316515,1.3976198,-0.08110484348297109,0.08110484348297109,6.160571165297054
1.31654,1.3976198,-0.08107984348297115,0.08107984348297115,6.158555264314992
1.316553,1.3976198,-0.08106684348297111,0.08106684348297111,6.157507026060751
1.316577,1.3976198,-0.08104284348297108,0.08104284348297108,6.155571871361531
1.316585,1.3976198,-0.0810348434829713,0.0810348434829713,6.154926835473318
1.316589,1.3976198,-0.08103084348297118,0.08103084348297118,6.15460432046877
1.316596,1.3976198,-0.08102384348297109,0.08102384348297109,6.154039923926326
1.3166,1.3976198,-0.0810198434829712,0.0810198434829712,6.153717414310913
3.652316,3.571303,0.081013109222412,0.081013109222412,2.21812978997967
1.316612,1.3976198,-0.0810078434829713,0.0810078434829713,6.152749897222458
1.316634,1.3976198,-0.08098584348297111,0.08098584348297111,6.150976161698705
1.316678,1.3976198,-0.08094184348297118,0.08094184348297118,6.147428868472303
1.316714,1.3976198,-0.08090584348297125,0.08090584348297125,6.1445267139885145
1.316779,1.3976198,-0.08084084348297127,0.08084084348297127,6.139287114757449
1.316941,1.3976198,-0.08067884348297127,0.08067884348297127,6.1262306722051365
1.316973,1.3976198,-0.08064684348297124,0.08064684348297124,6.123652001737894
1.317097,1.3976198,-0.08052284348297123,0.08052284348297123,6.113660837194039
17.422375,17.341875,0.08049992370605352,0.08049992370605352,0.4620490817445468
1.317123,1.3976198,-0.08049684348297115,0.08049684348297115,6.111566154175394
1.317126,1.3976198,-0.08049384348297117,0.08049384348297117,6.111324465302473
1.317427,1.3976198,-0.08019284348297129,0.08019284348297129,6.0870806106815945
1.317505,1.3976198,-0.08011484348297127,0.08011484348297127,6.0807999572594005
1.291679,1.3710768,-0.07939782228088377,0.07939782228088377,6.146869483419402
17.421066,17.341875,0.0791909237060544,0.0791909237060544,0.45456990809632336
1.318458,1.3976198,-0.07916184348297128,0.07916184348297128,6.004123261944421
3.650403,3.571303,0.07910010922241195,0.07910010922241195,2.1668870319316818
3.650329,3.571303,0.07902610922241227,0.07902610922241227,2.16490374484731
1.318605,1.3976198,-0.07901484348297116,0.07901484348297116,5.992305768367241
3.650235,3.571303,0.078932109222412,0.078932109222412,2.162384318276758
3.650171,3.571303,0.07886810922241194,0.07886810922241194,2.160668889765747
3.65013,3.571303,0.07882710922241198,0.07882710922241198,2.159569911763483
3.650129,3.571303,0.07882610922241229,0.07882610922241229,2.15954310711355
1.318823,1.3976198,-0.07879684348297111,0.07879684348297111,5.974785356108918
3.650061,3.571303,0.07875810922241211,0.07875810922241211,2.157720356461286
3.65004,3.571303,0.07873710922241228,0.07873710922241228,2.1571574344460642
3.649954,3.571303,0.07865110922241225,0.07865110922241225,2.154852067183789
3.649808,3.571303,0.07850510922241227,0.07850510922241227,2.1509380553788398
3.649779,3.571303,0.07847610922241222,0.07847610922241222,2.1501605774010444
3.649768,3.571303,0.07846510922241201,0.07846510922241201,2.1498656687291398
3.649759,3.571303,0.07845610922241208,0.07845610922241208,2.1496243784935514
3.649686,3.571303,0.0783831092224121,0.0783831092224121,2.147667202610428
3.649674,3.571303,0.0783711092224122,0.0783711092224122,2.147345467575045
3.649618,3.571303,0.07831510922241192,0.07831510922241192,2.1458440094351263
3.649607,3.571303,0.07830410922241215,0.07830410922241215,2.145549074743297
3.649587,3.571303,0.07828410922241202,0.07828410922241202,2.1450128252941227
3.64958,3.571303,0.07827710922241193,0.07827710922241193,2.144825136598379
3.649567,3.571303,0.07826410922241189,0.07826410922241189,2.1444765699675448
3.649537,3.571303,0.07823410922241214,0.07823410922241214,2.1436721759573465
3.649528,3.571303,0.07822510922241221,0.07822510922241221,2.1434308551754855
3.649506,3.571303,0.07820310922241225,0.07820310922241225,2.142840954920184
3.649485,3.571303,0.07818210922241198,0.07818210922241198,2.1422778616782834
3.649481,3.571303,0.0781781092224123,0.0781781092224123,2.14217060508796
3.649479,3.571303,0.07817610922241203,0.07817610922241203,2.1421169767046178
3.649448,3.571303,0.07814510922241213,0.07814510922241213,2.1412857292464738
3.649428,3.571303,0.078125109222412,0.078125109222412,2.1407494330692716
3.649393,3.571303,0.078090109222412,0.078090109222412,2.139810900614765
3.649387,3.571303,0.07808410922241205,0.07808410922241205,2.1396500075292755
3.64938,3.571303,0.07807710922241196,0.07807710922241196,2.139462298260869
3.649367,3.571303,0.07806410922241191,0.07806410922241191,2.1391136934233472
3.649339,3.571303,0.078036109222412,0.078036109222412,2.1383628437992095
3.649322,3.571303,0.07801910922241229,0.07801910922241229,2.1379069651917364
3.649274,3.571303,0.07797110922241224,0.07797110922241224,2.1366197556082556
3.649231,3.571303,0.077928109222412,0.077928109222412,2.135466601601174
3.649219,3.571303,0.0779161092224121,0.0779161092224121,2.1351447863303616
3.649218,3.571303,0.07791510922241196,0.07791510922241196,2.1351179682955865
3.649217,3.571303,0.07791410922241226,0.07791410922241226,2.135091150246126
3.649215,3.571303,0.07791210922241198,0.07791210922241198,2.1350375141030864
3.649202,3.571303,0.07789910922241194,0.07789910922241194,2.1346888777403183
3.649201,3.571303,0.07789810922241225,0.07789810922241225,2.134662059455689
3.649201,3.571303,0.07789810922241225,0.07789810922241225,2.134662059455689
3.649193,3.571303,0.07789010922241202,0.07789010922241202,2.134447512649442
3.64918,3.571303,0.07787710922241198,0.07787710922241198,2.134098872082985
3.649159,3.571303,0.07785610922241215,0.07785610922241215,2.133535678228288
3.649136,3.571303,0.07783310922241204,0.07783310922241204,2.132918839426076
3.649132,3.571303,0.07782910922241193,0.07782910922241193,2.1328115623189055
3.649118,3.571303,0.0778151092224122,0.0778151092224122,2.132436090591747
3.649079,3.571303,0.07777610922241207,0.07777610922241207,2.1313901184457964
3.649021,3.571303,0.07771810922241196,0.07771810922241196,2.129834528775859
3.649005,3.571303,0.07770210922241194,0.07770210922241194,2.129405391888543
3.649002,3.571303,0.07769910922241197,0.07769910922241197,2.1293249283032085
3.648965,3.571303,0.07766210922241212,0.07766210922241212,2.128332533205547
3.648942,3.571303,0.07763910922241202,0.07763910922241202,2.127715628811976
3.648936,3.571303,0.07763310922241207,0.07763310922241207,2.1275546959520395
3.648874,3.571303,0.07757110922241228,0.07757110922241228,2.125891692075045
3.648849,3.571303,0.0775461092224119,0.0775461092224119,2.125221110007202
3.648798,3.571303,0.07749510922241232,0.07749510922241232,2.1238530940953284
3.648776,3.571303,0.0774731092224119,0.0774731092224119,2.123262957777859
3.648756,3.571303,0.07745310922241222,0.07745310922241222,2.1227264640411554
3.648749,3.571303,0.07744610922241213,0.07744610922241213,2.122538689843823
3.648739,3.571303,0.07743610922241206,0.07743610922241206,2.122270439740683
3.648683,3.571303,0.07738010922241223,0.07738010922241223,2.1207682119902294
3.64868,3.571303,0.07737710922241225,0.07737710922241225,2.1206877342022747
3.648605,3.571303,0.07730210922241199,0.07730210922241199,2.118675746491969
3.648559,3.571303,0.07725610922241222,0.07725610922241222,2.117441686438256
3.648539,3.571303,0.07723610922241209,0.07723610922241209,2.116905128882963
3.648528,3.571303,0.07722510922241232,0.07722510922241232,2.1166100197201643
3.648501,3.571303,0.0771981092224121,0.0771981092224121,2.1158856533216306
3.648478,3.571303,0.077175109222412,0.077175109222412,2.1152685920073173
3.648439,3.571303,0.07713610922241232,0.07713610922241232,2.114222252867544
3.648373,3.571303,0.07707010922241198,0.07707010922241198,2.1124514741310585
3.64835,3.571303,0.07704710922241231,0.07704710922241231,2.1118343695177404
3.648325,3.571303,0.07702210922241193,0.07702210922241193,2.1111635948085974
3.648306,3.571303,0.07700310922241194,0.07700310922241194,2.110653799881405
3.648299,3.571303,0.07699610922241229,0.07699610922241229,2.1104659793591978
3.648288,3.571303,0.07698510922241208,0.07698510922241208,2.1101708313680803
3.648279,3.571303,0.07697610922241216,0.07697610922241216,2.1099293453242534
3.648224,3.571303,0.07692110922241202,0.07692110922241202,2.108453571389903
3.648207,3.571303,0.07690410922241231,0.07690410922241231,2.1079974140805144
3.648182,3.571303,0.07687910922241192,0.07687910922241192,2.1073265867849957
3.648176,3.571303,0.07687310922241197,0.07687310922241197,2.1071655868660066
16.40253,16.325682,0.07684831359863153,0.07684831359863153,0.4685150010282745
16.40251,16.325682,0.07682831359863229,0.07682831359863229,0.46839363974272175
3.648125,3.571303,0.07682210922241195,0.07682210922241195,2.1057970661725176
3.648112,3.571303,0.07680910922241191,0.07680910922241191,2.1054482214445844
16.402487,16.325682,0.07680531359863352,0.07680531359863352,0.4682540738984598
16.402444,16.325682,0.07676231359863195,0.07676231359863195,0.4679931454005511
3.647896,3.571303,0.07659310922241191,0.07659310922241191,2.0996516682578745
3.647891,3.571303,0.0765881092224121,0.0765881092224121,2.0995174806569765
3.647849,3.571303,0.076546109222412,0.076546109222412,2.098390290286512
16.402213,16.325682,0.07653131359863252,0.07653131359863252,0.46659138982139753
16.401979,16.325682,0.07629731359863356,0.07629731359863356,0.46517138936812685
17.418119,17.341875,0.07624392370605548,0.07624392370605548,0.4377276542066211
16.40107,16.325682,0.07538831359863352,0.07538831359863352,0.45965484933710954
1.295779,1.3710768,-0.07529782228088377,0.07529782228088377,5.8110080712122025
7.540751,7.4655404,0.07521059091186544,0.07521059091186544,0.9973886010938173
39.159622,39.084503,0.07511882617187382,0.07511882617187382,0.1918272504563042
16.400695,16.325682,0.07501331359863173,0.07501331359863173,0.4573788708233057
16.400615,16.325682,0.0749333135986312,0.0749333135986312,0.45689331527003296
16.400521,16.325682,0.07483931359863405,0.07483931359863405,0.45632278144199034
16.400474,16.325682,0.07479231359863192,0.07479231359863192,0.45603751207541865
1.296322,1.3710768,-0.07475482228088381,0.07475482228088381,5.766686230359211
16.400415,16.325682,0.07473331359863167,0.07473331359863167,0.4556794056624543
16.400376,16.325682,0.07469431359863421,0.07469431359863421,0.45544268983942054
1.296508,1.3710768,-0.0745688222808838,0.0745688222808838,5.751512699893273
1.296534,1.3710768,-0.07454282228088371,0.07454282228088371,5.749392015568764
16.400214,16.325682,0.0745323135986311,0.0745323135986311,0.45445939667724256
1.296566,1.3710768,-0.07451082228088368,0.07451082228088368,5.74678205931182
1.296579,1.3710768,-0.07449782228088386,0.07449782228088386,5.745721801381801
1.29669,1.3710768,-0.07438682228088389,0.07438682228088389,5.736669695543825
1.296741,1.3710768,-0.07433582228088387,0.07433582228088387,5.732511139475914
1.296773,1.3710768,-0.07430382228088384,0.07430382228088384,5.729902016401786
16.399968,16.325682,0.07428631359863402,0.07428631359863402,0.45296621065468573
1.296842,1.3710768,-0.07423482228088374,0.07423482228088374,5.72427653292841
1.296849,1.3710768,-0.07422782228088387,0.07422782228088387,5.723705865151623
16.399903,16.325682,0.07422131359863116,0.07422131359863116,0.45257166215055417
1.296875,1.3710768,-0.07420182228088379,0.07420182228088379,5.721586295916121
16.399835,16.325682,0.07415331359863231,0.07415331359863231,0.452158900368084
16.399831,16.325682,0.07414931359863175,0.07414931359863175,0.45213462015663225
16.399649,16.325682,0.07396731359863296,0.07396731359863296,0.45102985800599715
16.39962,16.325682,0.07393831359863157,0.07393831359863157,0.4508538222116167
1.297139,1.3710768,-0.07393782228088375,0.07393782228088375,5.700069327588151
16.399559,16.325682,0.07387731359863281,0.07387731359863281,0.4504835379913712
1.297206,1.3710768,-0.07387082228088371,0.07387082228088371,5.694609975222832
16.399551,16.325682,0.07386931359863169,0.07386931359863169,0.4504349759220924
16.39955,16.325682,0.07386831359863422,0.07386831359863422,0.4504289056601174
16.399532,16.325682,0.07385031359863348,0.07385031359863348,0.45031964081769627
16.399464,16.325682,0.07378231359863108,0.07378231359863108,0.4499068603594678
16.399444,16.325682,0.07376231359863183,0.07376231359863183,0.4497854536908816
1.297355,1.3710768,-0.07372182228088375,0.07372182228088375,5.682471048803241
16.399387,16.325682,0.07370531359863364,0.07370531359863364,0.4494394430607937
16.39938,16.325682,0.07369831359863355,0.07369831359863355,0.44939695036144145
1.297445,1.3710768,-0.07363182228088383,0.07363182228088383,5.675140162026806
16.399292,16.325682,0.0736103135986319,0.0736103135986319,0.4488627533321746
16.399276,16.325682,0.07359431359863322,0.07359431359863322,0.4487656259836377
1.297513,1.3710768,-0.07356382228088387,0.07356382228088387,5.669601944274491
1.297521,1.3710768,-0.07355582228088386,0.07355582228088386,5.6689504274084905
1.297635,1.3710768,-0.0734418222808837,0.0734418222808837,5.65966718493444
16.399077,16.325682,0.07339531359863116,0.07339531359863116,0.44755758874834
16.399036,16.325682,0.07335431359863165,0.07335431359863165,0.4473086930121036
1.297728,1.3710768,-0.0733488222808838,0.0733488222808838,5.6520952214355935
16.398975,16.325682,0.07329331359863289,0.07329331359863289,0.44693838241832773
1.297789,1.3710768,-0.07328782228088371,0.07328782228088371,5.64712925408033
16.398951,16.325682,0.07326931359863309,0.07326931359863309,0.44679268569182445
16.39894,16.325682,0.07325831359863244,0.07325831359863244,0.44672590788298344
1.297898,1.3710768,-0.07317882228088379,0.07317882228088379,5.63825680255656
1.297967,1.3710768,-0.0731098222808837,0.0731098222808837,5.632641066779899
16.398729,16.325682,0.07304731359863226,0.07304731359863226,0.4454449707546653
16.398727,16.325682,0.07304531359863375,0.07304531359863375,0.445432829012815
16.398697,16.325682,0.07301531359863134,0.07301531359863134,0.4452507025295126
1.298256,1.3710768,-0.07282082228088371,0.07282082228088371,5.6091265725153265
16.398399,16.325682,0.07271731359863409,0.07271731359863409,0.4434415432762104
1.298379,1.3710768,-0.07269782228088384,0.07269782228088384,5.599121849266256
3.229506,3.1568832,0.07262276025390646,0.07262276025390646,2.2487265932206886
1.298513,1.3710768,-0.07256382228088376,0.07256382228088376,5.588224551875533
16.39818,16.325682,0.07249831359863279,0.07249831359863279,0.44211195143723686
1.298587,1.3710768,-0.07248982228088385,0.07248982228088385,5.582207605289568
1.298599,1.3710768,-0.07247782228088373,0.07247782228088373,5.581231948838902
1.29868,1.3710768,-0.07239682228088373,0.07239682228088373,5.574646739405326
16.398076,16.325682,0.07239431359863246,0.07239431359863246,0.4414805346565719
1.298687,1.3710768,-0.07238982228088386,0.07238982228088386,5.574077685794174
1.298698,1.3710768,-0.07237882228088388,0.07237882228088388,5.573183471084941
16.39798,16.325682,0.07229831359863326,0.07229831359863326,0.44089768128874635
1.298788,1.3710768,-0.07228882228088374,0.07228882228088374,5.565867737869295
16.397963,16.325682,0.07228131359863355,0.07228131359863355,0.4407944669602728
1.298863,1.3710768,-0.07221382228088369,0.07221382228088369,5.559772067979757
16.39784,16.325682,0.07215831359863145,0.07215831359863145,0.44004767456074345
16.397765,16.325682,0.07208331359863251,0.07208331359863251,0.4395923078431294
16.397668,16.325682,0.07198631359863228,0.07198631359863228,0.4390033607107625
1.299355,1.3710768,-0.07172182228088375,0.07172182228088375,5.519801922905129
16.397292,16.325682,0.07161031359863301,0.07161031359863301,0.4367203657664711
16.397097,16.325682,0.07141531359863151,0.07141531359863151,0.4355363244981474
16.397064,16.325682,0.07138231359863312,0.07138231359863312,0.43533594549730237
17.270505,17.341875,-0.07137007629394532,0.07137007629394532,0.4132483462037276
1.299773,1.3710768,-0.07130382228088372,0.07130382228088372,5.485867322632325
1.299875,1.3710768,-0.0712018222808839,0.0712018222808839,5.477589943295033
16.396814,16.325682,0.07113231359863192,0.07113231359863192,0.4338178965633087
1.299966,1.3710768,-0.07111082228088383,0.07111082228088383,5.470206318889389
16.396708,16.325682,0.0710263135986331,0.0710263135986331,0.4331742298405261
1.300641,1.3710768,-0.07043582228088385,0.07043582228088385,5.41546993178505
16.395944,16.325682,0.07026231359863289,0.07026231359863289,0.4285347254065051
16.395573,16.325682,0.06989131359863165,0.06989131359863165,0.4262816163741602
16.395561,16.325682,0.06987931359863353,0.06987931359863353,0.4262087378297536
16.395338,16.325682,0.06965631359863167,0.06965631359863167,0.42485439213395193
1.301688,1.3710768,-0.06938882228088383,0.06938882228088383,5.330680030510626
7.5345,7.4655404,0.06895959091186565,0.06895959091186565,0.9152510572825058
1.302175,1.3710768,-0.0689018222808837,0.0689018222808837,5.291287444129431
1.302333,1.3710768,-0.06874382228088383,0.06874382228088383,5.278513427487848
7.318716,7.387041,-0.06832509191894509,0.06832509191894509,0.9335666518281556
1.302887,1.3710768,-0.06818982228088388,0.06818982228088388,5.233747997765742
1.303133,1.3710768,-0.06794382228088369,0.06794382228088369,5.21388241074931
1.303144,1.3710768,-0.06793282228088371,0.06793282228088371,5.212994287329006
16.393464,16.325682,0.0677823135986344,0.0677823135986344,0.41347157378221544
7.533287,7.4655404,0.06774659091186486,0.06774659091186486,0.8992965608633463
1.303642,1.3710768,-0.06743482228088382,0.06743482228088382,5.1728022168441194
7.532635,7.4655404,0.0670945909118652,0.0670945909118652,0.8907187313732112
7.319984,7.387041,-0.06705709191894549,0.06705709191894549,0.9160824930495668
1.30414,1.3710768,-0.06693682228088371,0.06693682228088371,5.13264084191506
1.304264,1.3710768,-0.0668128222808837,0.0668128222808837,5.122645589831587
1.304309,1.3710768,-0.06676782228088385,0.06676782228088385,5.119018750600113
7.320529,7.387041,-0.06651209191894569,0.06651209191894569,0.9085694752119298
7.320695,7.387041,-0.06634609191894558,0.06634609191894558,0.9062813287268394
7.320738,7.387041,-0.0663030919189449,0.0663030919189449,0.9056886330044759
7.320801,7.387041,-0.06624009191894498,0.06624009191894498,0.904820277426475
7.320865,7.387041,-0.06617609191894491,0.06617609191894491,0.9039381537296612
7.321072,7.387041,-0.06596909191894529,0.06596909191894529,0.901085140510081
7.321082,7.387041,-0.06595909191894567,0.06595909191894567,0.9009473178697455
7.321117,7.387041,-0.06592409191894522,0.06592409191894522,0.9004649415935403
7.321166,7.387041,-0.06587509191894547,0.06587509191894547,0.8997896225552826
7.321193,7.387041,-0.06584809191894525,0.06584809191894525,0.8994175118460316
7.321221,7.387041,-0.06582009191894489,0.06582009191894489,0.8990316221576409
7.321258,7.387041,-0.06578309191894505,0.06578309191894505,0.8985217010252409
7.321264,7.387041,-0.0657770919189451,0.0657770919189451,0.8984390115975418
1.305336,1.3710768,-0.06574082228088374,0.06574082228088374,5.036314196179943
7.321334,7.387041,-0.06570709191894508,0.06570709191894508,0.8974743116220023
7.321336,7.387041,-0.06570509191894569,0.06570509191894569,0.8974467490366274
7.321336,7.387041,-0.06570509191894569,0.06570509191894569,0.8974467490366274
7.321405,7.387041,-0.06563609191894493,0.06563609191894493,0.8964958490624194
7.321412,7.387041,-0.06562909191894573,0.06562909191894573,0.8963993819504943
7.321549,7.387041,-0.06549209191894523,0.06549209191894523,0.8945114198928494
1.305641,1.3710768,-0.06543582228088374,0.06543582228088374,5.011777531179854
7.321631,7.387041,-0.06541009191894531,0.06541009191894531,0.8933814326077335
7.321643,7.387041,-0.06539809191894541,0.06539809191894541,0.893216070737841
7.321653,7.387041,-0.0653880919189449,0.0653880919189449,0.8930782695936536
7.321682,7.387041,-0.06535909191894529,0.06535909191894529,0.8926786484041864
7.3217,7.387041,-0.06534109191894544,0.06534109191894544,0.892430609258137
7.3217,7.387041,-0.06534109191894544,0.06534109191894544,0.892430609258137
7.321709,7.387041,-0.06533209191894507,0.06533209191894507,0.8923065901424485
7.321725,7.387041,-0.0653160919189455,0.0653160919189455,0.8920861124673956
7.321731,7.387041,-0.06531009191894555,0.06531009191894555,0.8920034335876795
7.321744,7.387041,-0.0652970919189455,0.0652970919189455,0.8918242964798234
7.321745,7.387041,-0.06529609191894536,0.06529609191894536,0.8918105167286426
7.321754,7.387041,-0.065287091918945,0.065287091918945,0.8916864991374103
7.32186,7.387041,-0.06518109191894528,0.06518109191894528,0.8902258704489713
7.321899,7.387041,-0.06514209191894516,0.06514209191894516,0.88968847997023
7.32192,7.387041,-0.06512109191894488,0.06512109191894488,0.8893991182375044
7.321993,7.387041,-0.06504809191894534,0.06504809191894534,0.8883932546515266
7.322038,7.387041,-0.06500309191894527,0.06500309191894527,0.8877732117486619
7.322098,7.387041,-0.06494309191894487,0.06494309191894487,0.886946499733518
7.32212,7.387041,-0.06492109191894535,0.06492109191894535,0.8866433753893505
7.322155,7.387041,-0.0648860919189449,0.0648860919189449,0.8861611358685897
7.322237,7.387041,-0.06480409191894498,0.06480409191894498,0.8850313356158773
7.322243,7.387041,-0.06479809191894503,0.06479809191894503,0.8849486682982262
7.322255,7.387041,-0.06478609191894513,0.06478609191894513,0.884783334069359
7.322309,7.387041,-0.06473209191894558,0.06473209191894558,0.884039336745575
7.322595,7.387041,-0.06444609191894557,0.06444609191894557,0.8800990894357187
17.405674,17.341875,0.06379892370605589,0.06379892370605589,0.3665409550109312
1.307297,1.3710768,-0.06377982228088386,0.06377982228088386,4.87875534603117
1.307646,1.3710768,-0.0634308222808837,0.0634308222808837,4.8507640658123785
1.307699,1.3710768,-0.06337782228088384,0.06337782228088384,4.846514547769581
1.308368,1.3710768,-0.06270882228088381,0.06270882228088381,4.792904005302095
17.404392,17.341875,0.0625169237060561,0.0625169237060561,0.35920199743660625
1.30885,1.3710768,-0.06222682228088372,0.06222682228088372,4.754312738367988
1.309147,1.3710768,-0.06192982228088373,0.06192982228088373,4.730547621936511
1.309751,1.3710768,-0.06132582228088368,0.06132582228088368,4.682250464111226
1.310155,1.3710768,-0.06092182228088383,0.06092182228088383,4.649970597084609
1.310278,1.3710768,-0.060798822280883735,0.060798822280883735,4.640146768566944
17.402363,17.341875,0.060487923706055824,0.060487923706055824,0.3475845418562309
17.402182,17.341875,0.060306923706054505,0.060306923706054505,0.3465480576269572
1.312657,1.3710768,-0.058419822280883826,0.058419822280883826,4.450501713428057
1.312688,1.3710768,-0.05838882228088371,0.05838882228088371,4.448035045375266
1.312719,1.3710768,-0.05835782228088382,0.05835782228088382,4.445568493823755
7.523782,7.4655404,0.05824159091186498,0.05824159091186498,0.7740999262218241
1.312964,1.3710768,-0.05811282228088377,0.05811282228088377,4.426078877749709
7.523142,7.4655404,0.05760159091186523,0.05760159091186523,0.7656586956766145
1.3135,1.3710768,-0.0575768222808839,0.0575768222808839,4.3834657233727015
0.086685,0.029490247,0.05719475263118744,0.05719475263118744,65.97998796240117
7.522548,7.4655404,0.0570075909118648,0.0570075909118648,0.7578228934013712
7.522518,7.4655404,0.05697759091186505,0.05697759091186505,0.7574271129840783
1.314379,1.3710768,-0.056697822280883825,0.056697822280883825,4.313658562451939
1.198166,1.254393,-0.056226981529235776,0.056226981529235776,4.692753885900871
7.52175,7.4655404,0.05620959091186517,0.05620959091186517,0.7472940593760479
1.198213,1.254393,-0.05617998152923587,0.05617998152923587,4.688647304322956
1.198221,1.254393,-0.05617198152923586,0.05617198152923586,4.687948343798674
1.198281,1.254393,-0.05611198152923591,0.05611198152923591,4.682706437350939
1.198289,1.254393,-0.0561039815292359,0.0561039815292359,4.682007556153307
1.198299,1.254393,-0.05609398152923584,0.05609398152923584,4.6811339677788855
1.198309,1.254393,-0.05608398152923577,0.05608398152923577,4.680260393984816
1.19832,1.254393,-0.05607298152923579,0.05607298152923579,4.679299479651219
1.198348,1.254393,-0.05604498152923587,0.05604498152923587,4.676853595496385
1.198352,1.254393,-0.056040981529235756,0.056040981529235756,4.676504192804722
1.198352,1.254393,-0.056040981529235756,0.056040981529235756,4.676504192804722
1.198361,1.254393,-0.05603198152923583,0.05603198152923583,4.67571804527685
1.198363,1.254393,-0.05602998152923577,0.05602998152923577,4.675543347429804
1.198375,1.254393,-0.05601798152923587,0.05601798152923587,4.674495172593001
1.198375,1.254393,-0.05601798152923587,0.05601798152923587,4.674495172593001
1.198389,1.254393,-0.05600398152923591,0.05600398152923591,4.6732723284812066
1.198402,1.254393,-0.05599098152923587,0.05599098152923587,4.672136855960165
1.198404,1.254393,-0.055988981529235815,0.055988981529235815,4.671962170066509
1.198414,1.254393,-0.05597898152923575,0.05597898152923575,4.671088749344104
1.198422,1.254393,-0.05597098152923574,0.05597098152923574,4.670390023261034
1.198436,1.254393,-0.05595698152923578,0.05595698152923578,4.6691672750623825
1.198445,1.254393,-0.05594798152923586,0.05594798152923586,4.668381237734521
1.198453,1.254393,-0.05593998152923585,0.05593998152923585,4.667682547798551
1.19849,1.254393,-0.055902981529235785,0.055902981529235785,4.664451228176399
1.198494,1.254393,-0.05589898152923589,0.05589898152923589,4.664101908275868
1.198514,1.254393,-0.05587898152923576,0.05587898152923576,4.662355343748459
1.198549,1.254393,-0.05584398152923575,0.05584398152923575,4.659298996084136
1.198555,1.254393,-0.0558379815292358,0.0558379815292358,4.658775068693304
1.198569,1.254393,-0.055823981529235844,0.055823981529235844,4.657552591847302
1.198578,1.254393,-0.05581498152923592,0.05581498152923592,4.656766728955408
1.198606,1.254393,-0.05578698152923578,0.05578698152923578,4.654321897652895
1.198623,1.254393,-0.055769981529235846,0.055769981529235846,4.6528375915181845
1.198627,1.254393,-0.05576598152923573,0.05576598152923573,4.652488349134738
7.521299,7.4655404,0.05575859091186519,0.05575859091186519,0.7413425647766941
1.198639,1.254393,-0.05575398152923583,0.05575398152923583,4.651440635969995
1.198653,1.254393,-0.05573998152923587,0.05573998152923587,4.6502183304580775
1.19868,1.254393,-0.05571298152923587,0.05571298152923587,4.647861107600695
1.198682,1.254393,-0.055710981529235815,0.055710981529235815,4.647686502724503
7.521243,7.4655404,0.05570259091186536,0.05570259091186536,0.7406035267192504
1.198692,1.254393,-0.05570098152923575,0.05570098152923575,4.646813487083332
1.198696,1.254393,-0.055696981529235856,0.055696981529235856,4.64646428490538
1.198713,1.254393,-0.05567998152923592,0.05567998152923592,4.644980201648847
1.3154,1.3710768,-0.055676822280883886,0.055676822280883886,4.232691369670913
1.198727,1.254393,-0.05566598152923574,0.05566598152923574,4.643758047044238
1.198731,1.254393,-0.05566198152923585,0.05566198152923585,4.6434088652577135
1.315428,1.3710768,-0.05564882228088375,0.05564882228088375,4.230472688482629
1.198785,1.254393,-0.05560798152923585,0.05560798152923585,4.638695139211548
1.198813,1.254393,-0.05557998152923593,0.05557998152923593,4.636251152147974
16.270123,16.325682,-0.05555868640136552,0.05555868640136552,0.3414767448348365
4.4608,4.515987,-0.055186919403076296,0.055186919403076296,1.2371529636352032
16.270519,16.325682,-0.05516268640136701,0.05516268640136701,0.3390345839676533
4.460837,4.515987,-0.05514991940307645,0.05514991940307645,1.236313261431434
4.460839,4.515987,-0.05514791940307617,0.05514791940307617,1.2362678725199432
4.614988,4.670134,-0.05514606753540008,0.05514606753540008,1.1949341479155555
1.315955,1.3710768,-0.0551218222808838,0.0551218222808838,4.18873155059976
4.460876,4.515987,-0.05511091940307633,0.05511091940307633,1.2354281849986617
4.460886,4.515987,-0.05510091940307582,0.05510091940307582,1.2352012448164023
4.460904,4.515987,-0.05508291940307597,0.05508291940307597,1.2347927550523654
4.460909,4.515987,-0.05507791940307616,0.05507791940307616,1.2346792862585065
4.460945,4.515987,-0.055041919403076456,0.055041919403076456,1.233862318451418
4.460962,4.515987,-0.055024919403075856,0.055024919403075856,1.233476532681569
4.46098,4.515987,-0.055006919403076004,0.055006919403076004,1.2330680568360075
7.520497,7.4655404,0.054956590911865,0.054956590911865,0.7307574341314709
4.461052,4.515987,-0.0549349194030766,0.0549349194030766,1.2314341864171314
4.461087,4.515987,-0.05489991940307615,0.05489991940307615,1.2306399629024385
4.461099,4.515987,-0.054887919403076246,0.054887919403076246,1.2303676605662837
4.461128,4.515987,-0.054858919403075745,0.054858919403075745,1.229709602635164
4.461132,4.515987,-0.054854919403076075,0.054854919403076075,1.229618836695405
4.461152,4.515987,-0.054834919403075943,0.054834919403075943,1.2291650094380728
4.46116,4.515987,-0.0548269194030766,0.0548269194030766,1.2289834796745158
4.461173,4.515987,-0.05481391940307656,0.05481391940307656,1.2286884951972916
4.461185,4.515987,-0.05480191940307577,0.05480191940307577,1.228416203359586
4.461234,4.515987,-0.05475291940307603,0.05475291940307603,1.2273043602251916
4.461248,4.515987,-0.05473891940307585,0.05473891940307585,1.2269866952442199
4.461255,4.515987,-0.05473191940307576,0.05473191940307576,1.2268278635013898
4.461275,4.515987,-0.054711919403076514,0.054711919403076514,1.2263740612683627
4.461337,4.515987,-0.05464991940307584,0.05464991940307584,1.224967300202851
4.461423,4.515987,-0.054563919403076255,0.054563919403076255,1.2230160511983115
1.316514,1.3710768,-0.05456282228088383,0.05456282228088383,4.144492369753708
4.461445,4.515987,-0.054541919403075845,0.054541919403075845,1.2225169065594965
4.461445,4.515987,-0.054541919403075845,0.054541919403075845,1.2225169065594965
4.461468,4.515987,-0.05451891940307618,0.05451891940307618,1.2219950787914244
4.461468,4.515987,-0.05451891940307618,0.05451891940307618,1.2219950787914244
1.316559,1.3710768,-0.054517822280883754,0.054517822280883754,4.140932709946369
4.461484,4.515987,-0.05450291940307661,0.05450291940307661,1.2216320713434137
4.461513,4.515987,-0.05447391940307611,0.05447391940307611,1.2209741269801329
4.461566,4.515987,-0.05442091940307581,0.05442091940307581,1.2197716990369756
1.316686,1.3710768,-0.054390822280883766,0.054390822280883766,4.130887871273248
4.461648,4.515987,-0.05433891940307589,0.05433891940307589,1.2179113951135987
1.316879,1.3710768,-0.05419782228088388,0.05419782228088388,4.115626589593141
16.271567,16.325682,-0.054114686401366185,0.054114686401366185,0.33257206513074994
1.317067,1.3710768,-0.0540098222808838,0.0540098222808838,4.100764978302776
1.317168,1.3710768,-0.053908822280883895,0.053908822280883895,4.092782566596752
0.375756,0.42962697,-0.05387097148323061,0.05387097148323061,14.336689625420199
0.375767,0.42962697,-0.05385997148323057,0.05385997148323057,14.333342594984986
0.375774,0.42962697,-0.053852971483230594,0.053852971483230594,14.33121276855221
0.375814,0.42962697,-0.05381297148323061,0.05381297148323061,14.31904385385099
1.317267,1.3710768,-0.05380982228088382,0.05380982228088382,4.08495941041557
0.375819,0.42962697,-0.05380797148323058,0.05380797148323058,14.317522921649264
1.317295,1.3710768,-0.053781822280883684,0.053781822280883684,4.082747013903562
0.375853,0.42962697,-0.0537739714832306,0.0537739714832306,14.30718165583976
0.375858,0.42962697,-0.053768971483230565,0.053768971483230565,14.30566103925549
0.37587,0.42962697,-0.05375697148323061,0.05375697148323061,14.302011724513422
0.375876,0.42962697,-0.0537509714832306,0.0537509714832306,14.300187154521815
0.375878,0.42962697,-0.0537489714832306,0.0537489714832306,14.299578977469023
0.37588,0.42962697,-0.0537469714832306,0.0537469714832306,14.29897080688827
0.375882,0.42962697,-0.0537449714832306,0.0537449714832306,14.298362642779445
0.375889,0.42962697,-0.05373797148323062,0.05373797148323062,14.296234119363532
0.375892,0.42962697,-0.05373497148323059,0.05373497148323059,14.29532191931067
0.375893,0.42962697,-0.053733971483230614,0.053733971483230614,14.295017855862065
0.375894,0.42962697,-0.053732971483230585,0.053732971483230585,14.29471379403126
0.375901,0.42962697,-0.053725971483230606,0.053725971483230606,14.292585406513423
0.375903,0.42962697,-0.053723971483230604,0.053723971483230604,14.291977310353635
0.375904,0.42962697,-0.053722971483230575,0.053722971483230575,14.29167326470027
0.375917,0.42962697,-0.05370997148323059,0.05370997148323059,14.287720818410147
0.375923,0.42962697,-0.053703971483230584,0.053703971483230584,14.28589670462959
16.271978,16.325682,-0.05370368640136647,0.05370368640136647,0.33003785035252897
0.375925,0.42962697,-0.05370197148323058,0.05370197148323058,14.285288679642294
0.375931,0.42962697,-0.053695971483230576,0.053695971483230576,14.28346464349764
0.375936,0.42962697,-0.0536909714832306,0.0536909714832306,14.281944657853638
0.375939,0.42962697,-0.05368797148323057,0.05368797148323057,14.281032685874445
0.375943,0.42962697,-0.053683971483230564,0.053683971483230564,14.279816745876566
0.375947,0.42962697,-0.053679971483230615,0.053679971483230615,14.278600831753415
0.375951,0.42962697,-0.05367597148323061,0.05367597148323061,14.277384943504135
0.375953,0.42962697,-0.05367397148323061,0.05367397148323061,14.276777009081943
0.37598,0.42962697,-0.05364697148323061,0.05364697148323061,14.268570527411576
0.375987,0.42962697,-0.053639971483230575,0.053639971483230575,14.26644311344917
7.519171,7.4655404,0.053630590911865283,0.053630590911865283,0.7132513798549339
4.462367,4.515987,-0.053619919403075755,0.053619919403075755,1.2016026338011676
16.27215,16.325682,-0.053531686401367296,0.053531686401367296,0.32897734104613297
1.317693,1.3710768,-0.053383822280883786,0.053383822280883786,4.051309544547363
4.462672,4.515987,-0.053314919403075756,0.053314919403075756,1.1946860401544426
4.462723,4.515987,-0.05326391940307573,0.05326391940307573,1.1935295872471179
0.376376,0.42962697,-0.0532509714832306,0.0532509714832306,14.148344067922041
0.376411,0.42962697,-0.053215971483230595,0.053215971483230595,14.137730159079535
4.462772,4.515987,-0.05321491940307599,0.05321491940307599,1.192418510331327
0.376417,0.42962697,-0.05320997148323059,0.05320997148323059,14.135910830035487
4.462793,4.515987,-0.053193919403076606,0.053193919403076606,1.1919423419792194
0.376453,0.42962697,-0.05317397148323061,0.05317397148323061,14.124996073641494
0.376468,0.42962697,-0.053158971483230566,0.053158971483230566,14.120448874568387
0.376482,0.42962697,-0.05314497148323061,0.05314497148323061,14.116205149014935
0.376484,0.42962697,-0.053142971483230605,0.053142971483230605,14.115598928271854
0.376485,0.42962697,-0.05314197148323058,0.05314197148323058,14.115295820315623
0.376497,0.42962697,-0.053129971483230565,0.053129971483230565,14.111658650432513
0.376506,0.42962697,-0.053120971483230583,0.053120971483230583,14.10893092517029
0.376506,0.42962697,-0.053120971483230583,0.053120971483230583,14.10893092517029
0.376521,0.42962697,-0.053105971483230596,0.053105971483230596,14.104385006181916
0.376527,0.42962697,-0.05309997148323059,0.05309997148323059,14.102566740002183
0.376536,0.42962697,-0.05309097148323061,0.05309097148323061,14.09983944938353
0.376543,0.42962697,-0.053083971483230574,0.053083971483230574,14.097718313481556
0.376556,0.42962697,-0.05307097148323059,0.05307097148323059,14.09377927031751
0.376559,0.42962697,-0.053067971483230614,0.053067971483230614,14.092870298980436
1.318021,1.3710768,-0.05305582228088368,0.05305582228088368,4.025415549286261
1.318037,1.3710768,-0.053039822280883886,0.053039822280883886,4.0241527572336535
0.376588,0.42962697,-0.05303897148323061,0.05303897148323061,14.084084322693908
0.376707,0.42962697,-0.05291997148323058,0.05291997148323058,14.048045687811092
0.376721,0.42962697,-0.05290597148323062,0.05290597148323062,14.043807345273244
0.376742,0.42962697,-0.05288497148323057,0.05288497148323057,14.037450422090744
0.376744,0.42962697,-0.05288297148323057,0.05288297148323057,14.036845037795882
0.376752,0.42962697,-0.052874971483230615,0.052874971483230615,14.034423564890483
0.376754,0.42962697,-0.05287297148323061,0.05287297148323061,14.033818212732127
0.376761,0.42962697,-0.05286597148323058,0.05286597148323058,14.03169953078978
0.376762,0.42962697,-0.052864971483230605,0.052864971483230605,14.031396868367619
0.376773,0.42962697,-0.052853971483230566,0.052853971483230566,14.028067687759604
0.376775,0.42962697,-0.052851971483230564,0.052851971483230564,14.027462403079582
0.376775,0.42962697,-0.052851971483230564,0.052851971483230564,14.027462403079582
0.376778,0.42962697,-0.05284897148323059,0.05284897148323059,14.026554488108125
0.376782,0.42962697,-0.052844971483230585,0.052844971483230585,14.02534395730296
0.37679,0.42962697,-0.05283697148323058,0.05283697148323058,14.022922972798549
0.376793,0.42962697,-0.0528339714832306,0.0528339714832306,14.022015130113507
0.376794,0.42962697,-0.05283297148323057,0.05283297148323057,14.021712519097665
0.376803,0.42962697,-0.05282397148323059,0.05282397148323059,14.0189890922343
0.376806,0.42962697,-0.052820971483230617,0.052820971483230617,14.0180813121905
0.376807,0.42962697,-0.05281997148323059,0.05281997148323059,14.017778722054741
0.376812,0.42962697,-0.05281497148323061,0.05281497148323061,14.016265795466797
0.376814,0.42962697,-0.05281297148323061,0.05281297148323061,14.01566063607375
0.376814,0.42962697,-0.05281297148323061,0.05281297148323061,14.01566063607375
0.37682,0.42962697,-0.0528069714832306,0.0528069714832306,14.013845196437757
0.376823,0.42962697,-0.05280397148323057,0.05280397148323057,14.012937498299635
0.376823,0.42962697,-0.05280397148323057,0.05280397148323057,14.012937498299635
0.376823,0.42962697,-0.05280397148323057,0.05280397148323057,14.012937498299635
0.376825,0.42962697,-0.05280197148323057,0.05280197148323057,14.01233237423691
0.376827,0.42962697,-0.05279997148323057,0.05279997148323057,14.011727256597547
0.376828,0.42962697,-0.052798971483230595,0.052798971483230595,14.011424700186604
0.376829,0.42962697,-0.052797971483230566,0.052797971483230566,14.011122145381444
0.37683,0.42962697,-0.05279697148323059,0.05279697148323059,14.010819592182091
0.376834,0.42962697,-0.05279297148323059,0.05279297148323059,14.009609395442284
0.376836,0.42962697,-0.052790971483230587,0.052790971483230587,14.009004306706785
0.376837,0.42962697,-0.05278997148323061,0.05278997148323061,14.008701764747599
0.37684,0.42962697,-0.05278697148323058,0.05278697148323058,14.007794148504082
0.376849,0.42962697,-0.0527779714832306,0.0527779714832306,14.005071386477216
0.376851,0.42962697,-0.0527759714832306,0.0527759714832306,14.004466345910222
0.376851,0.42962697,-0.0527759714832306,0.0527759714832306,14.004466345910222
0.376854,0.42962697,-0.05277297148323057,0.05277297148323057,14.003558797101
0.376855,0.42962697,-0.052771971483230595,0.052771971483230595,14.003256284042228
0.376856,0.42962697,-0.052770971483230567,0.052770971483230567,14.002953772588894
0.376859,0.42962697,-0.05276797148323059,0.05276797148323059,14.002046247861546
0.376877,0.42962697,-0.05274997148323057,0.05274997148323057,13.996601402907041
0.376889,0.42962697,-0.05273797148323062,0.05273797148323062,13.992971795206982
0.3769,0.42962697,-0.05272697148323058,0.05272697148323058,13.989644857851136
0.376905,0.42962697,-0.0527219714832306,0.0527219714832306,13.988132677794793
0.376906,0.42962697,-0.05272097148323057,0.05272097148323057,13.98783024659802
0.376906,0.42962697,-0.05272097148323057,0.05272097148323057,13.98783024659802
0.376958,0.42962697,-0.052668971483230576,0.052668971483230576,13.972106035488958
0.376959,0.42962697,-0.0526679714832306,0.0526679714832306,13.97180368932929
1.318457,1.3710768,-0.0526198222808838,0.0526198222808838,3.9910154276470737
1.318521,1.3710768,-0.052555822280883735,0.052555822280883735,3.9859677833646767
16.273216,16.325682,-0.05246568640136573,0.05246568640136573,0.3224051496707432
17.394328,17.341875,0.052452923706056254,0.052452923706056254,0.3015518834976247
16.273277,16.325682,-0.05240468640136697,0.05240468640136697,0.3220290934705097
0.377237,0.42962697,-0.0523899714832306,0.0523899714832306,13.887813620971109
0.377248,0.42962697,-0.05237897148323056,0.05237897148323056,13.884492818874072
0.377272,0.42962697,-0.052354971483230595,0.052354971483230595,13.877248104644222
1.318739,1.3710768,-0.052337822280883683,0.052337822280883683,3.968777921705122
16.273351,16.325682,-0.05233068640136551,0.05233068640136551,0.3215728979301432
0.377304,0.42962697,-0.05232297148323062,0.05232297148323062,13.867589919365559
0.071389,0.123395,-0.05200600337839127,0.05200600337839127,72.8487628423742
0.071401,0.123395,-0.05199400337839126,0.05199400337839126,72.81971303703246
0.071435,0.123395,-0.05196000337839127,0.05196000337839127,72.73745825667224
0.071435,0.123395,-0.05196000337839127,0.05196000337839127,72.73745825667224
0.07144,0.123395,-0.05195500337839126,0.05195500337839126,72.72536856896123
0.071463,0.123395,-0.05193200337839127,0.05193200337839127,72.66977779511285
0.071574,0.123395,-0.05182100337839127,0.05182100337839127,72.40199416825841
7.517356,7.4655404,0.051815590911865606,0.051815590911865606,0.6892794609058867
1.202631,1.254393,-0.051761981529235834,0.051761981529235834,4.304061804903729
0.071634,0.123395,-0.05176100337839126,0.05176100337839126,72.2575917945859
0.071659,0.123395,-0.051736003378391265,0.051736003378391265,72.19749550816196
16.273959,16.325682,-0.05172268640136579,0.05172268640136579,0.3178248538112205
0.071687,0.123395,-0.051708003378391265,0.051708003378391265,72.13023742974462
0.071689,0.123395,-0.05170600337839126,0.05170600337839126,72.12543529169862
1.319377,1.3710768,-0.05169982228088377,0.05169982228088377,3.9185026172932576
0.071698,0.123395,-0.05169700337839127,0.05169700337839127,72.10382898586772
1.2027,1.254393,-0.05169298152923574,0.05169298152923574,4.298077785394334
1.2027,1.254393,-0.05169298152923574,0.05169298152923574,4.298077785394334
1.202723,1.254393,-0.05166998152923585,0.05166998152923585,4.296083264803265
0.071737,0.123395,-0.05165800337839127,0.05165800337839127,72.01026430765297
28.544926,28.59653,-0.05160491430664038,0.05160491430664038,0.18078489433274272
17.290279,17.341875,-0.05159607629394358,0.05159607629394358,0.2984108948944385
1.202803,1.254393,-0.05158998152923577,0.05158998152923577,4.289146395955665
1.202838,1.254393,-0.051554981529235766,0.051554981529235766,4.286111805991301
1.202848,1.254393,-0.05154498152923592,0.05154498152923592,4.285244812723692
1.202854,1.254393,-0.05153898152923575,0.05153898152923575,4.284724623682593
1.202862,1.254393,-0.05153098152923574,0.05153098152923574,4.284031046367057
1.20287,1.254393,-0.051522981529235734,0.051522981529235734,4.2833374782771525
1.202874,1.254393,-0.05151898152923584,0.05151898152923584,4.2829906976917655
16.274172,16.325682,-0.051509686401367105,0.051509686401367105,0.3165118717010647
1.202885,1.254393,-0.05150798152923586,0.05150798152923586,4.282037062973918
1.202887,1.254393,-0.0515059815292358,0.0515059815292358,4.281863676717259
17.29037,17.341875,-0.05150507629394596,0.05150507629394596,0.2978830198176678
1.202895,1.254393,-0.05149798152923579,0.05149798152923579,4.281170137456272
1.202897,1.254393,-0.051495981529235735,0.051495981529235735,4.280996754082414
1.202921,1.254393,-0.05147198152923593,0.05147198152923593,4.2789161985664075
1.202921,1.254393,-0.05147198152923593,0.05147198152923593,4.2789161985664075
1.202928,1.254393,-0.05146498152923584,0.05146498152923584,4.278309385512477
1.20293,1.254393,-0.051462981529235785,0.051462981529235785,4.278136011651355
1.202936,1.254393,-0.051456981529235835,0.051456981529235835,4.277615893527022
1.202936,1.254393,-0.051456981529235835,0.051456981529235835,4.277615893527022
1.202938,1.254393,-0.05145498152923578,0.05145498152923578,4.2774425219719
1.20294,1.254393,-0.05145298152923594,0.05145298152923594,4.277269150993289
1.202944,1.254393,-0.05144898152923583,0.05144898152923583,4.276922410765497
1.202948,1.254393,-0.051444981529235934,0.051444981529235934,4.276575672843661
1.202952,1.254393,-0.05144098152923582,0.05144098152923582,4.276228937227719
1.202952,1.254393,-0.05144098152923582,0.05144098152923582,4.276228937227719
1.202954,1.254393,-0.05143898152923576,0.05143898152923576,4.276055570284458
16.27425,16.325682,-0.05143168640136864,0.05143168640136864,0.3160310699482472
1.202965,1.254393,-0.05142798152923578,0.05142798152923578,4.275102062400874
1.202973,1.254393,-0.05141998152923577,0.05141998152923577,4.274408613074554
1.202977,1.254393,-0.05141598152923588,0.05141598152923588,4.274061891870071
1.202985,1.254393,-0.05140798152923587,0.05140798152923587,4.273368456378301
1.202985,1.254393,-0.05140798152923587,0.05140798152923587,4.273368456378301
1.202997,1.254393,-0.051395981529235746,0.051395981529235746,4.272328320433336
1.203001,1.254393,-0.05139198152923585,0.05139198152923585,4.271981613062987
1.203001,1.254393,-0.05139198152923585,0.05139198152923585,4.271981613062987
17.39325,17.341875,0.05137492370605301,0.05137492370605301,0.29537276647985655
1.203028,1.254393,-0.051364981529235854,0.051364981529235854,4.269641398618005
1.20303,1.254393,-0.051362981529235796,0.051362981529235796,4.269468053578575
1.203044,1.254393,-0.05134898152923584,0.05134898152923584,4.268254654440534
1.203055,1.254393,-0.051337981529235854,0.051337981529235854,4.267301289215252
1.203063,1.254393,-0.051329981529235846,0.051329981529235846,4.266607943637967
16.274354,16.325682,-0.05132768640136831,0.05132768640136831,0.3153900081137041
0.072084,0.123395,-0.05131100337839127,0.05131100337839127,71.18223642862361
1.203083,1.254393,-0.05130998152923594,0.05130998152923594,4.264874620036279
1.203092,1.254393,-0.05130098152923579,0.05130098152923579,4.264094643216952
1.2031,1.254393,-0.05129298152923578,0.05129298152923578,4.263401340285294
16.274395,16.325682,-0.0512866864013688,0.0512866864013688,0.31513728406526736
1.20311,1.254393,-0.05128298152923594,0.05128298152923594,4.262534724586564
1.20311,1.254393,-0.05128298152923594,0.05128298152923594,4.262534724586564
1.203114,1.254393,-0.05127898152923582,0.05127898152923582,4.262188082340796
1.20312,1.254393,-0.05127298152923587,0.05127298152923587,4.261668123293952
1.203134,1.254393,-0.051258981529235914,0.051258981529235914,4.260454905685939
16.274444,16.325682,-0.051237686401368165,0.051237686401368165,0.3148352496776746
0.072164,0.123395,-0.05123100337839126,0.05123100337839126,70.99246619837979
0.072168,0.123395,-0.05122700337839127,0.05122700337839127,70.982988731028
1.203169,1.254393,-0.05122398152923591,0.05122398152923591,4.257421985188987
1.203173,1.254393,-0.05121998152923579,0.05121998152923579,4.257075376939037
0.072181,0.123395,-0.05121400337839127,0.05121400337839127,70.9521942165377
1.203181,1.254393,-0.051211981529235784,0.051211981529235784,4.256382167352991
1.203184,1.254393,-0.05120898152923581,0.05120898152923581,4.2561222161348296
0.072191,0.123395,-0.05120400337839126,0.05120400337839126,70.92851367547581
0.072194,0.123395,-0.05120100337839127,0.05120100337839127,70.92141079240639
1.203198,1.254393,-0.05119498152923585,0.05119498152923585,4.254909127590051
0.072203,0.123395,-0.05119200337839126,0.05119200337839126,70.9001056846546
0.072204,0.123395,-0.05119100337839126,0.05119100337839126,70.89773877831355
1.203217,1.254393,-0.05117598152923586,0.05117598152923586,4.253262838289569
0.07224,0.123395,-0.05115500337839127,0.05115500337839127,70.81257379232932
0.072257,0.123395,-0.051138003378391264,0.051138003378391264,70.7723864921307
1.203272,1.254393,-0.05112098152923594,0.05112098152923594,4.248497557076658
0.072306,0.123395,-0.05108900337839127,0.05108900337839127,70.65665824099608
16.27461,16.325682,-0.051071686401368055,0.051071686401368055,0.3138120446576247
0.072336,0.123395,-0.05105900337839127,0.05105900337839127,70.58588159119303
0.072415,0.123395,-0.05098000337839127,0.05098000337839127,70.39978361940412
16.274704,16.325682,-0.05097768640136735,0.05097768640136735,0.3132326486617153
1.203425,1.254393,-0.05096798152923587,0.05096798152923587,4.235243702349596
0.072445,0.123395,-0.05095000337839127,0.05095000337839127,70.32921983306241
17.290946,17.341875,-0.05092907629394361,0.05092907629394361,0.29454187349638977
0.072473,0.123395,-0.05092200337839127,0.05092200337839127,70.26341300639943
7.51635,7.4655404,0.05080959091186532,0.05080959091186532,0.6759875592699826
4.393347,4.3425474,0.050799583312988617,0.050799583312988617,1.1562843388385287
0.072598,0.123395,-0.05079700337839127,0.05079700337839127,69.97025167142486
0.0726,0.123395,-0.05079500337839127,0.05079500337839127,69.96556929535221
7.516309,7.4655404,0.05076859091186492,0.05076859091186492,0.6754457661491761
0.072632,0.123395,-0.050763003378391264,0.050763003378391264,69.89068634830457
0.072646,0.123395,-0.050749003378391264,0.050749003378391264,69.85794580366893
0.072646,0.123395,-0.050749003378391264,0.050749003378391264,69.85794580366893
17.291156,17.341875,-0.050719076293944454,0.050719076293944454,0.29332380260551194
0.072682,0.123395,-0.05071300337839127,0.05071300337839127,69.77381374840739
0.37893,0.42962697,-0.0506969714832306,0.0506969714832306,13.378980674491759
0.07273,0.123395,-0.05066500337839126,0.05066500337839126,69.66176723323181
0.072731,0.123395,-0.05066400337839126,0.05066400337839126,69.65943450348796
0.072739,0.123395,-0.05065600337839127,0.05065600337839127,69.6407749745673
0.072778,0.123395,-0.05061700337839127,0.05061700337839127,69.54986851636677
17.291271,17.341875,-0.05060407629394703,0.05060407629394703,0.29265677632173126
0.072791,0.123395,-0.05060400337839127,0.05060400337839127,69.5195880107042
0.072818,0.123395,-0.05057700337839127,0.05057700337839127,69.45673227627036
0.07284,0.123395,-0.050555003378391264,0.050555003378391264,69.40555094588923
0.07285,0.123395,-0.05054500337839127,0.05054500337839127,69.38229692382838
0.072902,0.123395,-0.05049300337839127,0.05049300337839127,69.26147884712326
16.27522,16.325682,-0.05046168640136628,0.05046168640136628,0.31005225367802236
1.320623,1.3710768,-0.05045382228088369,0.05045382228088369,3.8204561238948
0.073074,0.123395,-0.050321003378391266,0.050321003378391266,68.86307484129539
0.073131,0.123395,-0.050264003378391264,0.050264003378391264,68.73145903879315
0.073149,0.123395,-0.05024600337839126,0.05024600337839126,68.68993876840602
0.073166,0.123395,-0.05022900337839127,0.05022900337839127,68.65074393808672
17.29165,17.341875,-0.05022507629394468,0.05022507629394468,0.2904585525016654
17.291742,17.341875,-0.05013307629394603,0.05013307629394603,0.2899249612540837
0.073354,0.123395,-0.05004100337839126,0.05004100337839126,68.21850657111099
17.29186,17.341875,-0.050015076293945526,0.050015076293945526,0.28924058079151865
0.073419,0.123395,-0.04997600337839127,0.04997600337839127,68.06957778003199
0.073438,0.123395,-0.04995700337839126,0.04995700337839126,68.02609454283228
0.073445,0.123395,-0.04995000337839127,0.04995000337839127,68.01008007404343
17.291939,17.341875,-0.04993607629394603,0.04993607629394603,0.2887823990916071
1.321156,1.3710768,-0.04992082228088379,0.04992082228088379,3.7785713630415505
0.073483,0.123395,-0.04991200337839126,0.04991200337839126,67.9231976245772
0.073508,0.123395,-0.04988700337839126,0.04988700337839126,67.86608710687976
16.275813,16.325682,-0.04986868640136777,0.04986868640136777,0.30639751391258535
0.073563,0.123395,-0.04983200337839126,0.04983200337839126,67.74058060526444
17.292051,17.341875,-0.049824076293944586,0.049824076293944586,0.2881328322109185
0.073571,0.123395,-0.04982400337839127,0.04982400337839127,67.72234074658347
7.51535,7.4655404,0.04980959091186499,0.04980959091186499,0.6627714066703775
0.073598,0.123395,-0.04979700337839127,0.04979700337839127,67.66081049856038
1.321291,1.3710768,-0.049785822280883796,0.049785822280883796,3.767968015911395
16.275909,16.325682,-0.04977268640136856,0.04977268640136856,0.3058058778840725
0.07364,0.123395,-0.04975500337839127,0.04975500337839127,67.5651864622842
0.073657,0.123395,-0.049738003378391266,0.049738003378391266,67.52651249828904
0.073667,0.123395,-0.04972800337839127,0.04972800337839127,67.50377144567786
17.292156,17.341875,-0.049719076293946785,0.049719076293946785,0.2875238709022708
0.073694,0.123395,-0.04970100337839127,0.04970100337839127,67.44240143152615
16.275986,16.325682,-0.04969568640136757,0.04969568640136757,0.3053313415301675
16.276003,16.325682,-0.049678686401367855,0.049678686401367855,0.305226574368797
1.32152,1.3710768,-0.04955682228088376,0.04955682228088376,3.749986551632497
17.292338,17.341875,-0.04953707629394444,0.04953707629394444,0.2864683554858688
0.0739,0.123395,-0.04949500337839127,0.04949500337839127,66.97564724142846
0.073911,0.123395,-0.04948400337839126,0.04948400337839126,66.950796649268
0.073926,0.123395,-0.04946900337839126,0.04946900337839126,66.91692139636169
17.391325,17.341875,0.049449923706053056,0.049449923706053056,0.28433672365831086
0.074027,0.123395,-0.04936800337839127,0.04936800337839127,66.68918544815013
0.07403,0.123395,-0.04936500337839127,0.04936500337839127,66.68243051696453
0.074061,0.123395,-0.049334003378391264,0.049334003378391264,66.61266160567452
16.276394,16.325682,-0.04928768640136738,0.04928768640136738,0.3028169900597428
17.391131,17.341875,0.04925592370605614,0.04925592370605614,0.28322438434724523
0.074154,0.123395,-0.04924100337839127,0.04924100337839127,66.40370487362458
0.074155,0.123395,-0.04924000337839127,0.04924000337839127,66.4014608751801
17.292709,17.341875,-0.04916607629394676,0.04916607629394676,0.2843167967127791
16.276537,16.325682,-0.049144686401366044,0.049144686401366044,0.3019357643524794
16.276556,16.325682,-0.04912568640136783,0.04912568640136783,0.30181867958471076
16.276597,16.325682,-0.049084686401368316,0.049084686401368316,0.30156602391191945
16.276599,16.325682,-0.04908268640136626,0.04908268640136626,0.30155369927750086
0.074383,0.123395,-0.04901200337839126,0.04901200337839126,65.89140436994994
0.074434,0.123395,-0.048961003378391266,0.048961003378391266,65.77774043127272
0.074502,0.123395,-0.04889300337839127,0.04889300337839127,65.62643058275596
0.07455,0.123395,-0.04884500337839126,0.04884500337839126,65.51978982276522
0.07457,0.123395,-0.04882500337839127,0.04882500337839127,65.47539669158627
0.0746,0.123395,-0.048795003378391266,0.048795003378391266,65.4088516259818
0.074604,0.123395,-0.04879100337839126,0.04879100337839126,65.39998299419774
0.074609,0.123395,-0.04878600337839127,0.04878600337839127,65.38889854173408
0.074612,0.123395,-0.04878300337839127,0.04878300337839127,65.3822485833499
0.074614,0.123395,-0.048781003378391266,0.048781003378391266,65.37781557484314
17.390623,17.341875,0.048747923706056184,0.048747923706056184,0.2803115432136955
17.293143,17.341875,-0.048732076293944715,0.048732076293944715,0.2817999960658564
0.074681,0.123395,-0.04871400337839127,0.04871400337839127,65.22944699878394
17.293164,17.341875,-0.048711076293944444,0.048711076293944444,0.2816782185935597
16.276977,16.325682,-0.04870468640136849,0.04870468640136849,0.29922439775561077
17.390549,17.341875,0.04867392370605472,0.04867392370605472,0.27988721750977985
0.074732,0.123395,-0.04866300337839126,0.04866300337839126,65.11668804966357
0.074793,0.123395,-0.04860200337839127,0.04860200337839127,64.98202146378571
0.074808,0.123395,-0.048587003378391266,0.048587003378391266,64.94894037194194
0.074833,0.123395,-0.04856200337839127,0.04856200337839127,64.89383468990611
0.074847,0.123395,-0.04854800337839127,0.04854800337839127,64.86299158754296
17.293358,17.341875,-0.04851707629394397,0.04851707629394397,0.2805532406931229
16.277178,16.325682,-0.04850368640136793,0.04850368640136793,0.29798584497306563
17.293381,17.341875,-0.0484940762939452,0.0484940762939452,0.28041986869811514
0.074977,0.123395,-0.048418003378391264,0.048418003378391264,64.57714140845076
0.074994,0.123395,-0.04840100337839126,0.04840100337839126,64.53983427187698
17.29349,17.341875,-0.04838507629394684,0.04838507629394684,0.27978780624192723
0.075123,0.123395,-0.04827200337839127,0.04827200337839127,64.25728913133659
17.293697,17.341875,-0.04817807629394366,0.04817807629394366,0.27858748938220135
16.277525,16.325682,-0.0481566864013665,0.0481566864013665,0.2958477188704711
16.277535,16.325682,-0.04814668640136688,0.04814668640136688,0.2957861027549386
0.075311,0.123395,-0.04808400337839126,0.04808400337839126,63.84725115128469
0.075348,0.123395,-0.04804700337839127,0.04804700337839127,63.7667931658763
17.293835,17.341875,-0.04804007629394391,0.04804007629394391,0.27778729410605646
17.293855,17.341875,-0.04802007629394467,0.04802007629394467,0.2776713248357119
17.293872,17.341875,-0.04800307629394496,0.04800307629394496,0.2775727511668144
17.293984,17.341875,-0.047891076293947066,0.047891076293947066,0.2769233294865437
17.293995,17.341875,-0.047880076293946416,0.047880076293946416,0.27685954745372343
0.075607,0.123395,-0.04778800337839127,0.04778800337839127,63.205792208638734
16.277987,16.325682,-0.04769468640136765,0.04769468640136765,0.29300113337769995
16.278086,16.325682,-0.04759568640136891,0.04759568640136891,0.2923911717942547
16.278137,16.325682,-0.04754468640136622,0.04754468640136622,0.2920769520558412
17.294368,17.341875,-0.04750707629394668,0.04750707629394668,0.2746968047266717
17.294381,17.341875,-0.047494076293943976,0.047494076293943976,0.2746214293166628
16.27821,16.325682,-0.04747168640136579,0.04747168640136579,0.291627189974046
17.294419,17.341875,-0.047456076293943994,0.047456076293943994,0.27440110184487604
0.076072,0.123395,-0.047323003378391265,0.047323003378391265,62.20817556549465
16.278372,16.325682,-0.047309686401366235,0.047309686401366235,0.2906291022288691
17.294578,17.341875,-0.047297076293943974,0.047297076293943974,0.273479215819377
17.294579,17.341875,-0.0472960762939465,0.0472960762939465,0.2734734178477142
1.323852,1.3710768,-0.04722482228088376,0.04722482228088376,3.5672282307475855
0.382413,0.42962697,-0.04721397148323059,0.04721397148323059,12.346330138066502
17.294672,17.341875,-0.04720307629394682,0.04720307629394682,0.2729342094124358
0.07627,0.123395,-0.04712500337839126,0.04712500337839126,61.78707659185025
17.294866,17.341875,-0.04700907629394635,0.04700907629394635,0.27180942768608063
17.388843,17.341875,0.04696792370605607,0.04696792370605607,0.27010378842218524
0.076468,0.123395,-0.04692700337839127,0.04692700337839127,61.36815833685086
17.294987,17.341875,-0.04688807629394631,0.04688807629394631,0.2711079013454894
16.278818,16.325682,-0.04686368640136607,0.04686368640136607,0.2878813830406986
17.295049,17.341875,-0.04682607629394653,0.04682607629394653,0.2707484453711336
17.388661,17.341875,0.04678592370605372,0.04678592370605372,0.2690599564036856
17.295167,17.341875,-0.04670807629394602,0.04670807629394602,0.27006432660451307
16.279052,16.325682,-0.04662968640136711,0.04662968640136711,0.28643981480666486
16.279171,16.325682,-0.046510686401365575,0.046510686401365575,0.285706725490382
17.388311,17.341875,0.046435923706056315,0.046435923706056315,0.2670525257213841
16.279269,16.325682,-0.046412686401367864,0.046412686401367864,0.2851030129244917
0.076995,0.123395,-0.04640000337839127,0.04640000337839127,60.26365779352896
17.295534,17.341875,-0.04634107629394535,0.04634107629394535,0.26793666095350055
17.388186,17.341875,0.04631092370605572,0.04631092370605572,0.2663355666070595
17.295605,17.341875,-0.04627007629394697,0.04627007629394697,0.2675250521371149
16.279419,16.325682,-0.04626268640136644,0.04626268640136644,0.28417897715564827
7.51171,7.4655404,0.04616959091186512,0.04616959091186512,0.6146348955331141
16.279558,16.325682,-0.04612368640136566,0.04612368640136566,0.28332271921069563
17.387959,17.341875,0.0460839237060533,0.0460839237060533,0.2650335424979336
17.295844,17.341875,-0.04603107629394643,0.04603107629394643,0.2661395205326799
1.325077,1.3710768,-0.04599982228088373,0.04599982228088373,3.471482961172237
17.295918,17.341875,-0.045957076293944965,0.045957076293944965,0.2657105352469829
17.295941,17.341875,-0.04593407629394619,0.04593407629394619,0.2655772027302858
7.511472,7.4655404,0.045931590911865605,0.045931590911865605,0.6114858833428936
17.296045,17.341875,-0.045830076293945865,0.045830076293945865,0.26497431229903073
17.387604,17.341875,0.0457289237060543,0.0457289237060543,0.2629972692372757
17.387587,17.341875,0.04571192370605459,0.04571192370605459,0.2628997554737854
1.325523,1.3710768,-0.04555382228088378,0.04555382228088378,3.436667811682416
17.296333,17.341875,-0.04554207629394469,0.04554207629394469,0.26330480740444456
17.296382,17.341875,-0.04549307629394406,0.04549307629394406,0.2630207652310237
17.387173,17.341875,0.04529792370605534,0.04529792370605534,0.2605249496614247
16.280387,16.325682,-0.045294686401366135,0.045294686401366135,0.27821627582371306
17.29689,17.341875,-0.044985076293944104,0.044985076293944104,0.2600760963021909
17.386848,17.341875,0.04497292370605521,0.04497292370605521,0.2586605904980394
1.326115,1.3710768,-0.044961822280883856,0.044961822280883856,3.3904919465878427
7.510499,7.4655404,0.04495859091186549,0.04495859091186549,0.5986099047648749
17.297119,17.341875,-0.044756076293946734,0.044756076293946734,0.2587487332063102
17.297353,17.341875,-0.044522076293944224,0.044522076293944224,0.25739242468883433
17.297481,17.341875,-0.044394076293944096,0.044394076293944096,0.25665052786407133
1.326874,1.3710768,-0.04420282228088368,0.04420282228088368,3.3313503978186567
17.385935,17.341875,0.044059923706054605,0.044059923706054605,0.25342280243082227
16.281637,16.325682,-0.04404468640136727,0.04404468640136727,0.2705175554589306
7.508552,7.4655404,0.04301159091186513,0.04301159091186513,0.5728346945095711
7.50844,7.4655404,0.04289959091186546,0.04289959091186546,0.5713515845008298
17.299323,17.341875,-0.0425520762939442,0.0425520762939442,0.2459753846650428
17.299456,17.341875,-0.042419076293946034,0.042419076293946034,0.2452046832784848
1.328668,1.3710768,-0.04240882228088383,0.04240882228088383,3.19182988358958
1.328705,1.3710768,-0.042371822280883764,0.042371822280883764,3.188956335506738
7.507828,7.4655404,0.04228759091186518,0.04228759091186518,0.5632466661636619
17.299776,17.341875,-0.04209907629394394,0.04209907629394394,0.24335041270881533
7.506267,7.4655404,0.04072659091186548,0.04072659091186548,0.542567842461811
0.455181,0.49510303,-0.03992203139686584,0.03992203139686584,8.770583875006922
0.066808,0.026927466,0.03988053442704678,0.03988053442704678,59.694249741576655
0.066798,0.026927466,0.03987053442704677,0.03987053442704677,59.68821576597887
0.066742,0.026927466,0.03981453442704677,0.03981453442704677,59.654392088029105
0.066636,0.026927466,0.03970853442704678,0.03970853442704678,59.59021304918748
0.066626,0.026927466,0.03969853442704678,0.03969853442704678,59.584147881401606
0.066578,0.026927466,0.039650534427046774,0.039650534427046774,59.55500971415748
0.066554,0.026927466,0.03962653442704678,0.03962653442704678,59.540424869288636
0.06655,0.026927466,0.039622534427046774,0.039622534427046774,59.53799303908157
0.066546,0.026927466,0.03961853442704677,0.03961853442704677,59.53556091652573
0.066515,0.026927466,0.03958753442704678,0.03958753442704678,59.51670204845535
0.066505,0.026927466,0.03957753442704677,0.03957753442704677,59.51061479217527
0.066503,0.026927466,0.03957553442704678,0.03957553442704678,59.50939712123871
0.066494,0.026927466,0.03956653442704677,0.03956653442704677,59.50391669555578
0.06649,0.026927466,0.03956253442704677,0.03956253442704677,59.50148047457557
0.066478,0.026927466,0.03955053442704677,0.03955053442704677,59.49417005257771
1.331551,1.3710768,-0.03952582228088386,0.03952582228088386,2.9684046858074122
0.066449,0.026927466,0.03952153442704677,0.03952153442704677,59.47649229871072
0.066449,0.026927466,0.03952153442704677,0.03952153442704677,59.47649229871072
0.066439,0.026927466,0.039511534427046774,0.039511534427046774,59.47039294326583
0.066433,0.026927466,0.03950553442704678,0.03950553442704678,59.46673244860242
0.066429,0.026927466,0.03950153442704678,0.03950153442704678,59.46429175146771
0.066419,0.026927466,0.03949153442704678,0.03949153442704678,59.45818872248692
0.066413,0.026927466,0.039485534427046776,0.039485534427046776,59.45452602290554
0.066408,0.026927466,0.03948053442704677,0.03948053442704677,59.45147326767152
0.066408,0.026927466,0.03948053442704677,0.03948053442704677,59.45147326767152
0.455623,0.49510303,-0.039480031396865845,0.039480031396865845,8.665065501127199
0.066406,0.026927466,0.03947853442704678,0.03947853442704678,59.450252036858906
0.066406,0.026927466,0.03947853442704678,0.03947853442704678,59.450252036858906
0.066398,0.026927466,0.039470534427046775,0.039470534427046775,59.445366377905074
0.066394,0.026927466,0.03946653442704677,0.03946653442704677,59.44292310691306
0.066392,0.026927466,0.03946453442704678,0.03946453442704678,59.441701361015
0.066388,0.026927466,0.03946053442704678,0.03946053442704678,59.43925764838151
0.066388,0.026927466,0.03946053442704678,0.03946053442704678,59.43925764838151
0.066386,0.026927466,0.039458534427046776,0.039458534427046776,59.4380356816328
0.455646,0.49510303,-0.03945703139686585,0.03945703139686585,8.659580329511565
0.066384,0.026927466,0.039456534427046774,0.039456534427046774,59.43681364125386
0.066378,0.026927466,0.03945053442704678,0.03945053442704678,59.43314707826936
0.066378,0.026927466,0.03945053442704678,0.03945053442704678,59.43314707826936
0.066376,0.026927466,0.03944853442704678,0.03944853442704678,59.431924743303085
0.066376,0.026927466,0.03944853442704678,0.03944853442704678,59.431924743303085
0.066372,0.026927466,0.039444534427046776,0.039444534427046776,59.42947985237343
0.066369,0.026927466,0.03944153442704677,0.03944153442704677,59.42764599077752
0.066347,0.026927466,0.03941953442704678,0.03941953442704678,59.414192604989815
0.066343,0.026927466,0.039415534427046775,0.039415534427046775,59.41174557622513
0.066329,0.026927466,0.039401534427046775,0.039401534427046775,59.40317865133441
0.066322,0.026927466,0.03939453442704678,0.03939453442704678,59.39889383258631
1.331686,1.3710768,-0.039390822280883864,0.039390822280883864,2.957966238131654
0.066316,0.026927466,0.039388534427046776,0.039388534427046776,59.39522041083835
0.066314,0.026927466,0.039386534427046774,0.039386534427046774,59.39399578920407
0.066312,0.026927466,0.03938453442704677,0.03938453442704677,59.392771093699494
0.066302,0.026927466,0.039374534427046776,0.039374534427046776,59.38664650788835
0.0663,0.026927466,0.039372534427046774,0.039372534427046774,59.38542136902165
0.455947,0.49510303,-0.039156031396865854,0.039156031396865854,8.587847137557217
0.068613,0.029490247,0.03912275263118743,0.03912275263118743,57.019446131444475
17.302802,17.341875,-0.03907307629394552,0.03907307629394552,0.22581935742962156
0.065829,0.026927466,0.038901534427046774,0.038901534427046774,59.09482806658456
0.456217,0.49510303,-0.03888603139686586,0.03888603139686586,8.523582283944323
0.06578,0.026927466,0.03885253442704678,0.03885253442704678,59.06435750681427
0.065739,0.026927466,0.03881153442704678,0.03881153442704678,59.038826827314004
0.065737,0.026927466,0.03880953442704678,0.03880953442704678,59.037580613671444
0.065735,0.026927466,0.03880753442704678,0.03880753442704678,59.03633432419632
0.065735,0.026927466,0.03880753442704678,0.03880753442704678,59.03633432419632
0.065733,0.026927466,0.038805534427046776,0.038805534427046776,59.03508795888167
0.065726,0.026927466,0.03879853442704678,0.03879853442704678,59.030725082944436
0.065718,0.026927466,0.038790534427046774,0.038790534427046774,59.02573780093893
0.456315,0.49510303,-0.03878803139686582,0.03878803139686582,8.500275333566844
0.065698,0.026927466,0.03877053442704678,0.03877053442704678,59.01326428206873
0.065692,0.026927466,0.038764534427046776,0.038764534427046776,59.00952074535295
0.06569,0.026927466,0.038762534427046774,0.038762534427046774,59.008272747813216
0.065677,0.026927466,0.038749534427046775,0.038749534427046775,59.00015891110528
0.065669,0.026927466,0.03874153442704678,0.03874153442704678,58.99516418409236
0.065661,0.026927466,0.03873353442704677,0.03873353442704677,58.99016823998509
0.065647,0.026927466,0.03871953442704677,0.03871953442704677,58.981422407825725
0.065626,0.026927466,0.03869853442704678,0.03869853442704678,58.96829666302759
0.065618,0.026927466,0.03869053442704677,0.03869053442704677,58.96329416941004
0.065614,0.026927466,0.03868653442704678,0.03868653442704678,58.960792465153766
0.06561,0.026927466,0.03868253442704678,0.03868253442704678,58.958290455858084
0.065608,0.026927466,0.038680534427046775,0.038680534427046775,58.95703933680304
0.065602,0.026927466,0.03867453442704677,0.03867453442704677,58.95328552192538
0.065599,0.026927466,0.03867153442704678,0.03867153442704678,58.951408356980096
0.065597,0.026927466,0.03866953442704678,0.03866953442704678,58.950156818294474
0.065597,0.026927466,0.03866953442704678,0.03866953442704678,58.950156818294474
0.065593,0.026927466,0.038665534427046774,0.038665534427046774,58.947653511958784
0.065593,0.026927466,0.038665534427046774,0.038665534427046774,58.947653511958784
0.065593,0.026927466,0.038665534427046774,0.038665534427046774,58.947653511958784
0.065593,0.026927466,0.038665534427046774,0.038665534427046774,58.947653511958784
0.065591,0.026927466,0.03866353442704677,0.03866353442704677,58.94640174429476
0.065589,0.026927466,0.03866153442704677,0.03866153442704677,58.94514990029064
0.065587,0.026927466,0.03865953442704678,0.03865953442704678,58.94389797993944
0.065587,0.026927466,0.03865953442704678,0.03865953442704678,58.94389797993944
0.065585,0.026927466,0.03865753442704678,0.03865753442704678,58.94264598323418
0.065585,0.026927466,0.03865753442704678,0.03865753442704678,58.94264598323418
0.065585,0.026927466,0.03865753442704678,0.03865753442704678,58.94264598323418
0.065583,0.026927466,0.03865553442704678,0.03865553442704678,58.94139391016786
0.065583,0.026927466,0.03865553442704678,0.03865553442704678,58.94139391016786
0.065579,0.026927466,0.038651534427046774,0.038651534427046774,58.93888953492412
0.065577,0.026927466,0.03864953442704677,0.03864953442704677,58.93763723273273
0.065573,0.026927466,0.03864553442704678,0.03864553442704678,58.93513239917596
0.065565,0.026927466,0.038637534427046774,0.038637534427046774,58.93012181517068
0.065559,0.026927466,0.03863153442704678,0.03863153442704678,58.92636307466621
0.065558,0.026927466,0.03863053442704678,0.03863053442704678,58.92573655102511
0.065556,0.026927466,0.03862853442704678,0.03862853442704678,58.92448344640048
0.065554,0.026927466,0.03862653442704678,0.03862653442704678,58.92323026531341
0.065542,0.026927466,0.03861453442704678,0.03861453442704678,58.915709572687845
0.06554,0.026927466,0.03861253442704678,0.03861253442704678,58.91445585616773
0.065534,0.026927466,0.03860653442704677,0.03860653442704677,58.91069424746862
0.065524,0.026927466,0.038596534427046775,0.038596534427046775,58.904423368753974
0.065524,0.026927466,0.038596534427046775,0.038596534427046775,58.904423368753974
0.065522,0.026927466,0.03859453442704677,0.03859453442704677,58.903168963315544
0.06552,0.026927466,0.03859253442704677,0.03859253442704677,58.90191448129558
0.065509,0.026927466,0.038581534427046774,0.038581534427046774,58.895013460977516
0.06547,0.026927466,0.038542534427046776,0.038542534427046776,58.8705275212712
7.503898,7.4655404,0.038357590911865636,0.038357590911865636,0.5111688739819553
7.503572,7.4655404,0.038031590911865365,0.038031590911865365,0.5068464847323184
0.067467,0.029490247,0.03797675263118744,0.03797675263118744,56.28937491647482
1.333143,1.3710768,-0.03793382228088382,0.03793382228088382,2.8454428578208324
0.457452,0.49510303,-0.03765103139686582,0.03765103139686582,8.230597174924412
0.457496,0.49510303,-0.03760703139686583,0.03760703139686583,8.220188021019997
0.457522,0.49510303,-0.03758103139686586,0.03758103139686586,8.21403809841971
0.45756,0.49510303,-0.03754303139686582,0.03754303139686582,8.20505100722545
0.457581,0.49510303,-0.03752203139686583,0.03752203139686583,8.200085097210273
1.333598,1.3710768,-0.03747882228088373,0.03747882228088373,2.810353815623102
0.457865,0.49510303,-0.03723803139686582,0.03723803139686582,8.132971812375448
0.06667,0.029490247,0.03717975263118743,0.03717975263118743,55.76684052110485
0.066602,0.029490247,0.037111752631187434,0.037111752631187434,55.72167889172361
0.066562,0.029490247,0.037071752631187435,0.037071752631187435,55.695070123332194
0.458055,0.49510303,-0.037048031396865855,0.037048031396865855,8.088118542266264
7.502539,7.4655404,0.03699859091186486,0.03699859091186486,0.493147598584582
7.502476,7.4655404,0.036935590911864935,0.036935590911864935,0.4923120168777964
0.458233,0.49510303,-0.03687003139686584,0.03687003139686584,8.046131856243377
0.06636,0.029490247,0.03686975263118744,0.03686975263118744,55.56020581016763
0.066359,0.029490247,0.03686875263118744,0.03686875263118744,55.55953612264788
0.458244,0.49510303,-0.03685903139686586,0.03685903139686586,8.043538243560706
0.066339,0.029490247,0.036848752631187434,0.036848752631187434,55.546138132382616
0.066321,0.029490247,0.036830752631187444,0.036830752631187444,55.53407303215177
0.06632,0.029490247,0.03682975263118744,0.03682975263118744,55.5334025567763
0.246102,0.282931,-0.03682899999427797,0.03682899999427797,14.964933230657627
0.066318,0.029490247,0.03682775263118744,0.03682775263118744,55.53206154536533
0.066313,0.029490247,0.036822752631187436,0.036822752631187436,55.52870866294503
0.06631,0.029490247,0.03681975263118743,0.03681975263118743,55.52669669078683
0.066289,0.029490247,0.03679875263118744,0.03679875263118744,55.51260778662347
0.066288,0.029490247,0.03679775263118744,0.03679775263118744,55.511936663763436
0.066284,0.029490247,0.036793752631187435,0.036793752631187435,55.50925196982407
0.066283,0.029490247,0.036792752631187434,0.036792752631187434,55.50858074570984
0.246139,0.282931,-0.03679199999427796,0.03679199999427796,14.947651521835347
0.066274,0.029490247,0.03678375263118744,0.03678375263118744,55.50253881716043
0.06627,0.029490247,0.036779752631187435,0.036779752631187435,55.49985298881482
0.066265,0.029490247,0.03677475263118744,0.03677475263118744,55.496495247402024
0.066263,0.029490247,0.03677275263118744,0.03677275263118744,55.495152008952644
0.458331,0.49510303,-0.036772031396865856,0.036772031396865856,8.023029511170492
0.066258,0.029490247,0.036767752631187436,0.036767752631187436,55.49179355805435
0.066258,0.029490247,0.036767752631187436,0.036767752631187436,55.49179355805435
0.066249,0.029490247,0.03675875263118744,0.03675875263118744,55.48574706893945
0.066248,0.029490247,0.03675775263118744,0.03675775263118744,55.48507513540388
0.066247,0.029490247,0.03675675263118744,0.03675675263118744,55.48440318158262
0.458351,0.49510303,-0.036752031396865836,0.036752031396865836,8.018315960660612
0.246183,0.282931,-0.03674799999427794,0.03674799999427794,14.927107062368576
0.066236,0.029490247,0.03674575263118744,0.03674575263118744,55.477010350429424
0.066232,0.029490247,0.03674175263118744,0.03674175263118744,55.47432143935427
0.066228,0.029490247,0.036737752631187434,0.036737752631187434,55.471632203472566
0.066214,0.029490247,0.036723752631187434,0.036723752631187434,55.4622173191851
0.06621,0.029490247,0.036719752631187444,0.036719752631187444,55.459526620945354
0.066204,0.029490247,0.03671375263118744,0.03671375263118744,55.45548996394773
0.066171,0.029490247,0.03668075263118743,0.03668075263118743,55.43327526522822
0.246254,0.282931,-0.03667699999427795,0.03667699999427795,14.893971257069522
0.06616,0.029490247,0.036669752631187436,0.036669752631187436,55.42586544099392
0.066154,0.029490247,0.03666375263118744,0.03666375263118744,55.42182268005808
0.066143,0.029490247,0.03665275263118743,0.03665275263118743,55.414409046721545
17.305243,17.341875,-0.03663207629394449,0.03663207629394449,0.21168195265292034
0.066115,0.029490247,0.03662475263118743,0.03662475263118743,55.39552684835803
0.066114,0.029490247,0.036623752631187445,0.036623752631187445,55.39485218833015
0.066112,0.029490247,0.03662175263118744,0.03662175263118744,55.393502807045536
0.066106,0.029490247,0.03661575263118744,0.03661575263118744,55.38945417329438
0.066103,0.029490247,0.036612752631187434,0.036612752631187434,55.38742958080572
0.066096,0.029490247,0.03660575263118744,0.03660575263118744,55.38270481694011
0.246327,0.282931,-0.036603999994277964,0.036603999994277964,14.859921965281128
0.066083,0.029490247,0.03659275263118744,0.03659275263118744,55.37392759985702
0.066076,0.029490247,0.036585752631187435,0.036585752631187435,55.369199975510384
0.066068,0.029490247,0.03657775263118744,0.03657775263118744,55.36379574956658
0.066033,0.029490247,0.03654275263118743,0.03654275263118743,55.340136864669645
0.066016,0.029490247,0.036525752631187444,0.036525752631187444,55.328636354609195
0.066003,0.029490247,0.036512752631187445,0.036512752631187445,55.31983784959412
0.458593,0.49510303,-0.03651003139686587,0.03651003139686587,7.961314583716838
0.065999,0.029490247,0.03650875263118744,0.03650875263118744,55.317129919953814
0.065996,0.029490247,0.03650575263118744,0.03650575263118744,55.31509875730703
0.065991,0.029490247,0.03650075263118743,0.03650075263118743,55.3117130758372
0.065979,0.029490247,0.036488752631187435,0.036488752631187435,55.303585346676755
0.065971,0.029490247,0.03648075263118744,0.03648075263118744,55.29816521788252
0.06597,0.029490247,0.03647975263118744,0.03647975263118744,55.29748760935267
0.065941,0.029490247,0.03645075263118744,0.03645075263118744,55.27782802188261
0.065923,0.029490247,0.036432752631187434,0.036432752631187434,55.2656168195043
0.065914,0.029490247,0.03642375263118744,0.03642375263118744,55.25950871731033
0.065898,0.029490247,0.03640775263118744,0.03640775263118744,55.24864574939876
0.06589,0.029490247,0.03639975263118744,0.03639975263118744,55.24321228706061
0.246538,0.282931,-0.03639299999427795,0.03639299999427795,14.761618890197992
0.246569,0.282931,-0.036361999994277944,0.036361999994277944,14.747190433319174
0.246581,0.282931,-0.03634999999427796,0.03634999999427796,14.741606198180863
0.246585,0.282931,-0.036345999994277955,0.036345999994277955,14.739744907248294
0.24659,0.282931,-0.03634099999427795,0.03634099999427795,14.737418378498937
0.458775,0.49510303,-0.036328031396865856,0.036328031396865856,7.918485398931366
0.246613,0.282931,-0.036317999994277955,0.036317999994277955,14.726717561341552
0.246619,0.282931,-0.03631199999427795,0.03631199999427795,14.723926372077587
0.246619,0.282931,-0.03631199999427795,0.03631199999427795,14.723926372077587
0.458816,0.49510303,-0.03628703139686584,0.03628703139686584,7.90884175550918
0.458862,0.49510303,-0.03624103139686585,0.03624103139686585,7.8980241094202235
0.458891,0.49510303,-0.03621203139686585,0.03621203139686585,7.891205403674216
0.182704,0.14658009,0.03612391484165192,0.03612391484165192,19.771824821503685
0.459074,0.49510303,-0.03602903139686586,0.03602903139686586,7.848196889612059
0.246912,0.282931,-0.03601899999427796,0.03601899999427796,14.587788353619983
0.065506,0.029490247,0.036015752631187434,0.036015752631187434,54.98084538241778
0.246929,0.282931,-0.036001999994277945,0.036001999994277945,14.579899477055367
0.246932,0.282931,-0.03599899999427794,0.03599899999427794,14.578507435123608
0.246946,0.282931,-0.035984999994277955,0.035984999994277955,14.57201168664645
0.246952,0.282931,-0.03597899999427795,0.03597899999427795,14.569228019902134
0.246963,0.282931,-0.035967999994277966,0.035967999994277966,14.564124982168924
0.246967,0.282931,-0.03596399999427796,0.03596399999427796,14.562269444790473
0.246975,0.282931,-0.035955999994277954,0.035955999994277954,14.558558550346955
0.065432,0.029490247,0.03594175263118744,0.03594175263118744,54.92993119002554
0.246996,0.282931,-0.03593499999427796,0.03593499999427796,14.54881859614291
0.247011,0.282931,-0.035919999994277946,0.035919999994277946,14.541862499943761
0.065383,0.029490247,0.035892752631187436,0.035892752631187436,54.89615431578741
0.06537,0.029490247,0.035879752631187437,0.035879752631187437,54.88718460501798
0.065369,0.029490247,0.035878752631187436,0.035878752631187436,54.886494479494786
0.065365,0.029490247,0.035874752631187445,0.035874752631187445,54.88373376624143
0.065349,0.029490247,0.03585875263118744,0.03585875263118744,54.872687533573206
0.065343,0.029490247,0.03585275263118744,0.03585275263118744,54.86854380166031
0.065342,0.029490247,0.035851752631187436,0.035851752631187436,54.867853105689434
0.065342,0.029490247,0.035851752631187436,0.035851752631187436,54.867853105689434
0.065325,0.029490247,0.03583475263118743,0.03583475263118743,54.85610803877739
0.065321,0.029490247,0.03583075263118744,0.03583075263118744,54.85334360517153
0.065317,0.029490247,0.03582675263118744,0.03582675263118744,54.85057883297896
0.065315,0.029490247,0.03582475263118744,0.03582475263118744,54.8491963198932
0.065314,0.029490247,0.035823752631187436,0.035823752631187436,54.84850503159956
0.065311,0.029490247,0.03582075263118743,0.03582075263118743,54.846431039703894
0.065309,0.029490247,0.035818752631187445,0.035818752631187445,54.84504827258478
0.065309,0.029490247,0.035818752631187445,0.035818752631187445,54.84504827258478
0.065305,0.029490247,0.03581475263118744,0.03581475263118744,54.84228248425872
0.065301,0.029490247,0.03581075263118744,0.03581075263118744,54.83951635709702
0.0653,0.029490247,0.035809752631187436,0.035809752631187436,54.83882477235623
0.065299,0.029490247,0.035808752631187435,0.035808752631187435,54.838133166433344
0.065298,0.029490247,0.035807752631187434,0.035807752631187434,54.83744153932739
0.065297,0.029490247,0.03580675263118743,0.03580675263118743,54.83674989103739
0.065295,0.029490247,0.035804752631187445,0.035804752631187445,54.83536653090142
0.065295,0.029490247,0.035804752631187445,0.035804752631187445,54.83536653090142
0.065292,0.029490247,0.03580175263118744,0.03580175263118744,54.8332913317928
0.065291,0.029490247,0.03580075263118744,0.03580075263118744,54.83259955637813
0.065289,0.029490247,0.03579875263118744,0.03579875263118744,54.83121594197525
0.065286,0.029490247,0.035795752631187436,0.035795752631187436,54.82914036142251
0.247137,0.282931,-0.03579399999427796,0.03579399999427796,14.483464628847356
0.065284,0.029490247,0.035793752631187434,0.035793752631187434,54.82775653507702
0.065279,0.029490247,0.03578875263118744,0.03578875263118744,54.82429659823702
0.065273,0.029490247,0.03578275263118744,0.03578275263118744,54.8201439743344
0.065264,0.029490247,0.03577375263118744,0.03577375263118744,54.81391360684839
0.459335,0.49510303,-0.03576803139686585,0.03576803139686585,7.786916169914972
0.247164,0.282931,-0.03576699999427796,0.03576699999427796,14.470958545664821
0.247169,0.282931,-0.035761999994277954,0.035761999994277954,14.46864290417055
0.247171,0.282931,-0.03575999999427795,0.03575999999427795,14.46771667380487
0.24718,0.282931,-0.03575099999427794,0.03575099999427794,14.463548822645194
0.247219,0.282931,-0.03571199999427796,0.03571199999427796,14.44549164094688
0.247222,0.282931,-0.03570899999427796,0.03570899999427796,14.444102862946604
0.247223,0.282931,-0.035707999994277956,0.035707999994277956,14.443639944436526
0.247249,0.282931,-0.03568199999427796,0.03568199999427796,14.43160537751269
0.247271,0.282931,-0.03565999999427796,0.03565999999427796,14.421424259155557
0.247274,0.282931,-0.03565699999427796,0.03565699999427796,14.420036065198088
0.247275,0.282931,-0.03565599999427796,0.03565599999427796,14.419573341364226
0.459567,0.49510303,-0.03553603139686584,0.03553603139686584,7.732502853584642
0.459735,0.49510303,-0.03536803139686584,0.03536803139686584,7.693134390284122
17.306699,17.341875,-0.035176076293947034,0.035176076293947034,0.20325121673257152
1.336078,1.3710768,-0.03499882228088369,0.03499882228088369,2.6195193902050757
8.434956,8.40044,0.03451578393554655,0.03451578393554655,0.409199335896208
8.434789,8.40044,0.03434878393554719,0.03434878393554719,0.40722754220810936
0.461036,0.49510303,-0.03406703139686584,0.03406703139686584,7.389234547730895
0.143609,0.17761213,-0.03400312587356569,0.03400312587356569,23.67757302807492
0.249123,0.282931,-0.03380799999427794,0.03380799999427794,13.570806381067637
0.249166,0.282931,-0.033764999994277956,0.033764999994277956,13.551206818236336
0.461371,0.49510303,-0.03373203139686587,0.03373203139686587,7.311259569750724
0.143984,0.17761213,-0.03362812587356567,0.03362812587356567,23.35546022489319
0.143993,0.17761213,-0.033619125873565664,0.033619125873565664,23.34775013383839
0.144008,0.17761213,-0.03360412587356568,0.03360412587356568,23.33490212365339
0.144024,0.17761213,-0.03358812587356566,0.03358812587356566,23.32120052924822
0.144056,0.17761213,-0.033556125873565684,0.033556125873565684,23.293806471283304
0.144101,0.17761213,-0.03351112587356567,0.03351112587356567,23.255304161879764
0.249437,0.282931,-0.03349399999427796,0.03349399999427796,13.427839486864467
0.144137,0.17761213,-0.033475125873565686,0.033475125873565686,23.224519623928046
0.144168,0.17761213,-0.03344412587356568,0.03344412587356568,23.198023035880126
0.144193,0.17761213,-0.033419125873565686,0.033419125873565686,23.176663118451675
0.144249,0.17761213,-0.033363125873565685,0.033363125873565685,23.128843770450292
17.308515,17.341875,-0.03336007629394544,0.03336007629394544,0.19273794599798252
0.461757,0.49510303,-0.03334603139686587,0.03334603139686587,7.221554061907956
0.144305,0.17761213,-0.033307125873565685,0.033307125873565685,23.081061536665135
0.144314,0.17761213,-0.033298125873565676,0.033298125873565676,23.073385707895483
0.144314,0.17761213,-0.033298125873565676,0.033298125873565676,23.073385707895483
0.144368,0.17761213,-0.03324412587356568,0.03324412587356568,23.027350832967365
1.337924,1.3710768,-0.0331528222808839,0.0331528222808839,2.4779301573486965
7.498665,7.4655404,0.03312459091186515,0.03312459091186515,0.4417398418441604
0.249814,0.282931,-0.033116999994277946,0.033116999994277946,13.256662949643047
0.249824,0.282931,-0.033106999994277964,0.033106999994277964,13.2521294915724
0.249838,0.282931,-0.03309299999427795,0.03309299999427795,13.245783259965323
0.249953,0.282931,-0.032977999994277946,0.032977999994277946,13.193680404349722
0.462191,0.49510303,-0.032912031396865826,0.032912031396865826,7.120872407672358
0.144722,0.17761213,-0.032890125873565684,0.032890125873565684,22.72641744229576
0.144731,0.17761213,-0.032881125873565675,0.032881125873565675,22.71878578248398
0.144762,0.17761213,-0.03285012587356567,0.03285012587356567,22.692506217704345
0.144789,0.17761213,-0.03282312587356567,0.03282312587356567,22.669626733312644
0.144797,0.17761213,-0.032815125873565665,0.032815125873565665,22.662849265456337
0.462295,0.49510303,-0.03280803139686583,0.03280803139686583,7.096774005725577
0.144806,0.17761213,-0.032806125873565684,0.032806125873565684,22.655225509240264
0.14481,0.17761213,-0.03280212587356568,0.03280212587356568,22.65183747732466
0.462311,0.49510303,-0.03279203139686582,0.03279203139686582,7.093067521597527
0.144826,0.17761213,-0.032786125873565664,0.032786125873565664,22.638287221167037
0.144835,0.17761213,-0.03277712587356568,0.03277712587356568,22.630666517716726
0.144856,0.17761213,-0.03275612587356566,0.03275612587356566,22.612888558950107
0.144949,0.17761213,-0.03266312587356568,0.03266312587356568,22.534219519300898
0.144971,0.17761213,-0.032641125873565685,0.032641125873565685,22.515624401466543
0.144975,0.17761213,-0.03263712587356568,0.03263712587356568,22.51224407729156
0.144978,0.17761213,-0.03263412587356568,0.03263412587356568,22.50970895656994
0.144995,0.17761213,-0.03261712587356566,0.03261712587356566,22.495345254022766
0.144998,0.17761213,-0.032614125873565686,0.032614125873565686,22.49281083261347
0.145015,0.17761213,-0.03259712587356567,0.03259712587356567,22.478451092016147
0.145093,0.17761213,-0.032519125873565674,0.032519125873565674,22.412608362328342
0.46261,0.49510303,-0.032493031396865824,0.032493031396865824,7.023849763265379
0.462648,0.49510303,-0.03245503139686584,0.03245503139686584,7.015059265327156
7.49782,7.4655404,0.032279590911865164,0.032279590911865164,0.4305196832070474
0.145552,0.17761213,-0.03206012587356569,0.03206012587356569,22.026578715193956
0.145674,0.17761213,-0.031938125873565676,0.031938125873565676,21.924383109986195
0.145678,0.17761213,-0.03193412587356567,0.03193412587356567,21.92103533247617
0.463183,0.49510303,-0.03192003139686583,0.03192003139686583,6.891451411207747
0.251046,0.282931,-0.03188499999427796,0.03188499999427796,12.700859596080837
0.251059,0.282931,-0.03187199999427798,0.03187199999427798,12.69502387151345
7.497384,7.4655404,0.031843590911865505,0.031843590911865505,0.4247293577525278
17.310087,17.341875,-0.03178807629394598,0.03178807629394598,0.1836390325118663
0.145848,0.17761213,-0.03176412587356567,0.03176412587356567,21.778924532243664
7.497249,7.4655404,0.031708590911865286,0.031708590911865286,0.4229363452039855
8.432122,8.40044,0.03168178393554655,0.03168178393554655,0.3757272953969454
0.145988,0.17761213,-0.03162412587356567,0.03162412587356567,21.662140622450835
0.251439,0.282931,-0.03149199999427793,0.03149199999427793,12.524707774749826
0.251454,0.282931,-0.03147699999427794,0.03147699999427794,12.517995331853914
0.251515,0.282931,-0.031415999994277966,0.031415999994277966,12.490706312461388
0.146285,0.17761213,-0.031327125873565675,0.031327125873565675,21.415132004067775
0.146319,0.17761213,-0.03129312587356567,0.03129312587356567,21.386918891038587
0.146323,0.17761213,-0.031289125873565665,0.031289125873565665,21.38360056326214
0.14639,0.17761213,-0.03122212587356568,0.03122212587356568,21.328045530594736
0.146456,0.17761213,-0.03115612587356567,0.03115612587356567,21.273369375302
0.146627,0.17761213,-0.030985125873565666,0.030985125873565666,21.13193740063817
0.146634,0.17761213,-0.030978125873565687,0.030978125873565687,21.126154815690448
0.146653,0.17761213,-0.030959125873565668,0.030959125873565668,21.110462010634084
0.25201,0.282931,-0.030920999994277942,0.030920999994277942,12.269751193209869
0.464187,0.49510303,-0.03091603139686583,0.03091603139686583,6.660253602579472
0.146701,0.17761213,-0.030911125873565676,0.030911125873565676,21.070835135748794
0.146713,0.17761213,-0.030899125873565664,0.030899125873565664,21.06093246849613
0.252043,0.282931,-0.030887999994277937,0.030887999994277937,12.255051710233127
0.2521,0.282931,-0.030830999994277963,0.030830999994277963,12.22967075844835
0.252111,0.282931,-0.03081999999427798,0.03081999999427798,12.224774001155527
0.252119,0.282931,-0.030811999994277972,0.030811999994277972,12.221212991506693
0.252156,0.282931,-0.030774999994277963,0.030774999994277963,12.204746261073787
0.252166,0.282931,-0.030764999994277953,0.030764999994277953,12.20029662289034
0.252174,0.282931,-0.030756999994277945,0.030756999994277945,12.196737166433179
0.252188,0.282931,-0.03074299999427793,0.03074299999427793,12.1905086610336
0.252235,0.282931,-0.030695999994277967,0.030695999994277967,12.169603735448437
0.252302,0.282931,-0.030628999994277928,0.030628999994277928,12.139816561952783
0.147171,0.17761213,-0.030441125873565678,0.030441125873565678,20.68418768159589
0.252505,0.282931,-0.030425999994277975,0.030425999994277975,12.049662375884958
0.147202,0.17761213,-0.030410125873565674,0.030410125873565674,20.658772199363394
0.252563,0.282931,-0.030367999994277972,0.030367999994277972,12.023930655818168
0.252616,0.282931,-0.030314999994277947,0.030314999994277947,12.000427519348545
0.147351,0.17761213,-0.030261125873565664,0.030261125873565664,20.536763139054976
0.147379,0.17761213,-0.030233125873565664,0.030233125873565664,20.513862797991436
0.147398,0.17761213,-0.030214125873565673,0.030214125873565673,20.498328235842646
0.252726,0.282931,-0.030204999994277948,0.030204999994277948,11.951678886353706
0.25273,0.282931,-0.030200999994277944,0.030200999994277944,11.949907008399492
0.252788,0.282931,-0.03014299999427794,0.03014299999427794,11.924221079463312
0.464987,0.49510303,-0.03011603139686586,0.03011603139686586,6.4767469607514006
0.464994,0.49510303,-0.030109031396865826,0.030109031396865826,6.475144064308504
0.465018,0.49510303,-0.030085031396865858,0.030085031396865858,6.469648785723608
0.465147,0.49510303,-0.029956031396865868,0.029956031396865868,6.440121378924458
0.147843,0.17761213,-0.02976912587356567,0.02976912587356567,20.13563432386385
7.495207,7.4655404,0.029666590911864965,0.029666590911864965,0.3958074928613601
0.46556,0.49510303,-0.02954303139686587,0.02954303139686587,6.345697953114566
0.465586,0.49510303,-0.029517031396865845,0.029517031396865845,6.339759226120649
0.148346,0.17761213,-0.029266125873565668,0.029266125873565668,19.728287822952677
0.253669,0.282931,-0.029261999994277976,0.029261999994277976,11.535504922849253
0.148371,0.17761213,-0.02924112587356567,0.02924112587356567,19.708114020838003
0.148411,0.17761213,-0.029201125873565686,0.029201125873565686,19.675850074381167
0.148425,0.17761213,-0.029187125873565672,0.029187125873565672,19.664561801516665
0.148461,0.17761213,-0.029151125873565664,0.029151125873565664,19.635544590114655
0.148497,0.17761213,-0.029115125873565684,0.029115125873565684,19.60654144794787
0.148607,0.17761213,-0.029005125873565685,0.029005125873565685,19.518007801818
0.14864,0.17761213,-0.02897212587356568,0.02897212587356568,19.491473260275974
17.370839,17.341875,0.028963923706054828,0.028963923706054828,0.1667387724098306
0.254071,0.282931,-0.028859999994277963,0.028859999994277963,11.35902955587963
0.254081,0.282931,-0.028849999994277953,0.028849999994277953,11.354646739789006
0.254084,0.282931,-0.028846999994277978,0.028846999994277978,11.353331962234792
0.14878,0.17761213,-0.028832125873565678,0.028832125873565678,19.379033374234872
17.313089,17.341875,-0.028786076293943808,0.028786076293943808,0.16626770817026088
0.254199,0.282931,-0.028731999994277946,0.028731999994277946,11.302955551742922
7.494155,7.4655404,0.028614590911865356,0.028614590911865356,0.38182544811901453
0.254323,0.282931,-0.028607999994277933,0.028607999994277933,11.248687685749713
0.466513,0.49510303,-0.028590031396865834,0.028590031396865834,6.1284533101408485
0.149028,0.17761213,-0.02858412587356568,0.02858412587356568,19.180372718137065
0.254362,0.282931,-0.028568999994277977,0.028568999994277977,11.23163050418158
0.149065,0.17761213,-0.02854712587356567,0.02854712587356567,19.150790497041477
0.14908,0.17761213,-0.028532125873565684,0.028532125873565684,19.138801887863487
0.149089,0.17761213,-0.028523125873565675,0.028523125873565675,19.131609880295706
0.254411,0.282931,-0.028519999994277956,0.028519999994277956,11.210207099169354
0.149106,0.17761213,-0.028506125873565685,0.028506125873565685,19.11802734594695
0.149114,0.17761213,-0.028498125873565677,0.028498125873565677,19.111636636703487
0.149162,0.17761213,-0.028450125873565685,0.028450125873565685,19.07330677685495
7.493989,7.4655404,0.028448590911865246,0.028448590911865246,0.3796187972985499
0.466663,0.49510303,-0.02844003139686585,0.02844003139686585,6.094340324982163
7.49398,7.4655404,0.028439590911864876,0.028439590911864876,0.37949915680967095
0.149213,0.17761213,-0.02839912587356566,0.02839912587356566,19.03260832134804
0.149214,0.17761213,-0.02839812587356566,0.02839812587356566,19.031810590516873
0.149241,0.17761213,-0.02837112587356566,0.02837112587356566,19.0102758990863
0.149306,0.17761213,-0.02830612587356568,0.02830612587356568,18.958465068119978
0.254674,0.282931,-0.028256999994277943,0.028256999994277943,11.095361121740963
0.357439,0.38567418,-0.028235178600311273,0.028235178600311273,7.8992999063929705
0.357444,0.38567418,-0.028230178600311295,0.028230178600311295,7.8977905888512625
0.357462,0.38567418,-0.028212178600311277,0.028212178600311277,7.892357395308849
0.357464,0.38567418,-0.028210178600311275,0.028210178600311275,7.891753740913636
0.357468,0.38567418,-0.02820617860031127,0.02820617860031127,7.890546452387549
0.35747,0.38567418,-0.02820417860031127,0.02820417860031127,7.889942818256449
0.35747,0.38567418,-0.02820417860031127,0.02820417860031127,7.889942818256449
0.357476,0.38567418,-0.028198178600311263,0.028198178600311263,7.888131956389556
0.254733,0.282931,-0.028197999994277967,0.028197999994277967,11.069629762617462
0.357482,0.38567418,-0.028192178600311257,0.028192178600311257,7.886321155309899
0.357491,0.38567418,-0.028183178600311276,0.028183178600311276,7.8836050676597935
0.357495,0.38567418,-0.028179178600311272,0.028179178600311272,7.882397961490055
0.357495,0.38567418,-0.028179178600311272,0.028179178600311272,7.882397961490055
0.357499,0.38567418,-0.028175178600311268,0.028175178600311268,7.881190882332559
0.357509,0.38567418,-0.028165178600311258,0.028165178600311258,7.878173302611426
0.357511,0.38567418,-0.028163178600311256,0.028163178600311256,7.877569806924453
0.357515,0.38567418,-0.028159178600311252,0.028159178600311252,7.876362835806858
0.357517,0.38567418,-0.028157178600311306,0.028157178600311306,7.875759360376024
0.357517,0.38567418,-0.028157178600311306,0.028157178600311306,7.875759360376024
0.357524,0.38567418,-0.02815017860031127,0.02815017860031127,7.873647249537827
0.357528,0.38567418,-0.028146178600311267,0.028146178600311267,7.87244036619197
0.357529,0.38567418,-0.028145178600311294,0.028145178600311294,7.872138649575043
0.35753,0.38567418,-0.028144178600311265,0.028144178600311265,7.871836934645883
0.25479,0.282931,-0.028140999994277938,0.028140999994277938,11.044781970733998
0.357534,0.38567418,-0.02814017860031126,0.02814017860031126,7.870630091806829
0.357534,0.38567418,-0.02814017860031126,0.02814017860031126,7.870630091806829
0.357536,0.38567418,-0.02813817860031126,0.02813817860031126,7.870026680513635
0.357538,0.38567418,-0.028136178600311257,0.028136178600311257,7.869423275971179
0.254795,0.282931,-0.02813599999427796,0.02813599999427796,11.042602870242884
0.357542,0.38567418,-0.028132178600311253,0.028132178600311253,7.8682164871380245
0.357546,0.38567418,-0.028128178600311304,0.028128178600311304,7.8670097253064775
0.357548,0.38567418,-0.028126178600311302,0.028126178600311302,7.866406354516007
0.35755,0.38567418,-0.0281241786003113,0.0281241786003113,7.865802990475597
0.357552,0.38567418,-0.0281221786003113,0.0281221786003113,7.8651996331851315
0.149491,0.17761213,-0.02812112587356566,0.02812112587356566,18.811250078435762
0.357554,0.38567418,-0.028120178600311296,0.028120178600311296,7.864596282644495
0.357556,0.38567418,-0.028118178600311294,0.028118178600311294,7.8639929388535785
0.357562,0.38567418,-0.02811217860031129,0.02811217860031129,7.8621829479780025
0.357564,0.38567418,-0.028110178600311286,0.028110178600311286,7.861579631184824
0.357564,0.38567418,-0.028110178600311286,0.028110178600311286,7.861579631184824
0.357566,0.38567418,-0.028108178600311284,0.028108178600311284,7.860976321140798
0.357566,0.38567418,-0.028108178600311284,0.028108178600311284,7.860976321140798
0.357566,0.38567418,-0.028108178600311284,0.028108178600311284,7.860976321140798
0.357575,0.38567418,-0.028099178600311303,0.028099178600311303,7.858261509460405
0.357579,0.38567418,-0.0280951786003113,0.0280951786003113,7.857054970357388
0.357591,0.38567418,-0.028083178600311287,0.028083178600311287,7.853435515003972
0.357597,0.38567418,-0.02807717860031128,0.02807717860031128,7.851625878421702
0.357603,0.38567418,-0.028071178600311275,0.028071178600311275,7.849816302564984
0.254873,0.282931,-0.028057999994277938,0.028057999994277938,11.008619972797948
0.357626,0.38567418,-0.02804817860031128,0.02804817860031128,7.842880157613931
0.357638,0.38567418,-0.028036178600311268,0.028036178600311268,7.839261653535699
0.357681,0.38567418,-0.027993178600311253,0.027993178600311253,7.826297341062275
0.357687,0.38567418,-0.027987178600311302,0.027987178600311302,7.82448861504243
0.254951,0.282931,-0.02797999999427797,0.02797999999427797,10.97465786888591
0.357704,0.38567418,-0.027970178600311257,0.027970178600311257,7.819364220833955
0.357708,0.38567418,-0.027966178600311253,0.027966178600311253,7.818158551805689
0.254966,0.282931,-0.027964999994277928,0.027964999994277928,10.968129077331799
0.357747,0.38567418,-0.027927178600311298,0.027927178600311298,7.806404691724849
0.357755,0.38567418,-0.02791917860031129,0.02791917860031129,7.803993960254167
0.467196,0.49510303,-0.027907031396865845,0.027907031396865845,5.973302723245178
0.357806,0.38567418,-0.027868178600311266,0.027868178600311266,7.788628081285008
0.081779,0.0539138,0.02786520181679726,0.02786520181679726,34.073786403261806
7.493403,7.4655404,0.02786259091186505,0.02786259091186505,0.3718282723015594
0.357814,0.38567418,-0.02786017860031126,0.02786017860031126,7.786218144769361
0.25508,0.282931,-0.02785099999427798,0.02785099999427798,10.918535354931569
0.357831,0.38567418,-0.02784317860031127,0.02784317860031127,7.781097387462285
0.149786,0.17761213,-0.02782612587356567,0.02782612587356567,18.577254119202337
0.149819,0.17761213,-0.027793125873565666,0.027793125873565666,18.551135606975436
0.081639,0.0539138,0.02772520181679726,0.02772520181679726,33.96073173708219
0.467401,0.49510303,-0.027702031396865834,0.027702031396865834,5.926823303959343
0.08159,0.0539138,0.027676201816797252,0.027676201816797252,33.92107094359135
0.255272,0.282931,-0.027658999994277955,0.027658999994277955,10.835109210349291
0.081562,0.0539138,0.027648201816797252,0.027648201816797252,33.89838623733954
0.081558,0.0539138,0.027644201816797262,0.027644201816797262,33.89514429351151
3.153107,3.1254838,0.027623248703002812,0.027623248703002812,0.8760644247761573
0.081535,0.0539138,0.027621201816797253,0.027621201816797253,33.87649694354665
0.081527,0.0539138,0.02761320181679726,0.02761320181679726,33.87000844251261
0.081504,0.0539138,0.02759020181679725,0.02759020181679725,33.8513469068339
0.150032,0.17761213,-0.027580125873565675,0.027580125873565675,18.38282889995657
0.08149,0.0539138,0.027576201816797263,0.027576201816797263,33.839982553635146
0.081482,0.0539138,0.027568201816797255,0.027568201816797255,33.833486884175365
0.081482,0.0539138,0.027568201816797255,0.027568201816797255,33.833486884175365
0.08148,0.0539138,0.027566201816797253,0.027566201816797253,33.83186276750785
0.081472,0.0539138,0.02755820181679726,0.02755820181679726,33.825365503451366
0.081457,0.0539138,0.027543201816797258,0.027543201816797258,33.81317969356112
0.081457,0.0539138,0.027543201816797258,0.027543201816797258,33.81317969356112
0.081441,0.0539138,0.027527201816797256,0.027527201816797256,33.80017654866355
0.081432,0.0539138,0.02751820181679726,0.02751820181679726,33.79286003414432
0.081431,0.0539138,0.02751720181679726,0.02751720181679726,33.79204698825412
0.081431,0.0539138,0.02751720181679726,0.02751720181679726,33.79204698825412
3.152966,3.1254838,0.027482248703003087,0.027482248703003087,0.8716316224828132
0.08139,0.0539138,0.02747620181679726,0.02747620181679726,33.75869490482684
3.152951,3.1254838,0.027467248703002767,0.027467248703002767,0.8711600244384263
0.081377,0.0539138,0.02746320181679726,0.02746320181679726,33.74811283661126
0.15015,0.17761213,-0.027462125873565668,0.027462125873565668,18.28979410940784
0.081373,0.0539138,0.027459201816797257,0.027459201816797257,33.74485613539184
0.081373,0.0539138,0.027459201816797257,0.027459201816797257,33.74485613539184
0.081373,0.0539138,0.027459201816797257,0.027459201816797257,33.74485613539184
0.081369,0.0539138,0.027455201816797253,0.027455201816797253,33.741599113981565
0.081367,0.0539138,0.02745320181679725,0.02745320181679725,33.7399704831901
0.081363,0.0539138,0.02744920181679726,0.02744920181679726,33.736712981405
3.152929,3.1254838,0.0274452487030028,0.0274452487030028,0.8704683391897607
0.081359,0.0539138,0.027445201816797257,0.027445201816797257,33.73345515931096
0.467658,0.49510303,-0.027445031396865827,0.027445031396865827,5.868611547540556
0.081355,0.0539138,0.027441201816797253,0.027441201816797253,33.73019701686075
0.081353,0.0539138,0.02743920181679725,0.02743920181679725,33.7285678254873
0.081351,0.0539138,0.027437201816797263,0.027437201816797263,33.726938554007106
0.081343,0.0539138,0.027429201816797255,0.027429201816797255,33.72042066690045
0.081336,0.0539138,0.027422201816797262,0.027422201816797262,33.71471646390595
0.081332,0.0539138,0.027418201816797258,0.027418201816797258,33.71145647849039
0.081328,0.0539138,0.027414201816797254,0.027414201816797254,33.7081961723995
0.081326,0.0539138,0.027412201816797252,0.027412201816797252,33.70656589908601
0.081322,0.0539138,0.027408201816797262,0.027408201816797262,33.70330511189341
0.081318,0.0539138,0.027404201816797258,0.027404201816797258,33.700044003907145
0.081314,0.0539138,0.027400201816797254,0.027400201816797254,33.6967825750799
0.08131,0.0539138,0.02739620181679725,0.02739620181679725,33.693520825364324
0.08131,0.0539138,0.02739620181679725,0.02739620181679725,33.693520825364324
0.081304,0.0539138,0.027390201816797258,0.027390201816797258,33.688627599021736
0.081293,0.0539138,0.02737920181679726,0.02737920181679726,33.67965480806171
8.427801,8.40044,0.027360783935547417,0.027360783935547417,0.3246491455508117
0.081263,0.0539138,0.02734920181679726,0.02734920181679726,33.655171213396116
0.081261,0.0539138,0.027347201816797256,0.027347201816797256,33.65353833098746
0.081246,0.0539138,0.027332201816797255,0.027332201816797255,33.64128915042706
0.081238,0.0539138,0.02732420181679726,0.02732420181679726,33.63475440454283
0.081236,0.0539138,0.02732220181679726,0.02732220181679726,33.63312051696802
0.081232,0.0539138,0.027318201816797255,0.027318201816797255,33.62985250045229
0.467785,0.49510303,-0.02731803139686584,0.02731803139686584,5.839869040483549
0.081228,0.0539138,0.02731420181679725,0.02731420181679725,33.62658416207548
0.081226,0.0539138,0.027312201816797263,0.027312201816797263,33.62494987217432
0.081215,0.0539138,0.027301201816797252,0.027301201816797252,33.615959838922976
0.150318,0.17761213,-0.027294125873565667,0.027294125873565667,18.157589813201398
0.081207,0.0539138,0.027293201816797258,0.027293201816797258,33.6094201031781
0.081205,0.0539138,0.027291201816797256,0.027291201816797256,33.60778496790773
3.152773,3.1254838,0.027289248703002755,0.027289248703002755,0.8655633850625211
0.081201,0.0539138,0.027287201816797252,0.027287201816797252,33.60451445572436
0.081191,0.0539138,0.027277201816797256,0.027277201816797256,33.596336765406164
7.492815,7.4655404,0.02727459091186546,0.02727459091186546,0.3640099336698083
0.081183,0.0539138,0.02726920181679726,0.02726920181679726,33.589793162617134
0.15035,0.17761213,-0.027262125873565662,0.027262125873565662,18.132441540028744
0.081164,0.0539138,0.027250201816797257,0.027250201816797257,33.57424693610839
0.150366,0.17761213,-0.027246125873565674,0.027246125873565674,18.119871417372146
0.467863,0.49510303,-0.02724003139686587,0.02724003139686587,5.82222389696207
0.203693,0.17645334,0.027239662926673902,0.027239662926673902,13.372900842592037
3.152722,3.1254838,0.027238248703002732,0.027238248703002732,0.8639597370823933
3.152718,3.1254838,0.02723424870300306,0.02723424870300306,0.8638339585760358
0.467869,0.49510303,-0.027234031396865865,0.027234031396865865,5.82086682191917
0.081146,0.0539138,0.027232201816797252,0.027232201816797252,33.559512216545166
3.152714,3.1254838,0.027230248703002946,0.027230248703002946,0.8637081797505018
3.152689,3.1254838,0.027205248703003004,0.027205248703003004,0.8629220548598382
0.150413,0.17761213,-0.027199125873565683,0.027199125873565683,18.082962147874664
0.150448,0.17761213,-0.027164125873565675,0.027164125873565675,18.055491502386328
0.150453,0.17761213,-0.02715912587356567,0.02715912587356567,18.051568167809283
0.150461,0.17761213,-0.027151125873565662,0.027151125873565662,18.04529137485486
3.152613,3.1254838,0.02712924870300304,0.02712924870300304,0.8605321586297623
0.203566,0.17645334,0.027112662926673886,0.027112662926673886,13.318856249744568
3.152562,3.1254838,0.027078248703003016,0.027078248703003016,0.8589283478689425
3.152558,3.1254838,0.0270742487030029,0.0270742487030029,0.8588025565951236
3.152521,3.1254838,0.02703724870300306,0.02703724870300306,0.8576389721795801
3.152511,3.1254838,0.027027248703002993,0.027027248703002993,0.8573244852165676
3.152509,3.1254838,0.027025248703002713,0.027025248703002713,0.8572615875845383
3.152486,3.1254838,0.02700224870300305,0.02700224870300305,0.8565382590801834
3.15245,3.1254838,0.026966248703002904,0.026966248703002904,0.8554060715363446
3.152437,3.1254838,0.026953248703002863,0.026953248703002863,0.8549972196795008
3.152427,3.1254838,0.026943248703002798,0.026943248703002798,0.8546827159565666
3.152407,3.1254838,0.02692324870300311,0.02692324870300311,0.8540537025247392
3.152406,3.1254838,0.02692224870300297,0.02692224870300297,0.8540222516436319
3.15238,3.1254838,0.02689624870300289,0.02689624870300289,0.85320452173119
3.152364,3.1254838,0.026880248703002874,0.026880248703002874,0.8527012966189873
3.152362,3.1254838,0.026878248703003038,0.026878248703003038,0.8526383931207902
3.152353,3.1254838,0.026869248703003112,0.026869248703003112,0.8523553263911356
3.152345,3.1254838,0.026861248703002882,0.026861248703002882,0.8521037101634109
3.152337,3.1254838,0.026853248703003096,0.026853248703003096,0.8518520926585971
0.150768,0.17761213,-0.02684412587356566,0.02684412587356566,17.80492269961844
0.150773,0.17761213,-0.026839125873565683,0.026839125873565683,17.801016001382653
0.468266,0.49510303,-0.02683703139686583,0.02683703139686583,5.73115096785474
0.150801,0.17761213,-0.026811125873565683,0.026811125873565683,17.779143278749174
3.152292,3.1254838,0.026808248703003024,0.026808248703003024,0.8504367203974945
3.152288,3.1254838,0.02680424870300291,0.02680424870300291,0.8503109075741999
3.152271,3.1254838,0.026787248703002753,0.026787248703002753,0.8497761995130806
3.152263,3.1254838,0.026779248703002967,0.026779248703002967,0.8495245701946011
3.152261,3.1254838,0.02677724870300313,0.02677724870300313,0.8494616626654223
3.152245,3.1254838,0.026761248703003115,0.026761248703003115,0.8489583995582245
3.152239,3.1254838,0.02675524870300272,0.02675524870300272,0.8487696745758793
3.152231,3.1254838,0.026747248703002935,0.026747248703002935,0.8485180401485302
3.152204,3.1254838,0.026720248703002714,0.026720248703002714,0.8476687645265043
0.203169,0.17645334,0.026715662926673878,0.026715662926673878,13.149477978197657
0.468404,0.49510303,-0.026699031396865858,0.026699031396865858,5.700000723983113
0.256234,0.282931,-0.026696999994277937,0.026696999994277937,10.418992008811845
0.203135,0.17645334,0.0266816629266739,0.0266816629266739,13.134941252634432
0.203127,0.17645334,0.02667366292667389,0.02667366292667389,13.131520139391794
0.080583,0.0539138,0.02666920181679726,0.02666920181679726,33.09532008451155
3.15214,3.1254838,0.026656248703003094,0.026656248703003094,0.8456556086391289
0.203106,0.17645334,0.026652662926673898,0.026652662926673898,13.122538434881962
0.203069,0.17645334,0.02661566292667389,0.02661566292667389,13.1067090070701
7.492154,7.4655404,0.026613590911865437,0.026613590911865437,0.35521948576484436
0.080515,0.0539138,0.02660120181679726,0.02660120181679726,33.03881485904297
0.080499,0.0539138,0.026585201816797258,0.026585201816797258,33.02550563829582
3.152065,3.1254838,0.026581248703002824,0.026581248703002824,0.8432963375488618
3.152056,3.1254838,0.0265722487030029,0.0265722487030029,0.8430132174732899
3.152038,3.1254838,0.026554248703003047,0.026554248703003047,0.8424469724717976
0.080468,0.0539138,0.026554201816797254,0.026554201816797254,32.99970396157175
0.080466,0.0539138,0.026552201816797252,0.026552201816797252,32.99803865458606
0.203002,0.17645334,0.026548662926673877,0.026548662926673877,13.078030223148465
3.152028,3.1254838,0.02654424870300298,0.02654424870300298,0.8421323891209358
0.080454,0.0539138,0.026540201816797254,0.026540201816797254,32.98804507396675
0.080448,0.0539138,0.026534201816797262,0.026534201816797262,32.98304716564019
0.202984,0.17645334,0.026530662926673887,0.026530662926673887,13.070322248848957
0.080439,0.0539138,0.026525201816797253,0.026525201816797253,32.97554890516007
0.080437,0.0539138,0.02652320181679725,0.02652320181679725,32.973882397184596
0.080429,0.0539138,0.026515201816797257,0.026515201816797257,32.96721553647322
0.080427,0.0539138,0.026513201816797255,0.026513201816797255,32.96554861406208
0.080421,0.0539138,0.026507201816797263,0.026507201816797263,32.96054734936983
0.080417,0.0539138,0.02650320181679726,0.02650320181679726,32.95721275829743
0.080415,0.0539138,0.026501201816797257,0.026501201816797257,32.95554533835941
0.256436,0.282931,-0.026494999994277957,0.026494999994277957,10.332012659667887
0.080405,0.0539138,0.02649120181679726,0.02649120181679726,32.9472069944034
0.080402,0.0539138,0.026488201816797258,0.026488201816797258,32.94470508675475
0.0804,0.0539138,0.026486201816797256,0.026486201816797256,32.9430370445948
0.080396,0.0539138,0.02648220181679725,0.02648220181679725,32.939700711301
3.151964,3.1254838,0.026480248703002918,0.026480248703002918,0.8401190084075453
3.151956,3.1254838,0.02647224870300313,0.02647224870300313,0.8398673300694319
0.080378,0.0539138,0.02646420181679726,0.02646420181679726,32.92468310218291
0.080378,0.0539138,0.02646420181679726,0.02646420181679726,32.92468310218291
3.151946,3.1254838,0.026462248703003066,0.026462248703003066,0.8395527303501873
0.08037,0.0539138,0.026456201816797253,0.026456201816797253,32.91800645001773
0.080366,0.0539138,0.026452201816797263,0.026452201816797263,32.914667625466734
0.080366,0.0539138,0.026452201816797263,0.026452201816797263,32.914667625466734
0.080363,0.0539138,0.02644920181679726,0.02644920181679726,32.91216328893284
0.080361,0.0539138,0.02644720181679726,0.02644720181679726,32.91049362736497
0.080355,0.0539138,0.026441201816797252,0.026441201816797252,32.90548414397582
0.080351,0.0539138,0.026437201816797262,0.026437201816797262,32.90214407274971
3.151915,3.1254838,0.02643124870300273,0.02643124870300273,0.8385774585343879
0.080335,0.0539138,0.02642120181679726,0.02642120181679726,32.88878046170222
0.151194,0.17761213,-0.02641812587356568,0.02641812587356568,17.47299883334833
0.256519,0.282931,-0.026411999994277957,0.026411999994277957,10.296313327270745
0.080319,0.0539138,0.026405201816797258,0.026405201816797258,32.87541152644063
0.080312,0.0539138,0.02639820181679725,0.02639820181679725,32.8695609422349
0.08031,0.0539138,0.026396201816797263,0.026396201816797263,32.867889159418965
0.08031,0.0539138,0.026396201816797263,0.026396201816797263,32.867889159418965
3.151868,3.1254838,0.02638424870300282,0.02638424870300282,0.8370987840279391
0.080292,0.0539138,0.02637820181679726,0.02637820181679726,32.852839366243735
0.08029,0.0539138,0.026376201816797257,0.026376201816797257,32.85116675046219
0.151246,0.17761213,-0.026366125873565682,0.026366125873565682,17.432610354080815
0.080273,0.0539138,0.026359201816797254,0.026359201816797254,32.83694615120938
3.151839,3.1254838,0.026355248703002765,0.026355248703002765,0.8361863883963165
0.151259,0.17761213,-0.02635312587356567,0.02635312587356567,17.42251757326384
3.151833,3.1254838,0.026349248703002814,0.026349248703002814,0.8359976147900862
3.151823,3.1254838,0.02633924870300275,0.02633924870300275,0.8356829905158718
3.151817,3.1254838,0.0263332487030028,0.0263332487030028,0.8354942149930439
0.080241,0.0539138,0.026327201816797263,0.026327201816797263,32.810161618109326
0.080224,0.0539138,0.02631020181679726,0.02631020181679726,32.795923643799036
0.080224,0.0539138,0.02631020181679726,0.02631020181679726,32.795923643799036
0.080216,0.0539138,0.026302201816797252,0.026302201816797252,32.789221332412524
0.080216,0.0539138,0.026302201816797252,0.026302201816797252,32.789221332412524
3.151776,3.1254838,0.02629224870300284,0.02629224870300284,0.8342042296841095
0.080206,0.0539138,0.026292201816797256,0.026292201816797256,32.7808415629958
0.080204,0.0539138,0.026290201816797254,0.026290201816797254,32.779165358358796
0.080202,0.0539138,0.026288201816797252,0.026288201816797252,32.77748907012265
0.080198,0.0539138,0.026284201816797262,0.026284201816797262,32.77413624282791
0.080195,0.0539138,0.02628120181679726,0.02628120181679726,32.77162140286257
0.080189,0.0539138,0.026275201816797253,0.026275201816797253,32.76659115842655
0.080185,0.0539138,0.026271201816797263,0.026271201816797263,32.763237243915974
0.080179,0.0539138,0.026265201816797257,0.026265201816797257,32.75820574469506
0.080179,0.0539138,0.026265201816797257,0.026265201816797257,32.75820574469506
0.080165,0.0539138,0.026251201816797257,0.026251201816797257,32.74646265084613
0.202702,0.17645334,0.026248662926673882,0.026248662926673882,12.949385261972992
0.080157,0.0539138,0.026243201816797262,0.026243201816797262,32.73975046977496
0.080151,0.0539138,0.026237201816797256,0.026237201816797256,32.73471545465752
8.426673,8.40044,0.026232783935546067,0.026232783935546067,0.31130653741084724
0.080146,0.0539138,0.02623220181679725,0.02623220181679725,32.73051903284847
0.080128,0.0539138,0.02621420181679726,0.02621420181679726,32.71540757797755
0.202663,0.17645334,0.0262096629266739,0.0262096629266739,12.932633442582645
8.426644,8.40044,0.026203783935546454,0.026203783935546454,0.31096346226606336
0.256728,0.282931,-0.026202999994277942,0.026202999994277942,10.20652207163668
8.426638,8.40044,0.026197783935547392,0.026197783935547392,0.310892480906816
8.426635,8.40044,0.026194783935546084,0.026194783935546084,0.3108569901892657
8.426628,8.40044,0.026187783935545994,0.026187783935545994,0.310774178416743
0.202641,0.17645334,0.026187662926673877,0.026187662926673877,12.92318085370221
0.256744,0.282931,-0.026186999994277926,0.026186999994277926,10.199654123982748
8.426595,8.40044,0.0261547839355476,0.0261547839355476,0.31038377820741603
0.202607,0.17645334,0.0261536629266739,0.0261536629266739,12.908568269489864
8.426593,8.40044,0.02615278393554732,0.02615278393554732,0.3103601174903897
0.202596,0.17645334,0.026142662926673887,0.026142662926673887,12.903839618635141
0.202587,0.17645334,0.02613366292667388,0.02613366292667388,12.899970340532171
0.202583,0.17645334,0.026129662926673902,0.026129662926673902,12.898250551021384
0.202574,0.17645334,0.026120662926673893,0.026120662926673893,12.894380776298789
0.202568,0.17645334,0.026114662926673887,0.026114662926673887,12.891800735447893
0.202567,0.17645334,0.026113662926673886,0.026113662926673886,12.891370713779892
3.151596,3.1254838,0.026112248703002994,0.026112248703002994,0.8285404824150827
0.202565,0.17645334,0.026111662926673884,0.026111662926673884,12.8905106577066
0.202563,0.17645334,0.026109662926673882,0.026109662926673882,12.889650584649829
0.202553,0.17645334,0.0260996629266739,0.0260996629266739,12.885349964596205
0.202553,0.17645334,0.0260996629266739,0.0260996629266739,12.885349964596205
0.202553,0.17645334,0.0260996629266739,0.0260996629266739,12.885349964596205
0.202547,0.17645334,0.026093662926673894,0.026093662926673894,12.882769388730084
0.202542,0.17645334,0.02608866292667389,0.02608866292667389,12.880618792049683
0.202538,0.17645334,0.026084662926673885,0.026084662926673885,12.878898238254049
0.202531,0.17645334,0.026077662926673878,0.026077662926673878,12.875887105577908
0.202528,0.17645334,0.026074662926673903,0.026074662926673903,12.874596556426422
8.426513,8.40044,0.026072783935546795,0.026072783935546795,0.30941367959958505
0.202524,0.17645334,0.0260706629266739,0.0260706629266739,12.872875764749372
0.202522,0.17645334,0.026068662926673897,0.026068662926673897,12.87201534342041
0.202522,0.17645334,0.026068662926673897,0.026068662926673897,12.87201534342041
0.202521,0.17645334,0.026067662926673896,0.026067662926673896,12.871585126383096
0.20252,0.17645334,0.026066662926673895,0.026066662926673895,12.871154905097146
0.202519,0.17645334,0.026065662926673894,0.026065662926673894,12.870724679562496
0.202513,0.17645334,0.026059662926673888,0.026059662926673888,12.868143237128354
0.20251,0.17645334,0.026056662926673885,0.026056662926673885,12.866852458548731
0.202509,0.17645334,0.026055662926673884,0.026055662926673884,12.866422190523613
0.202509,0.17645334,0.026055662926673884,0.026055662926673884,12.866422190523613
0.202506,0.17645334,0.02605266292667388,0.02605266292667388,12.86513136095165
0.202506,0.17645334,0.02605266292667388,0.02605266292667388,12.86513136095165
0.202504,0.17645334,0.02605066292667388,0.02605066292667388,12.864270786655874
0.202498,0.17645334,0.0260446629266739,0.0260446629266739,12.861688961773554
0.202495,0.17645334,0.026041662926673897,0.026041662926673897,12.860397991957084
0.20248,0.17645334,0.026026662926673882,0.026026662926673882,12.853942569053704
0.202475,0.17645334,0.026021662926673877,0.026021662926673877,12.851790548868792
0.202473,0.17645334,0.026019662926673875,0.026019662926673875,12.850929711034532
0.202471,0.17645334,0.0260176629266739,0.0260176629266739,12.85006885619364
0.20247,0.17645334,0.0260166629266739,0.0260166629266739,12.849638422395545
0.202461,0.17645334,0.02600766292667389,0.02600766292667389,12.845764326871903
0.20246,0.17645334,0.02600666292667389,0.02600666292667389,12.845333850552482
3.151468,3.1254838,0.025984248703002866,0.025984248703002866,0.8245125351797434
0.256948,0.282931,-0.025982999994277944,0.025982999994277944,10.112162766071648
0.202435,0.17645334,0.025981662926673893,0.025981662926673893,12.83457056034743
8.426409,8.40044,0.02596878393554647,0.02596878393554647,0.30818328347506374
0.256983,0.282931,-0.025947999994277937,0.025947999994277937,10.097165954238516
0.20239,0.17645334,0.025936662926673876,0.025936662926673876,12.81518993718004
7.491459,7.4655404,0.025918590911865103,0.025918590911865103,0.3459752087212802
8.426344,8.40044,0.025903783935547153,0.025903783935547153,0.3074142704741195
8.426341,8.40044,0.025900783935547622,0.025900783935547622,0.3073787772799634
7.491405,7.4655404,0.025864590911865548,0.025864590911865548,0.34525687653411197
8.42629,8.40044,0.02584978393554671,0.02584978393554671,0.30677538911240815
0.202299,0.17645334,0.025845662926673896,0.025845662926673896,12.77597166268638
0.202244,0.17645334,0.025790662926673896,0.025790662926673896,12.7522511985135
0.257149,0.282931,-0.025781999994277938,0.025781999994277938,10.026093814967913
0.257154,0.282931,-0.02577699999427796,0.02577699999427796,10.023954511403286
0.202229,0.17645334,0.02577566292667388,0.02577566292667388,12.745779741742332
0.257156,0.282931,-0.02577499999427796,0.02577499999427796,10.023098813270877
8.426199,8.40044,0.025758783935547314,0.025758783935547314,0.30569873717961815
0.257185,0.282931,-0.025745999994277957,0.025745999994277957,10.010692685913744
0.202196,0.17645334,0.025742662926673876,0.025742662926673876,12.731539157027012
0.202193,0.17645334,0.0257396629266739,0.0257396629266739,12.730244327916227
0.202189,0.17645334,0.025735662926673897,0.025735662926673897,12.728517829330666
0.202189,0.17645334,0.025735662926673897,0.025735662926673897,12.728517829330666
0.151878,0.17761213,-0.02573412587356566,0.02573412587356566,16.943945704197915
8.426174,8.40044,0.025733783935546484,0.025733783935546484,0.30540294960964587
0.202166,0.17645334,0.0257126629266739,0.0257126629266739,12.718589136627974
0.202151,0.17645334,0.025697662926673887,0.025697662926673887,12.712112685053139
0.469406,0.49510303,-0.025697031396865855,0.025697031396865855,5.474372162135014
0.257235,0.282931,-0.025695999994277963,0.025695999994277963,9.989309380250997
0.202139,0.17645334,0.025685662926673902,0.025685662926673902,12.706930831738045
0.257246,0.282931,-0.02568499999427798,0.02568499999427798,9.984606168528714
0.202138,0.17645334,0.0256846629266739,0.0256846629266739,12.706498982856958
0.257252,0.282931,-0.025678999994277973,0.025678999994277973,9.982040949845263
0.202119,0.17645334,0.025665662926673882,0.025665662926673882,12.698293042205627
0.202109,0.17645334,0.0256556629266739,0.0256556629266739,12.693973506365339
0.257277,0.282931,-0.025653999994277976,0.025653999994277976,9.97135382653973
0.202107,0.17645334,0.025653662926673898,0.025653662926673898,12.693109547903234
0.202102,0.17645334,0.025648662926673893,0.025648662926673893,12.690949576937854
0.202085,0.17645334,0.025631662926673876,0.025631662926673876,12.683604876161155
0.257303,0.282931,-0.02562799999427795,0.02562799999427795,9.96024142132727
0.469507,0.49510303,-0.025596031396865837,0.025596031396865837,5.451682592893004
0.469516,0.49510303,-0.025587031396865856,0.025587031396865856,5.449661223774311
8.42597,8.40044,0.02552978393554639,0.02552978393554639,0.3029892574414981
8.425951,8.40044,0.0255107839355464,0.0255107839355464,0.30276444682913106
8.425905,8.40044,0.025464783935547075,0.025464783935547075,0.3022201643057316
0.20189,0.17645334,0.025436662926673875,0.025436662926673875,12.599268370931997
0.201886,0.17645334,0.0254326629266739,0.0254326629266739,12.597536686088368
0.20187,0.17645334,0.025416662926673883,0.025416662926673883,12.59060926045637
0.201867,0.17645334,0.02541366292667388,0.02541366292667388,12.589310245896836
0.201864,0.17645334,0.025410662926673877,0.025410662926673877,12.58801119272672
0.201855,0.17645334,0.025401662926673896,0.025401662926673896,12.584113801535645
8.425836,8.40044,0.0253957839355472,0.0253957839355472,0.3014037293776641
0.201847,0.17645334,0.025393662926673888,0.025393662926673888,12.580649162035224
0.201842,0.17645334,0.025388662926673883,0.025388662926673883,12.578483622880965
0.201842,0.17645334,0.025388662926673883,0.025388662926673883,12.578483622880965
0.201839,0.17645334,0.02538566292667388,0.02538566292667388,12.57718424788901
8.425825,8.40044,0.02538478393554655,0.02538478393554655,0.3012735718489914
0.201833,0.17645334,0.0253796629266739,0.0253796629266739,12.574585382023413
0.201831,0.17645334,0.0253776629266739,0.0253776629266739,12.573719059064356
8.425816,8.40044,0.02537578393554618,0.02537578393554618,0.3011670790727571
0.201829,0.17645334,0.025375662926673898,0.025375662926673898,12.572852718935854
0.201824,0.17645334,0.025370662926673893,0.025370662926673893,12.570686793494929
0.201823,0.17645334,0.02536966292667389,0.02536966292667389,12.570253595528575
0.201822,0.17645334,0.02536866292667389,0.02536866292667389,12.569820393269351
0.201815,0.17645334,0.025361662926673884,0.025361662926673884,12.566787857249013
0.201809,0.17645334,0.025355662926673878,0.025355662926673878,12.564188373219078
8.425795,8.40044,0.025354783935547687,0.025354783935547687,0.30091859504351537
0.201804,0.17645334,0.0253506629266739,0.0253506629266739,12.562022018449523
0.2018,0.17645334,0.025346662926673896,0.025346662926673896,12.560288857340737
0.201799,0.17645334,0.025345662926673895,0.025345662926673895,12.55985555632785
0.201794,0.17645334,0.02534066292667389,0.02534066292667389,12.557688986846092
0.201793,0.17645334,0.02533966292667389,0.02533966292667389,12.557255660065827
0.201792,0.17645334,0.02533866292667389,0.02533866292667389,12.556822328990775
0.201792,0.17645334,0.02533866292667389,0.02533866292667389,12.556822328990775
0.201788,0.17645334,0.025334662926673884,0.025334662926673884,12.55508896174143
0.201784,0.17645334,0.02533066292667388,0.02533066292667388,12.55335552577039
0.201783,0.17645334,0.02532966292667388,0.02532966292667388,12.552922156039386
0.201782,0.17645334,0.02532866292667388,0.02532866292667388,12.552488782012961
8.425768,8.40044,0.025327783935546577,0.025327783935546577,0.3005991137572976
8.425768,8.40044,0.025327783935546577,0.025327783935546577,0.3005991137572976
0.20178,0.17645334,0.025326662926673876,0.025326662926673876,12.551622021073571
0.201777,0.17645334,0.0253236629266739,0.0253236629266739,12.550321847447222
0.20177,0.17645334,0.025316662926673894,0.025316662926673894,12.547287958629433
0.20177,0.17645334,0.025316662926673894,0.025316662926673894,12.547287958629433
0.201763,0.17645334,0.025309662926673887,0.025309662926673887,12.544253859295129
8.425745,8.40044,0.025304783935546027,0.025304783935546027,0.30032696141701065
0.201756,0.17645334,0.02530266292667388,0.02530266292667388,12.541219549422403
0.152323,0.17761213,-0.025289125873565688,0.025289125873565688,16.602302906956524
8.425727,8.40044,0.025286783935547064,0.025286783935547064,0.3001139715925635
8.425717,8.40044,0.025276783935547442,0.025276783935547442,0.29999564351909097
8.425681,8.40044,0.02524078393554774,0.02524078393554774,0.299569660128934
8.425657,8.40044,0.02521678393554616,0.02521678393554616,0.2992856691798263
8.425641,8.40044,0.025200783935547477,0.025200783935547477,0.29909634098163423
0.152414,0.17761213,-0.02519812587356568,0.02519812587356568,16.53268456771228
8.425638,8.40044,0.02519778393554617,0.02519778393554617,0.29906084186440374
8.425634,8.40044,0.025193783935547387,0.025193783935547387,0.29901350966880796
3.150643,3.1254838,0.025159248703003012,0.025159248703003012,0.7985433037701977
0.257776,0.282931,-0.02515499999427795,0.02515499999427795,9.75847246621853
8.425565,8.40044,0.025124783935547512,0.025124783935547512,0.29819702222046013
8.425543,8.40044,0.025102783935546213,0.025102783935546213,0.2979366900774025
0.257831,0.282931,-0.025099999994277977,0.025099999994277977,9.735059005528008
8.425524,8.40044,0.025083783935546222,0.025083783935546222,0.2977118566779765
8.425501,8.40044,0.025060783935547448,0.025060783935547448,0.29743968857460235
0.47006,0.49510303,-0.025043031396865867,0.025043031396865867,5.327624429123568
8.425483,8.40044,0.02504278393554671,0.02504278393554671,0.2972266864136986
8.425456,8.40044,0.025015783935547375,0.025015783935547375,0.2969071814659108
8.425433,8.40044,0.024992783935546825,0.024992783935546825,0.29663500896927425
8.425431,8.40044,0.024990783935546546,0.024990783935546546,0.29661134172542547
8.425428,8.40044,0.024987783935547014,0.024987783935547014,0.29657584083859523
8.425404,8.40044,0.024963783935547212,0.024963783935547212,0.29629183283378363
0.257978,0.282931,-0.02495299999427797,0.02495299999427797,9.672530209787439
8.425382,8.40044,0.02494178393554769,0.02494178393554769,0.2960314907413297
8.425375,8.40044,0.0249347839355476,0.0249347839355476,0.29594865433588
8.425341,8.40044,0.0249007839355464,0.0249007839355464,0.29554630412289373
8.425323,8.40044,0.024882783935547437,0.024882783935547437,0.29533329387196317
8.425316,8.40044,0.024875783935547346,0.024875783935547346,0.2952504563063521
8.425304,8.40044,0.024863783935547445,0.024863783935547445,0.29510844873077974
0.47029,0.49510303,-0.02481303139686586,0.02481303139686586,5.276112907267802
8.425252,8.40044,0.024811783935547282,0.024811783935547282,0.2944930778955073
8.425249,8.40044,0.02480878393554775,0.02480878393554775,0.29445757550018153
8.425224,8.40044,0.02478378393554692,0.02478378393554692,0.29416172122251893
8.425206,8.40044,0.024765783935546182,0.024765783935546182,0.29394870505542814
8.425159,8.40044,0.024718783935547606,0.024718783935547606,0.29339249188358596
0.152964,0.17761213,-0.024648125873565685,0.024648125873565685,16.113677634902334
8.425076,8.40044,0.02463578393554755,0.02463578393554755,0.2924102279345034
0.15303,0.17761213,-0.024582125873565674,0.024582125873565674,16.063599201138388
8.425009,8.40044,0.02456878393554618,0.02456878393554618,0.2916173019548651
8.424974,8.40044,0.024533783935547504,0.024533783935547504,0.2912030818760544
0.153082,0.17761213,-0.024530125873565678,0.024530125873565678,16.024173879059266
0.153083,0.17761213,-0.024529125873565677,0.024529125873565677,16.023415962283377
8.424961,8.40044,0.024520783935546575,0.024520783935546575,0.2910492278273517
8.42496,8.40044,0.024519783935547323,0.024519783935547323,0.29103739288087166
0.153095,0.17761213,-0.024517125873565665,0.024517125873565665,16.014321733271068
0.470601,0.49510303,-0.024502031396865853,0.024502031396865853,5.2065404433180795
8.424906,8.40044,0.02446578393554688,0.02446578393554688,0.2903983015983381
8.424905,8.40044,0.02446478393554763,0.02446478393554763,0.2903864664973343
8.424901,8.40044,0.02446078393554707,0.02446078393554707,0.2903391260651814
8.424888,8.40044,0.02444778393554614,0.02444778393554614,0.290185269350239
8.4248,8.40044,0.024359783935546275,0.024359783935546275,0.28914376525563973
8.424787,8.40044,0.024346783935547123,0.024346783935547123,0.2889899048516969
8.42474,8.40044,0.02429978393554677,0.02429978393554677,0.2884336363526748
8.424736,8.40044,0.02429578393554621,0.02429578393554621,0.2883862940661622
8.424717,8.40044,0.02427678393554622,0.02427678393554622,0.28816141759133346
8.424713,8.40044,0.024272783935547437,0.024272783935547437,0.2881140750463467
8.424682,8.40044,0.024241783935547545,0.024241783935547545,0.2877471687982976
8.424655,8.40044,0.024214783935546436,0.024214783935546436,0.2874276030918656
8.424647,8.40044,0.024206783935547094,0.024206783935547094,0.2873329165632668
0.470948,0.49510303,-0.024155031396865867,0.024155031396865867,5.129023032635629
8.424545,8.40044,0.024104783935547047,0.024104783935547047,0.28612564756032427
0.153537,0.17761213,-0.024075125873565667,0.024075125873565667,15.680341453776824
8.424513,8.40044,0.024072783935546127,0.024072783935546127,0.2857468904761662
8.424495,8.40044,0.024054783935547164,0.024054783935547164,0.28553383835187307
8.424473,8.40044,0.02403278393554764,0.02403278393554764,0.28527344007467725
8.424413,8.40044,0.02397278393554636,0.02397278393554636,0.2845632560424305
8.424412,8.40044,0.02397178393554711,0.02397178393554711,0.2845514195561964
8.424387,8.40044,0.02394678393554628,0.02394678393554628,0.28425550648684617
0.471182,0.49510303,-0.023921031396865855,0.023921031396865855,5.076813501319881
0.153719,0.17761213,-0.02389312587356568,0.02389312587356568,15.543378409970336
8.42433,8.40044,0.023889783935546305,0.023889783935546305,0.28358081812159214
17.317999,17.341875,-0.023876076293944948,0.023876076293944948,0.13786856260822675
0.471257,0.49510303,-0.023846031396865863,0.023846031396865863,5.060090649434549
8.424284,8.40044,0.02384378393554698,0.02384378393554698,0.28303632611702007
0.259116,0.282931,-0.02381499999427794,0.02381499999427794,9.190864317559345
8.424255,8.40044,0.023814783935547368,0.023814783935547368,0.2826930563624282
8.424227,8.40044,0.023786783935547007,0.023786783935547007,0.28236162125337605
8.424221,8.40044,0.023780783935546168,0.023780783935546168,0.28229059915764176
8.424188,8.40044,0.023747783935545996,0.023747783935545996,0.28189997582276294
8.424096,8.40044,0.023655783935547348,0.023655783935547348,0.2808109491542658
8.424079,8.40044,0.023638783935547636,0.023638783935547636,0.28060971336174584
8.424069,8.40044,0.023628783935546238,0.023628783935546238,0.28049133898672657
0.154011,0.17761213,-0.023601125873565665,0.023601125873565665,15.324311807754867
0.154114,0.17761213,-0.023498125873565673,0.023498125873565673,15.24723636938788
8.42391,8.40044,0.023469783935546218,0.023469783935546218,0.2786091486645466
8.423898,8.40044,0.023457783935546317,0.023457783935546317,0.27846709368118955
0.362228,0.38567418,-0.023446178600311285,0.023446178600311285,6.472768144328576
0.36225,0.38567418,-0.023424178600311263,0.023424178600311263,6.466301889260167
0.362254,0.38567418,-0.02342017860031126,0.02342017860031126,6.465126290902552
0.362258,0.38567418,-0.023416178600311255,0.023416178600311255,6.463950718506507
0.362258,0.38567418,-0.023416178600311255,0.023416178600311255,6.463950718506507
0.259521,0.282931,-0.023409999994277952,0.023409999994277952,9.020464619532712
0.362285,0.38567418,-0.023389178600311256,0.023389178600311256,6.456016283824955
0.362289,0.38567418,-0.02338517860031125,0.02338517860031125,6.454840912601931
0.362293,0.38567418,-0.023381178600311303,0.023381178600311303,6.453665567332971
0.362297,0.38567418,-0.0233771786003113,0.0233771786003113,6.452490248017181
0.362304,0.38567418,-0.023370178600311264,0.023370178600311264,6.450433501661817
0.362306,0.38567418,-0.023368178600311262,0.023368178600311262,6.449845874443541
0.362312,0.38567418,-0.023362178600311256,0.023362178600311256,6.448083031713874
0.362316,0.38567418,-0.023358178600311252,0.023358178600311252,6.44690783566399
0.36232,0.38567418,-0.023354178600311304,0.023354178600311304,6.4457326655623675
0.36232,0.38567418,-0.023354178600311304,0.023354178600311304,6.4457326655623675
0.36232,0.38567418,-0.023354178600311304,0.023354178600311304,6.4457326655623675
0.362322,0.38567418,-0.023352178600311302,0.023352178600311302,6.445145090241873
0.362322,0.38567418,-0.023352178600311302,0.023352178600311302,6.445145090241873
0.362328,0.38567418,-0.023346178600311296,0.023346178600311296,6.443382403200391
0.362328,0.38567418,-0.023346178600311296,0.023346178600311296,6.443382403200391
0.362328,0.38567418,-0.023346178600311296,0.023346178600311296,6.443382403200391
8.423786,8.40044,0.02334578393554665,0.02334578393554665,0.27714122765309457
0.36233,0.38567418,-0.023344178600311294,0.023344178600311294,6.442794853826209
0.362332,0.38567418,-0.023342178600311292,0.023342178600311292,6.442207310938334
0.362332,0.38567418,-0.023342178600311292,0.023342178600311292,6.442207310938334
0.362334,0.38567418,-0.02334017860031129,0.02334017860031129,6.441619774536663
0.362336,0.38567418,-0.023338178600311288,0.023338178600311288,6.441032244621085
0.362338,0.38567418,-0.023336178600311286,0.023336178600311286,6.440444721191496
0.362344,0.38567418,-0.02333017860031128,0.02333017860031128,6.438682189817575
0.362346,0.38567418,-0.023328178600311278,0.023328178600311278,6.4380946923308615
0.362349,0.38567418,-0.023325178600311303,0.023325178600311303,6.437213458260984
0.362351,0.38567418,-0.0233231786003113,0.0233231786003113,6.436625976987694
0.362353,0.38567418,-0.0233211786003113,0.0233211786003113,6.436038502199584
0.362365,0.38567418,-0.023309178600311287,0.023309178600311287,6.432513789653739
0.362367,0.38567418,-0.023307178600311285,0.023307178600311285,6.431926360258896
0.362371,0.38567418,-0.02330317860031128,0.02330317860031128,6.430751520922073
0.362377,0.38567418,-0.023297178600311275,0.023297178600311275,6.428989310547381
0.362377,0.38567418,-0.023297178600311275,0.023297178600311275,6.428989310547381
0.362379,0.38567418,-0.023295178600311273,0.023295178600311273,6.428401920056865
0.362381,0.38567418,-0.02329317860031127,0.02329317860031127,6.427814536050029
0.362381,0.38567418,-0.02329317860031127,0.02329317860031127,6.427814536050029
0.362386,0.38567418,-0.023288178600311293,0.023288178600311293,6.426346104398334
0.362392,0.38567418,-0.023282178600311287,0.023282178600311287,6.424584039903393
0.3624,0.38567418,-0.02327417860031128,0.02327417860031128,6.422234711338036
0.362408,0.38567418,-0.02326617860031127,0.02326617860031127,6.419885486493506
0.362414,0.38567418,-0.023260178600311265,0.023260178600311265,6.418123635922768
0.362416,0.38567418,-0.023258178600311263,0.023258178600311263,6.417536365362933
0.362449,0.38567418,-0.023225178600311258,0.023225178600311258,6.407847336840054
0.362449,0.38567418,-0.023225178600311258,0.023225178600311258,6.407847336840054
8.423658,8.40044,0.02321778393554652,0.02321778393554652,0.27562590902041484
0.362457,0.38567418,-0.023217178600311306,0.023217178600311306,6.405498747135745
0.362463,0.38567418,-0.0232111786003113,0.0232111786003113,6.403737372892561
0.362484,0.38567418,-0.023190178600311306,0.023190178600311306,6.397573022233735
7.48872,7.4655404,0.023179590911865056,0.023179590911865056,0.3095267403715926
0.362498,0.38567418,-0.023176178600311292,0.023176178600311292,6.393463851915826
0.362516,0.38567418,-0.023158178600311274,0.023158178600311274,6.388181099295781
8.423591,8.40044,0.023150783935546926,0.023150783935546926,0.2748327160622126
0.362549,0.38567418,-0.02312517860031127,0.02312517860031127,6.378497415227395
0.362552,0.38567418,-0.023122178600311294,0.023122178600311294,6.37761716772592
0.362558,0.38567418,-0.023116178600311288,0.023116178600311288,6.375856716424802
0.36256,0.38567418,-0.023114178600311286,0.023114178600311286,6.375269912272731
0.471995,0.49510303,-0.023108031396865847,0.023108031396865847,4.8958212252184925
0.259846,0.282931,-0.023084999994277933,0.023084999994277933,8.884108273898317
8.423512,8.40044,0.02307178393554743,0.02307178393554743,0.2738974424832959
0.472102,0.49510303,-0.023001031396865823,0.023001031396865823,4.872047013567784
0.259942,0.282931,-0.022988999994277948,0.022988999994277948,8.84389594041519
0.260042,0.282931,-0.02288899999427796,0.02288899999427796,8.80203966492948
0.472265,0.49510303,-0.022838031396865854,0.022838031396865854,4.835850929463332
0.472302,0.49510303,-0.022801031396865845,0.022801031396865845,4.827638119685753
0.472423,0.49510303,-0.022680031396865863,0.022680031396865863,4.80078899462242
0.472431,0.49510303,-0.022672031396865855,0.022672031396865855,4.799014330572473
8.42309,8.40044,0.022649783935547063,0.022649783935547063,0.2689011269650231
0.472486,0.49510303,-0.022617031396865828,0.022617031396865828,4.786815142052677
0.363113,0.38567418,-0.02256117860031126,0.02256117860031126,6.213266557269498
0.472746,0.49510303,-0.022357031396865845,0.022357031396865845,4.72918467678979
0.472759,0.49510303,-0.02234403139686586,0.02234403139686586,4.726304817494655
0.260745,0.282931,-0.02218599999427795,0.02218599999427795,8.508696230328196
0.472929,0.49510303,-0.022174031396865856,0.022174031396865856,4.688659691449921
0.261146,0.282931,-0.021784999994277965,0.021784999994277965,8.342076840516755
39.106226,39.084503,0.021722826171874487,0.021722826171874487,0.05554825508301143
4.648849,4.670134,-0.02128506753540016,0.02128506753540016,0.45785671969432223
0.167643,0.14658009,0.021062914841651903,0.021062914841651903,12.564148117778707
17.320987,17.341875,-0.02088807629394651,0.02088807629394651,0.12059403020062265
0.16734,0.14658009,0.020759914841651905,0.020759914841651905,12.405829346985824
0.262262,0.282931,-0.02066899999427796,0.02066899999427796,7.881050242275628
0.16724,0.14658009,0.020659914841651916,0.020659914841651916,12.353453019193052
0.167033,0.14658009,0.020452914841651904,0.020452914841651904,12.244834750861848
0.167029,0.14658009,0.020448914841651927,0.020448914841651927,12.242733195678111
0.167012,0.14658009,0.02043191484165191,0.02043191484165191,12.23380046309134
7.485967,7.4655404,0.020426590911864828,0.020426590911864828,0.27286509427027883
0.166992,0.14658009,0.020411914841651918,0.020411914841651918,12.223289037456063
0.16699,0.14658009,0.020409914841651916,0.020409914841651916,12.22223775641037
0.166976,0.14658009,0.02039591484165193,0.02039591484165193,12.214878083938439
0.166969,0.14658009,0.020388914841651923,0.020388914841651923,12.211197784882657
0.166945,0.14658009,0.020364914841651927,0.020364914841651927,12.198577273625054
0.166934,0.14658009,0.020353914841651916,0.020353914841651916,12.19279165985307
0.166898,0.14658009,0.020317914841651907,0.020317914841651907,12.173851591677586
0.166896,0.14658009,0.020315914841651905,0.020315914841651905,12.172799126089965
0.166889,0.14658009,0.020308914841651926,0.020308914841651926,12.16911529788231
0.166883,0.14658009,0.02030291484165192,0.02030291484165192,12.165957484876207
0.166877,0.14658009,0.020296914841651914,0.020296914841651914,12.162799444794139
0.166869,0.14658009,0.020288914841651906,0.020288914841651906,12.158588371413096
0.166863,0.14658009,0.020282914841651928,0.020282914841651928,12.155429801391858
0.166861,0.14658009,0.020280914841651926,0.020280914841651926,12.154376894239844
0.166859,0.14658009,0.020278914841651924,0.020278914841651924,12.153323961847187
0.166855,0.14658009,0.02027491484165192,0.02027491484165192,12.15121802133631
0.166853,0.14658009,0.020272914841651918,0.020272914841651918,12.150165013216276
0.166851,0.14658009,0.020270914841651916,0.020270914841651916,12.149111979851964
0.166849,0.14658009,0.020268914841651914,0.020268914841651914,12.148058921242473
0.166842,0.14658009,0.020261914841651907,0.020261914841651907,12.14437301729033
0.166842,0.14658009,0.020261914841651907,0.020261914841651907,12.14437301729033
0.16683,0.14658009,0.020249914841651923,0.020249914841651923,12.13805360517525
0.16683,0.14658009,0.020249914841651923,0.020249914841651923,12.13805360517525
0.16683,0.14658009,0.020249914841651923,0.020249914841651923,12.13805360517525
0.166828,0.14658009,0.02024791484165192,0.02024791484165192,12.13700028143652
0.166822,0.14658009,0.020241914841651915,0.020241914841651915,12.13384015868295
0.166818,0.14658009,0.02023791484165191,0.02023791484165191,12.131733283890334
0.166816,0.14658009,0.02023591484165191,0.02023591484165191,12.130679808604228
0.166793,0.14658009,0.020212914841651913,0.020212914841651913,12.118563026945585
0.166787,0.14658009,0.020206914841651907,0.020206914841651907,12.115401577782745
0.166787,0.14658009,0.020206914841651907,0.020206914841651907,12.115401577782745
0.166781,0.14658009,0.02020091484165193,0.02020091484165193,12.112239901151622
0.166775,0.14658009,0.020194914841651923,0.020194914841651923,12.109077997027638
0.166771,0.14658009,0.02019091484165192,0.02019091484165192,12.10696993454794
0.166769,0.14658009,0.020188914841651917,0.020188914841651917,12.105915865386253
0.166765,0.14658009,0.020184914841651913,0.020184914841651913,12.103807651214646
0.166764,0.14658009,0.020183914841651912,0.020183914841651912,12.103280581869367
0.166762,0.14658009,0.02018191484165191,0.02018191484165191,12.102226424215159
0.16676,0.14658009,0.020179914841651908,0.020179914841651908,12.101172241275329
0.166758,0.14658009,0.020177914841651906,0.020177914841651906,12.100118033048963
0.166754,0.14658009,0.02017391484165193,0.02017391484165193,12.098009540733006
0.16675,0.14658009,0.020169914841651926,0.020169914841651926,12.095900947259985
0.166738,0.14658009,0.020157914841651914,0.020157914841651914,12.089574559825799
0.166732,0.14658009,0.020151914841651908,0.020151914841651908,12.086411024617648
0.166726,0.14658009,0.02014591484165193,0.02014591484165193,12.083247261716037
0.166699,0.14658009,0.02011891484165193,0.02011891484165193,12.069007510292755
0.166693,0.14658009,0.020112914841651924,0.020112914841651924,12.065842494637495
0.166658,0.14658009,0.020077914841651917,0.020077914841651917,12.04737536128151
0.166636,0.14658009,0.020055914841651923,0.020055914841651923,12.035763478249692
0.262996,0.282931,-0.019934999994277947,0.019934999994277947,7.579963188298675
0.166474,0.14658009,0.019893914841651927,0.019893914841651927,11.950163286580343
17.361574,17.341875,0.019698923706055638,0.019698923706055638,0.11346277535632526
0.166246,0.14658009,0.01966591484165192,0.01966591484165192,11.829406319443784
17.361417,17.341875,0.01954192370605412,0.01954192370605412,0.1125594973379279
0.165954,0.14658009,0.019373914841651907,0.019373914841651907,11.674268068246404
0.165929,0.14658009,0.01934891484165191,0.01934891484165191,11.66096030831919
4.650791,4.670134,-0.019343067535400493,0.019343067535400493,0.415909197703887
0.165923,0.14658009,0.019342914841651904,0.019342914841651904,11.657765849215682
0.165919,0.14658009,0.019338914841651927,0.019338914841651927,11.6556360814592
0.165917,0.14658009,0.019336914841651925,0.019336914841651925,11.654571159071917
0.165905,0.14658009,0.019324914841651913,0.019324914841651913,11.648181085563262
0.165894,0.14658009,0.01931391484165193,0.01931391484165193,11.642322706071107
0.165882,0.14658009,0.019301914841651918,0.019301914841651918,11.63593086050083
0.165853,0.14658009,0.019272914841651917,0.019272914841651917,11.620480081778101
0.165851,0.14658009,0.019270914841651915,0.019270914841651915,11.619414311660767
0.165849,0.14658009,0.019268914841651913,0.019268914841651913,11.618348515838843
0.165841,0.14658009,0.019260914841651905,0.019260914841651905,11.614085075486653
0.165841,0.14658009,0.019260914841651905,0.019260914841651905,11.614085075486653
0.165839,0.14658009,0.019258914841651903,0.019258914841651903,11.613019151127832
0.165837,0.14658009,0.01925691484165193,0.01925691484165193,11.611953201058856
0.165831,0.14658009,0.019250914841651923,0.019250914841651923,11.608755196581559
0.16582,0.14658009,0.01923991484165191,0.01923991484165191,11.60289158729286
0.16582,0.14658009,0.01923991484165191,0.01923991484165191,11.60289158729286
0.165818,0.14658009,0.01923791484165191,0.01923791484165191,11.601825392930856
0.165816,0.14658009,0.019235914841651908,0.019235914841651908,11.60075917284891
0.165808,0.14658009,0.019227914841651927,0.019227914841651927,11.59649403530314
0.165806,0.14658009,0.019225914841651925,0.019225914841651925,11.595427686607538
0.165794,0.14658009,0.019213914841651913,0.019213914841651913,11.589029054165339
0.165792,0.14658009,0.01921191484165191,0.01921191484165191,11.587962525371518
0.16579,0.14658009,0.01920991484165191,0.01920991484165191,11.586895970845656
0.165788,0.14658009,0.019207914841651907,0.019207914841651907,11.58582939058682
0.165788,0.14658009,0.019207914841651907,0.019207914841651907,11.58582939058682
0.165788,0.14658009,0.019207914841651907,0.019207914841651907,11.58582939058682
0.165786,0.14658009,0.019205914841651905,0.019205914841651905,11.584762784594082
0.475906,0.49510303,-0.01919703139686585,0.01919703139686585,4.033786376476041
0.165777,0.14658009,0.019196914841651924,0.019196914841651924,11.579962739144731
0.165775,0.14658009,0.019194914841651922,0.019194914841651922,11.578895991598868
0.165771,0.14658009,0.019190914841651918,0.019190914841651918,11.576762419286338
0.165767,0.14658009,0.019186914841651914,0.019186914841651914,11.574628744006517
0.165763,0.14658009,0.01918291484165191,0.01918291484165191,11.572494965751956
0.165763,0.14658009,0.01918291484165191,0.01918291484165191,11.572494965751956
0.165759,0.14658009,0.019178914841651906,0.019178914841651906,11.570361084515197
0.165753,0.14658009,0.019172914841651928,0.019172914841651928,11.567160069552145
0.165753,0.14658009,0.019172914841651928,0.019172914841651928,11.567160069552145
0.16574,0.14658009,0.019159914841651915,0.019159914841651915,11.560223742060872
0.165738,0.14658009,0.019157914841651913,0.019157914841651913,11.559156518174925
0.165734,0.14658009,0.01915391484165191,0.01915391484165191,11.55702199313049
0.165724,0.14658009,0.019143914841651927,0.019143914841651927,11.551685229719437
0.165702,0.14658009,0.019121914841651905,0.019121914841651905,11.539942082842671
0.165698,0.14658009,0.01911791484165193,0.01911791484165193,11.537806630203212
0.165695,0.14658009,0.019114914841651925,0.019114914841651925,11.536204973062384
0.165689,0.14658009,0.01910891484165192,0.01910891484165192,11.533001484781076
0.165683,0.14658009,0.019102914841651913,0.019102914841651913,11.529797764479225
0.165679,0.14658009,0.01909891484165191,0.01909891484165191,11.52766182203191
0.165677,0.14658009,0.019096914841651907,0.019096914841651907,11.526593812131626
0.165675,0.14658009,0.019094914841651905,0.019094914841651905,11.525525776445681
0.165667,0.14658009,0.019086914841651925,0.019086914841651925,11.521253375826609
0.165667,0.14658009,0.019086914841651925,0.019086914841651925,11.521253375826609
0.165663,0.14658009,0.01908291484165192,0.01908291484165192,11.519117020778811
28.577452,28.59653,-0.01907891430663966,0.01907891430663966,0.06676212528175325
0.165646,0.14658009,0.019065914841651904,0.019065914841651904,11.510036360758406
0.165634,0.14658009,0.01905391484165192,0.01905391484165192,11.503625360824646
0.16563,0.14658009,0.019049914841651916,0.019049914841651916,11.50148815441069
7.484478,7.4655404,0.01893759091186542,0.01893759091186542,0.25302487243081473
4.651198,4.670134,-0.018936067535400447,0.018936067535400447,0.40712237008601493
7.484468,7.4655404,0.01892759091186491,0.01892759091186491,0.2528916004666199
4.651256,4.670134,-0.018878067535400334,0.018878067535400334,0.40587031836120097
0.476312,0.49510303,-0.01879103139686583,0.01879103139686583,3.945109800492266
0.47636,0.49510303,-0.01874303139686584,0.01874303139686584,3.9346358621486277
0.476401,0.49510303,-0.018702031396865826,0.018702031396865826,3.9256910445066517
0.264494,0.282931,-0.018436999994277947,0.018436999994277947,6.970668516982342
17.360094,17.341875,0.018218923706054824,0.018218923706054824,0.10494714893796013
17.359948,17.341875,0.018072923706053956,0.018072923706053956,0.10410701521657699
0.477055,0.49510303,-0.018048031396865838,0.018048031396865838,3.7832181599779102
17.359828,17.341875,0.017952923706054946,0.017952923706054946,0.10341648376903004
0.477522,0.49510303,-0.017581031396865843,0.017581031396865843,3.6817217621772653
17.359442,17.341875,0.01756692370605606,0.01756692370605606,0.10119520953470085
0.109375,0.0918553,0.017519697546958923,0.017519697546958923,16.01800917114598
0.109343,0.0918553,0.01748769754695892,0.01748769754695892,15.993431249339682
0.109322,0.0918553,0.017466697546958926,0.017466697546958926,15.977294168586042
0.477674,0.49510303,-0.017429031396865857,0.017429031396865857,3.648729341186066
0.109271,0.0918553,0.017415697546958916,0.017415697546958916,15.9380782925212
0.109255,0.0918553,0.017399697546958928,0.017399697546958928,15.925767727823132
0.109212,0.0918553,0.017356697546958927,0.017356697546958927,15.892665211759022
0.109201,0.0918553,0.01734569754695893,0.01734569754695893,15.884192938777792
0.109199,0.0918553,0.017343697546958928,0.017343697546958928,15.882652342124265
0.109195,0.0918553,0.017339697546958924,0.017339697546958924,15.879570979513122
0.109193,0.0918553,0.017337697546958922,0.017337697546958922,15.878030213549305
0.109165,0.0918553,0.01730969754695892,0.01730969754695892,15.856453562132982
17.359182,17.341875,0.017306923706055244,0.017306923706055244,0.09969895877556642
0.10916,0.0918553,0.017304697546958916,0.017304697546958916,15.852599423879003
0.109154,0.0918553,0.017298697546958924,0.017298697546958924,15.84797399189306
0.109152,0.0918553,0.017296697546958922,0.017296697546958922,15.846432068228241
0.109142,0.0918553,0.017286697546958926,0.017286697546958926,15.838721602243139
0.10914,0.0918553,0.017284697546958924,0.017284697546958924,15.837179339492163
0.109138,0.0918553,0.017282697546958922,0.017282697546958922,15.835637020215954
0.109134,0.0918553,0.017278697546958918,0.017278697546958918,15.832552212075402
0.109122,0.0918553,0.01726669754695892,0.01726669754695892,15.8232964307249
0.109121,0.0918553,0.01726569754695892,0.01726569754695892,15.822525023722653
0.109119,0.0918553,0.017263697546958917,0.017263697546958917,15.820982167301695
17.359135,17.341875,0.017259923706053115,0.017259923706053115,0.09942847789336098
0.109105,0.0918553,0.017249697546958917,0.017249697546958917,15.810180588560321
0.109093,0.0918553,0.01723769754695892,0.01723769754695892,15.800919885930353
0.109087,0.0918553,0.017231697546958927,0.017231697546958927,15.79628877058003
0.109083,0.0918553,0.017227697546958923,0.017227697546958923,15.793201077313352
0.109083,0.0918553,0.017227697546958923,0.017227697546958923,15.793201077313352
0.109081,0.0918553,0.01722569754695892,0.01722569754695892,15.791657145760732
0.109079,0.0918553,0.01722369754695892,0.01722369754695892,15.79011315759111
0.109072,0.0918553,0.017216697546958926,0.017216697546958926,15.784708753093568
0.10907,0.0918553,0.017214697546958924,0.017214697546958924,15.783164510108886
0.109062,0.0918553,0.01720669754695893,0.01720669754695893,15.77698697179764
0.109058,0.0918553,0.017202697546958926,0.017202697546958926,15.77389786277488
0.109052,0.0918553,0.01719669754695892,0.01719669754695892,15.7692637743367
0.109044,0.0918553,0.017188697546958925,0.017188697546958925,15.763084196467336
0.109025,0.0918553,0.01716969754695892,0.01716969754695892,15.74840406439855
0.109021,0.0918553,0.01716569754695893,0.01716569754695893,15.745312858269155
0.109019,0.0918553,0.017163697546958928,0.017163697546958928,15.743767170140217
0.109015,0.0918553,0.017159697546958924,0.017159697546958924,15.740675623738246
0.477947,0.49510303,-0.017156031396865834,0.017156031396865834,3.5895259083698208
0.108999,0.0918553,0.017143697546958922,0.017143697546958922,15.728307169084685
0.108995,0.0918553,0.017139697546958918,0.017139697546958918,15.725214488034961
4.65331,4.670134,-0.01682406753540011,0.01682406753540011,0.36155054219552446
0.478299,0.49510303,-0.01680403139686587,0.01680403139686587,3.5132900953906616
17.358564,17.341875,0.016688923706055903,0.016688923706055903,0.09614230593014354
17.358539,17.341875,0.016663923706055073,0.016663923706055073,0.09599842305829469
0.108511,0.0918553,0.01665569754695892,0.01665569754695892,15.349317149053649
17.358441,17.341875,0.01656592370605381,0.01656592370605381,0.095434398204069
0.10838,0.0918553,0.016524697546958927,0.016524697546958927,15.246999014312538
0.10838,0.0918553,0.016524697546958927,0.016524697546958927,15.246999014312538
0.108374,0.0918553,0.01651869754695892,0.01651869754695892,15.242306763353403
0.108343,0.0918553,0.016487697546958918,0.016487697546958918,15.218055187451766
0.478643,0.49510303,-0.01646003139686586,0.01646003139686586,3.438895250411468
0.108308,0.0918553,0.016452697546958925,0.016452697546958925,15.190657690815328
0.108306,0.0918553,0.016450697546958923,0.016450697546958923,15.189091584741227
0.108272,0.0918553,0.016416697546958917,0.016416697546958917,15.162458929175097
17.358219,17.341875,0.016343923706052976,0.016343923706052976,0.09415668569430322
0.108198,0.0918553,0.016342697546958926,0.016342697546958926,15.104435878532405
0.108163,0.0918553,0.01630769754695892,0.01630769754695892,15.076964888068892
0.108157,0.0918553,0.016301697546958926,0.016301697546958926,15.072253790218545
0.108149,0.0918553,0.01629369754695892,0.01629369754695892,15.06597151327608
0.108145,0.0918553,0.01628969754695893,0.01628969754695893,15.062830026257432
0.108143,0.0918553,0.016287697546958926,0.016287697546958926,15.061259195599963
0.108139,0.0918553,0.016283697546958922,0.016283697546958922,15.058117359972634
0.108137,0.0918553,0.01628169754695892,0.01628169754695892,15.056546354996325
0.10813,0.0918553,0.016274697546958927,0.016274697546958927,15.051047379920353
0.108114,0.0918553,0.016258697546958925,0.016258697546958925,15.038475620105121
0.108112,0.0918553,0.016256697546958923,0.016256697546958923,15.036903888487881
0.108098,0.0918553,0.016242697546958923,0.016242697546958923,15.025900138701015
0.108095,0.0918553,0.01623969754695892,0.01623969754695892,15.02354182148608
0.108091,0.0918553,0.01623569754695893,0.01623569754695893,15.020397194899235
0.108089,0.0918553,0.016233697546958928,0.016233697546958928,15.018824794326994
0.108089,0.0918553,0.016233697546958928,0.016233697546958928,15.018824794326994
0.108087,0.0918553,0.016231697546958926,0.016231697546958926,15.017252335564567
0.108083,0.0918553,0.016227697546958922,0.016227697546958922,15.014107243456248
0.108081,0.0918553,0.01622569754695892,0.01622569754695892,15.012534610103891
0.108079,0.0918553,0.016223697546958918,0.016223697546958918,15.01096191854843
0.108079,0.0918553,0.016223697546958918,0.016223697546958918,15.01096191854843
0.108077,0.0918553,0.01622169754695893,0.01622169754695893,15.009389168786644
0.108075,0.0918553,0.016219697546958928,0.016219697546958928,15.00781636081528
0.108065,0.0918553,0.016209697546958918,0.016209697546958918,14.999951447701818
0.108065,0.0918553,0.016209697546958918,0.016209697546958918,14.999951447701818
0.108063,0.0918553,0.01620769754695893,0.01620769754695893,14.998378290405181
0.108048,0.0918553,0.01619269754695893,0.01619269754695893,14.986577754305818
0.108048,0.0918553,0.01619269754695893,0.01619269754695893,14.986577754305818
0.108042,0.0918553,0.016186697546958922,0.016186697546958922,14.981856622403386
0.108032,0.0918553,0.016176697546958926,0.016176697546958926,14.97398690386639
0.108032,0.0918553,0.016176697546958926,0.016176697546958926,14.97398690386639
0.108028,0.0918553,0.016172697546958922,0.016172697546958922,14.970838608497875
0.108026,0.0918553,0.01617069754695892,0.01617069754695892,14.969264373382016
0.108024,0.0918553,0.01616869754695892,0.01616869754695892,14.967690079974108
0.108014,0.0918553,0.016158697546958922,0.016158697546958922,14.959817738440485
0.108012,0.0918553,0.01615669754695892,0.01615669754695892,14.95824309521227
0.108003,0.0918553,0.016147697546958925,0.016147697546958925,14.951156478993887
4.654019,4.670134,-0.016115067535400485,0.016115067535400485,0.3462613181221268
17.326031,17.341875,-0.01584407629394491,0.01584407629394491,0.09144665788635299
0.479295,0.49510303,-0.015808031396865818,0.015808031396865818,3.29818408152967
0.4795,0.49510303,-0.015603031396865863,0.015603031396865863,3.2540211456959005
17.357441,17.341875,0.01556592370605614,0.01556592370605614,0.08967867847551064
7.481064,7.4655404,0.01552359091186517,0.01552359091186517,0.20750512108515135
0.089136,0.07364858,0.015487420581340797,0.015487420581340797,17.375045507949373
0.479698,0.49510303,-0.015405031396865831,0.015405031396865831,3.211402047466203
0.088709,0.07364858,0.015060420581340786,0.015060420581340786,16.977331008537416
0.480137,0.49510303,-0.014966031396865864,0.014966031396865864,3.11703355370422
0.480178,0.49510303,-0.014925031396865851,0.014925031396865851,3.108228905480389
0.126476,0.11159004,0.014885957289695745,0.014885957289695745,11.76978816370375
0.126469,0.11159004,0.014878957289695738,0.014878957289695738,11.76490466274805
0.126459,0.11159004,0.014868957289695728,0.014868957289695728,11.757927294963427
4.655272,4.670134,-0.014862067535400314,0.014862067535400314,0.3192523988948672
17.356734,17.341875,0.014858923706054128,0.014858923706054128,0.08560898442050516
0.126443,0.11159004,0.01485295728969574,0.01485295728969574,11.74676121094009
4.655313,4.670134,-0.0148210675354008,0.0148210675354008,0.31836887305069356
0.126396,0.11159004,0.014805957289695748,0.014805957289695748,11.713944490317575
0.126395,0.11159004,0.014804957289695747,0.014804957289695747,11.713245997058824
0.126326,0.11159004,0.014735957289695734,0.014735957289695734,11.665023255727808
28.611221,28.59653,0.014690085693359833,0.014690085693359833,0.051343791630942597
7.480026,7.4655404,0.014485590911864854,0.014485590911864854,0.19365695936980964
4.684579,4.670134,0.01444493246459988,0.01444493246459988,0.3083507069534216
4.684548,4.670134,0.014413932464599988,0.014413932464599988,0.307690997387417
0.125974,0.11159004,0.014383957289695742,0.014383957289695742,11.418195245270885
0.125955,0.11159004,0.014364957289695751,0.014364957289695751,11.404832899282216
0.125942,0.11159004,0.014351957289695738,0.014351957289695738,11.395687918486326
0.125941,0.11159004,0.014350957289695737,0.014350957289695737,11.394984380226258
0.125939,0.11159004,0.014348957289695735,0.014348957289695735,11.393577270188073
0.125937,0.11159004,0.014346957289695733,0.014346957289695733,11.39217011545738
0.125929,0.11159004,0.014338957289695753,0.014338957289695753,11.386541049566985
0.125923,0.11159004,0.014332957289695747,0.014332957289695747,11.38231878077351
0.125921,0.11159004,0.014330957289695745,0.014330957289695745,11.380911268426102
0.125908,0.11159004,0.014317957289695732,0.014317957289695732,11.371761348225665
0.125906,0.11159004,0.01431595728969573,0.01431595728969573,11.370353500488758
0.125905,0.11159004,0.014314957289695729,0.014314957289695729,11.369649559847566
0.125904,0.11159004,0.014313957289695728,0.014313957289695728,11.368945608024195
0.125899,0.11159004,0.01430895728969575,0.01430895728969575,11.365425681165316
0.125897,0.11159004,0.014306957289695749,0.014306957289695749,11.364017632137168
0.125896,0.11159004,0.014305957289695748,0.014305957289695748,11.363313590846756
0.125893,0.11159004,0.014302957289695745,0.014302957289695745,11.361201399866983
0.125891,0.11159004,0.014300957289695743,0.014300957289695743,11.359793216620687
0.125888,0.11159004,0.01429795728969574,0.01429795728969574,11.357680857856236
0.125886,0.11159004,0.014295957289695738,0.014295957289695738,11.356272562746822
0.125885,0.11159004,0.014294957289695737,0.014294957289695737,11.35556839841138
0.125883,0.11159004,0.014292957289695735,0.014292957289695735,11.354160036177701
0.12588,0.11159004,0.014289957289695732,0.014289957289695732,11.352047408916178
0.125876,0.11159004,0.014285957289695728,0.014285957289695728,11.349230415922413
0.125875,0.11159004,0.014284957289695727,0.014284957289695727,11.348526139699862
0.125874,0.11159004,0.014283957289695753,0.014283957289695753,11.34782185228715
0.125872,0.11159004,0.014281957289695751,0.014281957289695751,11.34641324389009
0.125869,0.11159004,0.014278957289695748,0.014278957289695748,11.344300247361499
0.125857,0.11159004,0.014266957289695736,0.014266957289695736,11.33584725391507
0.125854,0.11159004,0.014263957289695733,0.014263957289695733,11.333733753684427
0.125853,0.11159004,0.014262957289695732,0.014262957289695732,11.333029231216342
0.125846,0.11159004,0.014255957289695753,0.014255957289695753,11.328097260435495
0.125846,0.11159004,0.014255957289695753,0.014255957289695753,11.328097260435495
0.125846,0.11159004,0.014255957289695753,0.014255957289695753,11.328097260435495
0.125841,0.11159004,0.014250957289695748,0.014250957289695748,11.324574088231318
0.12584,0.11159004,0.014249957289695747,0.014249957289695747,11.323869420193798
0.125838,0.11159004,0.014247957289695745,0.014247957289695745,11.32246005051994
0.125825,0.11159004,0.014234957289695732,0.014234957289695732,11.313298055539388
4.684364,4.670134,0.014229932464600026,0.014229932464600026,0.3037751221787259
0.125812,0.11159004,0.014221957289695747,0.014221957289695747,11.304134167163395
0.125812,0.11159004,0.014221957289695747,0.014221957289695747,11.304134167163395
0.125807,0.11159004,0.014216957289695742,0.014216957289695742,11.3006090904283
0.125807,0.11159004,0.014216957289695742,0.014216957289695742,11.3006090904283
0.125788,0.11159004,0.01419795728969575,0.01419795728969575,11.287211243050638
0.12578,0.11159004,0.014189957289695743,0.014189957289695743,11.281568833212093
0.125632,0.11159004,0.014041957289695733,0.014041957289695733,11.177054634582493
4.684165,4.670134,0.014030932464599744,0.014030932464599744,0.29953967173018464
0.481075,0.49510303,-0.01402803139686587,0.01402803139686587,2.915975969225151
0.125589,0.11159004,0.013998957289695746,0.013998957289695746,11.146642841768866
4.68413,4.670134,0.013995932464599292,0.013995932464599292,0.2987947060457438
0.125573,0.11159004,0.01398295728969573,0.01398295728969573,11.135321509050838
0.12557,0.11159004,0.013979957289695727,0.013979957289695727,11.133198437972867
0.125554,0.11159004,0.013963957289695739,0.013963957289695739,11.121873678715026
0.125545,0.11159004,0.01395495728969573,0.01395495728969573,11.115502233127746
0.125544,0.11159004,0.013953957289695729,0.013953957289695729,11.114794238339494
0.125539,0.11159004,0.013948957289695751,0.013948957289695751,11.111254095209054
0.125535,0.11159004,0.013944957289695747,0.013944957289695747,11.108421777661468
0.125532,0.11159004,0.013941957289695744,0.013941957289695744,11.106297421047579
4.684057,4.670134,0.013922932464599747,0.013922932464599747,0.29724088464983467
0.125497,0.11159004,0.013906957289695737,0.013906957289695737,11.081505756005507
0.125486,0.11159004,0.013895957289695726,0.013895957289695726,11.073711233621292
0.125465,0.11159004,0.013874957289695733,0.013874957289695733,11.058826986519671
0.125439,0.11159004,0.013848957289695735,0.013848957289695735,11.040391966338493
0.125433,0.11159004,0.013842957289695729,0.013842957289695729,11.036136645587359
0.125369,0.11159004,0.013778957289695748,0.013778957289695748,10.990721213940468
17.355502,17.341875,0.013626923706056004,0.013626923706056004,0.07851644801733472
0.125199,0.11159004,0.013608957289695744,0.013608957289695744,10.869861004341793
17.355479,17.341875,0.013603923706053678,0.013603923706053678,0.07838402907793726
17.355409,17.341875,0.013533923706056328,0.013533923706056328,0.07798101275503416
0.125044,0.11159004,0.013453957289695728,0.013453957289695728,10.759378521909369
0.125038,0.11159004,0.01344795728969575,0.01344795728969575,10.755096273885261
0.125036,0.11159004,0.013445957289695748,0.013445957289695748,10.753668766548897
0.125034,0.11159004,0.013443957289695746,0.013443957289695746,10.752241213544718
0.125017,0.11159004,0.013426957289695729,0.013426957289695729,10.740105168861534
0.125007,0.11159004,0.013416957289695747,0.013416957289695747,10.732964777142705
0.125002,0.11159004,0.013411957289695742,0.013411957289695742,10.72939415286663
0.125,0.11159004,0.01340995728969574,0.01340995728969574,10.727965823174218
0.124996,0.11159004,0.013405957289695736,0.013405957289695736,10.725109026665356
0.124995,0.11159004,0.013404957289695735,0.013404957289695735,10.724394798969032
0.124994,0.11159004,0.013403957289695734,0.013403957289695734,10.723680559844516
0.124994,0.11159004,0.013403957289695734,0.013403957289695734,10.723680559844516
0.087046,0.07364858,0.013397420581340788,0.013397420581340788,15.391196110044797
0.124987,0.11159004,0.01339695728969574,0.01339695728969574,10.71868056596051
0.124986,0.11159004,0.01339595728969574,0.01339595728969574,10.717966235400585
0.124983,0.11159004,0.013392957289695737,0.013392957289695737,10.71582317513575
0.12498,0.11159004,0.013389957289695734,0.013389957289695734,10.713680011987561
0.124977,0.11159004,0.013386957289695744,0.013386957289695744,10.71153674594862
0.124962,0.11159004,0.013371957289695743,0.013371957289695743,10.700818872133068
0.124961,0.11159004,0.013370957289695742,0.013370957289695742,10.700104255724296
0.124959,0.11159004,0.01336895728969574,0.01336895728969574,10.698674988593911
0.087015,0.07364858,0.013366420581340785,0.013366420581340785,15.361053342503858
0.124949,0.11159004,0.013358957289695744,0.013358957289695744,10.691527966613751
0.086997,0.07364858,0.013348420581340795,0.013348420581340795,15.343541232453134
0.086987,0.07364858,0.013338420581340785,0.013338420581340785,15.333809150800667
0.124927,0.11159004,0.013336957289695736,0.013336957289695736,10.67580049070252
0.086894,0.07364858,0.013245420581340789,0.013245420581340789,15.243193507143873
0.086843,0.07364858,0.013194420581340793,0.013194420581340793,15.193418659128973
0.086589,0.07364858,0.012940420581340789,0.012940420581340789,14.944647202758022
0.086581,0.07364858,0.012932420581340795,0.012932420581340795,14.936788171081423
0.086554,0.07364858,0.012905420581340796,0.012905420581340796,14.91025321352051
0.086553,0.07364858,0.012904420581340795,0.012904420581340795,14.90927011938526
0.4822,0.49510303,-0.012903031396865827,0.012903031396865827,2.675867149355031
0.086543,0.07364858,0.012894420581340785,0.012894420581340785,14.89943792847642
0.086543,0.07364858,0.012894420581340785,0.012894420581340785,14.89943792847642
0.086538,0.07364858,0.012889420581340794,0.012889420581340794,14.894520980894258
0.086534,0.07364858,0.01288542058134079,0.01288542058134079,14.890587013717388
0.086532,0.07364858,0.012883420581340788,0.012883420581340788,14.88861989374124
0.086525,0.07364858,0.012876420581340794,0.012876420581340794,14.881734257681664
0.086525,0.07364858,0.012876420581340794,0.012876420581340794,14.881734257681664
0.086524,0.07364858,0.012875420581340793,0.012875420581340793,14.880750504438126
0.086523,0.07364858,0.012874420581340792,0.012874420581340792,14.879766728454891
0.086521,0.07364858,0.01287242058134079,0.01287242058134079,14.877799108266194
0.08652,0.07364858,0.01287142058134079,0.01287142058134079,14.876815264059148
0.086515,0.07364858,0.012866420581340784,0.012866420581340784,14.871895701865444
0.086515,0.07364858,0.012866420581340784,0.012866420581340784,14.871895701865444
0.086513,0.07364858,0.012864420581340796,0.012864420581340796,14.869927717765963
0.086506,0.07364858,0.01285742058134079,0.01285742058134079,14.86303905680271
0.086506,0.07364858,0.01285742058134079,0.01285742058134079,14.86303905680271
0.086505,0.07364858,0.012856420581340788,0.012856420581340788,14.862054871370134
0.086504,0.07364858,0.012855420581340787,0.012855420581340787,14.861070663182879
0.086499,0.07364858,0.012850420581340796,0.012850420581340796,14.856149280898792
0.086499,0.07364858,0.012850420581340796,0.012850420581340796,14.856149280898792
17.354725,17.341875,0.01284992370605309,0.01284992370605309,0.07404279644868501
0.086498,0.07364858,0.012849420581340795,0.012849420581340795,14.855164936166885
0.086496,0.07364858,0.012847420581340793,0.012847420581340793,14.853196178421657
0.086496,0.07364858,0.012847420581340793,0.012847420581340793,14.853196178421657
0.086492,0.07364858,0.01284342058134079,0.01284342058134079,14.849258389783484
0.086492,0.07364858,0.01284342058134079,0.01284342058134079,14.849258389783484
0.086492,0.07364858,0.01284342058134079,0.01284342058134079,14.849258389783484
0.086491,0.07364858,0.012842420581340788,0.012842420581340788,14.848273885713562
0.086491,0.07364858,0.012842420581340788,0.012842420581340788,14.848273885713562
0.08649,0.07364858,0.012841420581340787,0.012841420581340787,14.847289358877905
0.08649,0.07364858,0.012841420581340787,0.012841420581340787,14.847289358877905
0.086481,0.07364858,0.012832420581340792,0.012832420581340792,14.838427592768777
0.086481,0.07364858,0.012832420581340792,0.012832420581340792,14.838427592768777
0.086478,0.07364858,0.012829420581340789,0.012829420581340789,14.83547326083549
0.086468,0.07364858,0.012819420581340793,0.012819420581340793,14.825624007164695
0.086466,0.07364858,0.012817420581340791,0.012817420581340791,14.823653883048987
0.08645,0.07364858,0.012801420581340789,0.012801420581340789,14.807889608482244
0.086447,0.07364858,0.012798420581340786,0.012798420581340786,14.804933157351735
0.086445,0.07364858,0.012796420581340784,0.012796420581340784,14.802962075930157
0.086444,0.07364858,0.012795420581340783,0.012795420581340783,14.801976501016622
0.086443,0.07364858,0.012794420581340796,0.012794420581340796,14.800990903300216
0.086442,0.07364858,0.012793420581340795,0.012793420581340795,14.800005282780118
0.086442,0.07364858,0.012793420581340795,0.012793420581340795,14.800005282780118
0.086435,0.07364858,0.012786420581340788,0.012786420581340788,14.793105300570005
0.086435,0.07364858,0.012786420581340788,0.012786420581340788,14.793105300570005
0.086434,0.07364858,0.012785420581340787,0.012785420581340787,14.792119497592
0.086433,0.07364858,0.012784420581340786,0.012784420581340786,14.791133671803191
0.086428,0.07364858,0.012779420581340795,0.012779420581340795,14.786204200669447
0.086428,0.07364858,0.012779420581340795,0.012779420581340795,14.786204200669447
0.086424,0.07364858,0.01277542058134079,0.01277542058134079,14.782260213087255
0.086422,0.07364858,0.012773420581340789,0.012773420581340789,14.780288082387012
0.086418,0.07364858,0.012769420581340785,0.012769420581340785,14.776343547136525
0.086415,0.07364858,0.012766420581340795,0.012766420581340795,14.773384906054979
0.086415,0.07364858,0.012766420581340795,0.012766420581340795,14.773384906054979
0.086406,0.07364858,0.012757420581340786,0.012757420581340786,14.76450775012879
0.086403,0.07364858,0.012754420581340783,0.012754420581340783,14.76154828718822
0.086393,0.07364858,0.012744420581340787,0.012744420581340787,14.751681926300867
0.086392,0.07364858,0.012743420581340786,0.012743420581340786,14.750695164587105
0.08638,0.07364858,0.012731420581340788,0.012731420581340788,14.7388522419564
0.086356,0.07364858,0.012707420581340792,0.012707420581340792,14.71515652256431
0.086337,0.07364858,0.012688420581340787,0.012688420581340787,14.696388068434624
0.086335,0.07364858,0.012686420581340785,0.012686420581340785,14.694411961135549
0.086332,0.07364858,0.012683420581340796,0.012683420581340796,14.691447628514743
0.086327,0.07364858,0.01267842058134079,0.01267842058134079,14.68650661630114
0.086324,0.07364858,0.012675420581340788,0.012675420581340788,14.683541734230628
0.086317,0.07364858,0.012668420581340795,0.012668420581340795,14.676622874595008
0.086308,0.07364858,0.012659420581340786,0.012659420581340786,14.667725548817097
0.086302,0.07364858,0.012653420581340794,0.012653420581340794,14.661792967346067
0.086291,0.07364858,0.012642420581340796,0.012642420581340796,14.650914425246992
0.08629,0.07364858,0.012641420581340795,0.012641420581340795,14.64992532934392
0.08629,0.07364858,0.012641420581340795,0.012641420581340795,14.64992532934392
0.08629,0.07364858,0.012641420581340795,0.012641420581340795,14.64992532934392
0.086288,0.07364858,0.012639420581340793,0.012639420581340793,14.647947068761411
0.086288,0.07364858,0.012639420581340793,0.012639420581340793,14.647947068761411
0.086277,0.07364858,0.012628420581340796,0.012628420581340796,14.637064996121483
0.086274,0.07364858,0.012625420581340793,0.012625420581340793,14.63409667652676
0.086254,0.07364858,0.012605420581340787,0.012605420581340787,14.614302602460738
0.086253,0.07364858,0.012604420581340786,0.012604420581340786,14.613312657794483
0.086249,0.07364858,0.012600420581340796,0.012600420581340796,14.609352649574422
0.086198,0.07364858,0.012549420581340787,0.012549420581340787,14.558830328757
0.086171,0.07364858,0.012522420581340787,0.012522420581340787,14.532059006868586
4.682639,4.670134,0.012504932464599605,0.012504932464599605,0.26704882576539757
4.682611,4.670134,0.012476932464599244,0.012476932464599244,0.2664524656080292
7.477976,7.4655404,0.01243559091186519,0.01243559091186519,0.16629621319590882
0.085991,0.07364858,0.012342420581340788,0.012342420581340788,14.353153896323608
0.085963,0.07364858,0.012314420581340788,0.012314420581340788,14.325256874487316
4.682428,4.670134,0.012293932464599422,0.012293932464599422,0.2625546503723467
0.085933,0.07364858,0.012284420581340785,0.012284420581340785,14.295347034370312
4.682394,4.670134,0.012259932464599999,0.012259932464599999,0.26183043255945926
0.085906,0.07364858,0.012257420581340786,0.012257420581340786,14.268410317175025
0.085901,0.07364858,0.012252420581340795,0.012252420581340795,14.26342017796926
0.0859,0.07364858,0.012251420581340794,0.012251420581340794,14.262422080417197
4.682381,4.670134,0.012246932464599958,0.012246932464599958,0.2615535229691561
0.085895,0.07364858,0.012246420581340789,0.012246420581340789,14.257431244057697
0.085894,0.07364858,0.012245420581340788,0.012245420581340788,14.256433007060279
0.085893,0.07364858,0.012244420581340787,0.012244420581340787,14.255434746819128
0.085892,0.07364858,0.012243420581340786,0.012243420581340786,14.25443646333343
0.085886,0.07364858,0.012237420581340794,0.012237420581340794,14.248446274238349
0.085885,0.07364858,0.012236420581340793,0.012236420581340793,14.2474478280181
0.085881,0.07364858,0.012232420581340789,0.012232420581340789,14.243453810618572
0.085881,0.07364858,0.012232420581340789,0.012232420581340789,14.243453810618572
0.08588,0.07364858,0.012231420581340788,0.012231420581340788,14.242455248134995
0.085879,0.07364858,0.012230420581340787,0.012230420581340787,14.241456662396315
0.085876,0.07364858,0.012227420581340784,0.012227420581340784,14.238460765641536
0.085875,0.07364858,0.012226420581340797,0.012226420581340797,14.237462086874334
0.085873,0.07364858,0.012224420581340795,0.012224420581340795,14.235464659561597
0.085872,0.07364858,0.012223420581340794,0.012223420581340794,14.23446591101445
0.08587,0.07364858,0.012221420581340792,0.012221420581340792,14.232468344134533
0.085867,0.07364858,0.012218420581340789,0.012218420581340789,14.229471819338416
0.085867,0.07364858,0.012218420581340789,0.012218420581340789,14.229471819338416
0.085865,0.07364858,0.012216420581340787,0.012216420581340787,14.227474019814027
0.085861,0.07364858,0.012212420581340797,0.012212420581340797,14.223478141551249
0.085859,0.07364858,0.012210420581340795,0.012210420581340795,14.221480062799841
0.085859,0.07364858,0.012210420581340795,0.012210420581340795,14.221480062799841
0.085854,0.07364858,0.01220542058134079,0.01220542058134079,14.2164844586441
0.085854,0.07364858,0.01220542058134079,0.01220542058134079,14.2164844586441
0.085853,0.07364858,0.012204420581340789,0.012204420581340789,14.215485267987496
0.085852,0.07364858,0.012203420581340788,0.012203420581340788,14.21448605405384
0.08585,0.07364858,0.012201420581340786,0.012201420581340786,14.212487556352125
0.085849,0.07364858,0.012200420581340785,0.012200420581340785,14.21148827258244
4.682334,4.670134,0.012199932464599605,0.012199932464599605,0.2605523754678554
0.085848,0.07364858,0.012199420581340784,0.012199420581340784,14.210488965532447
0.085848,0.07364858,0.012199420581340784,0.012199420581340784,14.210488965532447
0.085842,0.07364858,0.012193420581340791,0.012193420581340791,14.204492634300575
0.085835,0.07364858,0.012186420581340784,0.012186420581340784,14.197495855004707
0.085835,0.07364858,0.012186420581340784,0.012186420581340784,14.197495855004707
18.513227,18.501076,0.012151255371094294,0.012151255371094294,0.06563553383226306
4.682279,4.670134,0.012144932464599911,0.012144932464599911,0.25938079435976646
4.682265,4.670134,0.01213093246459973,0.01213093246459973,0.25908256931934964
4.682265,4.670134,0.01213093246459973,0.01213093246459973,0.25908256931934964
4.682199,4.670134,0.012064932464599387,0.012064932464599387,0.2576766272501812
4.68214,4.670134,0.012005932464600022,0.012005932464600022,0.2564197666952206
4.682129,4.670134,0.011994932464599373,0.011994932464599373,0.25618543325788734
4.682082,4.670134,0.011947932464599909,0.011947932464599909,0.2551841779863045
4.682068,4.670134,0.011933932464599728,0.011933932464599728,0.2548859278495067
4.682062,4.670134,0.011927932464599778,0.011927932464599778,0.25475810581630526
4.682015,4.670134,0.011880932464599425,0.011880932464599425,0.25375682188856014
4.681996,4.670134,0.011861932464599434,0.011861932464599434,0.25335204182887133
4.681986,4.670134,0.011851932464599813,0.011851932464599813,0.25313899837262804
7.477384,7.4655404,0.011843590911865043,0.011843590911865043,0.15839217180375717
4.68197,4.670134,0.011835932464599352,0.011835932464599352,0.2527981269496933
18.512897,18.501076,0.011821255371092576,0.011821255371092576,0.06385416270089292
0.48331,0.49510303,-0.011793031396865827,0.011793031396865827,2.4400553256555364
0.483322,0.49510303,-0.01178103139686587,0.01178103139686587,2.4375119267131145
4.681914,4.670134,0.011779932464599518,0.011779932464599518,0.25160505862234794
4.681908,4.670134,0.011773932464599568,0.011773932464599568,0.2514772281802225
4.681902,4.670134,0.011767932464599618,0.011767932464599618,0.25134939741045986
4.681888,4.670134,0.011753932464599437,0.011753932464599437,0.251051124340189
4.681843,4.670134,0.011708932464599364,0.011708932464599364,0.250092377389615
0.48344,0.49510303,-0.011663031396865864,0.011663031396865864,2.412508562480009
4.681718,4.670134,0.011583932464599656,0.011583932464599656,0.247429094711647
4.681718,4.670134,0.011583932464599656,0.011583932464599656,0.247429094711647
4.681679,4.670134,0.011544932464599533,0.011544932464599533,0.24659812140800202
4.681574,4.670134,0.011439932464599956,0.011439932464599956,0.24436081677563132
4.681556,4.670134,0.011421932464599216,0.011421932464599216,0.24397726876182277
4.681544,4.670134,0.011409932464599315,0.011409932464599315,0.24372156844740955
4.681535,4.670134,0.011400932464599833,0.011400932464599833,0.24352979235136132
4.681521,4.670134,0.011386932464599653,0.011386932464599653,0.2432314725140915
4.681519,4.670134,0.011384932464599373,0.011384932464599373,0.24318885524882383
4.681515,4.670134,0.011380932464599702,0.011380932464599702,0.24310362060906776
4.681464,4.670134,0.011329932464599679,0.011329932464599679,0.2420168661845453
0.483946,0.49510303,-0.011157031396865857,0.011157031396865857,2.305428993019971
17.352759,17.341875,0.010883923706053622,0.010883923706053622,0.06272157474203902
4.680997,4.670134,0.01086293246459924,0.01086293246459924,0.23206450387315303
7.476289,7.4655404,0.01074859091186564,0.01074859091186564,0.143769066601383
17.352602,17.341875,0.010726923706055658,0.010726923706055658,0.06181737877693409
0.055724,0.06643554,-0.010711538232326505,0.010711538232326505,19.222486205412423
0.055822,0.06643554,-0.010613538232326511,0.010613538232326511,19.013181565177405
0.055853,0.06643554,-0.010582538232326508,0.010582538232326508,18.947125872163326
0.055863,0.06643554,-0.010572538232326505,0.010572538232326505,18.925833223064767
0.055867,0.06643554,-0.010568538232326508,0.010568538232326508,18.9173182977593
0.484537,0.49510303,-0.01056603139686585,0.01056603139686585,2.1806449032138318
0.055874,0.06643554,-0.010561538232326508,0.010561538232326508,18.902420112080907
0.055878,0.06643554,-0.01055753823232651,0.01055753823232651,18.893908539018224
0.055896,0.06643554,-0.010539538232326506,0.010539538232326506,18.855621535478182
0.055898,0.06643554,-0.010537538232326504,0.010537538232326504,18.851368946071656
0.055902,0.06643554,-0.010533538232326507,0.010533538232326507,18.842864680125295
0.055906,0.06643554,-0.01052953823232651,0.01052953823232651,18.834361631116785
0.055914,0.06643554,-0.01052153823232651,0.01052153823232651,18.8173591828686
0.055919,0.06643554,-0.010516538232326504,0.010516538232326504,18.80673512315987
0.055921,0.06643554,-0.010514538232326509,0.010514538232326509,18.80248603122981
0.055933,0.06643554,-0.010502538232326511,0.010502538232326511,18.77699786092202
0.055935,0.06643554,-0.010500538232326509,0.010500538232326509,18.772750895778596
0.055945,0.06643554,-0.010490538232326506,0.010490538232326506,18.751520624854738
0.05596,0.06643554,-0.010475538232326505,0.010475538232326505,18.71968944533026
0.05596,0.06643554,-0.010475538232326505,0.010475538232326505,18.71968944533026
0.055982,0.06643554,-0.01045353823232651,0.01045353823232651,18.673034571207666
0.055986,0.06643554,-0.010449538232326507,0.010449538232326507,18.664555806205033
0.055988,0.06643554,-0.010447538232326505,0.010447538232326505,18.660316878020623
0.055994,0.06643554,-0.010441538232326505,0.010441538232326505,18.64760191034558
0.484675,0.49510303,-0.010428031396865822,0.010428031396865822,2.151551327119053
0.056011,0.06643554,-0.01042453823232651,0.01042453823232651,18.611590961980536
0.056021,0.06643554,-0.010414538232326506,0.010414538232326506,18.59041826053817
0.056029,0.06643554,-0.010406538232326505,0.010406538232326505,18.57348554097524
0.056031,0.06643554,-0.01040453823232651,0.01040453823232651,18.569253116591273
0.056035,0.06643554,-0.010400538232326506,0.010400538232326506,18.5607891742049
0.056037,0.06643554,-0.010398538232326511,0.010398538232326511,18.556557656137826
0.056042,0.06643554,-0.010393538232326506,0.010393538232326506,18.545980182328478
0.056044,0.06643554,-0.010391538232326511,0.010391538232326511,18.541749721263226
0.056048,0.06643554,-0.010387538232326507,0.010387538232326507,18.5332897048837
0.056056,0.06643554,-0.010379538232326506,0.010379538232326506,18.51637329422387
0.05607,0.06643554,-0.010365538232326506,0.010365538232326506,18.486781191082084
0.056076,0.06643554,-0.010359538232326507,0.010359538232326507,18.474103384428993
0.056076,0.06643554,-0.010359538232326507,0.010359538232326507,18.474103384428993
0.056093,0.06643554,-0.01034253823232651,0.01034253823232651,18.438197660828113
0.056095,0.06643554,-0.010340538232326509,0.010340538232326509,18.433974888835962
0.056097,0.06643554,-0.010338538232326507,0.010338538232326507,18.429752417948826
0.056097,0.06643554,-0.010338538232326507,0.010338538232326507,18.429752417948826
0.056109,0.06643554,-0.010326538232326508,0.010326538232326508,18.404423914028204
0.056115,0.06643554,-0.01032053823232651,0.01032053823232651,18.391763724378055
0.056123,0.06643554,-0.010312538232326508,0.010312538232326508,18.374887682325642
0.056129,0.06643554,-0.01030653823232651,0.01030653823232651,18.362233807771876
0.056138,0.06643554,-0.010297538232326507,0.010297538232326507,18.34325806758924
0.05614,0.06643554,-0.010295538232326505,0.010295538232326505,18.33904206267806
0.05615,0.06643554,-0.010285538232326509,0.010285538232326509,18.317966543203106
0.05623,0.06643554,-0.010205538232326505,0.010205538232326505,18.149632250003332
0.056259,0.06643554,-0.010176538232326504,0.010176538232326504,18.088729295291017
0.056281,0.06643554,-0.01015453823232651,0.01015453823232651,18.042568920744017
0.100905,0.09078133,0.0101236689376831,0.0101236689376831,10.0328714411082
0.100816,0.09078133,0.010034668937683108,0.010034668937683108,9.953448785638846
0.056435,0.06643554,-0.010000538232326509,0.010000538232326509,17.720453999479144
0.056437,0.06643554,-0.009998538232326507,0.009998538232326507,17.716282252086792
0.056439,0.06643554,-0.009996538232326505,0.009996538232326505,17.712110800358605
0.056459,0.06643554,-0.009976538232326505,0.009976538232326505,17.670412537693004
0.056459,0.06643554,-0.009976538232326505,0.009976538232326505,17.670412537693004
0.056461,0.06643554,-0.00997453823232651,0.00997453823232651,17.66624433619714
0.056461,0.06643554,-0.00997453823232651,0.00997453823232651,17.66624433619714
0.056482,0.06643554,-0.00995353823232651,0.00995353823232651,17.622496042463112
0.056484,0.06643554,-0.009951538232326508,0.009951538232326508,17.618331234877445
0.056486,0.06643554,-0.009949538232326506,0.009949538232326506,17.614166722218492
0.05649,0.06643554,-0.009945538232326509,0.009945538232326509,17.605838581555446
0.056494,0.06643554,-0.009941538232326505,0.009941538232326505,17.597511620223376
0.056494,0.06643554,-0.009941538232326505,0.009941538232326505,17.597511620223376
0.056498,0.06643554,-0.009937538232326508,0.009937538232326508,17.589185837971826
0.0565,0.06643554,-0.009935538232326506,0.009935538232326506,17.585023388922977
0.056517,0.06643554,-0.00991853823232651,0.00991853823232651,17.54965446640277
0.056523,0.06643554,-0.00991253823232651,0.00991253823232651,17.537176396846125
0.056523,0.06643554,-0.00991253823232651,0.00991253823232651,17.537176396846125
0.056527,0.06643554,-0.009908538232326507,0.009908538232326507,17.528859155443676
0.056551,0.06643554,-0.00988453823232651,0.00988453823232651,17.47898041563815
0.056558,0.06643554,-0.00987753823232651,0.00987753823232651,17.464440423745657
0.056562,0.06643554,-0.009873538232326506,0.009873538232326506,17.4561334727739
0.056564,0.06643554,-0.009871538232326504,0.009871538232326504,17.451980437866
0.056566,0.06643554,-0.00986953823232651,0.00986953823232651,17.447827696635226
0.056582,0.06643554,-0.009853538232326507,0.009853538232326507,17.414616335428036
0.056588,0.06643554,-0.009847538232326508,0.009847538232326508,17.402166916880507
0.05659,0.06643554,-0.009845538232326506,0.009845538232326506,17.39801769734668
0.056599,0.06643554,-0.009836538232326511,0.009836538232326511,17.379349838243012
0.056601,0.06643554,-0.009834538232326509,0.009834538232326509,17.37520223132331
0.056623,0.06643554,-0.009812538232326508,0.009812538232326508,17.32959789307686
0.056627,0.06643554,-0.00980853823232651,0.00980853823232651,17.32131000230491
0.056637,0.06643554,-0.009798538232326508,0.009798538232326508,17.30059539704771
0.05664,0.06643554,-0.009795538232326505,0.009795538232326505,17.294382441794003
0.100565,0.09078133,0.009783668937683107,0.009783668937683107,9.728701762993493
0.056656,0.06643554,-0.00977953823232651,0.00977953823232651,17.261257792758496
0.056658,0.06643554,-0.009777538232326508,0.009777538232326508,17.25711852707365
0.056672,0.06643554,-0.009763538232326507,0.009763538232326507,17.228151847646732
0.056674,0.06643554,-0.009761538232326505,0.009761538232326505,17.224014918838428
0.056725,0.06643554,-0.00971053823232651,0.00971053823232651,17.11862179851545
0.056834,0.06643554,-0.009601538232326505,0.009601538232326505,16.894003968456385
0.056873,0.06643554,-0.009562538232326508,0.009562538232326508,16.813845261394093
0.056883,0.06643554,-0.009552538232326505,0.009552538232326505,16.79330945191568
0.056891,0.06643554,-0.00954453823232651,0.00954453823232651,16.776886002266835
0.056947,0.06643554,-0.00948853823232651,0.00948853823232651,16.662051057412082
39.09397,39.084503,0.009466826171873777,0.009466826171873777,0.024215566164934286
0.485651,0.49510303,-0.009452031396865845,0.009452031396865845,1.9462600498958273
0.057006,0.06643554,-0.009429538232326506,0.009429538232326506,16.54130831102901
17.351149,17.341875,0.009273923706054177,0.009273923706054177,0.053448470219469205
7.474547,7.4655404,0.009006590911865509,0.009006590911865509,0.12049681287367665
0.099485,0.09078133,0.00870366893768311,0.00870366893768311,8.74872486197355
0.099476,0.09078133,0.0086946689376831,0.0086946689376831,8.740468986431534
39.093112,39.084503,0.008608826171872863,0.008608826171872863,0.022021337599960937
0.099387,0.09078133,0.008605668937683109,0.008605668937683109,8.658747048431245
39.092867,39.084503,0.008363826171873256,0.008363826171873256,0.021394762814024006
0.099003,0.09078133,0.0082216689376831,0.0082216689376831,8.30446443984388
0.098882,0.09078133,0.008100668937683103,0.008100668937683103,8.192258378158659
0.098582,0.09078133,0.007800668937683108,0.007800668937683108,7.912873475655023
0.098556,0.09078133,0.00777466893768311,0.00777466893768311,7.888580025360739
0.098555,0.09078133,0.007773668937683109,0.007773668937683109,7.887645405910876
0.098548,0.09078133,0.007766668937683102,0.007766668937683102,7.881102538663392
0.098543,0.09078133,0.007761668937683111,0.007761668937683111,7.876428492948949
39.092249,39.084503,0.007745826171877468,0.007745826171877468,0.019814224993444745
0.098514,0.09078133,0.00773266893768311,0.00773266893768311,7.849309671553079
0.098503,0.09078133,0.007721668937683099,0.007721668937683099,7.839019044946936
7.473256,7.4655404,0.007715590911865355,0.007715590911865355,0.10324269517546453
0.098379,0.09078133,0.0075976689376831,0.0075976689376831,7.722856432734876
0.098322,0.09078133,0.007540668937683112,0.007540668937683112,7.669360804310074
7.473036,7.4655404,0.007495590911864802,0.007495590911864802,0.10030181725023807
0.098217,0.09078133,0.007435668937683104,0.007435668937683104,7.570653685321737
39.091926,39.084503,0.00742282617187584,0.00742282617187584,0.018988131134436436
7.472873,7.4655404,0.007332590911865111,0.007332590911865111,0.09812278238593095
7.458219,7.4655404,-0.007321409088135056,0.007321409088135056,0.09816564903815361
39.091747,39.084503,0.007243826171873025,0.007243826171873025,0.018530320918772176
39.091655,39.084503,0.007151826171877929,0.007151826171877929,0.01829502018233721
0.097878,0.09078133,0.007096668937683112,0.007096668937683112,7.25052507247041
0.097859,0.09078133,0.007077668937683107,0.007077668937683107,7.2325171220333235
0.097857,0.09078133,0.007075668937683105,0.007075668937683105,7.2306211415151544
0.097856,0.09078133,0.007074668937683104,0.007074668937683104,7.229673122193255
0.097856,0.09078133,0.007074668937683104,0.007074668937683104,7.229673122193255
0.097843,0.09078133,0.007061668937683105,0.007061668937683105,7.217347107576176
0.097831,0.09078133,0.007049668937683107,0.007049668937683107,7.205966340400425
0.097819,0.09078133,0.007037668937683109,0.007037668937683109,7.194582780940846
0.488093,0.49510303,-0.007010031396865846,0.007010031396865846,1.4362081397253468
0.09776,0.09078133,0.006978668937683105,0.006978668937683105,7.138572964959629
0.097752,0.09078133,0.006970668937683111,0.006970668937683111,7.130973208274141
0.097738,0.09078133,0.006956668937683111,0.006956668937683111,7.117670640452475
0.097724,0.09078133,0.006942668937683111,0.006942668937683111,7.104364261162813
0.09772,0.09078133,0.006938668937683107,0.006938668937683107,7.100561738213821
0.097685,0.09078133,0.0069036689376830995,0.0069036689376830995,7.0672763787846895
0.097677,0.09078133,0.006895668937683105,0.006895668937683105,7.05966494735039
7.472396,7.4655404,0.00685559091186505,0.00685559091186505,0.0917455513836968
0.097623,0.09078133,0.006841668937683107,0.006841668937683107,7.00825515572647
0.097611,0.09078133,0.006829668937683109,0.006829668937683109,6.996823032943301
0.488303,0.49510303,-0.006800031396865858,0.006800031396865858,1.392584398513479
39.091295,39.084503,0.0067918261718773465,0.0067918261718773465,0.017374267523907742
7.472313,7.4655404,0.006772590911864995,0.006772590911864995,0.09063580328841096
7.47222,7.4655404,0.0066795909118653185,0.0066795909118653185,0.08939232131516371
0.097443,0.09078133,0.006661668937683107,0.006661668937683107,6.836477664733875
7.472163,7.4655404,0.006622590911865345,0.006622590911865345,0.08863017190305825
0.097344,0.09078133,0.0065626689376831054,0.0065626689376831054,6.7417292600893495
7.472066,7.4655404,0.006525590911865109,0.006525590911865109,0.08733315406713185
0.097305,0.09078133,0.006523668937683108,0.006523668937683108,6.704351195702952
7.472047,7.4655404,0.006506590911865118,0.006506590911865118,0.08707909508302127
39.090883,39.084503,0.006379826171873049,0.006379826171873049,0.016320496448895074
0.097138,0.09078133,0.006356668937683108,0.006356668937683108,6.543956979904003
0.097076,0.09078133,0.006294668937683101,0.006294668937683101,6.484268955456378
0.097068,0.09078133,0.006286668937683107,0.006286668937683107,6.476561720862225
0.09704,0.09078133,0.006258668937683107,0.006258668937683107,6.4495763924500515
0.097034,0.09078133,0.006252668937683101,0.006252668937683101,6.443791795905877
17.335651,17.341875,-0.006224076293946723,0.006224076293946723,0.03590333177514257
39.090711,39.084503,0.006207826171873876,0.006207826171873876,0.01588056602976087
7.471677,7.4655404,0.006136590911864914,0.006136590911864914,0.08213137307438187
0.053903,0.060020387,-0.006117387172698975,0.006117387172698975,11.348880695601533
7.471651,7.4655404,0.006110590911864833,0.006110590911864833,0.0817836768845741
7.471629,7.4655404,0.00608859091186531,0.00608859091186531,0.08148947052622421
0.053934,0.060020387,-0.006086387172698972,0.006086387172698972,11.284879967022826
0.053937,0.060020387,-0.006083387172698976,0.006083387172698976,11.278690252369033
0.053939,0.060020387,-0.006081387172698974,0.006081387172698974,11.274564158446411
0.053941,0.060020387,-0.006079387172698972,0.006079387172698972,11.270438370494675
0.053942,0.060020387,-0.006078387172698978,0.006078387172698978,11.26837559124727
0.053953,0.060020387,-0.006067387172698974,0.006067387172698974,11.24569006626746
0.053965,0.060020387,-0.0060553871726989755,0.0060553871726989755,11.220952768420315
0.053974,0.060020387,-0.0060463871726989735,0.0060463871726989735,11.202407013555723
0.053979,0.060020387,-0.006041387172698975,0.006041387172698975,11.192106488647195
0.053979,0.060020387,-0.006041387172698975,0.006041387172698975,11.192106488647195
0.053991,0.060020387,-0.006029387172698977,0.006029387172698977,11.167393012782842
0.053993,0.060020387,-0.006027387172698975,0.006027387172698975,11.163275168143464
0.053999,0.060020387,-0.006021387172698976,0.006021387172698976,11.150923464412402
0.054002,0.060020387,-0.006018387172698973,0.006018387172698973,11.144748641817385
0.054007,0.060020387,-0.006013387172698975,0.006013387172698975,11.134458795275643
0.096787,0.09078133,0.0060056689376831035,0.0060056689376831035,6.20503676266241
0.054025,0.060020387,-0.005995387172698978,0.005995387172698978,11.097431118188888
0.054025,0.060020387,-0.005995387172698978,0.005995387172698978,11.097431118188888
0.096771,0.09078133,0.005989668937683101,0.005989668937683101,6.1895288169943194
0.096762,0.09078133,0.005980668937683106,0.005980668937683106,6.180803343773696
0.054043,0.060020387,-0.005977387172698974,0.005977387172698974,11.060428106579105
0.054067,0.060020387,-0.005953387172698978,0.005953387172698978,11.011129083706972
0.054072,0.060020387,-0.005948387172698973,0.005948387172698973,11.000863962306015
0.054077,0.060020387,-0.0059433871726989745,0.0059433871726989745,10.990600739146723
0.054081,0.060020387,-0.0059393871726989775,0.0059393871726989775,10.982391526999475
0.054085,0.060020387,-0.0059353871726989735,0.0059353871726989735,10.974183529120438
0.054085,0.060020387,-0.0059353871726989735,0.0059353871726989735,10.974183529120438
0.054087,0.060020387,-0.0059333871726989715,0.0059333871726989715,10.970079985447319
0.054088,0.060020387,-0.005932387172698977,0.005932387172698977,10.968028327412641
0.054111,0.060020387,-0.005909387172698975,0.005909387172698975,10.920861122097381
0.054119,0.060020387,-0.005901387172698974,0.005901387172698974,10.904464535180823
0.096672,0.09078133,0.0058906689376830995,0.0058906689376830995,6.09345925561656
0.05413,0.060020387,-0.005890387172698977,0.005890387172698977,10.881927141727415
0.096652,0.09078133,0.005870668937683107,0.005870668937683107,6.0740273678859005
0.054156,0.060020387,-0.005864387172698972,0.005864387172698972,10.828693333832407
0.096641,0.09078133,0.00585966893768311,0.00585966893768311,6.063336401340812
7.4714,7.4655404,0.005859590911865276,0.005859590911865276,0.07842694691472614
0.096629,0.09078133,0.005847668937683112,0.005847668937683112,6.051670752705132
7.471375,7.4655404,0.005834590911865334,0.005834590911865334,0.07809259890966845
7.459723,7.4655404,-0.00581740908813444,0.00581740908813444,0.07798425072963776
0.096596,0.09078133,0.005814668937683107,0.005814668937683107,6.0195752739901565
39.090292,39.084503,0.0057888261718730405,0.0057888261718730405,0.014808858864134942
39.090099,39.084503,0.00559582617187715,0.00559582617187715,0.014315200818147925
0.054428,0.060020387,-0.005592387172698977,0.005592387172698977,10.274834942353463
7.471118,7.4655404,0.005577590911864938,0.005577590911864938,0.07465537168319765
0.054446,0.060020387,-0.005574387172698973,0.005574387172698973,10.238377773317774
0.054447,0.060020387,-0.005573387172698972,0.005573387172698972,10.2363530818275
0.096348,0.09078133,0.0055666689376831086,0.0055666689376831086,5.777669419090628
0.054455,0.060020387,-0.005565387172698971,0.005565387172698971,10.220158226937494
39.090067,39.084503,0.005563826171872677,0.005563826171872677,0.014233350308298125
0.054464,0.060020387,-0.005556387172698976,0.005556387172698976,10.201944701999544
0.054476,0.060020387,-0.005544387172698978,0.005544387172698978,10.177669363612067
0.054494,0.060020387,-0.005526387172698974,0.005526387172698974,10.141276402095087
0.054502,0.060020387,-0.005518387172698973,0.005518387172698973,10.125109468595396
0.054508,0.060020387,-0.005512387172698974,0.005512387172698974,10.112987382743793
0.054519,0.060020387,-0.005501387172698977,0.005501387172698977,10.09077048846862
0.054527,0.060020387,-0.0054933871726989755,0.0054933871726989755,10.074618377362329
0.05454,0.060020387,-0.005480387172698976,0.005480387172698976,10.048381302989723
0.054543,0.060020387,-0.005477387172698973,0.005477387172698973,10.04232836964715
0.054543,0.060020387,-0.005477387172698973,0.005477387172698973,10.04232836964715
0.054548,0.060020387,-0.005472387172698975,0.005472387172698975,10.032241626946421
0.054553,0.060020387,-0.005467387172698977,0.005467387172698977,10.022156733226074
39.089965,39.084503,0.0054618261718744066,0.0054618261718744066,0.01397245091383539
0.054559,0.060020387,-0.005461387172698971,0.005461387172698971,10.010057300700002
0.054561,0.060020387,-0.005459387172698976,0.005459387172698976,10.00602474788393
0.054563,0.060020387,-0.005457387172698974,0.005457387172698974,10.001992490693294
0.054564,0.060020387,-0.005456387172698973,0.005456387172698973,9.999976472947358
0.054565,0.060020387,-0.005455387172698972,0.005455387172698972,9.997960529095595
0.054568,0.060020387,-0.005452387172698976,0.005452387172698976,9.991913140864725
0.054573,0.060020387,-0.005447387172698971,0.005447387172698971,9.981835637984233
0.054574,0.060020387,-0.005446387172698977,0.005446387172698977,9.979820358997246
0.054575,0.060020387,-0.005445387172698976,0.005445387172698976,9.977805153863804
0.05458,0.060020387,-0.005440387172698978,0.005440387172698978,9.967730235857912
0.054581,0.060020387,-0.005439387172698977,0.005439387172698977,9.965715473760579
0.054583,0.060020387,-0.005437387172698975,0.005437387172698975,9.961686171037298
39.089935,39.084503,0.00543182617187199,0.00543182617187199,0.013895715538688142
0.054594,0.060020387,-0.005426387172698978,0.005426387172698978,9.939530283107022
0.054595,0.060020387,-0.005425387172698977,0.005425387172698977,9.93751655419262
0.054601,0.060020387,-0.005419387172698978,0.005419387172698978,9.925435729700084
0.054608,0.060020387,-0.005412387172698978,0.005412387172698978,9.911344789751746
0.054615,0.060020387,-0.005405387172698978,0.005405387172698978,9.897257461872599
0.054619,0.060020387,-0.005401387172698974,0.005401387172698974,9.889209181438261
0.054636,0.060020387,-0.0053843871726989775,0.0053843871726989775,9.855017136766895
0.054643,0.060020387,-0.0053773871726989775,0.0053773871726989775,9.840944243284653
39.08987,39.084503,0.005366826171872674,0.005366826171872674,0.013729455155156424
0.054654,0.060020387,-0.005366387172698973,0.005366387172698973,9.818836979690666
0.054654,0.060020387,-0.005366387172698973,0.005366387172698973,9.818836979690666
0.096143,0.09078133,0.005361668937683112,0.005361668937683112,5.576764748454226
0.054685,0.060020387,-0.005335387172698977,0.005335387172698977,9.756582541725143
0.054689,0.060020387,-0.005331387172698973,0.005331387172698973,9.74855485189054
0.054699,0.060020387,-0.005321387172698977,0.005321387172698977,9.728490763945386
0.054705,0.060020387,-0.005315387172698978,0.005315387172698978,9.716455832158893
0.054707,0.060020387,-0.005313387172698976,0.005313387172698976,9.712444774867075
39.089813,39.084503,0.005309826171874477,0.005309826171874477,0.013583657133025662
39.089789,39.084503,0.005285826171878227,0.005285826171878227,0.013522268364929532
7.470823,7.4655404,0.005282590911865448,0.005282590911865448,0.07070962478691756
0.096012,0.09078133,0.005230668937683106,0.005230668937683106,5.447932479518366
39.089705,39.084503,0.005201826171877144,0.005201826171877144,0.013307407082923333
0.09596,0.09078133,0.005178668937683109,0.005178668937683109,5.396695427559831
0.095958,0.09078133,0.005176668937683107,0.005176668937683107,5.39472366273618
39.089675,39.084503,0.005171826171874727,0.005171826171874727,0.01323067068698191
0.095927,0.09078133,0.005145668937683104,0.005145668937683104,5.364150794165306
0.054877,0.060020387,-0.0051433871726989724,0.0051433871726989724,9.372573506799567
39.089635,39.084503,0.0051318261718762415,0.0051318261718762415,0.013128355309183912
0.095905,0.09078133,0.00512366893768311,0.00512366893768311,5.342441929347445
0.054898,0.060020387,-0.005122387172698972,0.005122387172698972,9.330735479194573
0.095899,0.09078133,0.005117668937683104,0.005117668937683104,5.336519601191446
0.09589,0.09078133,0.0051086689376831085,0.0051086689376831085,5.327634719319506
0.095878,0.09078133,0.00509666893768311,0.00509666893768311,5.31578561543558
0.054924,0.060020387,-0.005096387172698974,0.005096387172698974,9.278980342691707
39.089582,39.084503,0.0050788261718750505,0.0050788261718750505,0.012992787111057003
0.054989,0.060020387,-0.0050313871726989715,0.0050313871726989715,9.149806622322945
0.05499,0.060020387,-0.005030387172698977,0.005030387172698977,9.147821719496555
0.055027,0.060020387,-0.004993387172698975,0.004993387172698975,9.074431031356504
7.470532,7.4655404,0.004991590911865629,0.004991590911865629,0.0668170742297712
39.089331,39.084503,0.0048278261718763815,0.0048278261718763815,0.012350751594761318
18.505889,18.501076,0.004813255371093561,0.004813255371093561,0.02600931720204067
7.460728,7.4655404,-0.004812409088135183,0.004812409088135183,0.06450321051874133
39.089272,39.084503,0.004768826171876128,0.004768826171876128,0.012199833682919263
18.505787,18.501076,0.004711255371095291,0.004711255371095291,0.025458281623309684
39.0892,39.084503,0.00469682617187317,0.00469682617187317,0.01201566205463697
0.055356,0.060020387,-0.004664387172698972,0.004664387172698972,8.426163675613859
39.089094,39.084503,0.004590826171877893,0.004590826171877893,0.01174451925610286
0.095333,0.09078133,0.0045516689376831065,0.0045516689376831065,4.774494595689438
0.095298,0.09078133,0.004516668937683099,0.004516668937683099,4.73952122074291
0.095285,0.09078133,0.0045036689376831,0.0045036689376831,4.726524566255525
0.095275,0.09078133,0.004493668937683104,0.004493668937683104,4.716524726283474
0.095269,0.09078133,0.004487668937683112,0.004487668937683112,4.7105238146433654
39.088975,39.084503,0.004471826171872806,0.004471826171872806,0.011440121343323445
0.095252,0.09078133,0.004470668937683109,0.004470668937683109,4.693517126138655
0.095248,0.09078133,0.004466668937683105,0.004466668937683105,4.689514670117577
0.095247,0.09078133,0.004465668937683104,0.004465668937683104,4.688514003584984
0.095245,0.09078133,0.004463668937683102,0.004463668937683102,4.686512607482377
0.095228,0.09078133,0.004446668937683099,0.004446668937683099,4.6694973463829985
0.095204,0.09078133,0.004422668937683102,0.004422668937683102,4.645465456322883
39.088906,39.084503,0.004402826171876484,0.004402826171876484,0.01126362086435783
0.095171,0.09078133,0.004389668937683111,0.004389668937683111,4.612401816804184
0.09513,0.09078133,0.004348668937683112,0.004348668937683112,4.571290794819531
0.095104,0.09078133,0.0043226689376830996,0.0043226689376830996,4.54520202424493
0.095011,0.09078133,0.004229668937683104,0.004229668937683104,4.451767619782275
0.094951,0.09078133,0.004169668937683099,0.004169668937683099,4.391390225791945
0.094946,0.09078133,0.004164668937683108,0.004164668937683108,4.38635533176411
39.088655,39.084503,0.004151826171877815,0.004151826171877815,0.010621563141190693
0.094921,0.09078133,0.004139668937683111,0.004139668937683111,4.361172905175818
0.094917,0.09078133,0.004135668937683107,0.004135668937683107,4.3571424858834185
0.094903,0.09078133,0.004121668937683107,0.004121668937683107,4.343033342823803
39.088597,39.084503,0.004093826171875037,0.004093826171875037,0.010473198032317617
0.094875,0.09078133,0.0040936689376831065,0.0040936689376831065,4.314802564815077
39.088539,39.084503,0.004035826171872259,0.004035826171872259,0.010324832483153013
18.505048,18.501076,0.003972255371092359,0.003972255371092359,0.021465793393623697
39.088421,39.084503,0.003917826171871752,0.003917826171871752,0.010022983972316839
0.094676,0.09078133,0.0038946689376831017,0.0038946689376831017,4.113681327442458
0.094666,0.09078133,0.0038846689376831056,0.0038846689376831056,4.103552419643329
0.094619,0.09078133,0.0038376689376831002,0.0038376689376831002,4.0559178744514135
39.088334,39.084503,0.0038308261718782433,0.0038308261718782433,0.00980043347938145
0.094576,0.09078133,0.003794668937683099,0.003794668937683099,4.0122958611812765
0.094574,0.09078133,0.0037926689376831108,0.0037926689376831108,4.0102659649299435
0.094536,0.09078133,0.0037546689376831005,0.0037546689376831005,3.9716816172795752
0.094529,0.09078133,0.0037476689376831074,0.0037476689376831074,3.9645705907378024
18.504819,18.501076,0.003743255371094989,0.003743255371094989,0.020228543554383107
0.094509,0.09078133,0.0037276689376831013,0.0037276689376831013,3.9442475676801725
0.094496,0.09078133,0.003714668937683102,0.003714668937683102,3.9310329894938087
0.094489,0.09078133,0.003707668937683109,0.003707668937683109,3.9239159412833167
39.088204,39.084503,0.0037008261718725066,0.0037008261718725066,0.009467884919611654
39.0882,39.084503,0.0036968261718755002,0.0036968261718755002,0.00945765262116455
0.094467,0.09078133,0.003685668937683101,0.003685668937683101,3.90154120886824
18.504757,18.501076,0.0036812553710952045,0.0036812553710952045,0.019893562347645586
39.088178,39.084503,0.0036748261718742015,0.0036748261718742015,0.009401374942226266
39.088169,39.084503,0.003665826171875608,0.003665826171875608,0.009378352237134027
0.094418,0.09078133,0.0036366689376831074,0.0036366689376831074,3.851669103170411
39.088118,39.084503,0.003614826171876473,0.003614826171876473,0.009247890041334875
0.094382,0.09078133,0.003600668937683099,0.003600668937683099,3.814995373978199
18.504664,18.501076,0.003588255371091975,0.003588255371091975,0.019391086328682243
0.094369,0.09078133,0.0035876689376831,0.0035876689376831,3.801745206456946
18.50463,18.501076,0.0035542553710925517,0.0035542553710925517,0.019207384157766707
18.504517,18.501076,0.0034412553710936322,0.0034412553710936322,0.018596839739589182
39.087899,39.084503,0.0033958261718751714,0.0033958261718751714,0.008687666154342253
39.087876,39.084503,0.0033728261718763974,0.0033728261718763974,0.008628829491445809
39.087867,39.084503,0.003363826171877804,0.003363826171877804,0.008605806430596987
39.087791,39.084503,0.003287826171877839,0.003287826171877839,0.008411389049510184
39.081385,39.084503,-0.003118173828127624,0.003118173828127624,0.00797866766523153
18.504183,18.501076,0.003107255371094908,0.003107255371094908,0.016792178131172373
39.087602,39.084503,0.003098826171871849,0.003098826171871849,0.007927900442354897
18.504163,18.501076,0.0030872553710921125,0.0030872553710921125,0.016684112494444785
18.504036,18.501076,0.0029602553710930124,0.0029602553710930124,0.015997890249873137
39.087449,39.084503,0.002945826171874444,0.002945826171874444,0.007536501478689252
18.504003,18.501076,0.002927255371094617,0.002927255371094617,0.01581957899098264
39.087419,39.084503,0.002915826171872027,0.002915826171872027,0.007459756224540093
39.087392,39.084503,0.0028888261718762465,0.0028888261718762465,0.007390685395098388
18.503892,18.501076,0.0028162553710942007,0.0028162553710942007,0.015219800088970368
18.503888,18.501076,0.0028122553710936415,0.0028122553710936415,0.015198186300513944
39.081714,39.084503,-0.002789173828126934,0.002789173828126934,0.007136774574727704
39.087269,39.084503,0.002765826171874153,0.002765826171874153,0.0070760281867404875
18.503837,18.501076,0.0027612553710945065,0.0027612553710945065,0.01492260967862819
18.503806,18.501076,0.0027302553710946142,0.0027302553710946142,0.014755101577912454
18.503779,18.501076,0.002703255371095281,0.002703255371095281,0.014609206968374797
39.081867,39.084503,-0.0026361738281224234,0.0026361738281224234,0.006745260732082421
39.087134,39.084503,0.0026308261718739345,0.0026308261718739345,0.006730670434591608
18.50369,18.501076,0.002614255371092611,0.002614255371092611,0.014128292092433905
18.503605,18.501076,0.0025292553710940524,0.0025292553710940524,0.013668987049174382
18.503565,18.501076,0.002489255371092014,0.002489255371092014,0.0134528420392425
18.503561,18.501076,0.0024852553710950076,0.0024852553710950076,0.013431227486869021
18.503546,18.501076,0.002470255371093799,0.002470255371093799,0.013350172832172002
18.503539,18.501076,0.002463255371093709,0.002463255371093709,0.013312347281676205
18.503531,18.501076,0.0024552553710925906,0.0024552553710925906,0.013269118046060083
18.503421,18.501076,0.0023452553710932023,0.0023452553710932023,0.012674712265804943
18.503413,18.501076,0.002337255371092084,0.002337255371092084,0.01263148247882406
18.503412,18.501076,0.002336255371094609,0.002336255371094609,0.012626078752837493
18.503405,18.501076,0.0023292553710945185,0.0023292553710945185,0.012588252654481326
39.082245,39.084503,-0.0022581738281246544,0.0022581738281246544,0.005778004380554076
18.503322,18.501076,0.0022462553710944633,0.0022462553710944633,0.012139741021003275
18.503285,18.501076,0.0022092553710955087,0.0022092553710955087,0.011939800803390148
18.503271,18.501076,0.002195255371095328,0.002195255371095328,0.011864147539553758
18.50327,18.501076,0.0021942553710943002,0.0021942553710943002,0.011858743730607841
18.503249,18.501076,0.0021732553710940294,0.0021732553710940294,0.011745263607933312
39.086619,39.084503,0.0021158261718738913,0.0021158261718738913,0.00541317265601427
18.503189,18.501076,0.002113255371092748,0.002113255371092748,0.011421033266651103
39.082401,39.084503,-0.002102173828127718,0.002102173828127718,0.005378824673853429
39.086591,39.084503,0.0020878261718735303,0.0020878261718735303,0.00534154071371481
18.503162,18.501076,0.002086255371093415,0.002086255371093415,0.011275128927056578
39.086572,39.084503,0.0020688261718717627,0.0020688261718717627,0.005292933265845032
17.339825,17.341875,-0.0020500762939441586,0.0020500762939441586,0.011822935317584438
0.092812,0.09078133,0.002030668937683111,0.002030668937683111,2.187937912656955
18.503099,18.501076,0.0020232553710926027,0.0020232553710926027,0.010934683812055854
39.086524,39.084503,0.0020208261718721587,0.0020208261718721587,0.0051701352923247635
39.08652,39.084503,0.0020168261718751523,0.0020168261718751523,0.005159902114258297
18.503087,18.501076,0.002011255371094478,0.002011255371094478,0.010869836860647136
39.082492,39.084503,-0.002011173828122992,0.002011173828122992,0.005145971316562531
18.503074,18.501076,0.0019982553710953255,0.0019982553710953255,0.0107995859016968
18.503061,18.501076,0.00198525537109262,0.00198525537109262,0.010729334844012518
18.50296,18.501076,0.001884255371095378,0.001884255371095378,0.010183534802459685
39.086383,39.084503,0.0018798261718728781,0.0018798261718728781,0.004809414500871234
18.502953,18.501076,0.0018772553710952877,0.0018772553710952877,0.010145706856009103
18.502886,18.501076,0.0018102553710939162,0.0018102553710939162,0.00978363792050674
18.502874,18.501076,0.0017982553710922389,0.0017982553710922389,0.009718789476070152
18.502852,18.501076,0.0017762553710944928,0.0017762553710944928,0.009599900442833856
18.502827,18.501076,0.001751255371093663,0.001751255371093663,0.009464798925505807
18.502783,18.501076,0.0017072553710946181,0.0017072553710946181,0.00922701936830471
18.502769,18.501076,0.0016932553710944376,0.0016932553710944376,0.009151361999305543
39.082842,39.084503,-0.001661173828125584,0.001661173828125584,0.004250391586469924
18.502735,18.501076,0.0016592553710950142,0.0016592553710950142,0.008967622197940178
18.502732,18.501076,0.001656255371095483,0.001656255371095483,0.008951409830107962
18.502723,18.501076,0.0016472553710933369,0.0016472553710933369,0.008902772695048368
3.12713,3.1254838,0.001646248703003117,0.001646248703003117,0.05264407629201449
39.082872,39.084503,-0.001631173828123167,0.001631173828123167,0.004173628355968807
18.502695,18.501076,0.0016192553710929758,0.0016192553710929758,0.008751456861199002
3.12704,3.1254838,0.0015562487030029715,0.0015562487030029715,0.04976747028989728
18.502606,18.501076,0.0015302553710938582,0.0015302553710938582,0.008270485633675537
18.502572,18.501076,0.0014962553710944348,0.0014962553710944348,0.008086742594955707
39.085954,39.084503,0.001450826171875974,0.001450826171875974,0.0037118863003120306
18.502506,18.501076,0.0014302553710940913,0.0014302553710940913,0.007730063003824246
3.126913,3.1254838,0.0014292487030029832,0.0014292487030029832,0.04570797789888223
18.502493,18.501076,0.0014172553710949387,0.0014172553710949387,0.007659807632881033
18.499664,18.501076,-0.0014117446289070301,0.0014117446289070301,0.007631190647026882
3.126893,3.1254838,0.0014092487030028522,0.0014092487030028522,0.04506865770455796
18.502468,18.501076,0.0013922553710941088,0.0013922553710941088,0.00752470087280564
3.126872,3.1254838,0.0013882487030030255,0.0013882487030030255,0.04439736269852518
39.085888,39.084503,0.0013848261718720778,0.0013848261718720778,0.003543033669514007
18.50246,18.501076,0.0013842553710929906,0.0013842553710929906,0.0074814666324667595
39.085881,39.084503,0.0013778261718755402,0.0013778261718755402,0.0035251250237189617
3.126843,3.1254838,0.0013592487030029687,0.0013592487030029687,0.04347032143793272
0.058662,0.060020387,-0.0013583871726989757,0.0013583871726989757,2.315616873586579
3.126835,3.1254838,0.0013512487030027387,0.0013512487030027387,0.04321458289163081
18.502418,18.501076,0.001342255371092449,0.001342255371092449,0.007254486257337796
39.085843,39.084503,0.001339826171872005,0.001339826171872005,0.003427906548845773
18.499758,18.501076,-0.0013177446289063255,0.0013177446289063255,0.007123037117021762
3.126782,3.1254838,0.00129824870300288,0.00129824870300288,0.04152028196917341
18.502368,18.501076,0.0012922553710943419,0.0012922553710943419,0.006984270181456545
39.08578,39.084503,0.0012768261718747453,0.0012768261718747453,0.003266728134558089
3.126755,3.1254838,0.0012712487030031028,0.0012712487030031028,0.040657125453143775
18.502327,18.501076,0.0012512553710948282,0.0012512553710948282,0.006762691909445041
3.126733,3.1254838,0.0012492487030031363,0.0012492487030031363,0.03995380171454302
3.126719,3.1254838,0.0012352487030029558,0.0012352487030029558,0.03950622690953199
3.12671,3.1254838,0.00122624870300303,0.00122624870300303,0.03921849813266377
3.12671,3.1254838,0.00122624870300303,0.00122624870300303,0.03921849813266377
18.502287,18.501076,0.0012112553710927898,0.0012112553710927898,0.006546517039143558
3.126688,3.1254838,0.0012042487030030635,0.0012042487030030635,0.038515154149200315
39.085706,39.084503,0.0012028261718768363,0.0012028261718768363,0.003077406793864127
3.126684,3.1254838,0.0012002487030029485,0.0012002487030029485,0.038387272361535774
3.126663,3.1254838,0.0011792487030031218,0.0011792487030031218,0.03771588760814344
39.083359,39.084503,-0.0011441738281234848,0.0011441738281234848,0.00292752173148822
39.085646,39.084503,0.0011428261718720023,0.0011428261718720023,0.0029239024778279945
39.085637,39.084503,0.0011338261718734088,0.0011338261718734088,0.002900876789779601
3.126608,3.1254838,0.0011242487030029835,0.0011242487030029835,0.035957456226269044
18.502181,18.501076,0.0011052553710939605,0.0011052553710939605,0.005973649112436998
18.50218,18.501076,0.0011042553710929326,0.0011042553710929326,0.00596824466677421
3.126567,3.1254838,0.0010832487030030258,0.0010832487030030258,0.03464658531124966
18.502157,18.501076,0.0010812553710941586,0.0010812553710941586,0.005843942255426299
3.126565,3.1254838,0.0010812487030027462,0.0010812487030027462,0.03458263950911507
18.502141,18.501076,0.0010652553710954749,0.0010652553710954749,0.005757470830482361
3.126549,3.1254838,0.0010652487030027302,0.0010652487030027302,0.03407107014694666
18.502135,18.501076,0.0010592553710928598,0.0010592553710928598,0.005725044007554452
3.126536,3.1254838,0.0010522487030031336,0.0010522487030031336,0.03365541618486012
3.126483,3.1254838,0.0009992487030028308,0.0009992487030028308,0.031960791182004504
3.126481,3.1254838,0.0009972487030029953,0.0009972487030029953,0.03189684194374117
18.502069,18.501076,0.0009932553710925163,0.0009932553710925163,0.005368347567437718
3.126477,3.1254838,0.0009932487030028803,0.0009932487030028803,0.031768943221751236
3.126473,3.1254838,0.0009892487030027652,0.0009892487030027652,0.031641044172494824
3.126465,3.1254838,0.0009812487030029793,0.0009812487030029793,0.03138524509219179
18.502053,18.501076,0.0009772553710938325,0.0009772553710938325,0.005281875319936392
3.12646,3.1254838,0.0009762487030027245,0.0009762487030027245,0.031225370002222932
3.126452,3.1254838,0.0009682487030029385,0.0009682487030029385,0.03096956879465826
3.126446,3.1254838,0.000962248703002988,0.000962248703002988,0.030777717029886662
3.12643,3.1254838,0.000946248703002972,0.000946248703002972,0.030266108723774592
18.501965,18.501076,0.0008892553710921902,0.0008892553710921902,0.0048062752852866385
18.500207,18.501076,-0.0008687446289066258,0.0008687446289066258,0.004695864370068562
3.126329,3.1254838,0.0008452487030030653,0.0008452487030030653,0.027036460429341533
18.501917,18.501076,0.0008412553710925863,0.0008412553710925863,0.004546855177698828
18.501913,18.501076,0.0008372553710920272,0.0008372553710920272,0.004525236774637856
3.126315,3.1254838,0.0008312487030028848,0.0008312487030028848,0.026588769940850365
18.501889,18.501076,0.0008132553710922252,0.0008132553710922252,0.004395526159992798
18.501883,18.501076,0.0008072553710931629,0.0008072553710931629,0.004363098453756301
3.126274,3.1254838,0.000790248703002927,0.000790248703002927,0.02527765330158679
17.342656,17.341875,0.0007809237060563134,0.0007809237060563134,0.004502907202056078
3.126233,3.1254838,0.0007492487030029693,0.0007492487030029693,0.023966502272191572
3.126227,3.1254838,0.0007432487030030188,0.0007432487030030188,0.023774623627114865
39.083763,39.084503,-0.0007401738281274106,0.0007401738281274106,0.0018938141348506204
39.085209,39.084503,0.00070582617187398,0.00070582617187398,0.0018058651595599094
3.126149,3.1254838,0.0006652487030027743,0.0006652487030027743,0.0212801342156594
18.501736,18.501076,0.00066025537109482,0.00066025537109482,0.00356861308090901
3.126143,3.1254838,0.0006592487030028238,0.0006592487030028238,0.021088245258829668
39.08514,39.084503,0.000636826171877658,0.000636826171877658,0.0016293306660179
18.500439,18.501076,-0.0006367446289061718,0.0006367446289061718,0.003441781186396334
18.50171,18.501076,0.0006342553710929622,0.0006342553710929622,0.0034280905445471478
3.124851,3.1254838,-0.000632751296997025,0.000632751296997025,0.020249006975909443
3.126114,3.1254838,0.000630248703002767,0.000630248703002767,0.020160771583589282
3.126026,3.1254838,0.0005422487030029011,0.0005422487030029011,0.017346263370348
3.126024,3.1254838,0.0005402487030030656,0.0005402487030030656,0.017282295432977587
18.501614,18.501076,0.0005382553710937543,0.0005382553710937543,0.002909234681313993
18.50161,18.501076,0.0005342553710931952,0.0005342553710931952,0.002887615570160152
18.5016,18.501076,0.0005242553710935738,0.0005242553710935738,0.002833567751387665
18.501589,18.501076,0.0005132553710929244,0.0005132553710929244,0.0027741150832512294
18.501588,18.501076,0.0005122553710954492,0.0005122553710954492,0.0027687102917472836
18.500575,18.501076,-0.0005007446289049255,0.0005007446289049255,0.0027066435983866387
39.084964,39.084503,0.00046082617187437336,0.00046082617187437336,0.0011790369613061287
18.501535,18.501076,0.0004592553710942582,0.0004592553710942582,0.0024822555052420024
3.125934,3.1254838,0.0004502487030029201,0.0004502487030029201,0.014403653531664982
18.500646,18.501076,-0.00042974462890654763,0.00042974462890654763,0.0023228628281640805
3.125912,3.1254838,0.0004282487030029536,0.0004282487030029536,0.013699960299242385
39.084918,39.084503,0.00041482617187682536,0.00041482617187682536,0.0010613458927450328
18.501485,18.501076,0.00040925537109259835,0.00040925537109259835,0.002212013636150754
3.125871,3.1254838,0.00038724870300299585,0.00038724870300299585,0.012388505571426567
18.501454,18.501076,0.00037825537109270613,0.00037825537109270613,0.0020444629437808602
39.084881,39.084503,0.0003778261718778708,0.0003778261718778708,0.000966681136567626
3.125848,3.1254838,0.0003642487030028896,0.0003642487030028896,0.011652796392890402
18.500718,18.501076,-0.00035774462890714176,0.00035774462890714176,0.0019336797031618347
18.501414,18.501076,0.00033825537109422044,0.00033825537109422044,0.0018282676723648916
39.084166,39.084503,-0.00033717382812170626,0.00033717382812170626,0.0008626865112609631
18.501405,18.501076,0.00032925537109207426,0.00032925537109207426,0.0017796236074519457
39.084187,39.084503,-0.0003161738281249882,0.0003161738281249882,0.0008089558780490411
3.125795,3.1254838,0.00031124870300303087,0.00031124870300303087,0.009957425326775219
18.501376,18.501076,0.00030025537109423794,0.00030025537109423794,0.0016228812986267352
39.084218,39.084503,-0.00028517382812509595,0.00028517382812509595,0.0007296393345374502
0.060281,0.060020387,0.00026061282730102664,0.00026061282730102664,0.43232996610656205
3.12523,3.1254838,-0.0002537512969968958,0.0002537512969968958,0.008119443912568879
39.084746,39.084503,0.00024282617187765254,0.00024282617187765254,0.0006212811818632036
18.50131,18.501076,0.00023425537109389438,0.00023425537109389438,0.0012661555916452848
3.125711,3.1254838,0.00022724870300283584,0.00022724870300283584,0.007270304356210973
39.084721,39.084503,0.00021782617187682263,0.00021782617187682263,0.0005573179654429803
18.501282,18.501076,0.0002062553710935333,0.0002062553710935333,0.0011148166440164446
3.125662,3.1254838,0.00017824870300309215,0.00017824870300309215,0.005702750425266372
18.501247,18.501076,0.00017125537109308198,0.00017125537109308198,0.0009256423153107266
3.12559,3.1254838,0.0001062487030027981,0.0001062487030027981,0.003399316704986859
39.084608,39.084503,0.00010482617187790311,0.00010482617187790311,0.00026820320643265727
3.125584,3.1254838,0.0001002487030028476,0.0001002487030028476,0.003207359104718998
39.084461,39.084503,-4.217382812754522e-05,4.217382812754522e-05,0.00010790433601588446
18.501112,18.501076,3.62553710928637e-05,3.62553710928637e-05,0.00019596319990208014
3.125518,3.1254838,3.424870300294813e-05,3.424870300294813e-05,0.0010957768600869473
3.1255,3.1254838,1.6248703003096665e-05,1.6248703003096665e-05,0.0005198753160318921
3.125494,3.1254838,1.0248703003146176e-05,1.0248703003146176e-05,0.0003279066606052761
18.501085,18.501076,9.255371093530584e-06,9.255371093530584e-06,5.002609897463072e-05
18.501069,18.501076,-6.744628905153149e-06,6.744628905153149e-06,3.645534701328174e-05
18.501082,18.501076,6.255371093999429e-06,6.255371093999429e-06,3.3810839246945766e-05
18.50108,18.501076,4.25537109549623e-06,4.25537109549623e-06,2.3000663180058835e-05
